"filename", "language", "C++", "todo", "Slang", "Python", "CMake", "JSON", "Ini", "CMake Cache", "Markdown", "C", "YAML", "HTML", "JavaScript", "XML", "PostCSS", "Batch", "GLSL", "reStructuredText", "pip requirements", "Rust", "comment", "blank", "total"
"c:\Users\brian\Desktop\Code\My Game\CMakeLists.txt", "CMake", 0, 0, 0, 0, -1, 0, 0, 0, 0, 0, 0, 0, 0, 0, 0, 0, 0, 0, 0, 0, 0, -1, -2
"c:\Users\brian\Desktop\Code\My Game\TODO.todo", "todo", 0, 2, 0, 0, 0, 0, 0, 0, 0, 0, 0, 0, 0, 0, 0, 0, 0, 0, 0, 0, 0, 1, 3
"c:\Users\brian\Desktop\Code\My Game\build\.cmake\api\v1\query\client-vscode\query.json", "JSON", 0, 0, 0, 0, 0, -1, 0, 0, 0, 0, 0, 0, 0, 0, 0, 0, 0, 0, 0, 0, 0, 0, -1
"c:\Users\brian\Desktop\Code\My Game\build\.cmake\api\v1\reply\cache-v2-9f2f383f10ad61a5d118.json", "JSON", 0, 0, 0, 0, 0, -2563, 0, 0, 0, 0, 0, 0, 0, 0, 0, 0, 0, 0, 0, 0, 0, -1, -2564
"c:\Users\brian\Desktop\Code\My Game\build\.cmake\api\v1\reply\cmakeFiles-v1-86f730df53e14a14b5b4.json", "JSON", 0, 0, 0, 0, 0, -625, 0, 0, 0, 0, 0, 0, 0, 0, 0, 0, 0, 0, 0, 0, 0, -1, -626
"c:\Users\brian\Desktop\Code\My Game\build\.cmake\api\v1\reply\codemodel-v2-511e7db4c9222eb5d3c9.json", "JSON", 0, 0, 0, 0, 0, -213, 0, 0, 0, 0, 0, 0, 0, 0, 0, 0, 0, 0, 0, 0, 0, -1, -214
"c:\Users\brian\Desktop\Code\My Game\build\.cmake\api\v1\reply\directory-.-Debug-d0094a50bb2071803777.json", "JSON", 0, 0, 0, 0, 0, -14, 0, 0, 0, 0, 0, 0, 0, 0, 0, 0, 0, 0, 0, 0, 0, -1, -15
"c:\Users\brian\Desktop\Code\My Game\build\.cmake\api\v1\reply\directory-_deps.fastgltf-build-Debug-2062504369e0e76983a9.json", "JSON", 0, 0, 0, 0, 0, -108, 0, 0, 0, 0, 0, 0, 0, 0, 0, 0, 0, 0, 0, 0, 0, -1, -109
"c:\Users\brian\Desktop\Code\My Game\build\.cmake\api\v1\reply\directory-_deps.glm-build-Debug-935468e39a55af38ff33.json", "JSON", 0, 0, 0, 0, 0, -14, 0, 0, 0, 0, 0, 0, 0, 0, 0, 0, 0, 0, 0, 0, 0, -1, -15
"c:\Users\brian\Desktop\Code\My Game\build\.cmake\api\v1\reply\directory-_deps.glm-build.glm-Debug-ae6a6ae02e317224d57b.json", "JSON", 0, 0, 0, 0, 0, -14, 0, 0, 0, 0, 0, 0, 0, 0, 0, 0, 0, 0, 0, 0, 0, -1, -15
"c:\Users\brian\Desktop\Code\My Game\build\.cmake\api\v1\reply\directory-_deps.vulkanmemoryallocator-build-Debug-c8ffb54a18558a919b8c.json", "JSON", 0, 0, 0, 0, 0, -14, 0, 0, 0, 0, 0, 0, 0, 0, 0, 0, 0, 0, 0, 0, 0, -1, -15
"c:\Users\brian\Desktop\Code\My Game\build\.cmake\api\v1\reply\index-2026-08-11T16-23-24-0710.json", "JSON", 0, 0, 0, 0, 0, -132, 0, 0, 0, 0, 0, 0, 0, 0, 0, 0, 0, 0, 0, 0, 0, -1, -133
"c:\Users\brian\Desktop\Code\My Game\build\.cmake\api\v1\reply\target-MyGame-Debug-c92e7a8e65dbca396429.json", "JSON", 0, 0, 0, 0, 0, -502, 0, 0, 0, 0, 0, 0, 0, 0, 0, 0, 0, 0, 0, 0, 0, -1, -503
"c:\Users\brian\Desktop\Code\My Game\build\.cmake\api\v1\reply\target-compute_probe_depth_update_shader-Debug-562e04c6710974a10564.json", "JSON", 0, 0, 0, 0, 0, -87, 0, 0, 0, 0, 0, 0, 0, 0, 0, 0, 0, 0, 0, 0, 0, -1, -88
"c:\Users\brian\Desktop\Code\My Game\build\.cmake\api\v1\reply\target-compute_probe_irradiance_update_shader-Debug-1ce19f4571d50427318c.json", "JSON", 0, 0, 0, 0, 0, -87, 0, 0, 0, 0, 0, 0, 0, 0, 0, 0, 0, 0, 0, 0, 0, -1, -88
"c:\Users\brian\Desktop\Code\My Game\build\.cmake\api\v1\reply\target-compute_ray_sample_shader-Debug-82e247a176994b579211.json", "JSON", 0, 0, 0, 0, 0, -87, 0, 0, 0, 0, 0, 0, 0, 0, 0, 0, 0, 0, 0, 0, 0, -1, -88
"c:\Users\brian\Desktop\Code\My Game\build\.cmake\api\v1\reply\target-fastgltf-Debug-e716c498a5e9bd56ef05.json", "JSON", 0, 0, 0, 0, 0, -356, 0, 0, 0, 0, 0, 0, 0, 0, 0, 0, 0, 0, 0, 0, 0, -1, -357
"c:\Users\brian\Desktop\Code\My Game\build\.cmake\api\v1\reply\target-glm-Debug-dd85bce688a7e30852e0.json", "JSON", 0, 0, 0, 0, 0, -2786, 0, 0, 0, 0, 0, 0, 0, 0, 0, 0, 0, 0, 0, 0, 0, -1, -2787
"c:\Users\brian\Desktop\Code\My Game\build\.cmake\api\v1\reply\target-graphics_shader-Debug-d875ee516182f69f81fd.json", "JSON", 0, 0, 0, 0, 0, -87, 0, 0, 0, 0, 0, 0, 0, 0, 0, 0, 0, 0, 0, 0, 0, -1, -88
"c:\Users\brian\Desktop\Code\My Game\build\.cmake\api\v1\reply\toolchains-v1-848db42c48ff5e582c10.json", "JSON", 0, 0, 0, 0, 0, -78, 0, 0, 0, 0, 0, 0, 0, 0, 0, 0, 0, 0, 0, 0, 0, -1, -79
"c:\Users\brian\Desktop\Code\My Game\build\CMakeCache.txt", "CMake Cache", 0, 0, 0, 0, 0, 0, 0, -578, 0, 0, 0, 0, 0, 0, 0, 0, 0, 0, 0, 0, 0, -164, -742
"c:\Users\brian\Desktop\Code\My Game\build\CMakeFiles\4.1.1\CMakeCCompiler.cmake", "CMake", 0, 0, 0, 0, -68, 0, 0, 0, 0, 0, 0, 0, 0, 0, 0, 0, 0, 0, 0, 0, -1, -16, -85
"c:\Users\brian\Desktop\Code\My Game\build\CMakeFiles\4.1.1\CMakeCXXCompiler.cmake", "CMake", 0, 0, 0, 0, -82, 0, 0, 0, 0, 0, 0, 0, 0, 0, 0, 0, 0, 0, 0, 0, -3, -24, -109
"c:\Users\brian\Desktop\Code\My Game\build\CMakeFiles\4.1.1\CMakeRCCompiler.cmake", "CMake", 0, 0, 0, 0, -6, 0, 0, 0, 0, 0, 0, 0, 0, 0, 0, 0, 0, 0, 0, 0, 0, -1, -7
"c:\Users\brian\Desktop\Code\My Game\build\CMakeFiles\4.1.1\CMakeSystem.cmake", "CMake", 0, 0, 0, 0, -10, 0, 0, 0, 0, 0, 0, 0, 0, 0, 0, 0, 0, 0, 0, 0, 0, -6, -16
"c:\Users\brian\Desktop\Code\My Game\build\CMakeFiles\4.1.1\CompilerIdCXX\CMakeCXXCompilerId.cpp", "C++", -729, 0, 0, 0, 0, 0, 0, 0, 0, 0, 0, 0, 0, 0, 0, 0, 0, 0, 0, 0, -63, -158, -950
"c:\Users\brian\Desktop\Code\My Game\build\CMakeFiles\4.1.1\CompilerIdC\CMakeCCompilerId.c", "C", 0, 0, 0, 0, 0, 0, 0, 0, 0, -711, 0, 0, 0, 0, 0, 0, 0, 0, 0, 0, -62, -162, -935
"c:\Users\brian\Desktop\Code\My Game\build\CMakeFiles\CMakeConfigureLog.yaml", "YAML", 0, 0, 0, 0, 0, 0, 0, 0, 0, 0, -72918, 0, 0, 0, 0, 0, 0, 0, 0, 0, 0, -174, -73092
"c:\Users\brian\Desktop\Code\My Game\build\CMakeFiles\InstallScripts.json", "JSON", 0, 0, 0, 0, 0, -11, 0, 0, 0, 0, 0, 0, 0, 0, 0, 0, 0, 0, 0, 0, 0, -1, -12
"c:\Users\brian\Desktop\Code\My Game\build\CMakeFiles\MyGame.dir\CXXDependInfo.json", "JSON", 0, 0, 0, 0, 0, -56, 0, 0, 0, 0, 0, 0, 0, 0, 0, 0, 0, 0, 0, 0, 0, 0, -56
"c:\Users\brian\Desktop\Code\My Game\build\CMakeFiles\MyGame.dir\CXXModules.json", "JSON", 0, 0, 0, 0, 0, -5, 0, 0, 0, 0, 0, 0, 0, 0, 0, 0, 0, 0, 0, 0, 0, 0, -5
"c:\Users\brian\Desktop\Code\My Game\build\CMakeFiles\MyGame.dir\cmake_pch.hxx", "C++", -5, 0, 0, 0, 0, 0, 0, 0, 0, 0, 0, 0, 0, 0, 0, 0, 0, 0, 0, 0, -1, -2, -8
"c:\Users\brian\Desktop\Code\My Game\build\CMakeFiles\MyGame.dir\cmake_pch.hxx.cxx", "C++", 0, 0, 0, 0, 0, 0, 0, 0, 0, 0, 0, 0, 0, 0, 0, 0, 0, 0, 0, 0, -1, -1, -2
"c:\Users\brian\Desktop\Code\My Game\build\CMakeFiles\ShowIncludes\foo.h", "C++", 0, 0, 0, 0, 0, 0, 0, 0, 0, 0, 0, 0, 0, 0, 0, 0, 0, 0, 0, 0, 0, -2, -2
"c:\Users\brian\Desktop\Code\My Game\build\CMakeFiles\ShowIncludes\main.c", "C", 0, 0, 0, 0, 0, 0, 0, 0, 0, -2, 0, 0, 0, 0, 0, 0, 0, 0, 0, 0, 0, -1, -3
"c:\Users\brian\Desktop\Code\My Game\build\CMakeFiles\fc-tmp\fastgltf\download.cmake", "CMake", 0, 0, 0, 0, -5, 0, 0, 0, 0, 0, 0, 0, 0, 0, 0, 0, 0, 0, 0, 0, 0, -5, -10
"c:\Users\brian\Desktop\Code\My Game\build\CMakeFiles\fc-tmp\fastgltf\fastgltf-gitclone.cmake", "CMake", 0, 0, 0, 0, -72, 0, 0, 0, 0, 0, 0, 0, 0, 0, 0, 0, 0, 0, 0, 0, -7, -9, -88
"c:\Users\brian\Desktop\Code\My Game\build\CMakeFiles\fc-tmp\fastgltf\fastgltf-gitupdate.cmake", "CMake", 0, 0, 0, 0, -236, 0, 0, 0, 0, 0, 0, 0, 0, 0, 0, 0, 0, 0, 0, 0, -52, -30, -318
"c:\Users\brian\Desktop\Code\My Game\build\CMakeFiles\fc-tmp\fastgltf\patch.cmake", "CMake", 0, 0, 0, 0, -4, 0, 0, 0, 0, 0, 0, 0, 0, 0, 0, 0, 0, 0, 0, 0, 0, -6, -10
"c:\Users\brian\Desktop\Code\My Game\build\CMakeFiles\fc-tmp\fastgltf\update.cmake", "CMake", 0, 0, 0, 0, -5, 0, 0, 0, 0, 0, 0, 0, 0, 0, 0, 0, 0, 0, 0, 0, 0, -5, -10
"c:\Users\brian\Desktop\Code\My Game\build\CMakeFiles\fc-tmp\glm\download.cmake", "CMake", 0, 0, 0, 0, -5, 0, 0, 0, 0, 0, 0, 0, 0, 0, 0, 0, 0, 0, 0, 0, 0, -5, -10
"c:\Users\brian\Desktop\Code\My Game\build\CMakeFiles\fc-tmp\glm\glm-gitclone.cmake", "CMake", 0, 0, 0, 0, -72, 0, 0, 0, 0, 0, 0, 0, 0, 0, 0, 0, 0, 0, 0, 0, -7, -9, -88
"c:\Users\brian\Desktop\Code\My Game\build\CMakeFiles\fc-tmp\glm\glm-gitupdate.cmake", "CMake", 0, 0, 0, 0, -236, 0, 0, 0, 0, 0, 0, 0, 0, 0, 0, 0, 0, 0, 0, 0, -52, -30, -318
"c:\Users\brian\Desktop\Code\My Game\build\CMakeFiles\fc-tmp\glm\patch.cmake", "CMake", 0, 0, 0, 0, -4, 0, 0, 0, 0, 0, 0, 0, 0, 0, 0, 0, 0, 0, 0, 0, 0, -6, -10
"c:\Users\brian\Desktop\Code\My Game\build\CMakeFiles\fc-tmp\glm\update.cmake", "CMake", 0, 0, 0, 0, -5, 0, 0, 0, 0, 0, 0, 0, 0, 0, 0, 0, 0, 0, 0, 0, 0, -5, -10
"c:\Users\brian\Desktop\Code\My Game\build\CMakeFiles\fc-tmp\vulkanmemoryallocator\download.cmake", "CMake", 0, 0, 0, 0, -5, 0, 0, 0, 0, 0, 0, 0, 0, 0, 0, 0, 0, 0, 0, 0, 0, -5, -10
"c:\Users\brian\Desktop\Code\My Game\build\CMakeFiles\fc-tmp\vulkanmemoryallocator\patch.cmake", "CMake", 0, 0, 0, 0, -4, 0, 0, 0, 0, 0, 0, 0, 0, 0, 0, 0, 0, 0, 0, 0, 0, -6, -10
"c:\Users\brian\Desktop\Code\My Game\build\CMakeFiles\fc-tmp\vulkanmemoryallocator\update.cmake", "CMake", 0, 0, 0, 0, -5, 0, 0, 0, 0, 0, 0, 0, 0, 0, 0, 0, 0, 0, 0, 0, 0, -5, -10
"c:\Users\brian\Desktop\Code\My Game\build\CMakeFiles\fc-tmp\vulkanmemoryallocator\vulkanmemoryallocator-gitclone.cmake", "CMake", 0, 0, 0, 0, -72, 0, 0, 0, 0, 0, 0, 0, 0, 0, 0, 0, 0, 0, 0, 0, -7, -9, -88
"c:\Users\brian\Desktop\Code\My Game\build\CMakeFiles\fc-tmp\vulkanmemoryallocator\vulkanmemoryallocator-gitupdate.cmake", "CMake", 0, 0, 0, 0, -236, 0, 0, 0, 0, 0, 0, 0, 0, 0, 0, 0, 0, 0, 0, 0, -52, -30, -318
"c:\Users\brian\Desktop\Code\My Game\build\_deps\fastgltf-build\CMakeFiles\Export\14b504216a8c2b5661a6a7c88f3023ae\fastgltfConfig-debug.cmake", "CMake", 0, 0, 0, 0, -9, 0, 0, 0, 0, 0, 0, 0, 0, 0, 0, 0, 0, 0, 0, 0, -6, -5, -20
"c:\Users\brian\Desktop\Code\My Game\build\_deps\fastgltf-build\CMakeFiles\Export\14b504216a8c2b5661a6a7c88f3023ae\fastgltfConfig.cmake", "CMake", 0, 0, 0, 0, -82, 0, 0, 0, 0, 0, 0, 0, 0, 0, 0, 0, 0, 0, 0, 0, -14, -13, -109
"c:\Users\brian\Desktop\Code\My Game\build\_deps\fastgltf-build\cmake_install.cmake", "CMake", 0, 0, 0, 0, -73, 0, 0, 0, 0, 0, 0, 0, 0, 0, 0, 0, 0, 0, 0, 0, -6, -11, -90
"c:\Users\brian\Desktop\Code\My Game\build\_deps\fastgltf-build\fastgltfConfigVersion.cmake", "CMake", 0, 0, 0, 0, -44, 0, 0, 0, 0, 0, 0, 0, 0, 0, 0, 0, 0, 0, 0, 0, -12, -10, -66
"c:\Users\brian\Desktop\Code\My Game\build\_deps\fastgltf-src\.github\workflows\ci_arm.yml", "YAML", 0, 0, 0, 0, 0, 0, 0, 0, 0, 0, -38, 0, 0, 0, 0, 0, 0, 0, 0, 0, 0, -11, -49
"c:\Users\brian\Desktop\Code\My Game\build\_deps\fastgltf-src\.github\workflows\ci_x64.yml", "YAML", 0, 0, 0, 0, 0, 0, 0, 0, 0, 0, -161, 0, 0, 0, 0, 0, 0, 0, 0, 0, -3, -35, -199
"c:\Users\brian\Desktop\Code\My Game\build\_deps\fastgltf-src\.readthedocs.yaml", "YAML", 0, 0, 0, 0, 0, 0, 0, 0, 0, 0, -19, 0, 0, 0, 0, 0, 0, 0, 0, 0, -3, -5, -27
"c:\Users\brian\Desktop\Code\My Game\build\_deps\fastgltf-src\CMakeLists.txt", "CMake", 0, 0, 0, 0, -134, 0, 0, 0, 0, 0, 0, 0, 0, 0, 0, 0, 0, 0, 0, 0, -4, -31, -169
"c:\Users\brian\Desktop\Code\My Game\build\_deps\fastgltf-src\LICENSE.md", "Markdown", 0, 0, 0, 0, 0, 0, 0, 0, -18, 0, 0, 0, 0, 0, 0, 0, 0, 0, 0, 0, 0, -5, -23
"c:\Users\brian\Desktop\Code\My Game\build\_deps\fastgltf-src\README.md", "Markdown", 0, 0, 0, 0, 0, 0, 0, 0, -33, 0, 0, 0, 0, 0, 0, 0, 0, 0, 0, 0, 0, -15, -48
"c:\Users\brian\Desktop\Code\My Game\build\_deps\fastgltf-src\cmake\add_source_directory.cmake", "CMake", 0, 0, 0, 0, -11, 0, 0, 0, 0, 0, 0, 0, 0, 0, 0, 0, 0, 0, 0, 0, -3, -3, -17
"c:\Users\brian\Desktop\Code\My Game\build\_deps\fastgltf-src\cmake\compilers.cmake", "CMake", 0, 0, 0, 0, -35, 0, 0, 0, 0, 0, 0, 0, 0, 0, 0, 0, 0, 0, 0, 0, -7, -6, -48
"c:\Users\brian\Desktop\Code\My Game\build\_deps\fastgltf-src\cmake\dependencies.cmake", "CMake", 0, 0, 0, 0, -158, 0, 0, 0, 0, 0, 0, 0, 0, 0, 0, 0, 0, 0, 0, 0, -18, -39, -215
"c:\Users\brian\Desktop\Code\My Game\build\_deps\fastgltf-src\docs\CMakeLists.txt", "CMake", 0, 0, 0, 0, -51, 0, 0, 0, 0, 0, 0, 0, 0, 0, 0, 0, 0, 0, 0, 0, -5, -13, -69
"c:\Users\brian\Desktop\Code\My Game\build\_deps\fastgltf-src\docs\_static\style.css", "PostCSS", 0, 0, 0, 0, 0, 0, 0, 0, 0, 0, 0, 0, 0, 0, -3, 0, 0, 0, 0, 0, 0, -1, -4
"c:\Users\brian\Desktop\Code\My Game\build\_deps\fastgltf-src\docs\_templates\layout.html", "HTML", 0, 0, 0, 0, 0, 0, 0, 0, 0, 0, 0, -4, 0, 0, 0, 0, 0, 0, 0, 0, 0, -1, -5
"c:\Users\brian\Desktop\Code\My Game\build\_deps\fastgltf-src\docs\api.rst", "reStructuredText", 0, 0, 0, 0, 0, 0, 0, 0, 0, 0, 0, 0, 0, 0, 0, 0, 0, -186, 0, 0, -79, -175, -440
"c:\Users\brian\Desktop\Code\My Game\build\_deps\fastgltf-src\docs\changelog.rst", "reStructuredText", 0, 0, 0, 0, 0, 0, 0, 0, 0, 0, 0, 0, 0, 0, 0, 0, 0, -189, 0, 0, -2, -24, -215
"c:\Users\brian\Desktop\Code\My Game\build\_deps\fastgltf-src\docs\guides.rst", "reStructuredText", 0, 0, 0, 0, 0, 0, 0, 0, 0, 0, 0, 0, 0, 0, 0, 0, 0, -130, 0, 0, -14, -60, -204
"c:\Users\brian\Desktop\Code\My Game\build\_deps\fastgltf-src\docs\index.rst", "reStructuredText", 0, 0, 0, 0, 0, 0, 0, 0, 0, 0, 0, 0, 0, 0, 0, 0, 0, -26, 0, 0, -1, -9, -36
"c:\Users\brian\Desktop\Code\My Game\build\_deps\fastgltf-src\docs\options.rst", "reStructuredText", 0, 0, 0, 0, 0, 0, 0, 0, 0, 0, 0, 0, 0, 0, 0, 0, 0, -73, 0, 0, -6, -45, -124
"c:\Users\brian\Desktop\Code\My Game\build\_deps\fastgltf-src\docs\overview.rst", "reStructuredText", 0, 0, 0, 0, 0, 0, 0, 0, 0, 0, 0, 0, 0, 0, 0, 0, 0, -170, 0, 0, -15, -55, -240
"c:\Users\brian\Desktop\Code\My Game\build\_deps\fastgltf-src\docs\requirements.txt", "pip requirements", 0, 0, 0, 0, 0, 0, 0, 0, 0, 0, 0, 0, 0, 0, 0, 0, 0, 0, -3, 0, 0, -1, -4
"c:\Users\brian\Desktop\Code\My Game\build\_deps\fastgltf-src\docs\tools.rst", "reStructuredText", 0, 0, 0, 0, 0, 0, 0, 0, 0, 0, 0, 0, 0, 0, 0, 0, 0, -102, 0, 0, -17, -56, -175
"c:\Users\brian\Desktop\Code\My Game\build\_deps\fastgltf-src\examples\CMakeLists.txt", "CMake", 0, 0, 0, 0, -2, 0, 0, 0, 0, 0, 0, 0, 0, 0, 0, 0, 0, 0, 0, 0, 0, -2, -4
"c:\Users\brian\Desktop\Code\My Game\build\_deps\fastgltf-src\examples\gl_viewer\CMakeLists.txt", "CMake", 0, 0, 0, 0, -5, 0, 0, 0, 0, 0, 0, 0, 0, 0, 0, 0, 0, 0, 0, 0, 0, -2, -7
"c:\Users\brian\Desktop\Code\My Game\build\_deps\fastgltf-src\examples\gl_viewer\README.md", "Markdown", 0, 0, 0, 0, 0, 0, 0, 0, -2, 0, 0, 0, 0, 0, 0, 0, 0, 0, 0, 0, 0, -2, -4
"c:\Users\brian\Desktop\Code\My Game\build\_deps\fastgltf-src\examples\gl_viewer\gl_viewer.cpp", "C++", -772, 0, 0, 0, 0, 0, 0, 0, 0, 0, 0, 0, 0, 0, 0, 0, 0, 0, 0, 0, -75, -161, -1008
"c:\Users\brian\Desktop\Code\My Game\build\_deps\fastgltf-src\include\fastgltf\base64.hpp", "C++", -45, 0, 0, 0, 0, 0, 0, 0, 0, 0, 0, 0, 0, 0, 0, 0, 0, 0, 0, 0, -35, -12, -92
"c:\Users\brian\Desktop\Code\My Game\build\_deps\fastgltf-src\include\fastgltf\core.hpp", "C++", -609, 0, 0, 0, 0, 0, 0, 0, 0, 0, 0, 0, 0, 0, 0, 0, 0, 0, 0, 0, -296, -174, -1079
"c:\Users\brian\Desktop\Code\My Game\build\_deps\fastgltf-src\include\fastgltf\dxmath_element_traits.hpp", "C++", -46, 0, 0, 0, 0, 0, 0, 0, 0, 0, 0, 0, 0, 0, 0, 0, 0, 0, 0, 0, -25, -25, -96
"c:\Users\brian\Desktop\Code\My Game\build\_deps\fastgltf-src\include\fastgltf\glm_element_traits.hpp", "C++", -51, 0, 0, 0, 0, 0, 0, 0, 0, 0, 0, 0, 0, 0, 0, 0, 0, 0, 0, 0, -27, -28, -106
"c:\Users\brian\Desktop\Code\My Game\build\_deps\fastgltf-src\include\fastgltf\math.hpp", "C++", -750, 0, 0, 0, 0, 0, 0, 0, 0, 0, 0, 0, 0, 0, 0, 0, 0, 0, 0, 0, -90, -112, -952
"c:\Users\brian\Desktop\Code\My Game\build\_deps\fastgltf-src\include\fastgltf\tools.hpp", "C++", -717, 0, 0, 0, 0, 0, 0, 0, 0, 0, 0, 0, 0, 0, 0, 0, 0, 0, 0, 0, -79, -145, -941
"c:\Users\brian\Desktop\Code\My Game\build\_deps\fastgltf-src\include\fastgltf\types.hpp", "C++", -1984, 0, 0, 0, 0, 0, 0, 0, 0, 0, 0, 0, 0, 0, 0, 0, 0, 0, 0, 0, -474, -462, -2920
"c:\Users\brian\Desktop\Code\My Game\build\_deps\fastgltf-src\include\fastgltf\util.hpp", "C++", -373, 0, 0, 0, 0, 0, 0, 0, 0, 0, 0, 0, 0, 0, 0, 0, 0, 0, 0, 0, -77, -49, -499
"c:\Users\brian\Desktop\Code\My Game\build\_deps\fastgltf-src\src\base64.cpp", "C++", -292, 0, 0, 0, 0, 0, 0, 0, 0, 0, 0, 0, 0, 0, 0, 0, 0, 0, 0, 0, -70, -80, -442
"c:\Users\brian\Desktop\Code\My Game\build\_deps\fastgltf-src\src\fastgltf.cpp", "C++", -6144, 0, 0, 0, 0, 0, 0, 0, 0, 0, 0, 0, 0, 0, 0, 0, 0, 0, 0, 0, -180, -939, -7263
"c:\Users\brian\Desktop\Code\My Game\build\_deps\fastgltf-src\src\fastgltf.ixx", "C++", -30, 0, 0, 0, 0, 0, 0, 0, 0, 0, 0, 0, 0, 0, 0, 0, 0, 0, 0, 0, -29, -9, -68
"c:\Users\brian\Desktop\Code\My Game\build\_deps\fastgltf-src\src\io.cpp", "C++", -355, 0, 0, 0, 0, 0, 0, 0, 0, 0, 0, 0, 0, 0, 0, 0, 0, 0, 0, 0, -48, -67, -470
"c:\Users\brian\Desktop\Code\My Game\build\_deps\fastgltf-src\tests\CMakeLists.txt", "CMake", 0, 0, 0, 0, -45, 0, 0, 0, 0, 0, 0, 0, 0, 0, 0, 0, 0, 0, 0, 0, -4, -10, -59
"c:\Users\brian\Desktop\Code\My Game\build\_deps\fastgltf-src\tests\README.md", "Markdown", 0, 0, 0, 0, 0, 0, 0, 0, -40, 0, 0, 0, 0, 0, 0, 0, 0, 0, 0, 0, 0, -13, -53
"c:\Users\brian\Desktop\Code\My Game\build\_deps\fastgltf-src\tests\accessor_tests.cpp", "C++", -270, 0, 0, 0, 0, 0, 0, 0, 0, 0, 0, 0, 0, 0, 0, 0, 0, 0, 0, 0, -8, -53, -331
"c:\Users\brian\Desktop\Code\My Game\build\_deps\fastgltf-src\tests\base64_tests.cpp", "C++", -88, 0, 0, 0, 0, 0, 0, 0, 0, 0, 0, 0, 0, 0, 0, 0, 0, 0, 0, 0, -4, -24, -116
"c:\Users\brian\Desktop\Code\My Game\build\_deps\fastgltf-src\tests\basic_test.cpp", "C++", -496, 0, 0, 0, 0, 0, 0, 0, 0, 0, 0, 0, 0, 0, 0, 0, 0, 0, 0, 0, -6, -115, -617
"c:\Users\brian\Desktop\Code\My Game\build\_deps\fastgltf-src\tests\benchmarks.cpp", "C++", -359, 0, 0, 0, 0, 0, 0, 0, 0, 0, 0, 0, 0, 0, 0, 0, 0, 0, 0, 0, -8, -63, -430
"c:\Users\brian\Desktop\Code\My Game\build\_deps\fastgltf-src\tests\extension_tests.cpp", "C++", -675, 0, 0, 0, 0, 0, 0, 0, 0, 0, 0, 0, 0, 0, 0, 0, 0, 0, 0, 0, -6, -144, -825
"c:\Users\brian\Desktop\Code\My Game\build\_deps\fastgltf-src\tests\glb_tests.cpp", "C++", -44, 0, 0, 0, 0, 0, 0, 0, 0, 0, 0, 0, 0, 0, 0, 0, 0, 0, 0, 0, 0, -13, -57
"c:\Users\brian\Desktop\Code\My Game\build\_deps\fastgltf-src\tests\gltf-rs\src\lib.rs", "Rust", 0, 0, 0, 0, 0, 0, 0, 0, 0, 0, 0, 0, 0, 0, 0, 0, 0, 0, 0, -43, -4, -8, -55
"c:\Users\brian\Desktop\Code\My Game\build\_deps\fastgltf-src\tests\gltf\basic_gltf.gltf", "JSON", 0, 0, 0, 0, 0, -5, 0, 0, 0, 0, 0, 0, 0, 0, 0, 0, 0, 0, 0, 0, 0, -1, -6
"c:\Users\brian\Desktop\Code\My Game\build\_deps\fastgltf-src\tests\gltf\empty_json.gltf", "JSON", 0, 0, 0, 0, 0, -1, 0, 0, 0, 0, 0, 0, 0, 0, 0, 0, 0, 0, 0, 0, 0, -1, -2
"c:\Users\brian\Desktop\Code\My Game\build\_deps\fastgltf-src\tests\gltf\godot_single_root_valid.gltf", "JSON", 0, 0, 0, 0, 0, -24, 0, 0, 0, 0, 0, 0, 0, 0, 0, 0, 0, 0, 0, 0, 0, 0, -24
"c:\Users\brian\Desktop\Code\My Game\build\_deps\fastgltf-src\tests\gltf\transform_matrices.gltf", "JSON", 0, 0, 0, 0, 0, -40, 0, 0, 0, 0, 0, 0, 0, 0, 0, 0, 0, 0, 0, 0, 0, -1, -41
"c:\Users\brian\Desktop\Code\My Game\build\_deps\fastgltf-src\tests\gltf_path.hpp", "C++", -7, 0, 0, 0, 0, 0, 0, 0, 0, 0, 0, 0, 0, 0, 0, 0, 0, 0, 0, 0, -2, -2, -11
"c:\Users\brian\Desktop\Code\My Game\build\_deps\fastgltf-src\tests\main.cpp", "C++", -22, 0, 0, 0, 0, 0, 0, 0, 0, 0, 0, 0, 0, 0, 0, 0, 0, 0, 0, 0, -2, -5, -29
"c:\Users\brian\Desktop\Code\My Game\build\_deps\fastgltf-src\tests\math_tests.cpp", "C++", -245, 0, 0, 0, 0, 0, 0, 0, 0, 0, 0, 0, 0, 0, 0, 0, 0, 0, 0, 0, -11, -41, -297
"c:\Users\brian\Desktop\Code\My Game\build\_deps\fastgltf-src\tests\optional_tests.cpp", "C++", -12, 0, 0, 0, 0, 0, 0, 0, 0, 0, 0, 0, 0, 0, 0, 0, 0, 0, 0, 0, -2, -5, -19
"c:\Users\brian\Desktop\Code\My Game\build\_deps\fastgltf-src\tests\uri_tests.cpp", "C++", -127, 0, 0, 0, 0, 0, 0, 0, 0, 0, 0, 0, 0, 0, 0, 0, 0, 0, 0, 0, -5, -27, -159
"c:\Users\brian\Desktop\Code\My Game\build\_deps\fastgltf-src\tests\util_tests.cpp", "C++", -34, 0, 0, 0, 0, 0, 0, 0, 0, 0, 0, 0, 0, 0, 0, 0, 0, 0, 0, 0, -4, -8, -46
"c:\Users\brian\Desktop\Code\My Game\build\_deps\fastgltf-src\tests\vector_tests.cpp", "C++", -106, 0, 0, 0, 0, 0, 0, 0, 0, 0, 0, 0, 0, 0, 0, 0, 0, 0, 0, 0, 0, -21, -127
"c:\Users\brian\Desktop\Code\My Game\build\_deps\fastgltf-src\tests\write_tests.cpp", "C++", -347, 0, 0, 0, 0, 0, 0, 0, 0, 0, 0, 0, 0, 0, 0, 0, 0, 0, 0, 0, -19, -87, -453
"c:\Users\brian\Desktop\Code\My Game\build\_deps\glm-build\cmake_install.cmake", "CMake", 0, 0, 0, 0, -36, 0, 0, 0, 0, 0, 0, 0, 0, 0, 0, 0, 0, 0, 0, 0, -7, -8, -51
"c:\Users\brian\Desktop\Code\My Game\build\_deps\glm-build\glm\cmake_install.cmake", "CMake", 0, 0, 0, 0, -33, 0, 0, 0, 0, 0, 0, 0, 0, 0, 0, 0, 0, 0, 0, 0, -6, -7, -46
"c:\Users\brian\Desktop\Code\My Game\build\_deps\glm-src\.github\workflows\ci.yml", "YAML", 0, 0, 0, 0, 0, 0, 0, 0, 0, 0, -282, 0, 0, 0, 0, 0, 0, 0, 0, 0, 0, -30, -312
"c:\Users\brian\Desktop\Code\My Game\build\_deps\glm-src\.github\workflows\make_light_release.yml", "YAML", 0, 0, 0, 0, 0, 0, 0, 0, 0, 0, -28, 0, 0, 0, 0, 0, 0, 0, 0, 0, -3, -12, -43
"c:\Users\brian\Desktop\Code\My Game\build\_deps\glm-src\CMakeLists.txt", "CMake", 0, 0, 0, 0, -259, 0, 0, 0, 0, 0, 0, 0, 0, 0, 0, 0, 0, 0, 0, 0, -1, -45, -305
"c:\Users\brian\Desktop\Code\My Game\build\_deps\glm-src\doc\api\a00002.html", "HTML", 0, 0, 0, 0, 0, 0, 0, 0, 0, 0, 0, -239, 0, 0, 0, 0, 0, 0, 0, 0, -5, -6, -250
"c:\Users\brian\Desktop\Code\My Game\build\_deps\glm-src\doc\api\a00002_source.html", "HTML", 0, 0, 0, 0, 0, 0, 0, 0, 0, 0, 0, -250, 0, 0, 0, 0, 0, 0, 0, 0, -5, -3, -258
"c:\Users\brian\Desktop\Code\My Game\build\_deps\glm-src\doc\api\a00005_source.html", "HTML", 0, 0, 0, 0, 0, 0, 0, 0, 0, 0, 0, -468, 0, 0, 0, 0, 0, 0, 0, 0, -5, -3, -476
"c:\Users\brian\Desktop\Code\My Game\build\_deps\glm-src\doc\api\a00008_source.html", "HTML", 0, 0, 0, 0, 0, 0, 0, 0, 0, 0, 0, -96, 0, 0, 0, 0, 0, 0, 0, 0, -5, -3, -104
"c:\Users\brian\Desktop\Code\My Game\build\_deps\glm-src\doc\api\a00011_source.html", "HTML", 0, 0, 0, 0, 0, 0, 0, 0, 0, 0, 0, -156, 0, 0, 0, 0, 0, 0, 0, 0, -5, -3, -164
"c:\Users\brian\Desktop\Code\My Game\build\_deps\glm-src\doc\api\a00014_source.html", "HTML", 0, 0, 0, 0, 0, 0, 0, 0, 0, 0, 0, -884, 0, 0, 0, 0, 0, 0, 0, 0, -5, -3, -892
"c:\Users\brian\Desktop\Code\My Game\build\_deps\glm-src\doc\api\a00017_source.html", "HTML", 0, 0, 0, 0, 0, 0, 0, 0, 0, 0, 0, -756, 0, 0, 0, 0, 0, 0, 0, 0, -5, -3, -764
"c:\Users\brian\Desktop\Code\My Game\build\_deps\glm-src\doc\api\a00020_source.html", "HTML", 0, 0, 0, 0, 0, 0, 0, 0, 0, 0, 0, -304, 0, 0, 0, 0, 0, 0, 0, 0, -5, -3, -312
"c:\Users\brian\Desktop\Code\My Game\build\_deps\glm-src\doc\api\a00023_source.html", "HTML", 0, 0, 0, 0, 0, 0, 0, 0, 0, 0, 0, -124, 0, 0, 0, 0, 0, 0, 0, 0, -5, -3, -132
"c:\Users\brian\Desktop\Code\My Game\build\_deps\glm-src\doc\api\a00026_source.html", "HTML", 0, 0, 0, 0, 0, 0, 0, 0, 0, 0, 0, -264, 0, 0, 0, 0, 0, 0, 0, 0, -5, -3, -272
"c:\Users\brian\Desktop\Code\My Game\build\_deps\glm-src\doc\api\a00029_source.html", "HTML", 0, 0, 0, 0, 0, 0, 0, 0, 0, 0, 0, -104, 0, 0, 0, 0, 0, 0, 0, 0, -5, -3, -112
"c:\Users\brian\Desktop\Code\My Game\build\_deps\glm-src\doc\api\a00032_source.html", "HTML", 0, 0, 0, 0, 0, 0, 0, 0, 0, 0, 0, -371, 0, 0, 0, 0, 0, 0, 0, 0, -5, -3, -379
"c:\Users\brian\Desktop\Code\My Game\build\_deps\glm-src\doc\api\a00035_source.html", "HTML", 0, 0, 0, 0, 0, 0, 0, 0, 0, 0, 0, -1235, 0, 0, 0, 0, 0, 0, 0, 0, -5, -3, -1243
"c:\Users\brian\Desktop\Code\My Game\build\_deps\glm-src\doc\api\a00038_source.html", "HTML", 0, 0, 0, 0, 0, 0, 0, 0, 0, 0, 0, -143, 0, 0, 0, 0, 0, 0, 0, 0, -5, -3, -151
"c:\Users\brian\Desktop\Code\My Game\build\_deps\glm-src\doc\api\a00041_source.html", "HTML", 0, 0, 0, 0, 0, 0, 0, 0, 0, 0, 0, -90, 0, 0, 0, 0, 0, 0, 0, 0, -5, -3, -98
"c:\Users\brian\Desktop\Code\My Game\build\_deps\glm-src\doc\api\a00044.html", "HTML", 0, 0, 0, 0, 0, 0, 0, 0, 0, 0, 0, -80, 0, 0, 0, 0, 0, 0, 0, 0, -5, -6, -91
"c:\Users\brian\Desktop\Code\My Game\build\_deps\glm-src\doc\api\a00044_source.html", "HTML", 0, 0, 0, 0, 0, 0, 0, 0, 0, 0, 0, -251, 0, 0, 0, 0, 0, 0, 0, 0, -5, -3, -259
"c:\Users\brian\Desktop\Code\My Game\build\_deps\glm-src\doc\api\a00047.html", "HTML", 0, 0, 0, 0, 0, 0, 0, 0, 0, 0, 0, -80, 0, 0, 0, 0, 0, 0, 0, 0, -5, -6, -91
"c:\Users\brian\Desktop\Code\My Game\build\_deps\glm-src\doc\api\a00047_source.html", "HTML", 0, 0, 0, 0, 0, 0, 0, 0, 0, 0, 0, -234, 0, 0, 0, 0, 0, 0, 0, 0, -5, -3, -242
"c:\Users\brian\Desktop\Code\My Game\build\_deps\glm-src\doc\api\a00050.html", "HTML", 0, 0, 0, 0, 0, 0, 0, 0, 0, 0, 0, -80, 0, 0, 0, 0, 0, 0, 0, 0, -5, -6, -91
"c:\Users\brian\Desktop\Code\My Game\build\_deps\glm-src\doc\api\a00050_source.html", "HTML", 0, 0, 0, 0, 0, 0, 0, 0, 0, 0, 0, -236, 0, 0, 0, 0, 0, 0, 0, 0, -5, -3, -244
"c:\Users\brian\Desktop\Code\My Game\build\_deps\glm-src\doc\api\a00053.html", "HTML", 0, 0, 0, 0, 0, 0, 0, 0, 0, 0, 0, -80, 0, 0, 0, 0, 0, 0, 0, 0, -5, -6, -91
"c:\Users\brian\Desktop\Code\My Game\build\_deps\glm-src\doc\api\a00053_source.html", "HTML", 0, 0, 0, 0, 0, 0, 0, 0, 0, 0, 0, -242, 0, 0, 0, 0, 0, 0, 0, 0, -5, -3, -250
"c:\Users\brian\Desktop\Code\My Game\build\_deps\glm-src\doc\api\a00056.html", "HTML", 0, 0, 0, 0, 0, 0, 0, 0, 0, 0, 0, -80, 0, 0, 0, 0, 0, 0, 0, 0, -5, -6, -91
"c:\Users\brian\Desktop\Code\My Game\build\_deps\glm-src\doc\api\a00056_source.html", "HTML", 0, 0, 0, 0, 0, 0, 0, 0, 0, 0, 0, -258, 0, 0, 0, 0, 0, 0, 0, 0, -5, -3, -266
"c:\Users\brian\Desktop\Code\My Game\build\_deps\glm-src\doc\api\a00059.html", "HTML", 0, 0, 0, 0, 0, 0, 0, 0, 0, 0, 0, -80, 0, 0, 0, 0, 0, 0, 0, 0, -5, -6, -91
"c:\Users\brian\Desktop\Code\My Game\build\_deps\glm-src\doc\api\a00059_source.html", "HTML", 0, 0, 0, 0, 0, 0, 0, 0, 0, 0, 0, -241, 0, 0, 0, 0, 0, 0, 0, 0, -5, -3, -249
"c:\Users\brian\Desktop\Code\My Game\build\_deps\glm-src\doc\api\a00062.html", "HTML", 0, 0, 0, 0, 0, 0, 0, 0, 0, 0, 0, -80, 0, 0, 0, 0, 0, 0, 0, 0, -5, -6, -91
"c:\Users\brian\Desktop\Code\My Game\build\_deps\glm-src\doc\api\a00062_source.html", "HTML", 0, 0, 0, 0, 0, 0, 0, 0, 0, 0, 0, -246, 0, 0, 0, 0, 0, 0, 0, 0, -5, -3, -254
"c:\Users\brian\Desktop\Code\My Game\build\_deps\glm-src\doc\api\a00065.html", "HTML", 0, 0, 0, 0, 0, 0, 0, 0, 0, 0, 0, -80, 0, 0, 0, 0, 0, 0, 0, 0, -5, -6, -91
"c:\Users\brian\Desktop\Code\My Game\build\_deps\glm-src\doc\api\a00065_source.html", "HTML", 0, 0, 0, 0, 0, 0, 0, 0, 0, 0, 0, -246, 0, 0, 0, 0, 0, 0, 0, 0, -5, -3, -254
"c:\Users\brian\Desktop\Code\My Game\build\_deps\glm-src\doc\api\a00068.html", "HTML", 0, 0, 0, 0, 0, 0, 0, 0, 0, 0, 0, -80, 0, 0, 0, 0, 0, 0, 0, 0, -5, -6, -91
"c:\Users\brian\Desktop\Code\My Game\build\_deps\glm-src\doc\api\a00068_source.html", "HTML", 0, 0, 0, 0, 0, 0, 0, 0, 0, 0, 0, -263, 0, 0, 0, 0, 0, 0, 0, 0, -5, -3, -271
"c:\Users\brian\Desktop\Code\My Game\build\_deps\glm-src\doc\api\a00071.html", "HTML", 0, 0, 0, 0, 0, 0, 0, 0, 0, 0, 0, -80, 0, 0, 0, 0, 0, 0, 0, 0, -5, -6, -91
"c:\Users\brian\Desktop\Code\My Game\build\_deps\glm-src\doc\api\a00071_source.html", "HTML", 0, 0, 0, 0, 0, 0, 0, 0, 0, 0, 0, -258, 0, 0, 0, 0, 0, 0, 0, 0, -5, -3, -266
"c:\Users\brian\Desktop\Code\My Game\build\_deps\glm-src\doc\api\a00074.html", "HTML", 0, 0, 0, 0, 0, 0, 0, 0, 0, 0, 0, -80, 0, 0, 0, 0, 0, 0, 0, 0, -5, -6, -91
"c:\Users\brian\Desktop\Code\My Game\build\_deps\glm-src\doc\api\a00074_source.html", "HTML", 0, 0, 0, 0, 0, 0, 0, 0, 0, 0, 0, -376, 0, 0, 0, 0, 0, 0, 0, 0, -5, -3, -384
"c:\Users\brian\Desktop\Code\My Game\build\_deps\glm-src\doc\api\a00077.html", "HTML", 0, 0, 0, 0, 0, 0, 0, 0, 0, 0, 0, -80, 0, 0, 0, 0, 0, 0, 0, 0, -5, -6, -91
"c:\Users\brian\Desktop\Code\My Game\build\_deps\glm-src\doc\api\a00077_source.html", "HTML", 0, 0, 0, 0, 0, 0, 0, 0, 0, 0, 0, -474, 0, 0, 0, 0, 0, 0, 0, 0, -5, -3, -482
"c:\Users\brian\Desktop\Code\My Game\build\_deps\glm-src\doc\api\a00080.html", "HTML", 0, 0, 0, 0, 0, 0, 0, 0, 0, 0, 0, -80, 0, 0, 0, 0, 0, 0, 0, 0, -5, -6, -91
"c:\Users\brian\Desktop\Code\My Game\build\_deps\glm-src\doc\api\a00080_source.html", "HTML", 0, 0, 0, 0, 0, 0, 0, 0, 0, 0, 0, -512, 0, 0, 0, 0, 0, 0, 0, 0, -5, -3, -520
"c:\Users\brian\Desktop\Code\My Game\build\_deps\glm-src\doc\api\a00083.html", "HTML", 0, 0, 0, 0, 0, 0, 0, 0, 0, 0, 0, -80, 0, 0, 0, 0, 0, 0, 0, 0, -5, -6, -91
"c:\Users\brian\Desktop\Code\My Game\build\_deps\glm-src\doc\api\a00083_source.html", "HTML", 0, 0, 0, 0, 0, 0, 0, 0, 0, 0, 0, -567, 0, 0, 0, 0, 0, 0, 0, 0, -5, -3, -575
"c:\Users\brian\Desktop\Code\My Game\build\_deps\glm-src\doc\api\a00086.html", "HTML", 0, 0, 0, 0, 0, 0, 0, 0, 0, 0, 0, -115, 0, 0, 0, 0, 0, 0, 0, 0, -5, -6, -126
"c:\Users\brian\Desktop\Code\My Game\build\_deps\glm-src\doc\api\a00086_source.html", "HTML", 0, 0, 0, 0, 0, 0, 0, 0, 0, 0, 0, -121, 0, 0, 0, 0, 0, 0, 0, 0, -5, -3, -129
"c:\Users\brian\Desktop\Code\My Game\build\_deps\glm-src\doc\api\a00089_source.html", "HTML", 0, 0, 0, 0, 0, 0, 0, 0, 0, 0, 0, -202, 0, 0, 0, 0, 0, 0, 0, 0, -5, -3, -210
"c:\Users\brian\Desktop\Code\My Game\build\_deps\glm-src\doc\api\a00092.html", "HTML", 0, 0, 0, 0, 0, 0, 0, 0, 0, 0, 0, -270, 0, 0, 0, 0, 0, 0, 0, 0, -5, -6, -281
"c:\Users\brian\Desktop\Code\My Game\build\_deps\glm-src\doc\api\a00092_source.html", "HTML", 0, 0, 0, 0, 0, 0, 0, 0, 0, 0, 0, -321, 0, 0, 0, 0, 0, 0, 0, 0, -5, -3, -329
"c:\Users\brian\Desktop\Code\My Game\build\_deps\glm-src\doc\api\a00095.html", "HTML", 0, 0, 0, 0, 0, 0, 0, 0, 0, 0, 0, -80, 0, 0, 0, 0, 0, 0, 0, 0, -5, -6, -91
"c:\Users\brian\Desktop\Code\My Game\build\_deps\glm-src\doc\api\a00095_source.html", "HTML", 0, 0, 0, 0, 0, 0, 0, 0, 0, 0, 0, -101, 0, 0, 0, 0, 0, 0, 0, 0, -5, -3, -109
"c:\Users\brian\Desktop\Code\My Game\build\_deps\glm-src\doc\api\a00098.html", "HTML", 0, 0, 0, 0, 0, 0, 0, 0, 0, 0, 0, -92, 0, 0, 0, 0, 0, 0, 0, 0, -5, -6, -103
"c:\Users\brian\Desktop\Code\My Game\build\_deps\glm-src\doc\api\a00098_source.html", "HTML", 0, 0, 0, 0, 0, 0, 0, 0, 0, 0, 0, -88, 0, 0, 0, 0, 0, 0, 0, 0, -5, -3, -96
"c:\Users\brian\Desktop\Code\My Game\build\_deps\glm-src\doc\api\a00101.html", "HTML", 0, 0, 0, 0, 0, 0, 0, 0, 0, 0, 0, -104, 0, 0, 0, 0, 0, 0, 0, 0, -5, -6, -115
"c:\Users\brian\Desktop\Code\My Game\build\_deps\glm-src\doc\api\a00101_source.html", "HTML", 0, 0, 0, 0, 0, 0, 0, 0, 0, 0, 0, -100, 0, 0, 0, 0, 0, 0, 0, 0, -5, -3, -108
"c:\Users\brian\Desktop\Code\My Game\build\_deps\glm-src\doc\api\a00104.html", "HTML", 0, 0, 0, 0, 0, 0, 0, 0, 0, 0, 0, -89, 0, 0, 0, 0, 0, 0, 0, 0, -5, -6, -100
"c:\Users\brian\Desktop\Code\My Game\build\_deps\glm-src\doc\api\a00104_source.html", "HTML", 0, 0, 0, 0, 0, 0, 0, 0, 0, 0, 0, -85, 0, 0, 0, 0, 0, 0, 0, 0, -5, -3, -93
"c:\Users\brian\Desktop\Code\My Game\build\_deps\glm-src\doc\api\a00107.html", "HTML", 0, 0, 0, 0, 0, 0, 0, 0, 0, 0, 0, -95, 0, 0, 0, 0, 0, 0, 0, 0, -5, -6, -106
"c:\Users\brian\Desktop\Code\My Game\build\_deps\glm-src\doc\api\a00107_source.html", "HTML", 0, 0, 0, 0, 0, 0, 0, 0, 0, 0, 0, -91, 0, 0, 0, 0, 0, 0, 0, 0, -5, -3, -99
"c:\Users\brian\Desktop\Code\My Game\build\_deps\glm-src\doc\api\a00110.html", "HTML", 0, 0, 0, 0, 0, 0, 0, 0, 0, 0, 0, -89, 0, 0, 0, 0, 0, 0, 0, 0, -5, -6, -100
"c:\Users\brian\Desktop\Code\My Game\build\_deps\glm-src\doc\api\a00110_source.html", "HTML", 0, 0, 0, 0, 0, 0, 0, 0, 0, 0, 0, -85, 0, 0, 0, 0, 0, 0, 0, 0, -5, -3, -93
"c:\Users\brian\Desktop\Code\My Game\build\_deps\glm-src\doc\api\a00113.html", "HTML", 0, 0, 0, 0, 0, 0, 0, 0, 0, 0, 0, -95, 0, 0, 0, 0, 0, 0, 0, 0, -5, -6, -106
"c:\Users\brian\Desktop\Code\My Game\build\_deps\glm-src\doc\api\a00113_source.html", "HTML", 0, 0, 0, 0, 0, 0, 0, 0, 0, 0, 0, -91, 0, 0, 0, 0, 0, 0, 0, 0, -5, -3, -99
"c:\Users\brian\Desktop\Code\My Game\build\_deps\glm-src\doc\api\a00116.html", "HTML", 0, 0, 0, 0, 0, 0, 0, 0, 0, 0, 0, -89, 0, 0, 0, 0, 0, 0, 0, 0, -5, -6, -100
"c:\Users\brian\Desktop\Code\My Game\build\_deps\glm-src\doc\api\a00116_source.html", "HTML", 0, 0, 0, 0, 0, 0, 0, 0, 0, 0, 0, -85, 0, 0, 0, 0, 0, 0, 0, 0, -5, -3, -93
"c:\Users\brian\Desktop\Code\My Game\build\_deps\glm-src\doc\api\a00119.html", "HTML", 0, 0, 0, 0, 0, 0, 0, 0, 0, 0, 0, -95, 0, 0, 0, 0, 0, 0, 0, 0, -5, -6, -106
"c:\Users\brian\Desktop\Code\My Game\build\_deps\glm-src\doc\api\a00119_source.html", "HTML", 0, 0, 0, 0, 0, 0, 0, 0, 0, 0, 0, -91, 0, 0, 0, 0, 0, 0, 0, 0, -5, -3, -99
"c:\Users\brian\Desktop\Code\My Game\build\_deps\glm-src\doc\api\a00122.html", "HTML", 0, 0, 0, 0, 0, 0, 0, 0, 0, 0, 0, -92, 0, 0, 0, 0, 0, 0, 0, 0, -5, -6, -103
"c:\Users\brian\Desktop\Code\My Game\build\_deps\glm-src\doc\api\a00122_source.html", "HTML", 0, 0, 0, 0, 0, 0, 0, 0, 0, 0, 0, -88, 0, 0, 0, 0, 0, 0, 0, 0, -5, -3, -96
"c:\Users\brian\Desktop\Code\My Game\build\_deps\glm-src\doc\api\a00125.html", "HTML", 0, 0, 0, 0, 0, 0, 0, 0, 0, 0, 0, -104, 0, 0, 0, 0, 0, 0, 0, 0, -5, -6, -115
"c:\Users\brian\Desktop\Code\My Game\build\_deps\glm-src\doc\api\a00125_source.html", "HTML", 0, 0, 0, 0, 0, 0, 0, 0, 0, 0, 0, -100, 0, 0, 0, 0, 0, 0, 0, 0, -5, -3, -108
"c:\Users\brian\Desktop\Code\My Game\build\_deps\glm-src\doc\api\a00128.html", "HTML", 0, 0, 0, 0, 0, 0, 0, 0, 0, 0, 0, -89, 0, 0, 0, 0, 0, 0, 0, 0, -5, -6, -100
"c:\Users\brian\Desktop\Code\My Game\build\_deps\glm-src\doc\api\a00128_source.html", "HTML", 0, 0, 0, 0, 0, 0, 0, 0, 0, 0, 0, -85, 0, 0, 0, 0, 0, 0, 0, 0, -5, -3, -93
"c:\Users\brian\Desktop\Code\My Game\build\_deps\glm-src\doc\api\a00131.html", "HTML", 0, 0, 0, 0, 0, 0, 0, 0, 0, 0, 0, -95, 0, 0, 0, 0, 0, 0, 0, 0, -5, -6, -106
"c:\Users\brian\Desktop\Code\My Game\build\_deps\glm-src\doc\api\a00131_source.html", "HTML", 0, 0, 0, 0, 0, 0, 0, 0, 0, 0, 0, -91, 0, 0, 0, 0, 0, 0, 0, 0, -5, -3, -99
"c:\Users\brian\Desktop\Code\My Game\build\_deps\glm-src\doc\api\a00134.html", "HTML", 0, 0, 0, 0, 0, 0, 0, 0, 0, 0, 0, -89, 0, 0, 0, 0, 0, 0, 0, 0, -5, -6, -100
"c:\Users\brian\Desktop\Code\My Game\build\_deps\glm-src\doc\api\a00134_source.html", "HTML", 0, 0, 0, 0, 0, 0, 0, 0, 0, 0, 0, -85, 0, 0, 0, 0, 0, 0, 0, 0, -5, -3, -93
"c:\Users\brian\Desktop\Code\My Game\build\_deps\glm-src\doc\api\a00137.html", "HTML", 0, 0, 0, 0, 0, 0, 0, 0, 0, 0, 0, -95, 0, 0, 0, 0, 0, 0, 0, 0, -5, -6, -106
"c:\Users\brian\Desktop\Code\My Game\build\_deps\glm-src\doc\api\a00137_source.html", "HTML", 0, 0, 0, 0, 0, 0, 0, 0, 0, 0, 0, -91, 0, 0, 0, 0, 0, 0, 0, 0, -5, -3, -99
"c:\Users\brian\Desktop\Code\My Game\build\_deps\glm-src\doc\api\a00140.html", "HTML", 0, 0, 0, 0, 0, 0, 0, 0, 0, 0, 0, -89, 0, 0, 0, 0, 0, 0, 0, 0, -5, -6, -100
"c:\Users\brian\Desktop\Code\My Game\build\_deps\glm-src\doc\api\a00140_source.html", "HTML", 0, 0, 0, 0, 0, 0, 0, 0, 0, 0, 0, -85, 0, 0, 0, 0, 0, 0, 0, 0, -5, -3, -93
"c:\Users\brian\Desktop\Code\My Game\build\_deps\glm-src\doc\api\a00143.html", "HTML", 0, 0, 0, 0, 0, 0, 0, 0, 0, 0, 0, -95, 0, 0, 0, 0, 0, 0, 0, 0, -5, -6, -106
"c:\Users\brian\Desktop\Code\My Game\build\_deps\glm-src\doc\api\a00143_source.html", "HTML", 0, 0, 0, 0, 0, 0, 0, 0, 0, 0, 0, -91, 0, 0, 0, 0, 0, 0, 0, 0, -5, -3, -99
"c:\Users\brian\Desktop\Code\My Game\build\_deps\glm-src\doc\api\a00146.html", "HTML", 0, 0, 0, 0, 0, 0, 0, 0, 0, 0, 0, -92, 0, 0, 0, 0, 0, 0, 0, 0, -5, -6, -103
"c:\Users\brian\Desktop\Code\My Game\build\_deps\glm-src\doc\api\a00146_source.html", "HTML", 0, 0, 0, 0, 0, 0, 0, 0, 0, 0, 0, -88, 0, 0, 0, 0, 0, 0, 0, 0, -5, -3, -96
"c:\Users\brian\Desktop\Code\My Game\build\_deps\glm-src\doc\api\a00149.html", "HTML", 0, 0, 0, 0, 0, 0, 0, 0, 0, 0, 0, -104, 0, 0, 0, 0, 0, 0, 0, 0, -5, -6, -115
"c:\Users\brian\Desktop\Code\My Game\build\_deps\glm-src\doc\api\a00149_source.html", "HTML", 0, 0, 0, 0, 0, 0, 0, 0, 0, 0, 0, -100, 0, 0, 0, 0, 0, 0, 0, 0, -5, -3, -108
"c:\Users\brian\Desktop\Code\My Game\build\_deps\glm-src\doc\api\a00152.html", "HTML", 0, 0, 0, 0, 0, 0, 0, 0, 0, 0, 0, -92, 0, 0, 0, 0, 0, 0, 0, 0, -5, -6, -103
"c:\Users\brian\Desktop\Code\My Game\build\_deps\glm-src\doc\api\a00152_source.html", "HTML", 0, 0, 0, 0, 0, 0, 0, 0, 0, 0, 0, -88, 0, 0, 0, 0, 0, 0, 0, 0, -5, -3, -96
"c:\Users\brian\Desktop\Code\My Game\build\_deps\glm-src\doc\api\a00155.html", "HTML", 0, 0, 0, 0, 0, 0, 0, 0, 0, 0, 0, -104, 0, 0, 0, 0, 0, 0, 0, 0, -5, -6, -115
"c:\Users\brian\Desktop\Code\My Game\build\_deps\glm-src\doc\api\a00155_source.html", "HTML", 0, 0, 0, 0, 0, 0, 0, 0, 0, 0, 0, -100, 0, 0, 0, 0, 0, 0, 0, 0, -5, -3, -108
"c:\Users\brian\Desktop\Code\My Game\build\_deps\glm-src\doc\api\a00158.html", "HTML", 0, 0, 0, 0, 0, 0, 0, 0, 0, 0, 0, -89, 0, 0, 0, 0, 0, 0, 0, 0, -5, -6, -100
"c:\Users\brian\Desktop\Code\My Game\build\_deps\glm-src\doc\api\a00158_source.html", "HTML", 0, 0, 0, 0, 0, 0, 0, 0, 0, 0, 0, -85, 0, 0, 0, 0, 0, 0, 0, 0, -5, -3, -93
"c:\Users\brian\Desktop\Code\My Game\build\_deps\glm-src\doc\api\a00161.html", "HTML", 0, 0, 0, 0, 0, 0, 0, 0, 0, 0, 0, -95, 0, 0, 0, 0, 0, 0, 0, 0, -5, -6, -106
"c:\Users\brian\Desktop\Code\My Game\build\_deps\glm-src\doc\api\a00161_source.html", "HTML", 0, 0, 0, 0, 0, 0, 0, 0, 0, 0, 0, -91, 0, 0, 0, 0, 0, 0, 0, 0, -5, -3, -99
"c:\Users\brian\Desktop\Code\My Game\build\_deps\glm-src\doc\api\a00164.html", "HTML", 0, 0, 0, 0, 0, 0, 0, 0, 0, 0, 0, -89, 0, 0, 0, 0, 0, 0, 0, 0, -5, -6, -100
"c:\Users\brian\Desktop\Code\My Game\build\_deps\glm-src\doc\api\a00164_source.html", "HTML", 0, 0, 0, 0, 0, 0, 0, 0, 0, 0, 0, -85, 0, 0, 0, 0, 0, 0, 0, 0, -5, -3, -93
"c:\Users\brian\Desktop\Code\My Game\build\_deps\glm-src\doc\api\a00167.html", "HTML", 0, 0, 0, 0, 0, 0, 0, 0, 0, 0, 0, -95, 0, 0, 0, 0, 0, 0, 0, 0, -5, -6, -106
"c:\Users\brian\Desktop\Code\My Game\build\_deps\glm-src\doc\api\a00167_source.html", "HTML", 0, 0, 0, 0, 0, 0, 0, 0, 0, 0, 0, -91, 0, 0, 0, 0, 0, 0, 0, 0, -5, -3, -99
"c:\Users\brian\Desktop\Code\My Game\build\_deps\glm-src\doc\api\a00170.html", "HTML", 0, 0, 0, 0, 0, 0, 0, 0, 0, 0, 0, -89, 0, 0, 0, 0, 0, 0, 0, 0, -5, -6, -100
"c:\Users\brian\Desktop\Code\My Game\build\_deps\glm-src\doc\api\a00170_source.html", "HTML", 0, 0, 0, 0, 0, 0, 0, 0, 0, 0, 0, -85, 0, 0, 0, 0, 0, 0, 0, 0, -5, -3, -93
"c:\Users\brian\Desktop\Code\My Game\build\_deps\glm-src\doc\api\a00173.html", "HTML", 0, 0, 0, 0, 0, 0, 0, 0, 0, 0, 0, -95, 0, 0, 0, 0, 0, 0, 0, 0, -5, -6, -106
"c:\Users\brian\Desktop\Code\My Game\build\_deps\glm-src\doc\api\a00173_source.html", "HTML", 0, 0, 0, 0, 0, 0, 0, 0, 0, 0, 0, -91, 0, 0, 0, 0, 0, 0, 0, 0, -5, -3, -99
"c:\Users\brian\Desktop\Code\My Game\build\_deps\glm-src\doc\api\a00176.html", "HTML", 0, 0, 0, 0, 0, 0, 0, 0, 0, 0, 0, -92, 0, 0, 0, 0, 0, 0, 0, 0, -5, -6, -103
"c:\Users\brian\Desktop\Code\My Game\build\_deps\glm-src\doc\api\a00176_source.html", "HTML", 0, 0, 0, 0, 0, 0, 0, 0, 0, 0, 0, -88, 0, 0, 0, 0, 0, 0, 0, 0, -5, -3, -96
"c:\Users\brian\Desktop\Code\My Game\build\_deps\glm-src\doc\api\a00179.html", "HTML", 0, 0, 0, 0, 0, 0, 0, 0, 0, 0, 0, -104, 0, 0, 0, 0, 0, 0, 0, 0, -5, -6, -115
"c:\Users\brian\Desktop\Code\My Game\build\_deps\glm-src\doc\api\a00179_source.html", "HTML", 0, 0, 0, 0, 0, 0, 0, 0, 0, 0, 0, -100, 0, 0, 0, 0, 0, 0, 0, 0, -5, -3, -108
"c:\Users\brian\Desktop\Code\My Game\build\_deps\glm-src\doc\api\a00182.html", "HTML", 0, 0, 0, 0, 0, 0, 0, 0, 0, 0, 0, -89, 0, 0, 0, 0, 0, 0, 0, 0, -5, -6, -100
"c:\Users\brian\Desktop\Code\My Game\build\_deps\glm-src\doc\api\a00182_source.html", "HTML", 0, 0, 0, 0, 0, 0, 0, 0, 0, 0, 0, -85, 0, 0, 0, 0, 0, 0, 0, 0, -5, -3, -93
"c:\Users\brian\Desktop\Code\My Game\build\_deps\glm-src\doc\api\a00185.html", "HTML", 0, 0, 0, 0, 0, 0, 0, 0, 0, 0, 0, -95, 0, 0, 0, 0, 0, 0, 0, 0, -5, -6, -106
"c:\Users\brian\Desktop\Code\My Game\build\_deps\glm-src\doc\api\a00185_source.html", "HTML", 0, 0, 0, 0, 0, 0, 0, 0, 0, 0, 0, -91, 0, 0, 0, 0, 0, 0, 0, 0, -5, -3, -99
"c:\Users\brian\Desktop\Code\My Game\build\_deps\glm-src\doc\api\a00188.html", "HTML", 0, 0, 0, 0, 0, 0, 0, 0, 0, 0, 0, -89, 0, 0, 0, 0, 0, 0, 0, 0, -5, -6, -100
"c:\Users\brian\Desktop\Code\My Game\build\_deps\glm-src\doc\api\a00188_source.html", "HTML", 0, 0, 0, 0, 0, 0, 0, 0, 0, 0, 0, -85, 0, 0, 0, 0, 0, 0, 0, 0, -5, -3, -93
"c:\Users\brian\Desktop\Code\My Game\build\_deps\glm-src\doc\api\a00191_source.html", "HTML", 0, 0, 0, 0, 0, 0, 0, 0, 0, 0, 0, -91, 0, 0, 0, 0, 0, 0, 0, 0, -5, -3, -99
"c:\Users\brian\Desktop\Code\My Game\build\_deps\glm-src\doc\api\a00194.html", "HTML", 0, 0, 0, 0, 0, 0, 0, 0, 0, 0, 0, -89, 0, 0, 0, 0, 0, 0, 0, 0, -5, -6, -100
"c:\Users\brian\Desktop\Code\My Game\build\_deps\glm-src\doc\api\a00194_source.html", "HTML", 0, 0, 0, 0, 0, 0, 0, 0, 0, 0, 0, -85, 0, 0, 0, 0, 0, 0, 0, 0, -5, -3, -93
"c:\Users\brian\Desktop\Code\My Game\build\_deps\glm-src\doc\api\a00197.html", "HTML", 0, 0, 0, 0, 0, 0, 0, 0, 0, 0, 0, -95, 0, 0, 0, 0, 0, 0, 0, 0, -5, -6, -106
"c:\Users\brian\Desktop\Code\My Game\build\_deps\glm-src\doc\api\a00197_source.html", "HTML", 0, 0, 0, 0, 0, 0, 0, 0, 0, 0, 0, -91, 0, 0, 0, 0, 0, 0, 0, 0, -5, -3, -99
"c:\Users\brian\Desktop\Code\My Game\build\_deps\glm-src\doc\api\a00200.html", "HTML", 0, 0, 0, 0, 0, 0, 0, 0, 0, 0, 0, -88, 0, 0, 0, 0, 0, 0, 0, 0, -5, -6, -99
"c:\Users\brian\Desktop\Code\My Game\build\_deps\glm-src\doc\api\a00200_source.html", "HTML", 0, 0, 0, 0, 0, 0, 0, 0, 0, 0, 0, -88, 0, 0, 0, 0, 0, 0, 0, 0, -5, -3, -96
"c:\Users\brian\Desktop\Code\My Game\build\_deps\glm-src\doc\api\a00203.html", "HTML", 0, 0, 0, 0, 0, 0, 0, 0, 0, 0, 0, -104, 0, 0, 0, 0, 0, 0, 0, 0, -5, -6, -115
"c:\Users\brian\Desktop\Code\My Game\build\_deps\glm-src\doc\api\a00203_source.html", "HTML", 0, 0, 0, 0, 0, 0, 0, 0, 0, 0, 0, -100, 0, 0, 0, 0, 0, 0, 0, 0, -5, -3, -108
"c:\Users\brian\Desktop\Code\My Game\build\_deps\glm-src\doc\api\a00206.html", "HTML", 0, 0, 0, 0, 0, 0, 0, 0, 0, 0, 0, -93, 0, 0, 0, 0, 0, 0, 0, 0, -5, -6, -104
"c:\Users\brian\Desktop\Code\My Game\build\_deps\glm-src\doc\api\a00206_source.html", "HTML", 0, 0, 0, 0, 0, 0, 0, 0, 0, 0, 0, -94, 0, 0, 0, 0, 0, 0, 0, 0, -5, -3, -102
"c:\Users\brian\Desktop\Code\My Game\build\_deps\glm-src\doc\api\a00209.html", "HTML", 0, 0, 0, 0, 0, 0, 0, 0, 0, 0, 0, -111, 0, 0, 0, 0, 0, 0, 0, 0, -5, -6, -122
"c:\Users\brian\Desktop\Code\My Game\build\_deps\glm-src\doc\api\a00209_source.html", "HTML", 0, 0, 0, 0, 0, 0, 0, 0, 0, 0, 0, -114, 0, 0, 0, 0, 0, 0, 0, 0, -5, -3, -122
"c:\Users\brian\Desktop\Code\My Game\build\_deps\glm-src\doc\api\a00212.html", "HTML", 0, 0, 0, 0, 0, 0, 0, 0, 0, 0, 0, -90, 0, 0, 0, 0, 0, 0, 0, 0, -5, -6, -101
"c:\Users\brian\Desktop\Code\My Game\build\_deps\glm-src\doc\api\a00212_source.html", "HTML", 0, 0, 0, 0, 0, 0, 0, 0, 0, 0, 0, -91, 0, 0, 0, 0, 0, 0, 0, 0, -5, -3, -99
"c:\Users\brian\Desktop\Code\My Game\build\_deps\glm-src\doc\api\a00215.html", "HTML", 0, 0, 0, 0, 0, 0, 0, 0, 0, 0, 0, -99, 0, 0, 0, 0, 0, 0, 0, 0, -5, -6, -110
"c:\Users\brian\Desktop\Code\My Game\build\_deps\glm-src\doc\api\a00215_source.html", "HTML", 0, 0, 0, 0, 0, 0, 0, 0, 0, 0, 0, -101, 0, 0, 0, 0, 0, 0, 0, 0, -5, -3, -109
"c:\Users\brian\Desktop\Code\My Game\build\_deps\glm-src\doc\api\a00218.html", "HTML", 0, 0, 0, 0, 0, 0, 0, 0, 0, 0, 0, -90, 0, 0, 0, 0, 0, 0, 0, 0, -5, -6, -101
"c:\Users\brian\Desktop\Code\My Game\build\_deps\glm-src\doc\api\a00218_source.html", "HTML", 0, 0, 0, 0, 0, 0, 0, 0, 0, 0, 0, -91, 0, 0, 0, 0, 0, 0, 0, 0, -5, -3, -99
"c:\Users\brian\Desktop\Code\My Game\build\_deps\glm-src\doc\api\a00221.html", "HTML", 0, 0, 0, 0, 0, 0, 0, 0, 0, 0, 0, -99, 0, 0, 0, 0, 0, 0, 0, 0, -5, -6, -110
"c:\Users\brian\Desktop\Code\My Game\build\_deps\glm-src\doc\api\a00221_source.html", "HTML", 0, 0, 0, 0, 0, 0, 0, 0, 0, 0, 0, -101, 0, 0, 0, 0, 0, 0, 0, 0, -5, -3, -109
"c:\Users\brian\Desktop\Code\My Game\build\_deps\glm-src\doc\api\a00224.html", "HTML", 0, 0, 0, 0, 0, 0, 0, 0, 0, 0, 0, -90, 0, 0, 0, 0, 0, 0, 0, 0, -5, -6, -101
"c:\Users\brian\Desktop\Code\My Game\build\_deps\glm-src\doc\api\a00224_source.html", "HTML", 0, 0, 0, 0, 0, 0, 0, 0, 0, 0, 0, -91, 0, 0, 0, 0, 0, 0, 0, 0, -5, -3, -99
"c:\Users\brian\Desktop\Code\My Game\build\_deps\glm-src\doc\api\a00227.html", "HTML", 0, 0, 0, 0, 0, 0, 0, 0, 0, 0, 0, -100, 0, 0, 0, 0, 0, 0, 0, 0, -5, -6, -111
"c:\Users\brian\Desktop\Code\My Game\build\_deps\glm-src\doc\api\a00227_source.html", "HTML", 0, 0, 0, 0, 0, 0, 0, 0, 0, 0, 0, -101, 0, 0, 0, 0, 0, 0, 0, 0, -5, -3, -109
"c:\Users\brian\Desktop\Code\My Game\build\_deps\glm-src\doc\api\a00230.html", "HTML", 0, 0, 0, 0, 0, 0, 0, 0, 0, 0, 0, -93, 0, 0, 0, 0, 0, 0, 0, 0, -5, -6, -104
"c:\Users\brian\Desktop\Code\My Game\build\_deps\glm-src\doc\api\a00230_source.html", "HTML", 0, 0, 0, 0, 0, 0, 0, 0, 0, 0, 0, -94, 0, 0, 0, 0, 0, 0, 0, 0, -5, -3, -102
"c:\Users\brian\Desktop\Code\My Game\build\_deps\glm-src\doc\api\a00233.html", "HTML", 0, 0, 0, 0, 0, 0, 0, 0, 0, 0, 0, -111, 0, 0, 0, 0, 0, 0, 0, 0, -5, -6, -122
"c:\Users\brian\Desktop\Code\My Game\build\_deps\glm-src\doc\api\a00233_source.html", "HTML", 0, 0, 0, 0, 0, 0, 0, 0, 0, 0, 0, -114, 0, 0, 0, 0, 0, 0, 0, 0, -5, -3, -122
"c:\Users\brian\Desktop\Code\My Game\build\_deps\glm-src\doc\api\a00236.html", "HTML", 0, 0, 0, 0, 0, 0, 0, 0, 0, 0, 0, -90, 0, 0, 0, 0, 0, 0, 0, 0, -5, -6, -101
"c:\Users\brian\Desktop\Code\My Game\build\_deps\glm-src\doc\api\a00236_source.html", "HTML", 0, 0, 0, 0, 0, 0, 0, 0, 0, 0, 0, -91, 0, 0, 0, 0, 0, 0, 0, 0, -5, -3, -99
"c:\Users\brian\Desktop\Code\My Game\build\_deps\glm-src\doc\api\a00239_source.html", "HTML", 0, 0, 0, 0, 0, 0, 0, 0, 0, 0, 0, -101, 0, 0, 0, 0, 0, 0, 0, 0, -5, -3, -109
"c:\Users\brian\Desktop\Code\My Game\build\_deps\glm-src\doc\api\a00242.html", "HTML", 0, 0, 0, 0, 0, 0, 0, 0, 0, 0, 0, -90, 0, 0, 0, 0, 0, 0, 0, 0, -5, -6, -101
"c:\Users\brian\Desktop\Code\My Game\build\_deps\glm-src\doc\api\a00242_source.html", "HTML", 0, 0, 0, 0, 0, 0, 0, 0, 0, 0, 0, -91, 0, 0, 0, 0, 0, 0, 0, 0, -5, -3, -99
"c:\Users\brian\Desktop\Code\My Game\build\_deps\glm-src\doc\api\a00245.html", "HTML", 0, 0, 0, 0, 0, 0, 0, 0, 0, 0, 0, -99, 0, 0, 0, 0, 0, 0, 0, 0, -5, -6, -110
"c:\Users\brian\Desktop\Code\My Game\build\_deps\glm-src\doc\api\a00245_source.html", "HTML", 0, 0, 0, 0, 0, 0, 0, 0, 0, 0, 0, -101, 0, 0, 0, 0, 0, 0, 0, 0, -5, -3, -109
"c:\Users\brian\Desktop\Code\My Game\build\_deps\glm-src\doc\api\a00248.html", "HTML", 0, 0, 0, 0, 0, 0, 0, 0, 0, 0, 0, -90, 0, 0, 0, 0, 0, 0, 0, 0, -5, -6, -101
"c:\Users\brian\Desktop\Code\My Game\build\_deps\glm-src\doc\api\a00248_source.html", "HTML", 0, 0, 0, 0, 0, 0, 0, 0, 0, 0, 0, -91, 0, 0, 0, 0, 0, 0, 0, 0, -5, -3, -99
"c:\Users\brian\Desktop\Code\My Game\build\_deps\glm-src\doc\api\a00251.html", "HTML", 0, 0, 0, 0, 0, 0, 0, 0, 0, 0, 0, -99, 0, 0, 0, 0, 0, 0, 0, 0, -5, -6, -110
"c:\Users\brian\Desktop\Code\My Game\build\_deps\glm-src\doc\api\a00251_source.html", "HTML", 0, 0, 0, 0, 0, 0, 0, 0, 0, 0, 0, -101, 0, 0, 0, 0, 0, 0, 0, 0, -5, -3, -109
"c:\Users\brian\Desktop\Code\My Game\build\_deps\glm-src\doc\api\a00254.html", "HTML", 0, 0, 0, 0, 0, 0, 0, 0, 0, 0, 0, -93, 0, 0, 0, 0, 0, 0, 0, 0, -5, -6, -104
"c:\Users\brian\Desktop\Code\My Game\build\_deps\glm-src\doc\api\a00254_source.html", "HTML", 0, 0, 0, 0, 0, 0, 0, 0, 0, 0, 0, -94, 0, 0, 0, 0, 0, 0, 0, 0, -5, -3, -102
"c:\Users\brian\Desktop\Code\My Game\build\_deps\glm-src\doc\api\a00257.html", "HTML", 0, 0, 0, 0, 0, 0, 0, 0, 0, 0, 0, -111, 0, 0, 0, 0, 0, 0, 0, 0, -5, -6, -122
"c:\Users\brian\Desktop\Code\My Game\build\_deps\glm-src\doc\api\a00257_source.html", "HTML", 0, 0, 0, 0, 0, 0, 0, 0, 0, 0, 0, -114, 0, 0, 0, 0, 0, 0, 0, 0, -5, -3, -122
"c:\Users\brian\Desktop\Code\My Game\build\_deps\glm-src\doc\api\a00263.html", "HTML", 0, 0, 0, 0, 0, 0, 0, 0, 0, 0, 0, -114, 0, 0, 0, 0, 0, 0, 0, 0, -5, -6, -125
"c:\Users\brian\Desktop\Code\My Game\build\_deps\glm-src\doc\api\a00263_source.html", "HTML", 0, 0, 0, 0, 0, 0, 0, 0, 0, 0, 0, -129, 0, 0, 0, 0, 0, 0, 0, 0, -5, -3, -137
"c:\Users\brian\Desktop\Code\My Game\build\_deps\glm-src\doc\api\a00266.html", "HTML", 0, 0, 0, 0, 0, 0, 0, 0, 0, 0, 0, -126, 0, 0, 0, 0, 0, 0, 0, 0, -5, -6, -137
"c:\Users\brian\Desktop\Code\My Game\build\_deps\glm-src\doc\api\a00266_source.html", "HTML", 0, 0, 0, 0, 0, 0, 0, 0, 0, 0, 0, -123, 0, 0, 0, 0, 0, 0, 0, 0, -5, -3, -131
"c:\Users\brian\Desktop\Code\My Game\build\_deps\glm-src\doc\api\a00272.html", "HTML", 0, 0, 0, 0, 0, 0, 0, 0, 0, 0, 0, -93, 0, 0, 0, 0, 0, 0, 0, 0, -5, -6, -104
"c:\Users\brian\Desktop\Code\My Game\build\_deps\glm-src\doc\api\a00272_source.html", "HTML", 0, 0, 0, 0, 0, 0, 0, 0, 0, 0, 0, -94, 0, 0, 0, 0, 0, 0, 0, 0, -5, -3, -102
"c:\Users\brian\Desktop\Code\My Game\build\_deps\glm-src\doc\api\a00275.html", "HTML", 0, 0, 0, 0, 0, 0, 0, 0, 0, 0, 0, -111, 0, 0, 0, 0, 0, 0, 0, 0, -5, -6, -122
"c:\Users\brian\Desktop\Code\My Game\build\_deps\glm-src\doc\api\a00275_source.html", "HTML", 0, 0, 0, 0, 0, 0, 0, 0, 0, 0, 0, -114, 0, 0, 0, 0, 0, 0, 0, 0, -5, -3, -122
"c:\Users\brian\Desktop\Code\My Game\build\_deps\glm-src\doc\api\a00278.html", "HTML", 0, 0, 0, 0, 0, 0, 0, 0, 0, 0, 0, -90, 0, 0, 0, 0, 0, 0, 0, 0, -5, -6, -101
"c:\Users\brian\Desktop\Code\My Game\build\_deps\glm-src\doc\api\a00278_source.html", "HTML", 0, 0, 0, 0, 0, 0, 0, 0, 0, 0, 0, -91, 0, 0, 0, 0, 0, 0, 0, 0, -5, -3, -99
"c:\Users\brian\Desktop\Code\My Game\build\_deps\glm-src\doc\api\a00281.html", "HTML", 0, 0, 0, 0, 0, 0, 0, 0, 0, 0, 0, -99, 0, 0, 0, 0, 0, 0, 0, 0, -5, -6, -110
"c:\Users\brian\Desktop\Code\My Game\build\_deps\glm-src\doc\api\a00281_source.html", "HTML", 0, 0, 0, 0, 0, 0, 0, 0, 0, 0, 0, -101, 0, 0, 0, 0, 0, 0, 0, 0, -5, -3, -109
"c:\Users\brian\Desktop\Code\My Game\build\_deps\glm-src\doc\api\a00284.html", "HTML", 0, 0, 0, 0, 0, 0, 0, 0, 0, 0, 0, -90, 0, 0, 0, 0, 0, 0, 0, 0, -5, -6, -101
"c:\Users\brian\Desktop\Code\My Game\build\_deps\glm-src\doc\api\a00284_source.html", "HTML", 0, 0, 0, 0, 0, 0, 0, 0, 0, 0, 0, -91, 0, 0, 0, 0, 0, 0, 0, 0, -5, -3, -99
"c:\Users\brian\Desktop\Code\My Game\build\_deps\glm-src\doc\api\a00287.html", "HTML", 0, 0, 0, 0, 0, 0, 0, 0, 0, 0, 0, -99, 0, 0, 0, 0, 0, 0, 0, 0, -5, -6, -110
"c:\Users\brian\Desktop\Code\My Game\build\_deps\glm-src\doc\api\a00287_source.html", "HTML", 0, 0, 0, 0, 0, 0, 0, 0, 0, 0, 0, -101, 0, 0, 0, 0, 0, 0, 0, 0, -5, -3, -109
"c:\Users\brian\Desktop\Code\My Game\build\_deps\glm-src\doc\api\a00290.html", "HTML", 0, 0, 0, 0, 0, 0, 0, 0, 0, 0, 0, -90, 0, 0, 0, 0, 0, 0, 0, 0, -5, -6, -101
"c:\Users\brian\Desktop\Code\My Game\build\_deps\glm-src\doc\api\a00290_source.html", "HTML", 0, 0, 0, 0, 0, 0, 0, 0, 0, 0, 0, -91, 0, 0, 0, 0, 0, 0, 0, 0, -5, -3, -99
"c:\Users\brian\Desktop\Code\My Game\build\_deps\glm-src\doc\api\a00293.html", "HTML", 0, 0, 0, 0, 0, 0, 0, 0, 0, 0, 0, -100, 0, 0, 0, 0, 0, 0, 0, 0, -5, -6, -111
"c:\Users\brian\Desktop\Code\My Game\build\_deps\glm-src\doc\api\a00293_source.html", "HTML", 0, 0, 0, 0, 0, 0, 0, 0, 0, 0, 0, -101, 0, 0, 0, 0, 0, 0, 0, 0, -5, -3, -109
"c:\Users\brian\Desktop\Code\My Game\build\_deps\glm-src\doc\api\a00296.html", "HTML", 0, 0, 0, 0, 0, 0, 0, 0, 0, 0, 0, -93, 0, 0, 0, 0, 0, 0, 0, 0, -5, -6, -104
"c:\Users\brian\Desktop\Code\My Game\build\_deps\glm-src\doc\api\a00296_source.html", "HTML", 0, 0, 0, 0, 0, 0, 0, 0, 0, 0, 0, -94, 0, 0, 0, 0, 0, 0, 0, 0, -5, -3, -102
"c:\Users\brian\Desktop\Code\My Game\build\_deps\glm-src\doc\api\a00299.html", "HTML", 0, 0, 0, 0, 0, 0, 0, 0, 0, 0, 0, -111, 0, 0, 0, 0, 0, 0, 0, 0, -5, -6, -122
"c:\Users\brian\Desktop\Code\My Game\build\_deps\glm-src\doc\api\a00299_source.html", "HTML", 0, 0, 0, 0, 0, 0, 0, 0, 0, 0, 0, -114, 0, 0, 0, 0, 0, 0, 0, 0, -5, -3, -122
"c:\Users\brian\Desktop\Code\My Game\build\_deps\glm-src\doc\api\a00302.html", "HTML", 0, 0, 0, 0, 0, 0, 0, 0, 0, 0, 0, -90, 0, 0, 0, 0, 0, 0, 0, 0, -5, -6, -101
"c:\Users\brian\Desktop\Code\My Game\build\_deps\glm-src\doc\api\a00302_source.html", "HTML", 0, 0, 0, 0, 0, 0, 0, 0, 0, 0, 0, -91, 0, 0, 0, 0, 0, 0, 0, 0, -5, -3, -99
"c:\Users\brian\Desktop\Code\My Game\build\_deps\glm-src\doc\api\a00305_source.html", "HTML", 0, 0, 0, 0, 0, 0, 0, 0, 0, 0, 0, -101, 0, 0, 0, 0, 0, 0, 0, 0, -5, -3, -109
"c:\Users\brian\Desktop\Code\My Game\build\_deps\glm-src\doc\api\a00308.html", "HTML", 0, 0, 0, 0, 0, 0, 0, 0, 0, 0, 0, -90, 0, 0, 0, 0, 0, 0, 0, 0, -5, -6, -101
"c:\Users\brian\Desktop\Code\My Game\build\_deps\glm-src\doc\api\a00308_source.html", "HTML", 0, 0, 0, 0, 0, 0, 0, 0, 0, 0, 0, -91, 0, 0, 0, 0, 0, 0, 0, 0, -5, -3, -99
"c:\Users\brian\Desktop\Code\My Game\build\_deps\glm-src\doc\api\a00311.html", "HTML", 0, 0, 0, 0, 0, 0, 0, 0, 0, 0, 0, -99, 0, 0, 0, 0, 0, 0, 0, 0, -5, -6, -110
"c:\Users\brian\Desktop\Code\My Game\build\_deps\glm-src\doc\api\a00311_source.html", "HTML", 0, 0, 0, 0, 0, 0, 0, 0, 0, 0, 0, -101, 0, 0, 0, 0, 0, 0, 0, 0, -5, -3, -109
"c:\Users\brian\Desktop\Code\My Game\build\_deps\glm-src\doc\api\a00314.html", "HTML", 0, 0, 0, 0, 0, 0, 0, 0, 0, 0, 0, -90, 0, 0, 0, 0, 0, 0, 0, 0, -5, -6, -101
"c:\Users\brian\Desktop\Code\My Game\build\_deps\glm-src\doc\api\a00314_source.html", "HTML", 0, 0, 0, 0, 0, 0, 0, 0, 0, 0, 0, -91, 0, 0, 0, 0, 0, 0, 0, 0, -5, -3, -99
"c:\Users\brian\Desktop\Code\My Game\build\_deps\glm-src\doc\api\a00317.html", "HTML", 0, 0, 0, 0, 0, 0, 0, 0, 0, 0, 0, -99, 0, 0, 0, 0, 0, 0, 0, 0, -5, -6, -110
"c:\Users\brian\Desktop\Code\My Game\build\_deps\glm-src\doc\api\a00317_source.html", "HTML", 0, 0, 0, 0, 0, 0, 0, 0, 0, 0, 0, -101, 0, 0, 0, 0, 0, 0, 0, 0, -5, -3, -109
"c:\Users\brian\Desktop\Code\My Game\build\_deps\glm-src\doc\api\a00320.html", "HTML", 0, 0, 0, 0, 0, 0, 0, 0, 0, 0, 0, -93, 0, 0, 0, 0, 0, 0, 0, 0, -5, -6, -104
"c:\Users\brian\Desktop\Code\My Game\build\_deps\glm-src\doc\api\a00320_source.html", "HTML", 0, 0, 0, 0, 0, 0, 0, 0, 0, 0, 0, -94, 0, 0, 0, 0, 0, 0, 0, 0, -5, -3, -102
"c:\Users\brian\Desktop\Code\My Game\build\_deps\glm-src\doc\api\a00323.html", "HTML", 0, 0, 0, 0, 0, 0, 0, 0, 0, 0, 0, -111, 0, 0, 0, 0, 0, 0, 0, 0, -5, -6, -122
"c:\Users\brian\Desktop\Code\My Game\build\_deps\glm-src\doc\api\a00323_source.html", "HTML", 0, 0, 0, 0, 0, 0, 0, 0, 0, 0, 0, -114, 0, 0, 0, 0, 0, 0, 0, 0, -5, -3, -122
"c:\Users\brian\Desktop\Code\My Game\build\_deps\glm-src\doc\api\a00326.html", "HTML", 0, 0, 0, 0, 0, 0, 0, 0, 0, 0, 0, -118, 0, 0, 0, 0, 0, 0, 0, 0, -5, -6, -129
"c:\Users\brian\Desktop\Code\My Game\build\_deps\glm-src\doc\api\a00326_source.html", "HTML", 0, 0, 0, 0, 0, 0, 0, 0, 0, 0, 0, -126, 0, 0, 0, 0, 0, 0, 0, 0, -5, -3, -134
"c:\Users\brian\Desktop\Code\My Game\build\_deps\glm-src\doc\api\a00329.html", "HTML", 0, 0, 0, 0, 0, 0, 0, 0, 0, 0, 0, -90, 0, 0, 0, 0, 0, 0, 0, 0, -5, -6, -101
"c:\Users\brian\Desktop\Code\My Game\build\_deps\glm-src\doc\api\a00329_source.html", "HTML", 0, 0, 0, 0, 0, 0, 0, 0, 0, 0, 0, -92, 0, 0, 0, 0, 0, 0, 0, 0, -5, -3, -100
"c:\Users\brian\Desktop\Code\My Game\build\_deps\glm-src\doc\api\a00332.html", "HTML", 0, 0, 0, 0, 0, 0, 0, 0, 0, 0, 0, -95, 0, 0, 0, 0, 0, 0, 0, 0, -5, -6, -106
"c:\Users\brian\Desktop\Code\My Game\build\_deps\glm-src\doc\api\a00332_source.html", "HTML", 0, 0, 0, 0, 0, 0, 0, 0, 0, 0, 0, -98, 0, 0, 0, 0, 0, 0, 0, 0, -5, -3, -106
"c:\Users\brian\Desktop\Code\My Game\build\_deps\glm-src\doc\api\a00335.html", "HTML", 0, 0, 0, 0, 0, 0, 0, 0, 0, 0, 0, -102, 0, 0, 0, 0, 0, 0, 0, 0, -5, -6, -113
"c:\Users\brian\Desktop\Code\My Game\build\_deps\glm-src\doc\api\a00335_source.html", "HTML", 0, 0, 0, 0, 0, 0, 0, 0, 0, 0, 0, -109, 0, 0, 0, 0, 0, 0, 0, 0, -5, -3, -117
"c:\Users\brian\Desktop\Code\My Game\build\_deps\glm-src\doc\api\a00338.html", "HTML", 0, 0, 0, 0, 0, 0, 0, 0, 0, 0, 0, -90, 0, 0, 0, 0, 0, 0, 0, 0, -5, -6, -101
"c:\Users\brian\Desktop\Code\My Game\build\_deps\glm-src\doc\api\a00338_source.html", "HTML", 0, 0, 0, 0, 0, 0, 0, 0, 0, 0, 0, -92, 0, 0, 0, 0, 0, 0, 0, 0, -5, -3, -100
"c:\Users\brian\Desktop\Code\My Game\build\_deps\glm-src\doc\api\a00341.html", "HTML", 0, 0, 0, 0, 0, 0, 0, 0, 0, 0, 0, -98, 0, 0, 0, 0, 0, 0, 0, 0, -5, -6, -109
"c:\Users\brian\Desktop\Code\My Game\build\_deps\glm-src\doc\api\a00341_source.html", "HTML", 0, 0, 0, 0, 0, 0, 0, 0, 0, 0, 0, -98, 0, 0, 0, 0, 0, 0, 0, 0, -5, -3, -106
"c:\Users\brian\Desktop\Code\My Game\build\_deps\glm-src\doc\api\a00344.html", "HTML", 0, 0, 0, 0, 0, 0, 0, 0, 0, 0, 0, -102, 0, 0, 0, 0, 0, 0, 0, 0, -5, -6, -113
"c:\Users\brian\Desktop\Code\My Game\build\_deps\glm-src\doc\api\a00344_source.html", "HTML", 0, 0, 0, 0, 0, 0, 0, 0, 0, 0, 0, -108, 0, 0, 0, 0, 0, 0, 0, 0, -5, -3, -116
"c:\Users\brian\Desktop\Code\My Game\build\_deps\glm-src\doc\api\a00347.html", "HTML", 0, 0, 0, 0, 0, 0, 0, 0, 0, 0, 0, -102, 0, 0, 0, 0, 0, 0, 0, 0, -5, -6, -113
"c:\Users\brian\Desktop\Code\My Game\build\_deps\glm-src\doc\api\a00347_source.html", "HTML", 0, 0, 0, 0, 0, 0, 0, 0, 0, 0, 0, -105, 0, 0, 0, 0, 0, 0, 0, 0, -5, -3, -113
"c:\Users\brian\Desktop\Code\My Game\build\_deps\glm-src\doc\api\a00350.html", "HTML", 0, 0, 0, 0, 0, 0, 0, 0, 0, 0, 0, -90, 0, 0, 0, 0, 0, 0, 0, 0, -5, -6, -101
"c:\Users\brian\Desktop\Code\My Game\build\_deps\glm-src\doc\api\a00350_source.html", "HTML", 0, 0, 0, 0, 0, 0, 0, 0, 0, 0, 0, -97, 0, 0, 0, 0, 0, 0, 0, 0, -5, -3, -105
"c:\Users\brian\Desktop\Code\My Game\build\_deps\glm-src\doc\api\a00353.html", "HTML", 0, 0, 0, 0, 0, 0, 0, 0, 0, 0, 0, -98, 0, 0, 0, 0, 0, 0, 0, 0, -5, -6, -109
"c:\Users\brian\Desktop\Code\My Game\build\_deps\glm-src\doc\api\a00353_source.html", "HTML", 0, 0, 0, 0, 0, 0, 0, 0, 0, 0, 0, -108, 0, 0, 0, 0, 0, 0, 0, 0, -5, -3, -116
"c:\Users\brian\Desktop\Code\My Game\build\_deps\glm-src\doc\api\a00356.html", "HTML", 0, 0, 0, 0, 0, 0, 0, 0, 0, 0, 0, -154, 0, 0, 0, 0, 0, 0, 0, 0, -5, -6, -165
"c:\Users\brian\Desktop\Code\My Game\build\_deps\glm-src\doc\api\a00356_source.html", "HTML", 0, 0, 0, 0, 0, 0, 0, 0, 0, 0, 0, -152, 0, 0, 0, 0, 0, 0, 0, 0, -5, -3, -160
"c:\Users\brian\Desktop\Code\My Game\build\_deps\glm-src\doc\api\a00359.html", "HTML", 0, 0, 0, 0, 0, 0, 0, 0, 0, 0, 0, -101, 0, 0, 0, 0, 0, 0, 0, 0, -5, -6, -112
"c:\Users\brian\Desktop\Code\My Game\build\_deps\glm-src\doc\api\a00359_source.html", "HTML", 0, 0, 0, 0, 0, 0, 0, 0, 0, 0, 0, -102, 0, 0, 0, 0, 0, 0, 0, 0, -5, -3, -110
"c:\Users\brian\Desktop\Code\My Game\build\_deps\glm-src\doc\api\a00362.html", "HTML", 0, 0, 0, 0, 0, 0, 0, 0, 0, 0, 0, -102, 0, 0, 0, 0, 0, 0, 0, 0, -5, -6, -113
"c:\Users\brian\Desktop\Code\My Game\build\_deps\glm-src\doc\api\a00362_source.html", "HTML", 0, 0, 0, 0, 0, 0, 0, 0, 0, 0, 0, -133, 0, 0, 0, 0, 0, 0, 0, 0, -5, -3, -141
"c:\Users\brian\Desktop\Code\My Game\build\_deps\glm-src\doc\api\a00365.html", "HTML", 0, 0, 0, 0, 0, 0, 0, 0, 0, 0, 0, -115, 0, 0, 0, 0, 0, 0, 0, 0, -5, -6, -126
"c:\Users\brian\Desktop\Code\My Game\build\_deps\glm-src\doc\api\a00365_source.html", "HTML", 0, 0, 0, 0, 0, 0, 0, 0, 0, 0, 0, -124, 0, 0, 0, 0, 0, 0, 0, 0, -5, -3, -132
"c:\Users\brian\Desktop\Code\My Game\build\_deps\glm-src\doc\api\a00368.html", "HTML", 0, 0, 0, 0, 0, 0, 0, 0, 0, 0, 0, -81, 0, 0, 0, 0, 0, 0, 0, 0, -5, -6, -92
"c:\Users\brian\Desktop\Code\My Game\build\_deps\glm-src\doc\api\a00368_source.html", "HTML", 0, 0, 0, 0, 0, 0, 0, 0, 0, 0, 0, -91, 0, 0, 0, 0, 0, 0, 0, 0, -5, -3, -99
"c:\Users\brian\Desktop\Code\My Game\build\_deps\glm-src\doc\api\a00371.html", "HTML", 0, 0, 0, 0, 0, 0, 0, 0, 0, 0, 0, -135, 0, 0, 0, 0, 0, 0, 0, 0, -5, -6, -146
"c:\Users\brian\Desktop\Code\My Game\build\_deps\glm-src\doc\api\a00371_source.html", "HTML", 0, 0, 0, 0, 0, 0, 0, 0, 0, 0, 0, -139, 0, 0, 0, 0, 0, 0, 0, 0, -5, -3, -147
"c:\Users\brian\Desktop\Code\My Game\build\_deps\glm-src\doc\api\a00377.html", "HTML", 0, 0, 0, 0, 0, 0, 0, 0, 0, 0, 0, -102, 0, 0, 0, 0, 0, 0, 0, 0, -5, -6, -113
"c:\Users\brian\Desktop\Code\My Game\build\_deps\glm-src\doc\api\a00377_source.html", "HTML", 0, 0, 0, 0, 0, 0, 0, 0, 0, 0, 0, -133, 0, 0, 0, 0, 0, 0, 0, 0, -5, -3, -141
"c:\Users\brian\Desktop\Code\My Game\build\_deps\glm-src\doc\api\a00380.html", "HTML", 0, 0, 0, 0, 0, 0, 0, 0, 0, 0, 0, -108, 0, 0, 0, 0, 0, 0, 0, 0, -5, -6, -119
"c:\Users\brian\Desktop\Code\My Game\build\_deps\glm-src\doc\api\a00380_source.html", "HTML", 0, 0, 0, 0, 0, 0, 0, 0, 0, 0, 0, -112, 0, 0, 0, 0, 0, 0, 0, 0, -5, -3, -120
"c:\Users\brian\Desktop\Code\My Game\build\_deps\glm-src\doc\api\a00383.html", "HTML", 0, 0, 0, 0, 0, 0, 0, 0, 0, 0, 0, -90, 0, 0, 0, 0, 0, 0, 0, 0, -5, -6, -101
"c:\Users\brian\Desktop\Code\My Game\build\_deps\glm-src\doc\api\a00383_source.html", "HTML", 0, 0, 0, 0, 0, 0, 0, 0, 0, 0, 0, -90, 0, 0, 0, 0, 0, 0, 0, 0, -5, -3, -98
"c:\Users\brian\Desktop\Code\My Game\build\_deps\glm-src\doc\api\a00386.html", "HTML", 0, 0, 0, 0, 0, 0, 0, 0, 0, 0, 0, -98, 0, 0, 0, 0, 0, 0, 0, 0, -5, -6, -109
"c:\Users\brian\Desktop\Code\My Game\build\_deps\glm-src\doc\api\a00386_source.html", "HTML", 0, 0, 0, 0, 0, 0, 0, 0, 0, 0, 0, -96, 0, 0, 0, 0, 0, 0, 0, 0, -5, -3, -104
"c:\Users\brian\Desktop\Code\My Game\build\_deps\glm-src\doc\api\a00389.html", "HTML", 0, 0, 0, 0, 0, 0, 0, 0, 0, 0, 0, -89, 0, 0, 0, 0, 0, 0, 0, 0, -5, -6, -100
"c:\Users\brian\Desktop\Code\My Game\build\_deps\glm-src\doc\api\a00389_source.html", "HTML", 0, 0, 0, 0, 0, 0, 0, 0, 0, 0, 0, -85, 0, 0, 0, 0, 0, 0, 0, 0, -5, -3, -93
"c:\Users\brian\Desktop\Code\My Game\build\_deps\glm-src\doc\api\a00392.html", "HTML", 0, 0, 0, 0, 0, 0, 0, 0, 0, 0, 0, -95, 0, 0, 0, 0, 0, 0, 0, 0, -5, -6, -106
"c:\Users\brian\Desktop\Code\My Game\build\_deps\glm-src\doc\api\a00392_source.html", "HTML", 0, 0, 0, 0, 0, 0, 0, 0, 0, 0, 0, -91, 0, 0, 0, 0, 0, 0, 0, 0, -5, -3, -99
"c:\Users\brian\Desktop\Code\My Game\build\_deps\glm-src\doc\api\a00395.html", "HTML", 0, 0, 0, 0, 0, 0, 0, 0, 0, 0, 0, -89, 0, 0, 0, 0, 0, 0, 0, 0, -5, -6, -100
"c:\Users\brian\Desktop\Code\My Game\build\_deps\glm-src\doc\api\a00395_source.html", "HTML", 0, 0, 0, 0, 0, 0, 0, 0, 0, 0, 0, -85, 0, 0, 0, 0, 0, 0, 0, 0, -5, -3, -93
"c:\Users\brian\Desktop\Code\My Game\build\_deps\glm-src\doc\api\a00398.html", "HTML", 0, 0, 0, 0, 0, 0, 0, 0, 0, 0, 0, -95, 0, 0, 0, 0, 0, 0, 0, 0, -5, -6, -106
"c:\Users\brian\Desktop\Code\My Game\build\_deps\glm-src\doc\api\a00398_source.html", "HTML", 0, 0, 0, 0, 0, 0, 0, 0, 0, 0, 0, -91, 0, 0, 0, 0, 0, 0, 0, 0, -5, -3, -99
"c:\Users\brian\Desktop\Code\My Game\build\_deps\glm-src\doc\api\a00401.html", "HTML", 0, 0, 0, 0, 0, 0, 0, 0, 0, 0, 0, -89, 0, 0, 0, 0, 0, 0, 0, 0, -5, -6, -100
"c:\Users\brian\Desktop\Code\My Game\build\_deps\glm-src\doc\api\a00401_source.html", "HTML", 0, 0, 0, 0, 0, 0, 0, 0, 0, 0, 0, -85, 0, 0, 0, 0, 0, 0, 0, 0, -5, -3, -93
"c:\Users\brian\Desktop\Code\My Game\build\_deps\glm-src\doc\api\a00404.html", "HTML", 0, 0, 0, 0, 0, 0, 0, 0, 0, 0, 0, -95, 0, 0, 0, 0, 0, 0, 0, 0, -5, -6, -106
"c:\Users\brian\Desktop\Code\My Game\build\_deps\glm-src\doc\api\a00404_source.html", "HTML", 0, 0, 0, 0, 0, 0, 0, 0, 0, 0, 0, -91, 0, 0, 0, 0, 0, 0, 0, 0, -5, -3, -99
"c:\Users\brian\Desktop\Code\My Game\build\_deps\glm-src\doc\api\a00407.html", "HTML", 0, 0, 0, 0, 0, 0, 0, 0, 0, 0, 0, -166, 0, 0, 0, 0, 0, 0, 0, 0, -5, -6, -177
"c:\Users\brian\Desktop\Code\My Game\build\_deps\glm-src\doc\api\a00407_source.html", "HTML", 0, 0, 0, 0, 0, 0, 0, 0, 0, 0, 0, -162, 0, 0, 0, 0, 0, 0, 0, 0, -5, -3, -170
"c:\Users\brian\Desktop\Code\My Game\build\_deps\glm-src\doc\api\a00410.html", "HTML", 0, 0, 0, 0, 0, 0, 0, 0, 0, 0, 0, -90, 0, 0, 0, 0, 0, 0, 0, 0, -5, -6, -101
"c:\Users\brian\Desktop\Code\My Game\build\_deps\glm-src\doc\api\a00410_source.html", "HTML", 0, 0, 0, 0, 0, 0, 0, 0, 0, 0, 0, -90, 0, 0, 0, 0, 0, 0, 0, 0, -5, -3, -98
"c:\Users\brian\Desktop\Code\My Game\build\_deps\glm-src\doc\api\a00413.html", "HTML", 0, 0, 0, 0, 0, 0, 0, 0, 0, 0, 0, -98, 0, 0, 0, 0, 0, 0, 0, 0, -5, -6, -109
"c:\Users\brian\Desktop\Code\My Game\build\_deps\glm-src\doc\api\a00413_source.html", "HTML", 0, 0, 0, 0, 0, 0, 0, 0, 0, 0, 0, -96, 0, 0, 0, 0, 0, 0, 0, 0, -5, -3, -104
"c:\Users\brian\Desktop\Code\My Game\build\_deps\glm-src\doc\api\a00416.html", "HTML", 0, 0, 0, 0, 0, 0, 0, 0, 0, 0, 0, -89, 0, 0, 0, 0, 0, 0, 0, 0, -5, -6, -100
"c:\Users\brian\Desktop\Code\My Game\build\_deps\glm-src\doc\api\a00416_source.html", "HTML", 0, 0, 0, 0, 0, 0, 0, 0, 0, 0, 0, -85, 0, 0, 0, 0, 0, 0, 0, 0, -5, -3, -93
"c:\Users\brian\Desktop\Code\My Game\build\_deps\glm-src\doc\api\a00419.html", "HTML", 0, 0, 0, 0, 0, 0, 0, 0, 0, 0, 0, -95, 0, 0, 0, 0, 0, 0, 0, 0, -5, -6, -106
"c:\Users\brian\Desktop\Code\My Game\build\_deps\glm-src\doc\api\a00419_source.html", "HTML", 0, 0, 0, 0, 0, 0, 0, 0, 0, 0, 0, -91, 0, 0, 0, 0, 0, 0, 0, 0, -5, -3, -99
"c:\Users\brian\Desktop\Code\My Game\build\_deps\glm-src\doc\api\a00422.html", "HTML", 0, 0, 0, 0, 0, 0, 0, 0, 0, 0, 0, -89, 0, 0, 0, 0, 0, 0, 0, 0, -5, -6, -100
"c:\Users\brian\Desktop\Code\My Game\build\_deps\glm-src\doc\api\a00422_source.html", "HTML", 0, 0, 0, 0, 0, 0, 0, 0, 0, 0, 0, -85, 0, 0, 0, 0, 0, 0, 0, 0, -5, -3, -93
"c:\Users\brian\Desktop\Code\My Game\build\_deps\glm-src\doc\api\a00425.html", "HTML", 0, 0, 0, 0, 0, 0, 0, 0, 0, 0, 0, -95, 0, 0, 0, 0, 0, 0, 0, 0, -5, -6, -106
"c:\Users\brian\Desktop\Code\My Game\build\_deps\glm-src\doc\api\a00425_source.html", "HTML", 0, 0, 0, 0, 0, 0, 0, 0, 0, 0, 0, -91, 0, 0, 0, 0, 0, 0, 0, 0, -5, -3, -99
"c:\Users\brian\Desktop\Code\My Game\build\_deps\glm-src\doc\api\a00428.html", "HTML", 0, 0, 0, 0, 0, 0, 0, 0, 0, 0, 0, -89, 0, 0, 0, 0, 0, 0, 0, 0, -5, -6, -100
"c:\Users\brian\Desktop\Code\My Game\build\_deps\glm-src\doc\api\a00428_source.html", "HTML", 0, 0, 0, 0, 0, 0, 0, 0, 0, 0, 0, -85, 0, 0, 0, 0, 0, 0, 0, 0, -5, -3, -93
"c:\Users\brian\Desktop\Code\My Game\build\_deps\glm-src\doc\api\a00431.html", "HTML", 0, 0, 0, 0, 0, 0, 0, 0, 0, 0, 0, -95, 0, 0, 0, 0, 0, 0, 0, 0, -5, -6, -106
"c:\Users\brian\Desktop\Code\My Game\build\_deps\glm-src\doc\api\a00431_source.html", "HTML", 0, 0, 0, 0, 0, 0, 0, 0, 0, 0, 0, -92, 0, 0, 0, 0, 0, 0, 0, 0, -5, -3, -100
"c:\Users\brian\Desktop\Code\My Game\build\_deps\glm-src\doc\api\a00434.html", "HTML", 0, 0, 0, 0, 0, 0, 0, 0, 0, 0, 0, -90, 0, 0, 0, 0, 0, 0, 0, 0, -5, -6, -101
"c:\Users\brian\Desktop\Code\My Game\build\_deps\glm-src\doc\api\a00434_source.html", "HTML", 0, 0, 0, 0, 0, 0, 0, 0, 0, 0, 0, -90, 0, 0, 0, 0, 0, 0, 0, 0, -5, -3, -98
"c:\Users\brian\Desktop\Code\My Game\build\_deps\glm-src\doc\api\a00437.html", "HTML", 0, 0, 0, 0, 0, 0, 0, 0, 0, 0, 0, -98, 0, 0, 0, 0, 0, 0, 0, 0, -5, -6, -109
"c:\Users\brian\Desktop\Code\My Game\build\_deps\glm-src\doc\api\a00437_source.html", "HTML", 0, 0, 0, 0, 0, 0, 0, 0, 0, 0, 0, -96, 0, 0, 0, 0, 0, 0, 0, 0, -5, -3, -104
"c:\Users\brian\Desktop\Code\My Game\build\_deps\glm-src\doc\api\a00440.html", "HTML", 0, 0, 0, 0, 0, 0, 0, 0, 0, 0, 0, -89, 0, 0, 0, 0, 0, 0, 0, 0, -5, -6, -100
"c:\Users\brian\Desktop\Code\My Game\build\_deps\glm-src\doc\api\a00440_source.html", "HTML", 0, 0, 0, 0, 0, 0, 0, 0, 0, 0, 0, -85, 0, 0, 0, 0, 0, 0, 0, 0, -5, -3, -93
"c:\Users\brian\Desktop\Code\My Game\build\_deps\glm-src\doc\api\a00443.html", "HTML", 0, 0, 0, 0, 0, 0, 0, 0, 0, 0, 0, -95, 0, 0, 0, 0, 0, 0, 0, 0, -5, -6, -106
"c:\Users\brian\Desktop\Code\My Game\build\_deps\glm-src\doc\api\a00443_source.html", "HTML", 0, 0, 0, 0, 0, 0, 0, 0, 0, 0, 0, -91, 0, 0, 0, 0, 0, 0, 0, 0, -5, -3, -99
"c:\Users\brian\Desktop\Code\My Game\build\_deps\glm-src\doc\api\a00446.html", "HTML", 0, 0, 0, 0, 0, 0, 0, 0, 0, 0, 0, -89, 0, 0, 0, 0, 0, 0, 0, 0, -5, -6, -100
"c:\Users\brian\Desktop\Code\My Game\build\_deps\glm-src\doc\api\a00446_source.html", "HTML", 0, 0, 0, 0, 0, 0, 0, 0, 0, 0, 0, -85, 0, 0, 0, 0, 0, 0, 0, 0, -5, -3, -93
"c:\Users\brian\Desktop\Code\My Game\build\_deps\glm-src\doc\api\a00449.html", "HTML", 0, 0, 0, 0, 0, 0, 0, 0, 0, 0, 0, -95, 0, 0, 0, 0, 0, 0, 0, 0, -5, -6, -106
"c:\Users\brian\Desktop\Code\My Game\build\_deps\glm-src\doc\api\a00449_source.html", "HTML", 0, 0, 0, 0, 0, 0, 0, 0, 0, 0, 0, -91, 0, 0, 0, 0, 0, 0, 0, 0, -5, -3, -99
"c:\Users\brian\Desktop\Code\My Game\build\_deps\glm-src\doc\api\a00452.html", "HTML", 0, 0, 0, 0, 0, 0, 0, 0, 0, 0, 0, -89, 0, 0, 0, 0, 0, 0, 0, 0, -5, -6, -100
"c:\Users\brian\Desktop\Code\My Game\build\_deps\glm-src\doc\api\a00452_source.html", "HTML", 0, 0, 0, 0, 0, 0, 0, 0, 0, 0, 0, -85, 0, 0, 0, 0, 0, 0, 0, 0, -5, -3, -93
"c:\Users\brian\Desktop\Code\My Game\build\_deps\glm-src\doc\api\a00455.html", "HTML", 0, 0, 0, 0, 0, 0, 0, 0, 0, 0, 0, -95, 0, 0, 0, 0, 0, 0, 0, 0, -5, -6, -106
"c:\Users\brian\Desktop\Code\My Game\build\_deps\glm-src\doc\api\a00455_source.html", "HTML", 0, 0, 0, 0, 0, 0, 0, 0, 0, 0, 0, -91, 0, 0, 0, 0, 0, 0, 0, 0, -5, -3, -99
"c:\Users\brian\Desktop\Code\My Game\build\_deps\glm-src\doc\api\a00458.html", "HTML", 0, 0, 0, 0, 0, 0, 0, 0, 0, 0, 0, -90, 0, 0, 0, 0, 0, 0, 0, 0, -5, -6, -101
"c:\Users\brian\Desktop\Code\My Game\build\_deps\glm-src\doc\api\a00458_source.html", "HTML", 0, 0, 0, 0, 0, 0, 0, 0, 0, 0, 0, -91, 0, 0, 0, 0, 0, 0, 0, 0, -5, -3, -99
"c:\Users\brian\Desktop\Code\My Game\build\_deps\glm-src\doc\api\a00461.html", "HTML", 0, 0, 0, 0, 0, 0, 0, 0, 0, 0, 0, -98, 0, 0, 0, 0, 0, 0, 0, 0, -5, -6, -109
"c:\Users\brian\Desktop\Code\My Game\build\_deps\glm-src\doc\api\a00461_source.html", "HTML", 0, 0, 0, 0, 0, 0, 0, 0, 0, 0, 0, -100, 0, 0, 0, 0, 0, 0, 0, 0, -5, -3, -108
"c:\Users\brian\Desktop\Code\My Game\build\_deps\glm-src\doc\api\a00464.html", "HTML", 0, 0, 0, 0, 0, 0, 0, 0, 0, 0, 0, -89, 0, 0, 0, 0, 0, 0, 0, 0, -5, -6, -100
"c:\Users\brian\Desktop\Code\My Game\build\_deps\glm-src\doc\api\a00464_source.html", "HTML", 0, 0, 0, 0, 0, 0, 0, 0, 0, 0, 0, -85, 0, 0, 0, 0, 0, 0, 0, 0, -5, -3, -93
"c:\Users\brian\Desktop\Code\My Game\build\_deps\glm-src\doc\api\a00467.html", "HTML", 0, 0, 0, 0, 0, 0, 0, 0, 0, 0, 0, -98, 0, 0, 0, 0, 0, 0, 0, 0, -5, -6, -109
"c:\Users\brian\Desktop\Code\My Game\build\_deps\glm-src\doc\api\a00467_source.html", "HTML", 0, 0, 0, 0, 0, 0, 0, 0, 0, 0, 0, -100, 0, 0, 0, 0, 0, 0, 0, 0, -5, -3, -108
"c:\Users\brian\Desktop\Code\My Game\build\_deps\glm-src\doc\api\a00470.html", "HTML", 0, 0, 0, 0, 0, 0, 0, 0, 0, 0, 0, -89, 0, 0, 0, 0, 0, 0, 0, 0, -5, -6, -100
"c:\Users\brian\Desktop\Code\My Game\build\_deps\glm-src\doc\api\a00470_source.html", "HTML", 0, 0, 0, 0, 0, 0, 0, 0, 0, 0, 0, -85, 0, 0, 0, 0, 0, 0, 0, 0, -5, -3, -93
"c:\Users\brian\Desktop\Code\My Game\build\_deps\glm-src\doc\api\a00473.html", "HTML", 0, 0, 0, 0, 0, 0, 0, 0, 0, 0, 0, -98, 0, 0, 0, 0, 0, 0, 0, 0, -5, -6, -109
"c:\Users\brian\Desktop\Code\My Game\build\_deps\glm-src\doc\api\a00473_source.html", "HTML", 0, 0, 0, 0, 0, 0, 0, 0, 0, 0, 0, -100, 0, 0, 0, 0, 0, 0, 0, 0, -5, -3, -108
"c:\Users\brian\Desktop\Code\My Game\build\_deps\glm-src\doc\api\a00476.html", "HTML", 0, 0, 0, 0, 0, 0, 0, 0, 0, 0, 0, -89, 0, 0, 0, 0, 0, 0, 0, 0, -5, -6, -100
"c:\Users\brian\Desktop\Code\My Game\build\_deps\glm-src\doc\api\a00476_source.html", "HTML", 0, 0, 0, 0, 0, 0, 0, 0, 0, 0, 0, -85, 0, 0, 0, 0, 0, 0, 0, 0, -5, -3, -93
"c:\Users\brian\Desktop\Code\My Game\build\_deps\glm-src\doc\api\a00479.html", "HTML", 0, 0, 0, 0, 0, 0, 0, 0, 0, 0, 0, -98, 0, 0, 0, 0, 0, 0, 0, 0, -5, -6, -109
"c:\Users\brian\Desktop\Code\My Game\build\_deps\glm-src\doc\api\a00479_source.html", "HTML", 0, 0, 0, 0, 0, 0, 0, 0, 0, 0, 0, -100, 0, 0, 0, 0, 0, 0, 0, 0, -5, -3, -108
"c:\Users\brian\Desktop\Code\My Game\build\_deps\glm-src\doc\api\a00482.html", "HTML", 0, 0, 0, 0, 0, 0, 0, 0, 0, 0, 0, -129, 0, 0, 0, 0, 0, 0, 0, 0, -5, -6, -140
"c:\Users\brian\Desktop\Code\My Game\build\_deps\glm-src\doc\api\a00482_source.html", "HTML", 0, 0, 0, 0, 0, 0, 0, 0, 0, 0, 0, -132, 0, 0, 0, 0, 0, 0, 0, 0, -5, -3, -140
"c:\Users\brian\Desktop\Code\My Game\build\_deps\glm-src\doc\api\a00485.html", "HTML", 0, 0, 0, 0, 0, 0, 0, 0, 0, 0, 0, -81, 0, 0, 0, 0, 0, 0, 0, 0, -5, -6, -92
"c:\Users\brian\Desktop\Code\My Game\build\_deps\glm-src\doc\api\a00485_source.html", "HTML", 0, 0, 0, 0, 0, 0, 0, 0, 0, 0, 0, -91, 0, 0, 0, 0, 0, 0, 0, 0, -5, -3, -99
"c:\Users\brian\Desktop\Code\My Game\build\_deps\glm-src\doc\api\a00488.html", "HTML", 0, 0, 0, 0, 0, 0, 0, 0, 0, 0, 0, -135, 0, 0, 0, 0, 0, 0, 0, 0, -5, -6, -146
"c:\Users\brian\Desktop\Code\My Game\build\_deps\glm-src\doc\api\a00488_source.html", "HTML", 0, 0, 0, 0, 0, 0, 0, 0, 0, 0, 0, -139, 0, 0, 0, 0, 0, 0, 0, 0, -5, -3, -147
"c:\Users\brian\Desktop\Code\My Game\build\_deps\glm-src\doc\api\a00491.html", "HTML", 0, 0, 0, 0, 0, 0, 0, 0, 0, 0, 0, -123, 0, 0, 0, 0, 0, 0, 0, 0, -5, -6, -134
"c:\Users\brian\Desktop\Code\My Game\build\_deps\glm-src\doc\api\a00491_source.html", "HTML", 0, 0, 0, 0, 0, 0, 0, 0, 0, 0, 0, -122, 0, 0, 0, 0, 0, 0, 0, 0, -5, -3, -130
"c:\Users\brian\Desktop\Code\My Game\build\_deps\glm-src\doc\api\a00494.html", "HTML", 0, 0, 0, 0, 0, 0, 0, 0, 0, 0, 0, -90, 0, 0, 0, 0, 0, 0, 0, 0, -5, -6, -101
"c:\Users\brian\Desktop\Code\My Game\build\_deps\glm-src\doc\api\a00494_source.html", "HTML", 0, 0, 0, 0, 0, 0, 0, 0, 0, 0, 0, -91, 0, 0, 0, 0, 0, 0, 0, 0, -5, -3, -99
"c:\Users\brian\Desktop\Code\My Game\build\_deps\glm-src\doc\api\a00497.html", "HTML", 0, 0, 0, 0, 0, 0, 0, 0, 0, 0, 0, -98, 0, 0, 0, 0, 0, 0, 0, 0, -5, -6, -109
"c:\Users\brian\Desktop\Code\My Game\build\_deps\glm-src\doc\api\a00497_source.html", "HTML", 0, 0, 0, 0, 0, 0, 0, 0, 0, 0, 0, -100, 0, 0, 0, 0, 0, 0, 0, 0, -5, -3, -108
"c:\Users\brian\Desktop\Code\My Game\build\_deps\glm-src\doc\api\a00500.html", "HTML", 0, 0, 0, 0, 0, 0, 0, 0, 0, 0, 0, -89, 0, 0, 0, 0, 0, 0, 0, 0, -5, -6, -100
"c:\Users\brian\Desktop\Code\My Game\build\_deps\glm-src\doc\api\a00500_source.html", "HTML", 0, 0, 0, 0, 0, 0, 0, 0, 0, 0, 0, -85, 0, 0, 0, 0, 0, 0, 0, 0, -5, -3, -93
"c:\Users\brian\Desktop\Code\My Game\build\_deps\glm-src\doc\api\a00503.html", "HTML", 0, 0, 0, 0, 0, 0, 0, 0, 0, 0, 0, -98, 0, 0, 0, 0, 0, 0, 0, 0, -5, -6, -109
"c:\Users\brian\Desktop\Code\My Game\build\_deps\glm-src\doc\api\a00503_source.html", "HTML", 0, 0, 0, 0, 0, 0, 0, 0, 0, 0, 0, -100, 0, 0, 0, 0, 0, 0, 0, 0, -5, -3, -108
"c:\Users\brian\Desktop\Code\My Game\build\_deps\glm-src\doc\api\a00506.html", "HTML", 0, 0, 0, 0, 0, 0, 0, 0, 0, 0, 0, -89, 0, 0, 0, 0, 0, 0, 0, 0, -5, -6, -100
"c:\Users\brian\Desktop\Code\My Game\build\_deps\glm-src\doc\api\a00506_source.html", "HTML", 0, 0, 0, 0, 0, 0, 0, 0, 0, 0, 0, -85, 0, 0, 0, 0, 0, 0, 0, 0, -5, -3, -93
"c:\Users\brian\Desktop\Code\My Game\build\_deps\glm-src\doc\api\a00509.html", "HTML", 0, 0, 0, 0, 0, 0, 0, 0, 0, 0, 0, -98, 0, 0, 0, 0, 0, 0, 0, 0, -5, -6, -109
"c:\Users\brian\Desktop\Code\My Game\build\_deps\glm-src\doc\api\a00509_source.html", "HTML", 0, 0, 0, 0, 0, 0, 0, 0, 0, 0, 0, -100, 0, 0, 0, 0, 0, 0, 0, 0, -5, -3, -108
"c:\Users\brian\Desktop\Code\My Game\build\_deps\glm-src\doc\api\a00512.html", "HTML", 0, 0, 0, 0, 0, 0, 0, 0, 0, 0, 0, -89, 0, 0, 0, 0, 0, 0, 0, 0, -5, -6, -100
"c:\Users\brian\Desktop\Code\My Game\build\_deps\glm-src\doc\api\a00512_source.html", "HTML", 0, 0, 0, 0, 0, 0, 0, 0, 0, 0, 0, -85, 0, 0, 0, 0, 0, 0, 0, 0, -5, -3, -93
"c:\Users\brian\Desktop\Code\My Game\build\_deps\glm-src\doc\api\a00515.html", "HTML", 0, 0, 0, 0, 0, 0, 0, 0, 0, 0, 0, -98, 0, 0, 0, 0, 0, 0, 0, 0, -5, -6, -109
"c:\Users\brian\Desktop\Code\My Game\build\_deps\glm-src\doc\api\a00515_source.html", "HTML", 0, 0, 0, 0, 0, 0, 0, 0, 0, 0, 0, -100, 0, 0, 0, 0, 0, 0, 0, 0, -5, -3, -108
"c:\Users\brian\Desktop\Code\My Game\build\_deps\glm-src\doc\api\a00518.html", "HTML", 0, 0, 0, 0, 0, 0, 0, 0, 0, 0, 0, -118, 0, 0, 0, 0, 0, 0, 0, 0, -5, -6, -129
"c:\Users\brian\Desktop\Code\My Game\build\_deps\glm-src\doc\api\a00518_source.html", "HTML", 0, 0, 0, 0, 0, 0, 0, 0, 0, 0, 0, -117, 0, 0, 0, 0, 0, 0, 0, 0, -5, -3, -125
"c:\Users\brian\Desktop\Code\My Game\build\_deps\glm-src\doc\api\a00521.html", "HTML", 0, 0, 0, 0, 0, 0, 0, 0, 0, 0, 0, -78, 0, 0, 0, 0, 0, 0, 0, 0, -5, -5, -88
"c:\Users\brian\Desktop\Code\My Game\build\_deps\glm-src\doc\api\a00521_source.html", "HTML", 0, 0, 0, 0, 0, 0, 0, 0, 0, 0, 0, -555, 0, 0, 0, 0, 0, 0, 0, 0, -5, -3, -563
"c:\Users\brian\Desktop\Code\My Game\build\_deps\glm-src\doc\api\a00524_source.html", "HTML", 0, 0, 0, 0, 0, 0, 0, 0, 0, 0, 0, -2083, 0, 0, 0, 0, 0, 0, 0, 0, -5, -3, -2091
"c:\Users\brian\Desktop\Code\My Game\build\_deps\glm-src\doc\api\a00527.html", "HTML", 0, 0, 0, 0, 0, 0, 0, 0, 0, 0, 0, -119, 0, 0, 0, 0, 0, 0, 0, 0, -5, -6, -130
"c:\Users\brian\Desktop\Code\My Game\build\_deps\glm-src\doc\api\a00527_source.html", "HTML", 0, 0, 0, 0, 0, 0, 0, 0, 0, 0, 0, -126, 0, 0, 0, 0, 0, 0, 0, 0, -5, -3, -134
"c:\Users\brian\Desktop\Code\My Game\build\_deps\glm-src\doc\api\a00530_source.html", "HTML", 0, 0, 0, 0, 0, 0, 0, 0, 0, 0, 0, -129, 0, 0, 0, 0, 0, 0, 0, 0, -5, -3, -137
"c:\Users\brian\Desktop\Code\My Game\build\_deps\glm-src\doc\api\a00533.html", "HTML", 0, 0, 0, 0, 0, 0, 0, 0, 0, 0, 0, -195, 0, 0, 0, 0, 0, 0, 0, 0, -5, -6, -206
"c:\Users\brian\Desktop\Code\My Game\build\_deps\glm-src\doc\api\a00533_source.html", "HTML", 0, 0, 0, 0, 0, 0, 0, 0, 0, 0, 0, -190, 0, 0, 0, 0, 0, 0, 0, 0, -5, -3, -198
"c:\Users\brian\Desktop\Code\My Game\build\_deps\glm-src\doc\api\a00539.html", "HTML", 0, 0, 0, 0, 0, 0, 0, 0, 0, 0, 0, -199, 0, 0, 0, 0, 0, 0, 0, 0, -5, -6, -210
"c:\Users\brian\Desktop\Code\My Game\build\_deps\glm-src\doc\api\a00539_source.html", "HTML", 0, 0, 0, 0, 0, 0, 0, 0, 0, 0, 0, -202, 0, 0, 0, 0, 0, 0, 0, 0, -5, -3, -210
"c:\Users\brian\Desktop\Code\My Game\build\_deps\glm-src\doc\api\a00542.html", "HTML", 0, 0, 0, 0, 0, 0, 0, 0, 0, 0, 0, -105, 0, 0, 0, 0, 0, 0, 0, 0, -5, -6, -116
"c:\Users\brian\Desktop\Code\My Game\build\_deps\glm-src\doc\api\a00542_source.html", "HTML", 0, 0, 0, 0, 0, 0, 0, 0, 0, 0, 0, -106, 0, 0, 0, 0, 0, 0, 0, 0, -5, -3, -114
"c:\Users\brian\Desktop\Code\My Game\build\_deps\glm-src\doc\api\a00545.html", "HTML", 0, 0, 0, 0, 0, 0, 0, 0, 0, 0, 0, -139, 0, 0, 0, 0, 0, 0, 0, 0, -5, -6, -150
"c:\Users\brian\Desktop\Code\My Game\build\_deps\glm-src\doc\api\a00545_source.html", "HTML", 0, 0, 0, 0, 0, 0, 0, 0, 0, 0, 0, -159, 0, 0, 0, 0, 0, 0, 0, 0, -5, -3, -167
"c:\Users\brian\Desktop\Code\My Game\build\_deps\glm-src\doc\api\a00548.html", "HTML", 0, 0, 0, 0, 0, 0, 0, 0, 0, 0, 0, -103, 0, 0, 0, 0, 0, 0, 0, 0, -5, -6, -114
"c:\Users\brian\Desktop\Code\My Game\build\_deps\glm-src\doc\api\a00548_source.html", "HTML", 0, 0, 0, 0, 0, 0, 0, 0, 0, 0, 0, -114, 0, 0, 0, 0, 0, 0, 0, 0, -5, -3, -122
"c:\Users\brian\Desktop\Code\My Game\build\_deps\glm-src\doc\api\a00551.html", "HTML", 0, 0, 0, 0, 0, 0, 0, 0, 0, 0, 0, -95, 0, 0, 0, 0, 0, 0, 0, 0, -5, -6, -106
"c:\Users\brian\Desktop\Code\My Game\build\_deps\glm-src\doc\api\a00551_source.html", "HTML", 0, 0, 0, 0, 0, 0, 0, 0, 0, 0, 0, -102, 0, 0, 0, 0, 0, 0, 0, 0, -5, -3, -110
"c:\Users\brian\Desktop\Code\My Game\build\_deps\glm-src\doc\api\a00554.html", "HTML", 0, 0, 0, 0, 0, 0, 0, 0, 0, 0, 0, -99, 0, 0, 0, 0, 0, 0, 0, 0, -5, -6, -110
"c:\Users\brian\Desktop\Code\My Game\build\_deps\glm-src\doc\api\a00554_source.html", "HTML", 0, 0, 0, 0, 0, 0, 0, 0, 0, 0, 0, -113, 0, 0, 0, 0, 0, 0, 0, 0, -5, -3, -121
"c:\Users\brian\Desktop\Code\My Game\build\_deps\glm-src\doc\api\a00557.html", "HTML", 0, 0, 0, 0, 0, 0, 0, 0, 0, 0, 0, -125, 0, 0, 0, 0, 0, 0, 0, 0, -5, -6, -136
"c:\Users\brian\Desktop\Code\My Game\build\_deps\glm-src\doc\api\a00557_source.html", "HTML", 0, 0, 0, 0, 0, 0, 0, 0, 0, 0, 0, -129, 0, 0, 0, 0, 0, 0, 0, 0, -5, -3, -137
"c:\Users\brian\Desktop\Code\My Game\build\_deps\glm-src\doc\api\a00563.html", "HTML", 0, 0, 0, 0, 0, 0, 0, 0, 0, 0, 0, -117, 0, 0, 0, 0, 0, 0, 0, 0, -5, -6, -128
"c:\Users\brian\Desktop\Code\My Game\build\_deps\glm-src\doc\api\a00563_source.html", "HTML", 0, 0, 0, 0, 0, 0, 0, 0, 0, 0, 0, -119, 0, 0, 0, 0, 0, 0, 0, 0, -5, -3, -127
"c:\Users\brian\Desktop\Code\My Game\build\_deps\glm-src\doc\api\a00566.html", "HTML", 0, 0, 0, 0, 0, 0, 0, 0, 0, 0, 0, -81, 0, 0, 0, 0, 0, 0, 0, 0, -5, -6, -92
"c:\Users\brian\Desktop\Code\My Game\build\_deps\glm-src\doc\api\a00566_source.html", "HTML", 0, 0, 0, 0, 0, 0, 0, 0, 0, 0, 0, -87, 0, 0, 0, 0, 0, 0, 0, 0, -5, -3, -95
"c:\Users\brian\Desktop\Code\My Game\build\_deps\glm-src\doc\api\a00569.html", "HTML", 0, 0, 0, 0, 0, 0, 0, 0, 0, 0, 0, -137, 0, 0, 0, 0, 0, 0, 0, 0, -5, -6, -148
"c:\Users\brian\Desktop\Code\My Game\build\_deps\glm-src\doc\api\a00569_source.html", "HTML", 0, 0, 0, 0, 0, 0, 0, 0, 0, 0, 0, -137, 0, 0, 0, 0, 0, 0, 0, 0, -5, -3, -145
"c:\Users\brian\Desktop\Code\My Game\build\_deps\glm-src\doc\api\a00575.html", "HTML", 0, 0, 0, 0, 0, 0, 0, 0, 0, 0, 0, -83, 0, 0, 0, 0, 0, 0, 0, 0, -5, -6, -94
"c:\Users\brian\Desktop\Code\My Game\build\_deps\glm-src\doc\api\a00575_source.html", "HTML", 0, 0, 0, 0, 0, 0, 0, 0, 0, 0, 0, -1618, 0, 0, 0, 0, 0, 0, 0, 0, -5, -3, -1626
"c:\Users\brian\Desktop\Code\My Game\build\_deps\glm-src\doc\api\a00578.html", "HTML", 0, 0, 0, 0, 0, 0, 0, 0, 0, 0, 0, -221, 0, 0, 0, 0, 0, 0, 0, 0, -5, -6, -232
"c:\Users\brian\Desktop\Code\My Game\build\_deps\glm-src\doc\api\a00578_source.html", "HTML", 0, 0, 0, 0, 0, 0, 0, 0, 0, 0, 0, -221, 0, 0, 0, 0, 0, 0, 0, 0, -5, -3, -229
"c:\Users\brian\Desktop\Code\My Game\build\_deps\glm-src\doc\api\a00581.html", "HTML", 0, 0, 0, 0, 0, 0, 0, 0, 0, 0, 0, -141, 0, 0, 0, 0, 0, 0, 0, 0, -5, -6, -152
"c:\Users\brian\Desktop\Code\My Game\build\_deps\glm-src\doc\api\a00581_source.html", "HTML", 0, 0, 0, 0, 0, 0, 0, 0, 0, 0, 0, -137, 0, 0, 0, 0, 0, 0, 0, 0, -5, -3, -145
"c:\Users\brian\Desktop\Code\My Game\build\_deps\glm-src\doc\api\a00584.html", "HTML", 0, 0, 0, 0, 0, 0, 0, 0, 0, 0, 0, -81, 0, 0, 0, 0, 0, 0, 0, 0, -5, -6, -92
"c:\Users\brian\Desktop\Code\My Game\build\_deps\glm-src\doc\api\a00584_source.html", "HTML", 0, 0, 0, 0, 0, 0, 0, 0, 0, 0, 0, -93, 0, 0, 0, 0, 0, 0, 0, 0, -5, -3, -101
"c:\Users\brian\Desktop\Code\My Game\build\_deps\glm-src\doc\api\a00587.html", "HTML", 0, 0, 0, 0, 0, 0, 0, 0, 0, 0, 0, -177, 0, 0, 0, 0, 0, 0, 0, 0, -5, -6, -188
"c:\Users\brian\Desktop\Code\My Game\build\_deps\glm-src\doc\api\a00587_source.html", "HTML", 0, 0, 0, 0, 0, 0, 0, 0, 0, 0, 0, -222, 0, 0, 0, 0, 0, 0, 0, 0, -5, -3, -230
"c:\Users\brian\Desktop\Code\My Game\build\_deps\glm-src\doc\api\a00590.html", "HTML", 0, 0, 0, 0, 0, 0, 0, 0, 0, 0, 0, -121, 0, 0, 0, 0, 0, 0, 0, 0, -5, -6, -132
"c:\Users\brian\Desktop\Code\My Game\build\_deps\glm-src\doc\api\a00590_source.html", "HTML", 0, 0, 0, 0, 0, 0, 0, 0, 0, 0, 0, -126, 0, 0, 0, 0, 0, 0, 0, 0, -5, -3, -134
"c:\Users\brian\Desktop\Code\My Game\build\_deps\glm-src\doc\api\a00593.html", "HTML", 0, 0, 0, 0, 0, 0, 0, 0, 0, 0, 0, -96, 0, 0, 0, 0, 0, 0, 0, 0, -5, -6, -107
"c:\Users\brian\Desktop\Code\My Game\build\_deps\glm-src\doc\api\a00593_source.html", "HTML", 0, 0, 0, 0, 0, 0, 0, 0, 0, 0, 0, -105, 0, 0, 0, 0, 0, 0, 0, 0, -5, -3, -113
"c:\Users\brian\Desktop\Code\My Game\build\_deps\glm-src\doc\api\a00596.html", "HTML", 0, 0, 0, 0, 0, 0, 0, 0, 0, 0, 0, -109, 0, 0, 0, 0, 0, 0, 0, 0, -5, -6, -120
"c:\Users\brian\Desktop\Code\My Game\build\_deps\glm-src\doc\api\a00596_source.html", "HTML", 0, 0, 0, 0, 0, 0, 0, 0, 0, 0, 0, -111, 0, 0, 0, 0, 0, 0, 0, 0, -5, -3, -119
"c:\Users\brian\Desktop\Code\My Game\build\_deps\glm-src\doc\api\a00599.html", "HTML", 0, 0, 0, 0, 0, 0, 0, 0, 0, 0, 0, -103, 0, 0, 0, 0, 0, 0, 0, 0, -5, -6, -114
"c:\Users\brian\Desktop\Code\My Game\build\_deps\glm-src\doc\api\a00599_source.html", "HTML", 0, 0, 0, 0, 0, 0, 0, 0, 0, 0, 0, -113, 0, 0, 0, 0, 0, 0, 0, 0, -5, -3, -121
"c:\Users\brian\Desktop\Code\My Game\build\_deps\glm-src\doc\api\a00602.html", "HTML", 0, 0, 0, 0, 0, 0, 0, 0, 0, 0, 0, -420, 0, 0, 0, 0, 0, 0, 0, 0, -5, -6, -431
"c:\Users\brian\Desktop\Code\My Game\build\_deps\glm-src\doc\api\a00602_source.html", "HTML", 0, 0, 0, 0, 0, 0, 0, 0, 0, 0, 0, -255, 0, 0, 0, 0, 0, 0, 0, 0, -5, -3, -263
"c:\Users\brian\Desktop\Code\My Game\build\_deps\glm-src\doc\api\a00605.html", "HTML", 0, 0, 0, 0, 0, 0, 0, 0, 0, 0, 0, -121, 0, 0, 0, 0, 0, 0, 0, 0, -5, -6, -132
"c:\Users\brian\Desktop\Code\My Game\build\_deps\glm-src\doc\api\a00605_source.html", "HTML", 0, 0, 0, 0, 0, 0, 0, 0, 0, 0, 0, -125, 0, 0, 0, 0, 0, 0, 0, 0, -5, -3, -133
"c:\Users\brian\Desktop\Code\My Game\build\_deps\glm-src\doc\api\a00608.html", "HTML", 0, 0, 0, 0, 0, 0, 0, 0, 0, 0, 0, -164, 0, 0, 0, 0, 0, 0, 0, 0, -5, -6, -175
"c:\Users\brian\Desktop\Code\My Game\build\_deps\glm-src\doc\api\a00608_source.html", "HTML", 0, 0, 0, 0, 0, 0, 0, 0, 0, 0, 0, -289, 0, 0, 0, 0, 0, 0, 0, 0, -5, -3, -297
"c:\Users\brian\Desktop\Code\My Game\build\_deps\glm-src\doc\api\a00611.html", "HTML", 0, 0, 0, 0, 0, 0, 0, 0, 0, 0, 0, -216, 0, 0, 0, 0, 0, 0, 0, 0, -5, -6, -227
"c:\Users\brian\Desktop\Code\My Game\build\_deps\glm-src\doc\api\a00611_source.html", "HTML", 0, 0, 0, 0, 0, 0, 0, 0, 0, 0, 0, -226, 0, 0, 0, 0, 0, 0, 0, 0, -5, -3, -234
"c:\Users\brian\Desktop\Code\My Game\build\_deps\glm-src\doc\api\a00614.html", "HTML", 0, 0, 0, 0, 0, 0, 0, 0, 0, 0, 0, -251, 0, 0, 0, 0, 0, 0, 0, 0, -5, -6, -262
"c:\Users\brian\Desktop\Code\My Game\build\_deps\glm-src\doc\api\a00614_source.html", "HTML", 0, 0, 0, 0, 0, 0, 0, 0, 0, 0, 0, -352, 0, 0, 0, 0, 0, 0, 0, 0, -5, -3, -360
"c:\Users\brian\Desktop\Code\My Game\build\_deps\glm-src\doc\api\a00617.html", "HTML", 0, 0, 0, 0, 0, 0, 0, 0, 0, 0, 0, -91, 0, 0, 0, 0, 0, 0, 0, 0, -5, -6, -102
"c:\Users\brian\Desktop\Code\My Game\build\_deps\glm-src\doc\api\a00617_source.html", "HTML", 0, 0, 0, 0, 0, 0, 0, 0, 0, 0, 0, -99, 0, 0, 0, 0, 0, 0, 0, 0, -5, -3, -107
"c:\Users\brian\Desktop\Code\My Game\build\_deps\glm-src\doc\api\a00620.html", "HTML", 0, 0, 0, 0, 0, 0, 0, 0, 0, 0, 0, -135, 0, 0, 0, 0, 0, 0, 0, 0, -5, -6, -146
"c:\Users\brian\Desktop\Code\My Game\build\_deps\glm-src\doc\api\a00620_source.html", "HTML", 0, 0, 0, 0, 0, 0, 0, 0, 0, 0, 0, -173, 0, 0, 0, 0, 0, 0, 0, 0, -5, -3, -181
"c:\Users\brian\Desktop\Code\My Game\build\_deps\glm-src\doc\api\a00623.html", "HTML", 0, 0, 0, 0, 0, 0, 0, 0, 0, 0, 0, -93, 0, 0, 0, 0, 0, 0, 0, 0, -5, -6, -104
"c:\Users\brian\Desktop\Code\My Game\build\_deps\glm-src\doc\api\a00623_source.html", "HTML", 0, 0, 0, 0, 0, 0, 0, 0, 0, 0, 0, -97, 0, 0, 0, 0, 0, 0, 0, 0, -5, -3, -105
"c:\Users\brian\Desktop\Code\My Game\build\_deps\glm-src\doc\api\a00626.html", "HTML", 0, 0, 0, 0, 0, 0, 0, 0, 0, 0, 0, -137, 0, 0, 0, 0, 0, 0, 0, 0, -5, -6, -148
"c:\Users\brian\Desktop\Code\My Game\build\_deps\glm-src\doc\api\a00626_source.html", "HTML", 0, 0, 0, 0, 0, 0, 0, 0, 0, 0, 0, -133, 0, 0, 0, 0, 0, 0, 0, 0, -5, -3, -141
"c:\Users\brian\Desktop\Code\My Game\build\_deps\glm-src\doc\api\a00629.html", "HTML", 0, 0, 0, 0, 0, 0, 0, 0, 0, 0, 0, -127, 0, 0, 0, 0, 0, 0, 0, 0, -5, -6, -138
"c:\Users\brian\Desktop\Code\My Game\build\_deps\glm-src\doc\api\a00629_source.html", "HTML", 0, 0, 0, 0, 0, 0, 0, 0, 0, 0, 0, -129, 0, 0, 0, 0, 0, 0, 0, 0, -5, -3, -137
"c:\Users\brian\Desktop\Code\My Game\build\_deps\glm-src\doc\api\a00632.html", "HTML", 0, 0, 0, 0, 0, 0, 0, 0, 0, 0, 0, -120, 0, 0, 0, 0, 0, 0, 0, 0, -5, -6, -131
"c:\Users\brian\Desktop\Code\My Game\build\_deps\glm-src\doc\api\a00632_source.html", "HTML", 0, 0, 0, 0, 0, 0, 0, 0, 0, 0, 0, -124, 0, 0, 0, 0, 0, 0, 0, 0, -5, -3, -132
"c:\Users\brian\Desktop\Code\My Game\build\_deps\glm-src\doc\api\a00635.html", "HTML", 0, 0, 0, 0, 0, 0, 0, 0, 0, 0, 0, -97, 0, 0, 0, 0, 0, 0, 0, 0, -5, -6, -108
"c:\Users\brian\Desktop\Code\My Game\build\_deps\glm-src\doc\api\a00635_source.html", "HTML", 0, 0, 0, 0, 0, 0, 0, 0, 0, 0, 0, -108, 0, 0, 0, 0, 0, 0, 0, 0, -5, -3, -116
"c:\Users\brian\Desktop\Code\My Game\build\_deps\glm-src\doc\api\a00638.html", "HTML", 0, 0, 0, 0, 0, 0, 0, 0, 0, 0, 0, -97, 0, 0, 0, 0, 0, 0, 0, 0, -5, -6, -108
"c:\Users\brian\Desktop\Code\My Game\build\_deps\glm-src\doc\api\a00638_source.html", "HTML", 0, 0, 0, 0, 0, 0, 0, 0, 0, 0, 0, -108, 0, 0, 0, 0, 0, 0, 0, 0, -5, -3, -116
"c:\Users\brian\Desktop\Code\My Game\build\_deps\glm-src\doc\api\a00641.html", "HTML", 0, 0, 0, 0, 0, 0, 0, 0, 0, 0, 0, -95, 0, 0, 0, 0, 0, 0, 0, 0, -5, -6, -106
"c:\Users\brian\Desktop\Code\My Game\build\_deps\glm-src\doc\api\a00641_source.html", "HTML", 0, 0, 0, 0, 0, 0, 0, 0, 0, 0, 0, -106, 0, 0, 0, 0, 0, 0, 0, 0, -5, -3, -114
"c:\Users\brian\Desktop\Code\My Game\build\_deps\glm-src\doc\api\a00644.html", "HTML", 0, 0, 0, 0, 0, 0, 0, 0, 0, 0, 0, -81, 0, 0, 0, 0, 0, 0, 0, 0, -5, -6, -92
"c:\Users\brian\Desktop\Code\My Game\build\_deps\glm-src\doc\api\a00644_source.html", "HTML", 0, 0, 0, 0, 0, 0, 0, 0, 0, 0, 0, -219, 0, 0, 0, 0, 0, 0, 0, 0, -5, -3, -227
"c:\Users\brian\Desktop\Code\My Game\build\_deps\glm-src\doc\api\a00647.html", "HTML", 0, 0, 0, 0, 0, 0, 0, 0, 0, 0, 0, -113, 0, 0, 0, 0, 0, 0, 0, 0, -5, -6, -124
"c:\Users\brian\Desktop\Code\My Game\build\_deps\glm-src\doc\api\a00647_source.html", "HTML", 0, 0, 0, 0, 0, 0, 0, 0, 0, 0, 0, -140, 0, 0, 0, 0, 0, 0, 0, 0, -5, -3, -148
"c:\Users\brian\Desktop\Code\My Game\build\_deps\glm-src\doc\api\a00650.html", "HTML", 0, 0, 0, 0, 0, 0, 0, 0, 0, 0, 0, -86, 0, 0, 0, 0, 0, 0, 0, 0, -5, -6, -97
"c:\Users\brian\Desktop\Code\My Game\build\_deps\glm-src\doc\api\a00650_source.html", "HTML", 0, 0, 0, 0, 0, 0, 0, 0, 0, 0, 0, -263, 0, 0, 0, 0, 0, 0, 0, 0, -5, -3, -271
"c:\Users\brian\Desktop\Code\My Game\build\_deps\glm-src\doc\api\a00653.html", "HTML", 0, 0, 0, 0, 0, 0, 0, 0, 0, 0, 0, -80, 0, 0, 0, 0, 0, 0, 0, 0, -5, -6, -91
"c:\Users\brian\Desktop\Code\My Game\build\_deps\glm-src\doc\api\a00653_source.html", "HTML", 0, 0, 0, 0, 0, 0, 0, 0, 0, 0, 0, -149, 0, 0, 0, 0, 0, 0, 0, 0, -5, -3, -157
"c:\Users\brian\Desktop\Code\My Game\build\_deps\glm-src\doc\api\a00656.html", "HTML", 0, 0, 0, 0, 0, 0, 0, 0, 0, 0, 0, -95, 0, 0, 0, 0, 0, 0, 0, 0, -5, -6, -106
"c:\Users\brian\Desktop\Code\My Game\build\_deps\glm-src\doc\api\a00656_source.html", "HTML", 0, 0, 0, 0, 0, 0, 0, 0, 0, 0, 0, -104, 0, 0, 0, 0, 0, 0, 0, 0, -5, -3, -112
"c:\Users\brian\Desktop\Code\My Game\build\_deps\glm-src\doc\api\a00659.html", "HTML", 0, 0, 0, 0, 0, 0, 0, 0, 0, 0, 0, -97, 0, 0, 0, 0, 0, 0, 0, 0, -5, -6, -108
"c:\Users\brian\Desktop\Code\My Game\build\_deps\glm-src\doc\api\a00659_source.html", "HTML", 0, 0, 0, 0, 0, 0, 0, 0, 0, 0, 0, -102, 0, 0, 0, 0, 0, 0, 0, 0, -5, -3, -110
"c:\Users\brian\Desktop\Code\My Game\build\_deps\glm-src\doc\api\a00662.html", "HTML", 0, 0, 0, 0, 0, 0, 0, 0, 0, 0, 0, -91, 0, 0, 0, 0, 0, 0, 0, 0, -5, -6, -102
"c:\Users\brian\Desktop\Code\My Game\build\_deps\glm-src\doc\api\a00662_source.html", "HTML", 0, 0, 0, 0, 0, 0, 0, 0, 0, 0, 0, -112, 0, 0, 0, 0, 0, 0, 0, 0, -5, -3, -120
"c:\Users\brian\Desktop\Code\My Game\build\_deps\glm-src\doc\api\a00665.html", "HTML", 0, 0, 0, 0, 0, 0, 0, 0, 0, 0, 0, -103, 0, 0, 0, 0, 0, 0, 0, 0, -5, -6, -114
"c:\Users\brian\Desktop\Code\My Game\build\_deps\glm-src\doc\api\a00665_source.html", "HTML", 0, 0, 0, 0, 0, 0, 0, 0, 0, 0, 0, -114, 0, 0, 0, 0, 0, 0, 0, 0, -5, -3, -122
"c:\Users\brian\Desktop\Code\My Game\build\_deps\glm-src\doc\api\a00668.html", "HTML", 0, 0, 0, 0, 0, 0, 0, 0, 0, 0, 0, -104, 0, 0, 0, 0, 0, 0, 0, 0, -5, -6, -115
"c:\Users\brian\Desktop\Code\My Game\build\_deps\glm-src\doc\api\a00668_source.html", "HTML", 0, 0, 0, 0, 0, 0, 0, 0, 0, 0, 0, -112, 0, 0, 0, 0, 0, 0, 0, 0, -5, -3, -120
"c:\Users\brian\Desktop\Code\My Game\build\_deps\glm-src\doc\api\a00671.html", "HTML", 0, 0, 0, 0, 0, 0, 0, 0, 0, 0, 0, -137, 0, 0, 0, 0, 0, 0, 0, 0, -5, -6, -148
"c:\Users\brian\Desktop\Code\My Game\build\_deps\glm-src\doc\api\a00671_source.html", "HTML", 0, 0, 0, 0, 0, 0, 0, 0, 0, 0, 0, -158, 0, 0, 0, 0, 0, 0, 0, 0, -5, -3, -166
"c:\Users\brian\Desktop\Code\My Game\build\_deps\glm-src\doc\api\a00674.html", "HTML", 0, 0, 0, 0, 0, 0, 0, 0, 0, 0, 0, -135, 0, 0, 0, 0, 0, 0, 0, 0, -5, -6, -146
"c:\Users\brian\Desktop\Code\My Game\build\_deps\glm-src\doc\api\a00674_source.html", "HTML", 0, 0, 0, 0, 0, 0, 0, 0, 0, 0, 0, -147, 0, 0, 0, 0, 0, 0, 0, 0, -5, -3, -155
"c:\Users\brian\Desktop\Code\My Game\build\_deps\glm-src\doc\api\a00677.html", "HTML", 0, 0, 0, 0, 0, 0, 0, 0, 0, 0, 0, -121, 0, 0, 0, 0, 0, 0, 0, 0, -5, -6, -132
"c:\Users\brian\Desktop\Code\My Game\build\_deps\glm-src\doc\api\a00677_source.html", "HTML", 0, 0, 0, 0, 0, 0, 0, 0, 0, 0, 0, -123, 0, 0, 0, 0, 0, 0, 0, 0, -5, -3, -131
"c:\Users\brian\Desktop\Code\My Game\build\_deps\glm-src\doc\api\a00680.html", "HTML", 0, 0, 0, 0, 0, 0, 0, 0, 0, 0, 0, -108, 0, 0, 0, 0, 0, 0, 0, 0, -5, -6, -119
"c:\Users\brian\Desktop\Code\My Game\build\_deps\glm-src\doc\api\a00680_source.html", "HTML", 0, 0, 0, 0, 0, 0, 0, 0, 0, 0, 0, -124, 0, 0, 0, 0, 0, 0, 0, 0, -5, -3, -132
"c:\Users\brian\Desktop\Code\My Game\build\_deps\glm-src\doc\api\a00683.html", "HTML", 0, 0, 0, 0, 0, 0, 0, 0, 0, 0, 0, -92, 0, 0, 0, 0, 0, 0, 0, 0, -5, -6, -103
"c:\Users\brian\Desktop\Code\My Game\build\_deps\glm-src\doc\api\a00683_source.html", "HTML", 0, 0, 0, 0, 0, 0, 0, 0, 0, 0, 0, -99, 0, 0, 0, 0, 0, 0, 0, 0, -5, -3, -107
"c:\Users\brian\Desktop\Code\My Game\build\_deps\glm-src\doc\api\a00686.html", "HTML", 0, 0, 0, 0, 0, 0, 0, 0, 0, 0, 0, -131, 0, 0, 0, 0, 0, 0, 0, 0, -5, -6, -142
"c:\Users\brian\Desktop\Code\My Game\build\_deps\glm-src\doc\api\a00686_source.html", "HTML", 0, 0, 0, 0, 0, 0, 0, 0, 0, 0, 0, -129, 0, 0, 0, 0, 0, 0, 0, 0, -5, -3, -137
"c:\Users\brian\Desktop\Code\My Game\build\_deps\glm-src\doc\api\a00689.html", "HTML", 0, 0, 0, 0, 0, 0, 0, 0, 0, 0, 0, -93, 0, 0, 0, 0, 0, 0, 0, 0, -5, -6, -104
"c:\Users\brian\Desktop\Code\My Game\build\_deps\glm-src\doc\api\a00689_source.html", "HTML", 0, 0, 0, 0, 0, 0, 0, 0, 0, 0, 0, -96, 0, 0, 0, 0, 0, 0, 0, 0, -5, -3, -104
"c:\Users\brian\Desktop\Code\My Game\build\_deps\glm-src\doc\api\a00692.html", "HTML", 0, 0, 0, 0, 0, 0, 0, 0, 0, 0, 0, -97, 0, 0, 0, 0, 0, 0, 0, 0, -5, -6, -108
"c:\Users\brian\Desktop\Code\My Game\build\_deps\glm-src\doc\api\a00692_source.html", "HTML", 0, 0, 0, 0, 0, 0, 0, 0, 0, 0, 0, -100, 0, 0, 0, 0, 0, 0, 0, 0, -5, -3, -108
"c:\Users\brian\Desktop\Code\My Game\build\_deps\glm-src\doc\api\a00695.html", "HTML", 0, 0, 0, 0, 0, 0, 0, 0, 0, 0, 0, -107, 0, 0, 0, 0, 0, 0, 0, 0, -5, -6, -118
"c:\Users\brian\Desktop\Code\My Game\build\_deps\glm-src\doc\api\a00695_source.html", "HTML", 0, 0, 0, 0, 0, 0, 0, 0, 0, 0, 0, -106, 0, 0, 0, 0, 0, 0, 0, 0, -5, -3, -114
"c:\Users\brian\Desktop\Code\My Game\build\_deps\glm-src\doc\api\a00698.html", "HTML", 0, 0, 0, 0, 0, 0, 0, 0, 0, 0, 0, -99, 0, 0, 0, 0, 0, 0, 0, 0, -5, -6, -110
"c:\Users\brian\Desktop\Code\My Game\build\_deps\glm-src\doc\api\a00698_source.html", "HTML", 0, 0, 0, 0, 0, 0, 0, 0, 0, 0, 0, -104, 0, 0, 0, 0, 0, 0, 0, 0, -5, -3, -112
"c:\Users\brian\Desktop\Code\My Game\build\_deps\glm-src\doc\api\a00701.html", "HTML", 0, 0, 0, 0, 0, 0, 0, 0, 0, 0, 0, -97, 0, 0, 0, 0, 0, 0, 0, 0, -5, -6, -108
"c:\Users\brian\Desktop\Code\My Game\build\_deps\glm-src\doc\api\a00701_source.html", "HTML", 0, 0, 0, 0, 0, 0, 0, 0, 0, 0, 0, -101, 0, 0, 0, 0, 0, 0, 0, 0, -5, -3, -109
"c:\Users\brian\Desktop\Code\My Game\build\_deps\glm-src\doc\api\a00704.html", "HTML", 0, 0, 0, 0, 0, 0, 0, 0, 0, 0, 0, -123, 0, 0, 0, 0, 0, 0, 0, 0, -5, -6, -134
"c:\Users\brian\Desktop\Code\My Game\build\_deps\glm-src\doc\api\a00704_source.html", "HTML", 0, 0, 0, 0, 0, 0, 0, 0, 0, 0, 0, -125, 0, 0, 0, 0, 0, 0, 0, 0, -5, -3, -133
"c:\Users\brian\Desktop\Code\My Game\build\_deps\glm-src\doc\api\a00707.html", "HTML", 0, 0, 0, 0, 0, 0, 0, 0, 0, 0, 0, -93, 0, 0, 0, 0, 0, 0, 0, 0, -5, -6, -104
"c:\Users\brian\Desktop\Code\My Game\build\_deps\glm-src\doc\api\a00707_source.html", "HTML", 0, 0, 0, 0, 0, 0, 0, 0, 0, 0, 0, -97, 0, 0, 0, 0, 0, 0, 0, 0, -5, -3, -105
"c:\Users\brian\Desktop\Code\My Game\build\_deps\glm-src\doc\api\a00710.html", "HTML", 0, 0, 0, 0, 0, 0, 0, 0, 0, 0, 0, -95, 0, 0, 0, 0, 0, 0, 0, 0, -5, -6, -106
"c:\Users\brian\Desktop\Code\My Game\build\_deps\glm-src\doc\api\a00710_source.html", "HTML", 0, 0, 0, 0, 0, 0, 0, 0, 0, 0, 0, -102, 0, 0, 0, 0, 0, 0, 0, 0, -5, -3, -110
"c:\Users\brian\Desktop\Code\My Game\build\_deps\glm-src\doc\api\a00713.html", "HTML", 0, 0, 0, 0, 0, 0, 0, 0, 0, 0, 0, -91, 0, 0, 0, 0, 0, 0, 0, 0, -5, -6, -102
"c:\Users\brian\Desktop\Code\My Game\build\_deps\glm-src\doc\api\a00713_source.html", "HTML", 0, 0, 0, 0, 0, 0, 0, 0, 0, 0, 0, -96, 0, 0, 0, 0, 0, 0, 0, 0, -5, -3, -104
"c:\Users\brian\Desktop\Code\My Game\build\_deps\glm-src\doc\api\a00716.html", "HTML", 0, 0, 0, 0, 0, 0, 0, 0, 0, 0, 0, -81, 0, 0, 0, 0, 0, 0, 0, 0, -5, -6, -92
"c:\Users\brian\Desktop\Code\My Game\build\_deps\glm-src\doc\api\a00716_source.html", "HTML", 0, 0, 0, 0, 0, 0, 0, 0, 0, 0, 0, -157, 0, 0, 0, 0, 0, 0, 0, 0, -5, -3, -165
"c:\Users\brian\Desktop\Code\My Game\build\_deps\glm-src\doc\api\a00719.html", "HTML", 0, 0, 0, 0, 0, 0, 0, 0, 0, 0, 0, -99, 0, 0, 0, 0, 0, 0, 0, 0, -5, -6, -110
"c:\Users\brian\Desktop\Code\My Game\build\_deps\glm-src\doc\api\a00719_source.html", "HTML", 0, 0, 0, 0, 0, 0, 0, 0, 0, 0, 0, -105, 0, 0, 0, 0, 0, 0, 0, 0, -5, -3, -113
"c:\Users\brian\Desktop\Code\My Game\build\_deps\glm-src\doc\api\a00722.html", "HTML", 0, 0, 0, 0, 0, 0, 0, 0, 0, 0, 0, -99, 0, 0, 0, 0, 0, 0, 0, 0, -5, -6, -110
"c:\Users\brian\Desktop\Code\My Game\build\_deps\glm-src\doc\api\a00722_source.html", "HTML", 0, 0, 0, 0, 0, 0, 0, 0, 0, 0, 0, -109, 0, 0, 0, 0, 0, 0, 0, 0, -5, -3, -117
"c:\Users\brian\Desktop\Code\My Game\build\_deps\glm-src\doc\api\a00725.html", "HTML", 0, 0, 0, 0, 0, 0, 0, 0, 0, 0, 0, -133, 0, 0, 0, 0, 0, 0, 0, 0, -5, -6, -144
"c:\Users\brian\Desktop\Code\My Game\build\_deps\glm-src\doc\api\a00725_source.html", "HTML", 0, 0, 0, 0, 0, 0, 0, 0, 0, 0, 0, -160, 0, 0, 0, 0, 0, 0, 0, 0, -5, -3, -168
"c:\Users\brian\Desktop\Code\My Game\build\_deps\glm-src\doc\api\a00728.html", "HTML", 0, 0, 0, 0, 0, 0, 0, 0, 0, 0, 0, -81, 0, 0, 0, 0, 0, 0, 0, 0, -5, -6, -92
"c:\Users\brian\Desktop\Code\My Game\build\_deps\glm-src\doc\api\a00728_source.html", "HTML", 0, 0, 0, 0, 0, 0, 0, 0, 0, 0, 0, -147, 0, 0, 0, 0, 0, 0, 0, 0, -5, -3, -155
"c:\Users\brian\Desktop\Code\My Game\build\_deps\glm-src\doc\api\a00731.html", "HTML", 0, 0, 0, 0, 0, 0, 0, 0, 0, 0, 0, -99, 0, 0, 0, 0, 0, 0, 0, 0, -5, -6, -110
"c:\Users\brian\Desktop\Code\My Game\build\_deps\glm-src\doc\api\a00731_source.html", "HTML", 0, 0, 0, 0, 0, 0, 0, 0, 0, 0, 0, -120, 0, 0, 0, 0, 0, 0, 0, 0, -5, -3, -128
"c:\Users\brian\Desktop\Code\My Game\build\_deps\glm-src\doc\api\a00734.html", "HTML", 0, 0, 0, 0, 0, 0, 0, 0, 0, 0, 0, -113, 0, 0, 0, 0, 0, 0, 0, 0, -5, -6, -124
"c:\Users\brian\Desktop\Code\My Game\build\_deps\glm-src\doc\api\a00734_source.html", "HTML", 0, 0, 0, 0, 0, 0, 0, 0, 0, 0, 0, -117, 0, 0, 0, 0, 0, 0, 0, 0, -5, -3, -125
"c:\Users\brian\Desktop\Code\My Game\build\_deps\glm-src\doc\api\a00737.html", "HTML", 0, 0, 0, 0, 0, 0, 0, 0, 0, 0, 0, -95, 0, 0, 0, 0, 0, 0, 0, 0, -5, -6, -106
"c:\Users\brian\Desktop\Code\My Game\build\_deps\glm-src\doc\api\a00737_source.html", "HTML", 0, 0, 0, 0, 0, 0, 0, 0, 0, 0, 0, -102, 0, 0, 0, 0, 0, 0, 0, 0, -5, -3, -110
"c:\Users\brian\Desktop\Code\My Game\build\_deps\glm-src\doc\api\a00740.html", "HTML", 0, 0, 0, 0, 0, 0, 0, 0, 0, 0, 0, -80, 0, 0, 0, 0, 0, 0, 0, 0, -5, -6, -91
"c:\Users\brian\Desktop\Code\My Game\build\_deps\glm-src\doc\api\a00740_source.html", "HTML", 0, 0, 0, 0, 0, 0, 0, 0, 0, 0, 0, -156, 0, 0, 0, 0, 0, 0, 0, 0, -5, -3, -164
"c:\Users\brian\Desktop\Code\My Game\build\_deps\glm-src\doc\api\a00743.html", "HTML", 0, 0, 0, 0, 0, 0, 0, 0, 0, 0, 0, -91, 0, 0, 0, 0, 0, 0, 0, 0, -5, -6, -102
"c:\Users\brian\Desktop\Code\My Game\build\_deps\glm-src\doc\api\a00743_source.html", "HTML", 0, 0, 0, 0, 0, 0, 0, 0, 0, 0, 0, -99, 0, 0, 0, 0, 0, 0, 0, 0, -5, -3, -107
"c:\Users\brian\Desktop\Code\My Game\build\_deps\glm-src\doc\api\a00746.html", "HTML", 0, 0, 0, 0, 0, 0, 0, 0, 0, 0, 0, -105, 0, 0, 0, 0, 0, 0, 0, 0, -5, -6, -116
"c:\Users\brian\Desktop\Code\My Game\build\_deps\glm-src\doc\api\a00746_source.html", "HTML", 0, 0, 0, 0, 0, 0, 0, 0, 0, 0, 0, -110, 0, 0, 0, 0, 0, 0, 0, 0, -5, -3, -118
"c:\Users\brian\Desktop\Code\My Game\build\_deps\glm-src\doc\api\a00749.html", "HTML", 0, 0, 0, 0, 0, 0, 0, 0, 0, 0, 0, -126, 0, 0, 0, 0, 0, 0, 0, 0, -5, -6, -137
"c:\Users\brian\Desktop\Code\My Game\build\_deps\glm-src\doc\api\a00749_source.html", "HTML", 0, 0, 0, 0, 0, 0, 0, 0, 0, 0, 0, -137, 0, 0, 0, 0, 0, 0, 0, 0, -5, -3, -145
"c:\Users\brian\Desktop\Code\My Game\build\_deps\glm-src\doc\api\a00752.html", "HTML", 0, 0, 0, 0, 0, 0, 0, 0, 0, 0, 0, -81, 0, 0, 0, 0, 0, 0, 0, 0, -5, -6, -92
"c:\Users\brian\Desktop\Code\My Game\build\_deps\glm-src\doc\api\a00752_source.html", "HTML", 0, 0, 0, 0, 0, 0, 0, 0, 0, 0, 0, -143, 0, 0, 0, 0, 0, 0, 0, 0, -5, -3, -151
"c:\Users\brian\Desktop\Code\My Game\build\_deps\glm-src\doc\api\a00755.html", "HTML", 0, 0, 0, 0, 0, 0, 0, 0, 0, 0, 0, -81, 0, 0, 0, 0, 0, 0, 0, 0, -5, -6, -92
"c:\Users\brian\Desktop\Code\My Game\build\_deps\glm-src\doc\api\a00755_source.html", "HTML", 0, 0, 0, 0, 0, 0, 0, 0, 0, 0, 0, -2829, 0, 0, 0, 0, 0, 0, 0, 0, -5, -3, -2837
"c:\Users\brian\Desktop\Code\My Game\build\_deps\glm-src\doc\api\a00758.html", "HTML", 0, 0, 0, 0, 0, 0, 0, 0, 0, 0, 0, -103, 0, 0, 0, 0, 0, 0, 0, 0, -5, -6, -114
"c:\Users\brian\Desktop\Code\My Game\build\_deps\glm-src\doc\api\a00758_source.html", "HTML", 0, 0, 0, 0, 0, 0, 0, 0, 0, 0, 0, -106, 0, 0, 0, 0, 0, 0, 0, 0, -5, -3, -114
"c:\Users\brian\Desktop\Code\My Game\build\_deps\glm-src\doc\api\a00761.html", "HTML", 0, 0, 0, 0, 0, 0, 0, 0, 0, 0, 0, -111, 0, 0, 0, 0, 0, 0, 0, 0, -5, -6, -122
"c:\Users\brian\Desktop\Code\My Game\build\_deps\glm-src\doc\api\a00761_source.html", "HTML", 0, 0, 0, 0, 0, 0, 0, 0, 0, 0, 0, -119, 0, 0, 0, 0, 0, 0, 0, 0, -5, -3, -127
"c:\Users\brian\Desktop\Code\My Game\build\_deps\glm-src\doc\api\a00764.html", "HTML", 0, 0, 0, 0, 0, 0, 0, 0, 0, 0, 0, -81, 0, 0, 0, 0, 0, 0, 0, 0, -5, -6, -92
"c:\Users\brian\Desktop\Code\My Game\build\_deps\glm-src\doc\api\a00764_source.html", "HTML", 0, 0, 0, 0, 0, 0, 0, 0, 0, 0, 0, -95, 0, 0, 0, 0, 0, 0, 0, 0, -5, -3, -103
"c:\Users\brian\Desktop\Code\My Game\build\_deps\glm-src\doc\api\a00767.html", "HTML", 0, 0, 0, 0, 0, 0, 0, 0, 0, 0, 0, -80, 0, 0, 0, 0, 0, 0, 0, 0, -5, -6, -91
"c:\Users\brian\Desktop\Code\My Game\build\_deps\glm-src\doc\api\a00767_source.html", "HTML", 0, 0, 0, 0, 0, 0, 0, 0, 0, 0, 0, -85, 0, 0, 0, 0, 0, 0, 0, 0, -5, -3, -93
"c:\Users\brian\Desktop\Code\My Game\build\_deps\glm-src\doc\api\a00770.html", "HTML", 0, 0, 0, 0, 0, 0, 0, 0, 0, 0, 0, -80, 0, 0, 0, 0, 0, 0, 0, 0, -5, -6, -91
"c:\Users\brian\Desktop\Code\My Game\build\_deps\glm-src\doc\api\a00770_source.html", "HTML", 0, 0, 0, 0, 0, 0, 0, 0, 0, 0, 0, -85, 0, 0, 0, 0, 0, 0, 0, 0, -5, -3, -93
"c:\Users\brian\Desktop\Code\My Game\build\_deps\glm-src\doc\api\a00773.html", "HTML", 0, 0, 0, 0, 0, 0, 0, 0, 0, 0, 0, -80, 0, 0, 0, 0, 0, 0, 0, 0, -5, -6, -91
"c:\Users\brian\Desktop\Code\My Game\build\_deps\glm-src\doc\api\a00773_source.html", "HTML", 0, 0, 0, 0, 0, 0, 0, 0, 0, 0, 0, -85, 0, 0, 0, 0, 0, 0, 0, 0, -5, -3, -93
"c:\Users\brian\Desktop\Code\My Game\build\_deps\glm-src\doc\api\a00776.html", "HTML", 0, 0, 0, 0, 0, 0, 0, 0, 0, 0, 0, -80, 0, 0, 0, 0, 0, 0, 0, 0, -5, -6, -91
"c:\Users\brian\Desktop\Code\My Game\build\_deps\glm-src\doc\api\a00776_source.html", "HTML", 0, 0, 0, 0, 0, 0, 0, 0, 0, 0, 0, -85, 0, 0, 0, 0, 0, 0, 0, 0, -5, -3, -93
"c:\Users\brian\Desktop\Code\My Game\build\_deps\glm-src\doc\api\a00779.html", "HTML", 0, 0, 0, 0, 0, 0, 0, 0, 0, 0, 0, -80, 0, 0, 0, 0, 0, 0, 0, 0, -5, -6, -91
"c:\Users\brian\Desktop\Code\My Game\build\_deps\glm-src\doc\api\a00779_source.html", "HTML", 0, 0, 0, 0, 0, 0, 0, 0, 0, 0, 0, -84, 0, 0, 0, 0, 0, 0, 0, 0, -5, -3, -92
"c:\Users\brian\Desktop\Code\My Game\build\_deps\glm-src\doc\api\a00782.html", "HTML", 0, 0, 0, 0, 0, 0, 0, 0, 0, 0, 0, -80, 0, 0, 0, 0, 0, 0, 0, 0, -5, -6, -91
"c:\Users\brian\Desktop\Code\My Game\build\_deps\glm-src\doc\api\a00782_source.html", "HTML", 0, 0, 0, 0, 0, 0, 0, 0, 0, 0, 0, -84, 0, 0, 0, 0, 0, 0, 0, 0, -5, -3, -92
"c:\Users\brian\Desktop\Code\My Game\build\_deps\glm-src\doc\api\a00785.html", "HTML", 0, 0, 0, 0, 0, 0, 0, 0, 0, 0, 0, -80, 0, 0, 0, 0, 0, 0, 0, 0, -5, -6, -91
"c:\Users\brian\Desktop\Code\My Game\build\_deps\glm-src\doc\api\a00785_source.html", "HTML", 0, 0, 0, 0, 0, 0, 0, 0, 0, 0, 0, -84, 0, 0, 0, 0, 0, 0, 0, 0, -5, -3, -92
"c:\Users\brian\Desktop\Code\My Game\build\_deps\glm-src\doc\api\a00788.html", "HTML", 0, 0, 0, 0, 0, 0, 0, 0, 0, 0, 0, -80, 0, 0, 0, 0, 0, 0, 0, 0, -5, -6, -91
"c:\Users\brian\Desktop\Code\My Game\build\_deps\glm-src\doc\api\a00788_source.html", "HTML", 0, 0, 0, 0, 0, 0, 0, 0, 0, 0, 0, -84, 0, 0, 0, 0, 0, 0, 0, 0, -5, -3, -92
"c:\Users\brian\Desktop\Code\My Game\build\_deps\glm-src\doc\api\a00791.html", "HTML", 0, 0, 0, 0, 0, 0, 0, 0, 0, 0, 0, -80, 0, 0, 0, 0, 0, 0, 0, 0, -5, -6, -91
"c:\Users\brian\Desktop\Code\My Game\build\_deps\glm-src\doc\api\a00791_source.html", "HTML", 0, 0, 0, 0, 0, 0, 0, 0, 0, 0, 0, -85, 0, 0, 0, 0, 0, 0, 0, 0, -5, -3, -93
"c:\Users\brian\Desktop\Code\My Game\build\_deps\glm-src\doc\api\a00794.html", "HTML", 0, 0, 0, 0, 0, 0, 0, 0, 0, 0, 0, -107, 0, 0, 0, 0, 0, 0, 0, 0, -5, -6, -118
"c:\Users\brian\Desktop\Code\My Game\build\_deps\glm-src\doc\api\a00794_source.html", "HTML", 0, 0, 0, 0, 0, 0, 0, 0, 0, 0, 0, -190, 0, 0, 0, 0, 0, 0, 0, 0, -5, -3, -198
"c:\Users\brian\Desktop\Code\My Game\build\_deps\glm-src\doc\api\a00797.html", "HTML", 0, 0, 0, 0, 0, 0, 0, 0, 0, 0, 0, -147, 0, 0, 0, 0, 0, 0, 0, 0, -5, -6, -158
"c:\Users\brian\Desktop\Code\My Game\build\_deps\glm-src\doc\api\a00797_source.html", "HTML", 0, 0, 0, 0, 0, 0, 0, 0, 0, 0, 0, -146, 0, 0, 0, 0, 0, 0, 0, 0, -5, -3, -154
"c:\Users\brian\Desktop\Code\My Game\build\_deps\glm-src\doc\api\a00800.html", "HTML", 0, 0, 0, 0, 0, 0, 0, 0, 0, 0, 0, -80, 0, 0, 0, 0, 0, 0, 0, 0, -5, -6, -91
"c:\Users\brian\Desktop\Code\My Game\build\_deps\glm-src\doc\api\a00800_source.html", "HTML", 0, 0, 0, 0, 0, 0, 0, 0, 0, 0, 0, -96, 0, 0, 0, 0, 0, 0, 0, 0, -5, -3, -104
"c:\Users\brian\Desktop\Code\My Game\build\_deps\glm-src\doc\api\a00803.html", "HTML", 0, 0, 0, 0, 0, 0, 0, 0, 0, 0, 0, -80, 0, 0, 0, 0, 0, 0, 0, 0, -5, -6, -91
"c:\Users\brian\Desktop\Code\My Game\build\_deps\glm-src\doc\api\a00803_source.html", "HTML", 0, 0, 0, 0, 0, 0, 0, 0, 0, 0, 0, -96, 0, 0, 0, 0, 0, 0, 0, 0, -5, -3, -104
"c:\Users\brian\Desktop\Code\My Game\build\_deps\glm-src\doc\api\a00806.html", "HTML", 0, 0, 0, 0, 0, 0, 0, 0, 0, 0, 0, -80, 0, 0, 0, 0, 0, 0, 0, 0, -5, -6, -91
"c:\Users\brian\Desktop\Code\My Game\build\_deps\glm-src\doc\api\a00806_source.html", "HTML", 0, 0, 0, 0, 0, 0, 0, 0, 0, 0, 0, -97, 0, 0, 0, 0, 0, 0, 0, 0, -5, -3, -105
"c:\Users\brian\Desktop\Code\My Game\build\_deps\glm-src\doc\api\a00809_source.html", "HTML", 0, 0, 0, 0, 0, 0, 0, 0, 0, 0, 0, -2612, 0, 0, 0, 0, 0, 0, 0, 0, -5, -3, -2620
"c:\Users\brian\Desktop\Code\My Game\build\_deps\glm-src\doc\api\a00812.html", "HTML", 0, 0, 0, 0, 0, 0, 0, 0, 0, 0, 0, -1536, 0, 0, 0, 0, 0, 0, 0, 0, -5, -121, -1662
"c:\Users\brian\Desktop\Code\My Game\build\_deps\glm-src\doc\api\a00813.html", "HTML", 0, 0, 0, 0, 0, 0, 0, 0, 0, 0, 0, -347, 0, 0, 0, 0, 0, 0, 0, 0, -5, -24, -376
"c:\Users\brian\Desktop\Code\My Game\build\_deps\glm-src\doc\api\a00814.html", "HTML", 0, 0, 0, 0, 0, 0, 0, 0, 0, 0, 0, -2863, 0, 0, 0, 0, 0, 0, 0, 0, -5, -141, -3009
"c:\Users\brian\Desktop\Code\My Game\build\_deps\glm-src\doc\api\a00815.html", "HTML", 0, 0, 0, 0, 0, 0, 0, 0, 0, 0, 0, -74, 0, 0, 0, 0, 0, 0, 0, 0, -5, -3, -82
"c:\Users\brian\Desktop\Code\My Game\build\_deps\glm-src\doc\api\a00816.html", "HTML", 0, 0, 0, 0, 0, 0, 0, 0, 0, 0, 0, -120, 0, 0, 0, 0, 0, 0, 0, 0, -5, -11, -136
"c:\Users\brian\Desktop\Code\My Game\build\_deps\glm-src\doc\api\a00817.html", "HTML", 0, 0, 0, 0, 0, 0, 0, 0, 0, 0, 0, -224, 0, 0, 0, 0, 0, 0, 0, 0, -5, -35, -264
"c:\Users\brian\Desktop\Code\My Game\build\_deps\glm-src\doc\api\a00818.html", "HTML", 0, 0, 0, 0, 0, 0, 0, 0, 0, 0, 0, -100, 0, 0, 0, 0, 0, 0, 0, 0, -5, -7, -112
"c:\Users\brian\Desktop\Code\My Game\build\_deps\glm-src\doc\api\a00819.html", "HTML", 0, 0, 0, 0, 0, 0, 0, 0, 0, 0, 0, -152, 0, 0, 0, 0, 0, 0, 0, 0, -5, -19, -176
"c:\Users\brian\Desktop\Code\My Game\build\_deps\glm-src\doc\api\a00820.html", "HTML", 0, 0, 0, 0, 0, 0, 0, 0, 0, 0, 0, -100, 0, 0, 0, 0, 0, 0, 0, 0, -5, -7, -112
"c:\Users\brian\Desktop\Code\My Game\build\_deps\glm-src\doc\api\a00821.html", "HTML", 0, 0, 0, 0, 0, 0, 0, 0, 0, 0, 0, -152, 0, 0, 0, 0, 0, 0, 0, 0, -5, -19, -176
"c:\Users\brian\Desktop\Code\My Game\build\_deps\glm-src\doc\api\a00822.html", "HTML", 0, 0, 0, 0, 0, 0, 0, 0, 0, 0, 0, -100, 0, 0, 0, 0, 0, 0, 0, 0, -5, -7, -112
"c:\Users\brian\Desktop\Code\My Game\build\_deps\glm-src\doc\api\a00823.html", "HTML", 0, 0, 0, 0, 0, 0, 0, 0, 0, 0, 0, -152, 0, 0, 0, 0, 0, 0, 0, 0, -5, -19, -176
"c:\Users\brian\Desktop\Code\My Game\build\_deps\glm-src\doc\api\a00824.html", "HTML", 0, 0, 0, 0, 0, 0, 0, 0, 0, 0, 0, -120, 0, 0, 0, 0, 0, 0, 0, 0, -5, -11, -136
"c:\Users\brian\Desktop\Code\My Game\build\_deps\glm-src\doc\api\a00825.html", "HTML", 0, 0, 0, 0, 0, 0, 0, 0, 0, 0, 0, -224, 0, 0, 0, 0, 0, 0, 0, 0, -5, -35, -264
"c:\Users\brian\Desktop\Code\My Game\build\_deps\glm-src\doc\api\a00826.html", "HTML", 0, 0, 0, 0, 0, 0, 0, 0, 0, 0, 0, -100, 0, 0, 0, 0, 0, 0, 0, 0, -5, -7, -112
"c:\Users\brian\Desktop\Code\My Game\build\_deps\glm-src\doc\api\a00827.html", "HTML", 0, 0, 0, 0, 0, 0, 0, 0, 0, 0, 0, -152, 0, 0, 0, 0, 0, 0, 0, 0, -5, -19, -176
"c:\Users\brian\Desktop\Code\My Game\build\_deps\glm-src\doc\api\a00828.html", "HTML", 0, 0, 0, 0, 0, 0, 0, 0, 0, 0, 0, -100, 0, 0, 0, 0, 0, 0, 0, 0, -5, -7, -112
"c:\Users\brian\Desktop\Code\My Game\build\_deps\glm-src\doc\api\a00829.html", "HTML", 0, 0, 0, 0, 0, 0, 0, 0, 0, 0, 0, -152, 0, 0, 0, 0, 0, 0, 0, 0, -5, -19, -176
"c:\Users\brian\Desktop\Code\My Game\build\_deps\glm-src\doc\api\a00830.html", "HTML", 0, 0, 0, 0, 0, 0, 0, 0, 0, 0, 0, -100, 0, 0, 0, 0, 0, 0, 0, 0, -5, -7, -112
"c:\Users\brian\Desktop\Code\My Game\build\_deps\glm-src\doc\api\a00831.html", "HTML", 0, 0, 0, 0, 0, 0, 0, 0, 0, 0, 0, -152, 0, 0, 0, 0, 0, 0, 0, 0, -5, -19, -176
"c:\Users\brian\Desktop\Code\My Game\build\_deps\glm-src\doc\api\a00832.html", "HTML", 0, 0, 0, 0, 0, 0, 0, 0, 0, 0, 0, -120, 0, 0, 0, 0, 0, 0, 0, 0, -5, -11, -136
"c:\Users\brian\Desktop\Code\My Game\build\_deps\glm-src\doc\api\a00833.html", "HTML", 0, 0, 0, 0, 0, 0, 0, 0, 0, 0, 0, -224, 0, 0, 0, 0, 0, 0, 0, 0, -5, -35, -264
"c:\Users\brian\Desktop\Code\My Game\build\_deps\glm-src\doc\api\a00834.html", "HTML", 0, 0, 0, 0, 0, 0, 0, 0, 0, 0, 0, -284, 0, 0, 0, 0, 0, 0, 0, 0, -5, -15, -304
"c:\Users\brian\Desktop\Code\My Game\build\_deps\glm-src\doc\api\a00835.html", "HTML", 0, 0, 0, 0, 0, 0, 0, 0, 0, 0, 0, -509, 0, 0, 0, 0, 0, 0, 0, 0, -5, -24, -538
"c:\Users\brian\Desktop\Code\My Game\build\_deps\glm-src\doc\api\a00836.html", "HTML", 0, 0, 0, 0, 0, 0, 0, 0, 0, 0, 0, -543, 0, 0, 0, 0, 0, 0, 0, 0, -5, -33, -581
"c:\Users\brian\Desktop\Code\My Game\build\_deps\glm-src\doc\api\a00837.html", "HTML", 0, 0, 0, 0, 0, 0, 0, 0, 0, 0, 0, -497, 0, 0, 0, 0, 0, 0, 0, 0, -5, -24, -526
"c:\Users\brian\Desktop\Code\My Game\build\_deps\glm-src\doc\api\a00838.html", "HTML", 0, 0, 0, 0, 0, 0, 0, 0, 0, 0, 0, -120, 0, 0, 0, 0, 0, 0, 0, 0, -5, -11, -136
"c:\Users\brian\Desktop\Code\My Game\build\_deps\glm-src\doc\api\a00839.html", "HTML", 0, 0, 0, 0, 0, 0, 0, 0, 0, 0, 0, -224, 0, 0, 0, 0, 0, 0, 0, 0, -5, -35, -264
"c:\Users\brian\Desktop\Code\My Game\build\_deps\glm-src\doc\api\a00840.html", "HTML", 0, 0, 0, 0, 0, 0, 0, 0, 0, 0, 0, -100, 0, 0, 0, 0, 0, 0, 0, 0, -5, -7, -112
"c:\Users\brian\Desktop\Code\My Game\build\_deps\glm-src\doc\api\a00841.html", "HTML", 0, 0, 0, 0, 0, 0, 0, 0, 0, 0, 0, -152, 0, 0, 0, 0, 0, 0, 0, 0, -5, -19, -176
"c:\Users\brian\Desktop\Code\My Game\build\_deps\glm-src\doc\api\a00842.html", "HTML", 0, 0, 0, 0, 0, 0, 0, 0, 0, 0, 0, -100, 0, 0, 0, 0, 0, 0, 0, 0, -5, -7, -112
"c:\Users\brian\Desktop\Code\My Game\build\_deps\glm-src\doc\api\a00843.html", "HTML", 0, 0, 0, 0, 0, 0, 0, 0, 0, 0, 0, -152, 0, 0, 0, 0, 0, 0, 0, 0, -5, -19, -176
"c:\Users\brian\Desktop\Code\My Game\build\_deps\glm-src\doc\api\a00844.html", "HTML", 0, 0, 0, 0, 0, 0, 0, 0, 0, 0, 0, -100, 0, 0, 0, 0, 0, 0, 0, 0, -5, -7, -112
"c:\Users\brian\Desktop\Code\My Game\build\_deps\glm-src\doc\api\a00845.html", "HTML", 0, 0, 0, 0, 0, 0, 0, 0, 0, 0, 0, -152, 0, 0, 0, 0, 0, 0, 0, 0, -5, -19, -176
"c:\Users\brian\Desktop\Code\My Game\build\_deps\glm-src\doc\api\a00846.html", "HTML", 0, 0, 0, 0, 0, 0, 0, 0, 0, 0, 0, -120, 0, 0, 0, 0, 0, 0, 0, 0, -5, -11, -136
"c:\Users\brian\Desktop\Code\My Game\build\_deps\glm-src\doc\api\a00847.html", "HTML", 0, 0, 0, 0, 0, 0, 0, 0, 0, 0, 0, -224, 0, 0, 0, 0, 0, 0, 0, 0, -5, -35, -264
"c:\Users\brian\Desktop\Code\My Game\build\_deps\glm-src\doc\api\a00848.html", "HTML", 0, 0, 0, 0, 0, 0, 0, 0, 0, 0, 0, -101, 0, 0, 0, 0, 0, 0, 0, 0, -5, -7, -113
"c:\Users\brian\Desktop\Code\My Game\build\_deps\glm-src\doc\api\a00849.html", "HTML", 0, 0, 0, 0, 0, 0, 0, 0, 0, 0, 0, -152, 0, 0, 0, 0, 0, 0, 0, 0, -5, -19, -176
"c:\Users\brian\Desktop\Code\My Game\build\_deps\glm-src\doc\api\a00850.html", "HTML", 0, 0, 0, 0, 0, 0, 0, 0, 0, 0, 0, -100, 0, 0, 0, 0, 0, 0, 0, 0, -5, -7, -112
"c:\Users\brian\Desktop\Code\My Game\build\_deps\glm-src\doc\api\a00851.html", "HTML", 0, 0, 0, 0, 0, 0, 0, 0, 0, 0, 0, -152, 0, 0, 0, 0, 0, 0, 0, 0, -5, -19, -176
"c:\Users\brian\Desktop\Code\My Game\build\_deps\glm-src\doc\api\a00852.html", "HTML", 0, 0, 0, 0, 0, 0, 0, 0, 0, 0, 0, -100, 0, 0, 0, 0, 0, 0, 0, 0, -5, -7, -112
"c:\Users\brian\Desktop\Code\My Game\build\_deps\glm-src\doc\api\a00853.html", "HTML", 0, 0, 0, 0, 0, 0, 0, 0, 0, 0, 0, -152, 0, 0, 0, 0, 0, 0, 0, 0, -5, -19, -176
"c:\Users\brian\Desktop\Code\My Game\build\_deps\glm-src\doc\api\a00854.html", "HTML", 0, 0, 0, 0, 0, 0, 0, 0, 0, 0, 0, -120, 0, 0, 0, 0, 0, 0, 0, 0, -5, -11, -136
"c:\Users\brian\Desktop\Code\My Game\build\_deps\glm-src\doc\api\a00855.html", "HTML", 0, 0, 0, 0, 0, 0, 0, 0, 0, 0, 0, -224, 0, 0, 0, 0, 0, 0, 0, 0, -5, -35, -264
"c:\Users\brian\Desktop\Code\My Game\build\_deps\glm-src\doc\api\a00856.html", "HTML", 0, 0, 0, 0, 0, 0, 0, 0, 0, 0, 0, -433, 0, 0, 0, 0, 0, 0, 0, 0, -5, -27, -465
"c:\Users\brian\Desktop\Code\My Game\build\_deps\glm-src\doc\api\a00857.html", "HTML", 0, 0, 0, 0, 0, 0, 0, 0, 0, 0, 0, -98, 0, 0, 0, 0, 0, 0, 0, 0, -5, -3, -106
"c:\Users\brian\Desktop\Code\My Game\build\_deps\glm-src\doc\api\a00858.html", "HTML", 0, 0, 0, 0, 0, 0, 0, 0, 0, 0, 0, -134, 0, 0, 0, 0, 0, 0, 0, 0, -5, -15, -154
"c:\Users\brian\Desktop\Code\My Game\build\_deps\glm-src\doc\api\a00859.html", "HTML", 0, 0, 0, 0, 0, 0, 0, 0, 0, 0, 0, -77, 0, 0, 0, 0, 0, 0, 0, 0, -5, -3, -85
"c:\Users\brian\Desktop\Code\My Game\build\_deps\glm-src\doc\api\a00860.html", "HTML", 0, 0, 0, 0, 0, 0, 0, 0, 0, 0, 0, -98, 0, 0, 0, 0, 0, 0, 0, 0, -5, -3, -106
"c:\Users\brian\Desktop\Code\My Game\build\_deps\glm-src\doc\api\a00861.html", "HTML", 0, 0, 0, 0, 0, 0, 0, 0, 0, 0, 0, -91, 0, 0, 0, 0, 0, 0, 0, 0, -5, -3, -99
"c:\Users\brian\Desktop\Code\My Game\build\_deps\glm-src\doc\api\a00862.html", "HTML", 0, 0, 0, 0, 0, 0, 0, 0, 0, 0, 0, -221, 0, 0, 0, 0, 0, 0, 0, 0, -5, -15, -241
"c:\Users\brian\Desktop\Code\My Game\build\_deps\glm-src\doc\api\a00863.html", "HTML", 0, 0, 0, 0, 0, 0, 0, 0, 0, 0, 0, -253, 0, 0, 0, 0, 0, 0, 0, 0, -5, -15, -273
"c:\Users\brian\Desktop\Code\My Game\build\_deps\glm-src\doc\api\a00864.html", "HTML", 0, 0, 0, 0, 0, 0, 0, 0, 0, 0, 0, -265, 0, 0, 0, 0, 0, 0, 0, 0, -5, -18, -288
"c:\Users\brian\Desktop\Code\My Game\build\_deps\glm-src\doc\api\a00865.html", "HTML", 0, 0, 0, 0, 0, 0, 0, 0, 0, 0, 0, -198, 0, 0, 0, 0, 0, 0, 0, 0, -5, -12, -215
"c:\Users\brian\Desktop\Code\My Game\build\_deps\glm-src\doc\api\a00866.html", "HTML", 0, 0, 0, 0, 0, 0, 0, 0, 0, 0, 0, -784, 0, 0, 0, 0, 0, 0, 0, 0, -5, -54, -843
"c:\Users\brian\Desktop\Code\My Game\build\_deps\glm-src\doc\api\a00867.html", "HTML", 0, 0, 0, 0, 0, 0, 0, 0, 0, 0, 0, -94, 0, 0, 0, 0, 0, 0, 0, 0, -5, -3, -102
"c:\Users\brian\Desktop\Code\My Game\build\_deps\glm-src\doc\api\a00868.html", "HTML", 0, 0, 0, 0, 0, 0, 0, 0, 0, 0, 0, -96, 0, 0, 0, 0, 0, 0, 0, 0, -5, -3, -104
"c:\Users\brian\Desktop\Code\My Game\build\_deps\glm-src\doc\api\a00869.html", "HTML", 0, 0, 0, 0, 0, 0, 0, 0, 0, 0, 0, -306, 0, 0, 0, 0, 0, 0, 0, 0, -5, -24, -335
"c:\Users\brian\Desktop\Code\My Game\build\_deps\glm-src\doc\api\a00870.html", "HTML", 0, 0, 0, 0, 0, 0, 0, 0, 0, 0, 0, -72, 0, 0, 0, 0, 0, 0, 0, 0, -5, -3, -80
"c:\Users\brian\Desktop\Code\My Game\build\_deps\glm-src\doc\api\a00871.html", "HTML", 0, 0, 0, 0, 0, 0, 0, 0, 0, 0, 0, -518, 0, 0, 0, 0, 0, 0, 0, 0, -5, -39, -562
"c:\Users\brian\Desktop\Code\My Game\build\_deps\glm-src\doc\api\a00872.html", "HTML", 0, 0, 0, 0, 0, 0, 0, 0, 0, 0, 0, -277, 0, 0, 0, 0, 0, 0, 0, 0, -5, -15, -297
"c:\Users\brian\Desktop\Code\My Game\build\_deps\glm-src\doc\api\a00873.html", "HTML", 0, 0, 0, 0, 0, 0, 0, 0, 0, 0, 0, -96, 0, 0, 0, 0, 0, 0, 0, 0, -5, -3, -104
"c:\Users\brian\Desktop\Code\My Game\build\_deps\glm-src\doc\api\a00874.html", "HTML", 0, 0, 0, 0, 0, 0, 0, 0, 0, 0, 0, -277, 0, 0, 0, 0, 0, 0, 0, 0, -5, -21, -303
"c:\Users\brian\Desktop\Code\My Game\build\_deps\glm-src\doc\api\a00875.html", "HTML", 0, 0, 0, 0, 0, 0, 0, 0, 0, 0, 0, -84, 0, 0, 0, 0, 0, 0, 0, 0, -5, -3, -92
"c:\Users\brian\Desktop\Code\My Game\build\_deps\glm-src\doc\api\a00876.html", "HTML", 0, 0, 0, 0, 0, 0, 0, 0, 0, 0, 0, -91, 0, 0, 0, 0, 0, 0, 0, 0, -5, -3, -99
"c:\Users\brian\Desktop\Code\My Game\build\_deps\glm-src\doc\api\a00877.html", "HTML", 0, 0, 0, 0, 0, 0, 0, 0, 0, 0, 0, -927, 0, 0, 0, 0, 0, 0, 0, 0, -5, -63, -995
"c:\Users\brian\Desktop\Code\My Game\build\_deps\glm-src\doc\api\a00878.html", "HTML", 0, 0, 0, 0, 0, 0, 0, 0, 0, 0, 0, -86, 0, 0, 0, 0, 0, 0, 0, 0, -5, -3, -94
"c:\Users\brian\Desktop\Code\My Game\build\_deps\glm-src\doc\api\a00879.html", "HTML", 0, 0, 0, 0, 0, 0, 0, 0, 0, 0, 0, -92, 0, 0, 0, 0, 0, 0, 0, 0, -5, -3, -100
"c:\Users\brian\Desktop\Code\My Game\build\_deps\glm-src\doc\api\a00880.html", "HTML", 0, 0, 0, 0, 0, 0, 0, 0, 0, 0, 0, -86, 0, 0, 0, 0, 0, 0, 0, 0, -5, -3, -94
"c:\Users\brian\Desktop\Code\My Game\build\_deps\glm-src\doc\api\a00881.html", "HTML", 0, 0, 0, 0, 0, 0, 0, 0, 0, 0, 0, -92, 0, 0, 0, 0, 0, 0, 0, 0, -5, -3, -100
"c:\Users\brian\Desktop\Code\My Game\build\_deps\glm-src\doc\api\a00882.html", "HTML", 0, 0, 0, 0, 0, 0, 0, 0, 0, 0, 0, -86, 0, 0, 0, 0, 0, 0, 0, 0, -5, -3, -94
"c:\Users\brian\Desktop\Code\My Game\build\_deps\glm-src\doc\api\a00883.html", "HTML", 0, 0, 0, 0, 0, 0, 0, 0, 0, 0, 0, -155, 0, 0, 0, 0, 0, 0, 0, 0, -5, -19, -179
"c:\Users\brian\Desktop\Code\My Game\build\_deps\glm-src\doc\api\a00884.html", "HTML", 0, 0, 0, 0, 0, 0, 0, 0, 0, 0, 0, -155, 0, 0, 0, 0, 0, 0, 0, 0, -5, -19, -179
"c:\Users\brian\Desktop\Code\My Game\build\_deps\glm-src\doc\api\a00885.html", "HTML", 0, 0, 0, 0, 0, 0, 0, 0, 0, 0, 0, -155, 0, 0, 0, 0, 0, 0, 0, 0, -5, -19, -179
"c:\Users\brian\Desktop\Code\My Game\build\_deps\glm-src\doc\api\a00886.html", "HTML", 0, 0, 0, 0, 0, 0, 0, 0, 0, 0, 0, -155, 0, 0, 0, 0, 0, 0, 0, 0, -5, -19, -179
"c:\Users\brian\Desktop\Code\My Game\build\_deps\glm-src\doc\api\a00887.html", "HTML", 0, 0, 0, 0, 0, 0, 0, 0, 0, 0, 0, -477, 0, 0, 0, 0, 0, 0, 0, 0, -5, -33, -515
"c:\Users\brian\Desktop\Code\My Game\build\_deps\glm-src\doc\api\a00888.html", "HTML", 0, 0, 0, 0, 0, 0, 0, 0, 0, 0, 0, -72, 0, 0, 0, 0, 0, 0, 0, 0, -5, -3, -80
"c:\Users\brian\Desktop\Code\My Game\build\_deps\glm-src\doc\api\a00889.html", "HTML", 0, 0, 0, 0, 0, 0, 0, 0, 0, 0, 0, -72, 0, 0, 0, 0, 0, 0, 0, 0, -5, -3, -80
"c:\Users\brian\Desktop\Code\My Game\build\_deps\glm-src\doc\api\a00890.html", "HTML", 0, 0, 0, 0, 0, 0, 0, 0, 0, 0, 0, -453, 0, 0, 0, 0, 0, 0, 0, 0, -5, -27, -485
"c:\Users\brian\Desktop\Code\My Game\build\_deps\glm-src\doc\api\a00891.html", "HTML", 0, 0, 0, 0, 0, 0, 0, 0, 0, 0, 0, -86, 0, 0, 0, 0, 0, 0, 0, 0, -5, -3, -94
"c:\Users\brian\Desktop\Code\My Game\build\_deps\glm-src\doc\api\a00892.html", "HTML", 0, 0, 0, 0, 0, 0, 0, 0, 0, 0, 0, -155, 0, 0, 0, 0, 0, 0, 0, 0, -5, -19, -179
"c:\Users\brian\Desktop\Code\My Game\build\_deps\glm-src\doc\api\a00893.html", "HTML", 0, 0, 0, 0, 0, 0, 0, 0, 0, 0, 0, -155, 0, 0, 0, 0, 0, 0, 0, 0, -5, -19, -179
"c:\Users\brian\Desktop\Code\My Game\build\_deps\glm-src\doc\api\a00894.html", "HTML", 0, 0, 0, 0, 0, 0, 0, 0, 0, 0, 0, -155, 0, 0, 0, 0, 0, 0, 0, 0, -5, -19, -179
"c:\Users\brian\Desktop\Code\My Game\build\_deps\glm-src\doc\api\a00895.html", "HTML", 0, 0, 0, 0, 0, 0, 0, 0, 0, 0, 0, -155, 0, 0, 0, 0, 0, 0, 0, 0, -5, -19, -179
"c:\Users\brian\Desktop\Code\My Game\build\_deps\glm-src\doc\api\a00896.html", "HTML", 0, 0, 0, 0, 0, 0, 0, 0, 0, 0, 0, -383, 0, 0, 0, 0, 0, 0, 0, 0, -5, -27, -415
"c:\Users\brian\Desktop\Code\My Game\build\_deps\glm-src\doc\api\a00897.html", "HTML", 0, 0, 0, 0, 0, 0, 0, 0, 0, 0, 0, -400, 0, 0, 0, 0, 0, 0, 0, 0, -5, -27, -432
"c:\Users\brian\Desktop\Code\My Game\build\_deps\glm-src\doc\api\a00898.html", "HTML", 0, 0, 0, 0, 0, 0, 0, 0, 0, 0, 0, -111, 0, 0, 0, 0, 0, 0, 0, 0, -5, -4, -120
"c:\Users\brian\Desktop\Code\My Game\build\_deps\glm-src\doc\api\a00899.html", "HTML", 0, 0, 0, 0, 0, 0, 0, 0, 0, 0, 0, -351, 0, 0, 0, 0, 0, 0, 0, 0, -5, -64, -420
"c:\Users\brian\Desktop\Code\My Game\build\_deps\glm-src\doc\api\a00900.html", "HTML", 0, 0, 0, 0, 0, 0, 0, 0, 0, 0, 0, -630, 0, 0, 0, 0, 0, 0, 0, 0, -5, -112, -747
"c:\Users\brian\Desktop\Code\My Game\build\_deps\glm-src\doc\api\a00901.html", "HTML", 0, 0, 0, 0, 0, 0, 0, 0, 0, 0, 0, -513, 0, 0, 0, 0, 0, 0, 0, 0, -5, -100, -618
"c:\Users\brian\Desktop\Code\My Game\build\_deps\glm-src\doc\api\a00902.html", "HTML", 0, 0, 0, 0, 0, 0, 0, 0, 0, 0, 0, -1524, 0, 0, 0, 0, 0, 0, 0, 0, -5, -292, -1821
"c:\Users\brian\Desktop\Code\My Game\build\_deps\glm-src\doc\api\a00903.html", "HTML", 0, 0, 0, 0, 0, 0, 0, 0, 0, 0, 0, -248, 0, 0, 0, 0, 0, 0, 0, 0, -5, -4, -257
"c:\Users\brian\Desktop\Code\My Game\build\_deps\glm-src\doc\api\a00904.html", "HTML", 0, 0, 0, 0, 0, 0, 0, 0, 0, 0, 0, -123, 0, 0, 0, 0, 0, 0, 0, 0, -5, -4, -132
"c:\Users\brian\Desktop\Code\My Game\build\_deps\glm-src\doc\api\a00905.html", "HTML", 0, 0, 0, 0, 0, 0, 0, 0, 0, 0, 0, -218, 0, 0, 0, 0, 0, 0, 0, 0, -5, -4, -227
"c:\Users\brian\Desktop\Code\My Game\build\_deps\glm-src\doc\api\a00906.html", "HTML", 0, 0, 0, 0, 0, 0, 0, 0, 0, 0, 0, -1173, 0, 0, 0, 0, 0, 0, 0, 0, -5, -99, -1277
"c:\Users\brian\Desktop\Code\My Game\build\_deps\glm-src\doc\api\a00907.html", "HTML", 0, 0, 0, 0, 0, 0, 0, 0, 0, 0, 0, -161, 0, 0, 0, 0, 0, 0, 0, 0, -5, -12, -178
"c:\Users\brian\Desktop\Code\My Game\build\_deps\glm-src\doc\api\a00908.html", "HTML", 0, 0, 0, 0, 0, 0, 0, 0, 0, 0, 0, -668, 0, 0, 0, 0, 0, 0, 0, 0, -5, -87, -760
"c:\Users\brian\Desktop\Code\My Game\build\_deps\glm-src\doc\api\a00909.html", "HTML", 0, 0, 0, 0, 0, 0, 0, 0, 0, 0, 0, -236, 0, 0, 0, 0, 0, 0, 0, 0, -5, -15, -256
"c:\Users\brian\Desktop\Code\My Game\build\_deps\glm-src\doc\api\a00910.html", "HTML", 0, 0, 0, 0, 0, 0, 0, 0, 0, 0, 0, -74, 0, 0, 0, 0, 0, 0, 0, 0, -5, -4, -83
"c:\Users\brian\Desktop\Code\My Game\build\_deps\glm-src\doc\api\a00911.html", "HTML", 0, 0, 0, 0, 0, 0, 0, 0, 0, 0, 0, -220, 0, 0, 0, 0, 0, 0, 0, 0, -5, -15, -240
"c:\Users\brian\Desktop\Code\My Game\build\_deps\glm-src\doc\api\a00912.html", "HTML", 0, 0, 0, 0, 0, 0, 0, 0, 0, 0, 0, -1376, 0, 0, 0, 0, 0, 0, 0, 0, -5, -291, -1672
"c:\Users\brian\Desktop\Code\My Game\build\_deps\glm-src\doc\api\a00913.html", "HTML", 0, 0, 0, 0, 0, 0, 0, 0, 0, 0, 0, -148, 0, 0, 0, 0, 0, 0, 0, 0, -5, -9, -162
"c:\Users\brian\Desktop\Code\My Game\build\_deps\glm-src\doc\api\a00914.html", "HTML", 0, 0, 0, 0, 0, 0, 0, 0, 0, 0, 0, -73, 0, 0, 0, 0, 0, 0, 0, 0, -5, -3, -81
"c:\Users\brian\Desktop\Code\My Game\build\_deps\glm-src\doc\api\a00915.html", "HTML", 0, 0, 0, 0, 0, 0, 0, 0, 0, 0, 0, -156, 0, 0, 0, 0, 0, 0, 0, 0, -5, -12, -173
"c:\Users\brian\Desktop\Code\My Game\build\_deps\glm-src\doc\api\a00916.html", "HTML", 0, 0, 0, 0, 0, 0, 0, 0, 0, 0, 0, -1941, 0, 0, 0, 0, 0, 0, 0, 0, -5, -213, -2159
"c:\Users\brian\Desktop\Code\My Game\build\_deps\glm-src\doc\api\a00917.html", "HTML", 0, 0, 0, 0, 0, 0, 0, 0, 0, 0, 0, -578, 0, 0, 0, 0, 0, 0, 0, 0, -5, -51, -634
"c:\Users\brian\Desktop\Code\My Game\build\_deps\glm-src\doc\api\a00918.html", "HTML", 0, 0, 0, 0, 0, 0, 0, 0, 0, 0, 0, -290, 0, 0, 0, 0, 0, 0, 0, 0, -5, -24, -319
"c:\Users\brian\Desktop\Code\My Game\build\_deps\glm-src\doc\api\a00919.html", "HTML", 0, 0, 0, 0, 0, 0, 0, 0, 0, 0, 0, -72, 0, 0, 0, 0, 0, 0, 0, 0, -5, -3, -80
"c:\Users\brian\Desktop\Code\My Game\build\_deps\glm-src\doc\api\a00920.html", "HTML", 0, 0, 0, 0, 0, 0, 0, 0, 0, 0, 0, -512, 0, 0, 0, 0, 0, 0, 0, 0, -5, -39, -556
"c:\Users\brian\Desktop\Code\My Game\build\_deps\glm-src\doc\api\a00921.html", "HTML", 0, 0, 0, 0, 0, 0, 0, 0, 0, 0, 0, -1551, 0, 0, 0, 0, 0, 0, 0, 0, -5, -3, -1559
"c:\Users\brian\Desktop\Code\My Game\build\_deps\glm-src\doc\api\a00922.html", "HTML", 0, 0, 0, 0, 0, 0, 0, 0, 0, 0, 0, -7908, 0, 0, 0, 0, 0, 0, 0, 0, -5, -1731, -9644
"c:\Users\brian\Desktop\Code\My Game\build\_deps\glm-src\doc\api\a00923.html", "HTML", 0, 0, 0, 0, 0, 0, 0, 0, 0, 0, 0, -821, 0, 0, 0, 0, 0, 0, 0, 0, -5, -102, -928
"c:\Users\brian\Desktop\Code\My Game\build\_deps\glm-src\doc\api\a00924.html", "HTML", 0, 0, 0, 0, 0, 0, 0, 0, 0, 0, 0, -572, 0, 0, 0, 0, 0, 0, 0, 0, -5, -45, -622
"c:\Users\brian\Desktop\Code\My Game\build\_deps\glm-src\doc\api\a00925.html", "HTML", 0, 0, 0, 0, 0, 0, 0, 0, 0, 0, 0, -72, 0, 0, 0, 0, 0, 0, 0, 0, -5, -3, -80
"c:\Users\brian\Desktop\Code\My Game\build\_deps\glm-src\doc\api\a00926.html", "HTML", 0, 0, 0, 0, 0, 0, 0, 0, 0, 0, 0, -1314, 0, 0, 0, 0, 0, 0, 0, 0, -5, -70, -1389
"c:\Users\brian\Desktop\Code\My Game\build\_deps\glm-src\doc\api\a00927.html", "HTML", 0, 0, 0, 0, 0, 0, 0, 0, 0, 0, 0, -292, 0, 0, 0, 0, 0, 0, 0, 0, -5, -28, -325
"c:\Users\brian\Desktop\Code\My Game\build\_deps\glm-src\doc\api\a00928.html", "HTML", 0, 0, 0, 0, 0, 0, 0, 0, 0, 0, 0, -123, 0, 0, 0, 0, 0, 0, 0, 0, -5, -6, -134
"c:\Users\brian\Desktop\Code\My Game\build\_deps\glm-src\doc\api\a00929.html", "HTML", 0, 0, 0, 0, 0, 0, 0, 0, 0, 0, 0, -101, 0, 0, 0, 0, 0, 0, 0, 0, -5, -4, -110
"c:\Users\brian\Desktop\Code\My Game\build\_deps\glm-src\doc\api\a00930.html", "HTML", 0, 0, 0, 0, 0, 0, 0, 0, 0, 0, 0, -232, 0, 0, 0, 0, 0, 0, 0, 0, -5, -21, -258
"c:\Users\brian\Desktop\Code\My Game\build\_deps\glm-src\doc\api\a00931.html", "HTML", 0, 0, 0, 0, 0, 0, 0, 0, 0, 0, 0, -172, 0, 0, 0, 0, 0, 0, 0, 0, -5, -15, -192
"c:\Users\brian\Desktop\Code\My Game\build\_deps\glm-src\doc\api\a00932.html", "HTML", 0, 0, 0, 0, 0, 0, 0, 0, 0, 0, 0, -232, 0, 0, 0, 0, 0, 0, 0, 0, -5, -16, -253
"c:\Users\brian\Desktop\Code\My Game\build\_deps\glm-src\doc\api\a00933.html", "HTML", 0, 0, 0, 0, 0, 0, 0, 0, 0, 0, 0, -412, 0, 0, 0, 0, 0, 0, 0, 0, -5, -3, -420
"c:\Users\brian\Desktop\Code\My Game\build\_deps\glm-src\doc\api\a00934.html", "HTML", 0, 0, 0, 0, 0, 0, 0, 0, 0, 0, 0, -256, 0, 0, 0, 0, 0, 0, 0, 0, -5, -27, -288
"c:\Users\brian\Desktop\Code\My Game\build\_deps\glm-src\doc\api\a00935.html", "HTML", 0, 0, 0, 0, 0, 0, 0, 0, 0, 0, 0, -492, 0, 0, 0, 0, 0, 0, 0, 0, -5, -75, -572
"c:\Users\brian\Desktop\Code\My Game\build\_deps\glm-src\doc\api\a00936.html", "HTML", 0, 0, 0, 0, 0, 0, 0, 0, 0, 0, 0, -845, 0, 0, 0, 0, 0, 0, 0, 0, -5, -93, -943
"c:\Users\brian\Desktop\Code\My Game\build\_deps\glm-src\doc\api\a00937.html", "HTML", 0, 0, 0, 0, 0, 0, 0, 0, 0, 0, 0, -1545, 0, 0, 0, 0, 0, 0, 0, 0, -5, -126, -1676
"c:\Users\brian\Desktop\Code\My Game\build\_deps\glm-src\doc\api\a00938.html", "HTML", 0, 0, 0, 0, 0, 0, 0, 0, 0, 0, 0, -118, 0, 0, 0, 0, 0, 0, 0, 0, -5, -6, -129
"c:\Users\brian\Desktop\Code\My Game\build\_deps\glm-src\doc\api\a00939.html", "HTML", 0, 0, 0, 0, 0, 0, 0, 0, 0, 0, 0, -572, 0, 0, 0, 0, 0, 0, 0, 0, -5, -39, -616
"c:\Users\brian\Desktop\Code\My Game\build\_deps\glm-src\doc\api\a00940.html", "HTML", 0, 0, 0, 0, 0, 0, 0, 0, 0, 0, 0, -121, 0, 0, 0, 0, 0, 0, 0, 0, -5, -7, -133
"c:\Users\brian\Desktop\Code\My Game\build\_deps\glm-src\doc\api\a00941.html", "HTML", 0, 0, 0, 0, 0, 0, 0, 0, 0, 0, 0, -374, 0, 0, 0, 0, 0, 0, 0, 0, -5, -39, -418
"c:\Users\brian\Desktop\Code\My Game\build\_deps\glm-src\doc\api\a00942.html", "HTML", 0, 0, 0, 0, 0, 0, 0, 0, 0, 0, 0, -322, 0, 0, 0, 0, 0, 0, 0, 0, -5, -33, -360
"c:\Users\brian\Desktop\Code\My Game\build\_deps\glm-src\doc\api\a00943.html", "HTML", 0, 0, 0, 0, 0, 0, 0, 0, 0, 0, 0, -249, 0, 0, 0, 0, 0, 0, 0, 0, -5, -24, -278
"c:\Users\brian\Desktop\Code\My Game\build\_deps\glm-src\doc\api\a00944.html", "HTML", 0, 0, 0, 0, 0, 0, 0, 0, 0, 0, 0, -156, 0, 0, 0, 0, 0, 0, 0, 0, -5, -9, -170
"c:\Users\brian\Desktop\Code\My Game\build\_deps\glm-src\doc\api\a00945.html", "HTML", 0, 0, 0, 0, 0, 0, 0, 0, 0, 0, 0, -162, 0, 0, 0, 0, 0, 0, 0, 0, -5, -9, -176
"c:\Users\brian\Desktop\Code\My Game\build\_deps\glm-src\doc\api\a00946.html", "HTML", 0, 0, 0, 0, 0, 0, 0, 0, 0, 0, 0, -156, 0, 0, 0, 0, 0, 0, 0, 0, -5, -9, -170
"c:\Users\brian\Desktop\Code\My Game\build\_deps\glm-src\doc\api\a00947.html", "HTML", 0, 0, 0, 0, 0, 0, 0, 0, 0, 0, 0, -72, 0, 0, 0, 0, 0, 0, 0, 0, -5, -3, -80
"c:\Users\brian\Desktop\Code\My Game\build\_deps\glm-src\doc\api\a00948.html", "HTML", 0, 0, 0, 0, 0, 0, 0, 0, 0, 0, 0, -316, 0, 0, 0, 0, 0, 0, 0, 0, -5, -31, -352
"c:\Users\brian\Desktop\Code\My Game\build\_deps\glm-src\doc\api\a00949.html", "HTML", 0, 0, 0, 0, 0, 0, 0, 0, 0, 0, 0, -422, 0, 0, 0, 0, 0, 0, 0, 0, -5, -21, -448
"c:\Users\brian\Desktop\Code\My Game\build\_deps\glm-src\doc\api\a00950.html", "HTML", 0, 0, 0, 0, 0, 0, 0, 0, 0, 0, 0, -74, 0, 0, 0, 0, 0, 0, 0, 0, -5, -3, -82
"c:\Users\brian\Desktop\Code\My Game\build\_deps\glm-src\doc\api\a00951.html", "HTML", 0, 0, 0, 0, 0, 0, 0, 0, 0, 0, 0, -73, 0, 0, 0, 0, 0, 0, 0, 0, -5, -3, -81
"c:\Users\brian\Desktop\Code\My Game\build\_deps\glm-src\doc\api\a00952.html", "HTML", 0, 0, 0, 0, 0, 0, 0, 0, 0, 0, 0, -144, 0, 0, 0, 0, 0, 0, 0, 0, -5, -9, -158
"c:\Users\brian\Desktop\Code\My Game\build\_deps\glm-src\doc\api\a00953.html", "HTML", 0, 0, 0, 0, 0, 0, 0, 0, 0, 0, 0, -124, 0, 0, 0, 0, 0, 0, 0, 0, -5, -9, -138
"c:\Users\brian\Desktop\Code\My Game\build\_deps\glm-src\doc\api\a00954.html", "HTML", 0, 0, 0, 0, 0, 0, 0, 0, 0, 0, 0, -136, 0, 0, 0, 0, 0, 0, 0, 0, -5, -6, -147
"c:\Users\brian\Desktop\Code\My Game\build\_deps\glm-src\doc\api\a00955.html", "HTML", 0, 0, 0, 0, 0, 0, 0, 0, 0, 0, 0, -202, 0, 0, 0, 0, 0, 0, 0, 0, -5, -15, -222
"c:\Users\brian\Desktop\Code\My Game\build\_deps\glm-src\doc\api\a00956.html", "HTML", 0, 0, 0, 0, 0, 0, 0, 0, 0, 0, 0, -210, 0, 0, 0, 0, 0, 0, 0, 0, -5, -15, -230
"c:\Users\brian\Desktop\Code\My Game\build\_deps\glm-src\doc\api\a00957.html", "HTML", 0, 0, 0, 0, 0, 0, 0, 0, 0, 0, 0, -440, 0, 0, 0, 0, 0, 0, 0, 0, -5, -39, -484
"c:\Users\brian\Desktop\Code\My Game\build\_deps\glm-src\doc\api\a00958.html", "HTML", 0, 0, 0, 0, 0, 0, 0, 0, 0, 0, 0, -344, 0, 0, 0, 0, 0, 0, 0, 0, -5, -39, -388
"c:\Users\brian\Desktop\Code\My Game\build\_deps\glm-src\doc\api\a00959.html", "HTML", 0, 0, 0, 0, 0, 0, 0, 0, 0, 0, 0, -336, 0, 0, 0, 0, 0, 0, 0, 0, -5, -27, -368
"c:\Users\brian\Desktop\Code\My Game\build\_deps\glm-src\doc\api\a00960.html", "HTML", 0, 0, 0, 0, 0, 0, 0, 0, 0, 0, 0, -270, 0, 0, 0, 0, 0, 0, 0, 0, -5, -18, -293
"c:\Users\brian\Desktop\Code\My Game\build\_deps\glm-src\doc\api\a00961.html", "HTML", 0, 0, 0, 0, 0, 0, 0, 0, 0, 0, 0, -84, 0, 0, 0, 0, 0, 0, 0, 0, -5, -3, -92
"c:\Users\brian\Desktop\Code\My Game\build\_deps\glm-src\doc\api\a00962.html", "HTML", 0, 0, 0, 0, 0, 0, 0, 0, 0, 0, 0, -366, 0, 0, 0, 0, 0, 0, 0, 0, -5, -33, -404
"c:\Users\brian\Desktop\Code\My Game\build\_deps\glm-src\doc\api\a00963.html", "HTML", 0, 0, 0, 0, 0, 0, 0, 0, 0, 0, 0, -118, 0, 0, 0, 0, 0, 0, 0, 0, -5, -6, -129
"c:\Users\brian\Desktop\Code\My Game\build\_deps\glm-src\doc\api\a00964.html", "HTML", 0, 0, 0, 0, 0, 0, 0, 0, 0, 0, 0, -146, 0, 0, 0, 0, 0, 0, 0, 0, -5, -9, -160
"c:\Users\brian\Desktop\Code\My Game\build\_deps\glm-src\doc\api\a00965.html", "HTML", 0, 0, 0, 0, 0, 0, 0, 0, 0, 0, 0, -95, 0, 0, 0, 0, 0, 0, 0, 0, -5, -3, -103
"c:\Users\brian\Desktop\Code\My Game\build\_deps\glm-src\doc\api\a00966.html", "HTML", 0, 0, 0, 0, 0, 0, 0, 0, 0, 0, 0, -146, 0, 0, 0, 0, 0, 0, 0, 0, -5, -12, -163
"c:\Users\brian\Desktop\Code\My Game\build\_deps\glm-src\doc\api\a00967.html", "HTML", 0, 0, 0, 0, 0, 0, 0, 0, 0, 0, 0, -134, 0, 0, 0, 0, 0, 0, 0, 0, -5, -9, -148
"c:\Users\brian\Desktop\Code\My Game\build\_deps\glm-src\doc\api\a00968.html", "HTML", 0, 0, 0, 0, 0, 0, 0, 0, 0, 0, 0, -338, 0, 0, 0, 0, 0, 0, 0, 0, -5, -21, -364
"c:\Users\brian\Desktop\Code\My Game\build\_deps\glm-src\doc\api\a00969.html", "HTML", 0, 0, 0, 0, 0, 0, 0, 0, 0, 0, 0, -112, 0, 0, 0, 0, 0, 0, 0, 0, -5, -6, -123
"c:\Users\brian\Desktop\Code\My Game\build\_deps\glm-src\doc\api\a00970.html", "HTML", 0, 0, 0, 0, 0, 0, 0, 0, 0, 0, 0, -124, 0, 0, 0, 0, 0, 0, 0, 0, -5, -9, -138
"c:\Users\brian\Desktop\Code\My Game\build\_deps\glm-src\doc\api\a00971.html", "HTML", 0, 0, 0, 0, 0, 0, 0, 0, 0, 0, 0, -119, 0, 0, 0, 0, 0, 0, 0, 0, -5, -6, -130
"c:\Users\brian\Desktop\Code\My Game\build\_deps\glm-src\doc\api\a00972.html", "HTML", 0, 0, 0, 0, 0, 0, 0, 0, 0, 0, 0, -575, 0, 0, 0, 0, 0, 0, 0, 0, -5, -59, -639
"c:\Users\brian\Desktop\Code\My Game\build\_deps\glm-src\doc\api\a00973.html", "HTML", 0, 0, 0, 0, 0, 0, 0, 0, 0, 0, 0, -73, 0, 0, 0, 0, 0, 0, 0, 0, -5, -3, -81
"c:\Users\brian\Desktop\Code\My Game\build\_deps\glm-src\doc\api\a00974.html", "HTML", 0, 0, 0, 0, 0, 0, 0, 0, 0, 0, 0, -152, 0, 0, 0, 0, 0, 0, 0, 0, -5, -19, -176
"c:\Users\brian\Desktop\Code\My Game\build\_deps\glm-src\doc\api\a00975.html", "HTML", 0, 0, 0, 0, 0, 0, 0, 0, 0, 0, 0, -184, 0, 0, 0, 0, 0, 0, 0, 0, -5, -9, -198
"c:\Users\brian\Desktop\Code\My Game\build\_deps\glm-src\doc\api\a00976.html", "HTML", 0, 0, 0, 0, 0, 0, 0, 0, 0, 0, 0, -458, 0, 0, 0, 0, 0, 0, 0, 0, -5, -36, -499
"c:\Users\brian\Desktop\Code\My Game\build\_deps\glm-src\doc\api\a00977.html", "HTML", 0, 0, 0, 0, 0, 0, 0, 0, 0, 0, 0, -74, 0, 0, 0, 0, 0, 0, 0, 0, -5, -3, -82
"c:\Users\brian\Desktop\Code\My Game\build\_deps\glm-src\doc\api\a00978.html", "HTML", 0, 0, 0, 0, 0, 0, 0, 0, 0, 0, 0, -72, 0, 0, 0, 0, 0, 0, 0, 0, -5, -3, -80
"c:\Users\brian\Desktop\Code\My Game\build\_deps\glm-src\doc\api\a00979.html", "HTML", 0, 0, 0, 0, 0, 0, 0, 0, 0, 0, 0, -230, 0, 0, 0, 0, 0, 0, 0, 0, -5, -12, -247
"c:\Users\brian\Desktop\Code\My Game\build\_deps\glm-src\doc\api\a00980.html", "HTML", 0, 0, 0, 0, 0, 0, 0, 0, 0, 0, 0, -224, 0, 0, 0, 0, 0, 0, 0, 0, -5, -35, -264
"c:\Users\brian\Desktop\Code\My Game\build\_deps\glm-src\doc\api\a00981.html", "HTML", 0, 0, 0, 0, 0, 0, 0, 0, 0, 0, 0, -102, 0, 0, 0, 0, 0, 0, 0, 0, -5, -6, -113
"c:\Users\brian\Desktop\Code\My Game\build\_deps\glm-src\doc\api\a00982.html", "HTML", 0, 0, 0, 0, 0, 0, 0, 0, 0, 0, 0, -72, 0, 0, 0, 0, 0, 0, 0, 0, -5, -3, -80
"c:\Users\brian\Desktop\Code\My Game\build\_deps\glm-src\doc\api\a00983.html", "HTML", 0, 0, 0, 0, 0, 0, 0, 0, 0, 0, 0, -115, 0, 0, 0, 0, 0, 0, 0, 0, -5, -6, -126
"c:\Users\brian\Desktop\Code\My Game\build\_deps\glm-src\doc\api\a00984.html", "HTML", 0, 0, 0, 0, 0, 0, 0, 0, 0, 0, 0, -162, 0, 0, 0, 0, 0, 0, 0, 0, -5, -12, -179
"c:\Users\brian\Desktop\Code\My Game\build\_deps\glm-src\doc\api\a00985.html", "HTML", 0, 0, 0, 0, 0, 0, 0, 0, 0, 0, 0, -359, 0, 0, 0, 0, 0, 0, 0, 0, -5, -27, -391
"c:\Users\brian\Desktop\Code\My Game\build\_deps\glm-src\doc\api\a00986.html", "HTML", 0, 0, 0, 0, 0, 0, 0, 0, 0, 0, 0, -7716, 0, 0, 0, 0, 0, 0, 0, 0, -5, -621, -8342
"c:\Users\brian\Desktop\Code\My Game\build\_deps\glm-src\doc\api\a00987.html", "HTML", 0, 0, 0, 0, 0, 0, 0, 0, 0, 0, 0, -73, 0, 0, 0, 0, 0, 0, 0, 0, -5, -3, -81
"c:\Users\brian\Desktop\Code\My Game\build\_deps\glm-src\doc\api\a00988.html", "HTML", 0, 0, 0, 0, 0, 0, 0, 0, 0, 0, 0, -73, 0, 0, 0, 0, 0, 0, 0, 0, -5, -3, -81
"c:\Users\brian\Desktop\Code\My Game\build\_deps\glm-src\doc\api\a00989.html", "HTML", 0, 0, 0, 0, 0, 0, 0, 0, 0, 0, 0, -182, 0, 0, 0, 0, 0, 0, 0, 0, -5, -12, -199
"c:\Users\brian\Desktop\Code\My Game\build\_deps\glm-src\doc\api\a00990.html", "HTML", 0, 0, 0, 0, 0, 0, 0, 0, 0, 0, 0, -290, 0, 0, 0, 0, 0, 0, 0, 0, -5, -21, -316
"c:\Users\brian\Desktop\Code\My Game\build\_deps\glm-src\doc\api\a00991.html", "HTML", 0, 0, 0, 0, 0, 0, 0, 0, 0, 0, 0, -72, 0, 0, 0, 0, 0, 0, 0, 0, -5, -3, -80
"c:\Users\brian\Desktop\Code\My Game\build\_deps\glm-src\doc\api\a00992.html", "HTML", 0, 0, 0, 0, 0, 0, 0, 0, 0, 0, 0, -603, 0, 0, 0, 0, 0, 0, 0, 0, -5, -42, -650
"c:\Users\brian\Desktop\Code\My Game\build\_deps\glm-src\doc\api\a00993.html", "HTML", 0, 0, 0, 0, 0, 0, 0, 0, 0, 0, 0, -113, 0, 0, 0, 0, 0, 0, 0, 0, -5, -6, -124
"c:\Users\brian\Desktop\Code\My Game\build\_deps\glm-src\doc\api\a00994.html", "HTML", 0, 0, 0, 0, 0, 0, 0, 0, 0, 0, 0, -385, 0, 0, 0, 0, 0, 0, 0, 0, -5, -39, -429
"c:\Users\brian\Desktop\Code\My Game\build\_deps\glm-src\doc\api\a00995.html", "HTML", 0, 0, 0, 0, 0, 0, 0, 0, 0, 0, 0, -581, 0, 0, 0, 0, 0, 0, 0, 0, -5, -49, -635
"c:\Users\brian\Desktop\Code\My Game\build\_deps\glm-src\doc\api\a00996.html", "HTML", 0, 0, 0, 0, 0, 0, 0, 0, 0, 0, 0, -419, 0, 0, 0, 0, 0, 0, 0, 0, -5, -30, -454
"c:\Users\brian\Desktop\Code\My Game\build\_deps\glm-src\doc\api\a01681.html", "HTML", 0, 0, 0, 0, 0, 0, 0, 0, 0, 0, 0, -106, 0, 0, 0, 0, 0, 0, 0, 0, -5, -6, -117
"c:\Users\brian\Desktop\Code\My Game\build\_deps\glm-src\doc\api\a01681_source.html", "HTML", 0, 0, 0, 0, 0, 0, 0, 0, 0, 0, 0, -110, 0, 0, 0, 0, 0, 0, 0, 0, -5, -3, -118
"c:\Users\brian\Desktop\Code\My Game\build\_deps\glm-src\doc\api\a01684.html", "HTML", 0, 0, 0, 0, 0, 0, 0, 0, 0, 0, 0, -111, 0, 0, 0, 0, 0, 0, 0, 0, -5, -6, -122
"c:\Users\brian\Desktop\Code\My Game\build\_deps\glm-src\doc\api\a01684_source.html", "HTML", 0, 0, 0, 0, 0, 0, 0, 0, 0, 0, 0, -122, 0, 0, 0, 0, 0, 0, 0, 0, -5, -3, -130
"c:\Users\brian\Desktop\Code\My Game\build\_deps\glm-src\doc\api\a01687.html", "HTML", 0, 0, 0, 0, 0, 0, 0, 0, 0, 0, 0, -103, 0, 0, 0, 0, 0, 0, 0, 0, -5, -6, -114
"c:\Users\brian\Desktop\Code\My Game\build\_deps\glm-src\doc\api\a01687_source.html", "HTML", 0, 0, 0, 0, 0, 0, 0, 0, 0, 0, 0, -111, 0, 0, 0, 0, 0, 0, 0, 0, -5, -3, -119
"c:\Users\brian\Desktop\Code\My Game\build\_deps\glm-src\doc\api\a01690.html", "HTML", 0, 0, 0, 0, 0, 0, 0, 0, 0, 0, 0, -93, 0, 0, 0, 0, 0, 0, 0, 0, -5, -6, -104
"c:\Users\brian\Desktop\Code\My Game\build\_deps\glm-src\doc\api\a01690_source.html", "HTML", 0, 0, 0, 0, 0, 0, 0, 0, 0, 0, 0, -101, 0, 0, 0, 0, 0, 0, 0, 0, -5, -3, -109
"c:\Users\brian\Desktop\Code\My Game\build\_deps\glm-src\doc\api\a01693.html", "HTML", 0, 0, 0, 0, 0, 0, 0, 0, 0, 0, 0, -123, 0, 0, 0, 0, 0, 0, 0, 0, -5, -6, -134
"c:\Users\brian\Desktop\Code\My Game\build\_deps\glm-src\doc\api\a01693_source.html", "HTML", 0, 0, 0, 0, 0, 0, 0, 0, 0, 0, 0, -121, 0, 0, 0, 0, 0, 0, 0, 0, -5, -3, -129
"c:\Users\brian\Desktop\Code\My Game\build\_deps\glm-src\doc\api\a01696.html", "HTML", 0, 0, 0, 0, 0, 0, 0, 0, 0, 0, 0, -102, 0, 0, 0, 0, 0, 0, 0, 0, -5, -6, -113
"c:\Users\brian\Desktop\Code\My Game\build\_deps\glm-src\doc\api\a01696_source.html", "HTML", 0, 0, 0, 0, 0, 0, 0, 0, 0, 0, 0, -109, 0, 0, 0, 0, 0, 0, 0, 0, -5, -3, -117
"c:\Users\brian\Desktop\Code\My Game\build\_deps\glm-src\doc\api\a01699.html", "HTML", 0, 0, 0, 0, 0, 0, 0, 0, 0, 0, 0, -141, 0, 0, 0, 0, 0, 0, 0, 0, -5, -6, -152
"c:\Users\brian\Desktop\Code\My Game\build\_deps\glm-src\doc\api\a01699_source.html", "HTML", 0, 0, 0, 0, 0, 0, 0, 0, 0, 0, 0, -397, 0, 0, 0, 0, 0, 0, 0, 0, -5, -3, -405
"c:\Users\brian\Desktop\Code\My Game\build\_deps\glm-src\doc\api\a01702.html", "HTML", 0, 0, 0, 0, 0, 0, 0, 0, 0, 0, 0, -119, 0, 0, 0, 0, 0, 0, 0, 0, -5, -6, -130
"c:\Users\brian\Desktop\Code\My Game\build\_deps\glm-src\doc\api\a01702_source.html", "HTML", 0, 0, 0, 0, 0, 0, 0, 0, 0, 0, 0, -134, 0, 0, 0, 0, 0, 0, 0, 0, -5, -3, -142
"c:\Users\brian\Desktop\Code\My Game\build\_deps\glm-src\doc\api\a01705.html", "HTML", 0, 0, 0, 0, 0, 0, 0, 0, 0, 0, 0, -85, 0, 0, 0, 0, 0, 0, 0, 0, -5, -6, -96
"c:\Users\brian\Desktop\Code\My Game\build\_deps\glm-src\doc\api\a01705_source.html", "HTML", 0, 0, 0, 0, 0, 0, 0, 0, 0, 0, 0, -91, 0, 0, 0, 0, 0, 0, 0, 0, -5, -3, -99
"c:\Users\brian\Desktop\Code\My Game\build\_deps\glm-src\doc\api\a01708.html", "HTML", 0, 0, 0, 0, 0, 0, 0, 0, 0, 0, 0, -305, 0, 0, 0, 0, 0, 0, 0, 0, -5, -6, -316
"c:\Users\brian\Desktop\Code\My Game\build\_deps\glm-src\doc\api\a01708_source.html", "HTML", 0, 0, 0, 0, 0, 0, 0, 0, 0, 0, 0, -335, 0, 0, 0, 0, 0, 0, 0, 0, -5, -3, -343
"c:\Users\brian\Desktop\Code\My Game\build\_deps\glm-src\doc\api\a01711.html", "HTML", 0, 0, 0, 0, 0, 0, 0, 0, 0, 0, 0, -149, 0, 0, 0, 0, 0, 0, 0, 0, -5, -6, -160
"c:\Users\brian\Desktop\Code\My Game\build\_deps\glm-src\doc\api\a01711_source.html", "HTML", 0, 0, 0, 0, 0, 0, 0, 0, 0, 0, 0, -169, 0, 0, 0, 0, 0, 0, 0, 0, -5, -3, -177
"c:\Users\brian\Desktop\Code\My Game\build\_deps\glm-src\doc\api\a01714.html", "HTML", 0, 0, 0, 0, 0, 0, 0, 0, 0, 0, 0, -153, 0, 0, 0, 0, 0, 0, 0, 0, -5, -6, -164
"c:\Users\brian\Desktop\Code\My Game\build\_deps\glm-src\doc\api\a01714_source.html", "HTML", 0, 0, 0, 0, 0, 0, 0, 0, 0, 0, 0, -193, 0, 0, 0, 0, 0, 0, 0, 0, -5, -3, -201
"c:\Users\brian\Desktop\Code\My Game\build\_deps\glm-src\doc\api\a01717.html", "HTML", 0, 0, 0, 0, 0, 0, 0, 0, 0, 0, 0, -102, 0, 0, 0, 0, 0, 0, 0, 0, -5, -6, -113
"c:\Users\brian\Desktop\Code\My Game\build\_deps\glm-src\doc\api\a01717_source.html", "HTML", 0, 0, 0, 0, 0, 0, 0, 0, 0, 0, 0, -105, 0, 0, 0, 0, 0, 0, 0, 0, -5, -3, -113
"c:\Users\brian\Desktop\Code\My Game\build\_deps\glm-src\doc\api\a01720.html", "HTML", 0, 0, 0, 0, 0, 0, 0, 0, 0, 0, 0, -81, 0, 0, 0, 0, 0, 0, 0, 0, -5, -6, -92
"c:\Users\brian\Desktop\Code\My Game\build\_deps\glm-src\doc\api\a01720_source.html", "HTML", 0, 0, 0, 0, 0, 0, 0, 0, 0, 0, 0, -94, 0, 0, 0, 0, 0, 0, 0, 0, -5, -3, -102
"c:\Users\brian\Desktop\Code\My Game\build\_deps\glm-src\doc\api\a01723.html", "HTML", 0, 0, 0, 0, 0, 0, 0, 0, 0, 0, 0, -1559, 0, 0, 0, 0, 0, 0, 0, 0, -5, -6, -1570
"c:\Users\brian\Desktop\Code\My Game\build\_deps\glm-src\doc\api\a01723_source.html", "HTML", 0, 0, 0, 0, 0, 0, 0, 0, 0, 0, 0, -1438, 0, 0, 0, 0, 0, 0, 0, 0, -5, -3, -1446
"c:\Users\brian\Desktop\Code\My Game\build\_deps\glm-src\doc\api\a01726.html", "HTML", 0, 0, 0, 0, 0, 0, 0, 0, 0, 0, 0, -707, 0, 0, 0, 0, 0, 0, 0, 0, -5, -6, -718
"c:\Users\brian\Desktop\Code\My Game\build\_deps\glm-src\doc\api\a01726_source.html", "HTML", 0, 0, 0, 0, 0, 0, 0, 0, 0, 0, 0, -822, 0, 0, 0, 0, 0, 0, 0, 0, -5, -3, -830
"c:\Users\brian\Desktop\Code\My Game\build\_deps\glm-src\doc\api\a01729.html", "HTML", 0, 0, 0, 0, 0, 0, 0, 0, 0, 0, 0, -121, 0, 0, 0, 0, 0, 0, 0, 0, -5, -6, -132
"c:\Users\brian\Desktop\Code\My Game\build\_deps\glm-src\doc\api\a01729_source.html", "HTML", 0, 0, 0, 0, 0, 0, 0, 0, 0, 0, 0, -117, 0, 0, 0, 0, 0, 0, 0, 0, -5, -3, -125
"c:\Users\brian\Desktop\Code\My Game\build\_deps\glm-src\doc\api\dir_382f4fd018b81be8753cb53c0a41a09a.html", "HTML", 0, 0, 0, 0, 0, 0, 0, 0, 0, 0, 0, -120, 0, 0, 0, 0, 0, 0, 0, 0, -5, -3, -128
"c:\Users\brian\Desktop\Code\My Game\build\_deps\glm-src\doc\api\dir_50f12b6ceb23d7f6adfb377a1ae8b006.html", "HTML", 0, 0, 0, 0, 0, 0, 0, 0, 0, 0, 0, -78, 0, 0, 0, 0, 0, 0, 0, 0, -5, -3, -86
"c:\Users\brian\Desktop\Code\My Game\build\_deps\glm-src\doc\api\dir_628fd60eb37daf5aa9a81e3983c640b7.html", "HTML", 0, 0, 0, 0, 0, 0, 0, 0, 0, 0, 0, -276, 0, 0, 0, 0, 0, 0, 0, 0, -5, -3, -284
"c:\Users\brian\Desktop\Code\My Game\build\_deps\glm-src\doc\api\dir_63ed049134a778d525e06b63afc2c979.html", "HTML", 0, 0, 0, 0, 0, 0, 0, 0, 0, 0, 0, -74, 0, 0, 0, 0, 0, 0, 0, 0, -5, -3, -82
"c:\Users\brian\Desktop\Code\My Game\build\_deps\glm-src\doc\api\dir_885cc87fac2d91e269af0a5a959fa5f6.html", "HTML", 0, 0, 0, 0, 0, 0, 0, 0, 0, 0, 0, -74, 0, 0, 0, 0, 0, 0, 0, 0, -5, -3, -82
"c:\Users\brian\Desktop\Code\My Game\build\_deps\glm-src\doc\api\dir_b11711034def6a4ce452fe9c451dd3d0.html", "HTML", 0, 0, 0, 0, 0, 0, 0, 0, 0, 0, 0, -74, 0, 0, 0, 0, 0, 0, 0, 0, -5, -3, -82
"c:\Users\brian\Desktop\Code\My Game\build\_deps\glm-src\doc\api\dir_b171cecbb853a9ee4caace490047c53f.html", "HTML", 0, 0, 0, 0, 0, 0, 0, 0, 0, 0, 0, -498, 0, 0, 0, 0, 0, 0, 0, 0, -5, -3, -506
"c:\Users\brian\Desktop\Code\My Game\build\_deps\glm-src\doc\api\dir_c98a9ac98258ab9f831b188d66361a70.html", "HTML", 0, 0, 0, 0, 0, 0, 0, 0, 0, 0, 0, -74, 0, 0, 0, 0, 0, 0, 0, 0, -5, -3, -82
"c:\Users\brian\Desktop\Code\My Game\build\_deps\glm-src\doc\api\dir_d9678a6a9012da969e0b059b39347945.html", "HTML", 0, 0, 0, 0, 0, 0, 0, 0, 0, 0, 0, -138, 0, 0, 0, 0, 0, 0, 0, 0, -5, -3, -146
"c:\Users\brian\Desktop\Code\My Game\build\_deps\glm-src\doc\api\dir_fca33f1b5115d46f42c670590789c0d2.html", "HTML", 0, 0, 0, 0, 0, 0, 0, 0, 0, 0, 0, -143, 0, 0, 0, 0, 0, 0, 0, 0, -5, -3, -151
"c:\Users\brian\Desktop\Code\My Game\build\_deps\glm-src\doc\api\doxygen.css", "PostCSS", 0, 0, 0, 0, 0, 0, 0, 0, 0, 0, 0, 0, 0, 0, -1214, 0, 0, 0, 0, 0, -46, -237, -1497
"c:\Users\brian\Desktop\Code\My Game\build\_deps\glm-src\doc\api\dynsections.js", "JavaScript", 0, 0, 0, 0, 0, 0, 0, 0, 0, 0, 0, 0, -86, 0, 0, 0, 0, 0, 0, 0, -32, -11, -129
"c:\Users\brian\Desktop\Code\My Game\build\_deps\glm-src\doc\api\files.html", "HTML", 0, 0, 0, 0, 0, 0, 0, 0, 0, 0, 0, -355, 0, 0, 0, 0, 0, 0, 0, 0, -5, -3, -363
"c:\Users\brian\Desktop\Code\My Game\build\_deps\glm-src\doc\api\index.html", "HTML", 0, 0, 0, 0, 0, 0, 0, 0, 0, 0, 0, -76, 0, 0, 0, 0, 0, 0, 0, 0, -5, -3, -84
"c:\Users\brian\Desktop\Code\My Game\build\_deps\glm-src\doc\api\jquery.js", "JavaScript", 0, 0, 0, 0, 0, 0, 0, 0, 0, 0, 0, 0, -22, 0, 0, 0, 0, 0, 0, 0, -12, -1, -35
"c:\Users\brian\Desktop\Code\My Game\build\_deps\glm-src\doc\api\menu.js", "JavaScript", 0, 0, 0, 0, 0, 0, 0, 0, 0, 0, 0, 0, -25, 0, 0, 0, 0, 0, 0, 0, -25, -2, -52
"c:\Users\brian\Desktop\Code\My Game\build\_deps\glm-src\doc\api\menudata.js", "JavaScript", 0, 0, 0, 0, 0, 0, 0, 0, 0, 0, 0, 0, -5, 0, 0, 0, 0, 0, 0, 0, -24, -1, -30
"c:\Users\brian\Desktop\Code\My Game\build\_deps\glm-src\doc\api\modules.html", "HTML", 0, 0, 0, 0, 0, 0, 0, 0, 0, 0, 0, -259, 0, 0, 0, 0, 0, 0, 0, 0, -5, -3, -267
"c:\Users\brian\Desktop\Code\My Game\build\_deps\glm-src\doc\api\search\all_0.html", "HTML", 0, 0, 0, 0, 0, 0, 0, 0, 0, 0, 0, -36, 0, 0, 0, 0, 0, 0, 0, 0, 0, -1, -37
"c:\Users\brian\Desktop\Code\My Game\build\_deps\glm-src\doc\api\search\all_0.js", "JavaScript", 0, 0, 0, 0, 0, 0, 0, 0, 0, 0, 0, 0, -217, 0, 0, 0, 0, 0, 0, 0, 0, -1, -218
"c:\Users\brian\Desktop\Code\My Game\build\_deps\glm-src\doc\api\search\all_1.html", "HTML", 0, 0, 0, 0, 0, 0, 0, 0, 0, 0, 0, -36, 0, 0, 0, 0, 0, 0, 0, 0, 0, -1, -37
"c:\Users\brian\Desktop\Code\My Game\build\_deps\glm-src\doc\api\search\all_1.js", "JavaScript", 0, 0, 0, 0, 0, 0, 0, 0, 0, 0, 0, 0, -41, 0, 0, 0, 0, 0, 0, 0, 0, -1, -42
"c:\Users\brian\Desktop\Code\My Game\build\_deps\glm-src\doc\api\search\all_10.html", "HTML", 0, 0, 0, 0, 0, 0, 0, 0, 0, 0, 0, -36, 0, 0, 0, 0, 0, 0, 0, 0, 0, -1, -37
"c:\Users\brian\Desktop\Code\My Game\build\_deps\glm-src\doc\api\search\all_10.js", "JavaScript", 0, 0, 0, 0, 0, 0, 0, 0, 0, 0, 0, 0, -55, 0, 0, 0, 0, 0, 0, 0, 0, -1, -56
"c:\Users\brian\Desktop\Code\My Game\build\_deps\glm-src\doc\api\search\all_11.html", "HTML", 0, 0, 0, 0, 0, 0, 0, 0, 0, 0, 0, -36, 0, 0, 0, 0, 0, 0, 0, 0, 0, -1, -37
"c:\Users\brian\Desktop\Code\My Game\build\_deps\glm-src\doc\api\search\all_11.js", "JavaScript", 0, 0, 0, 0, 0, 0, 0, 0, 0, 0, 0, 0, -42, 0, 0, 0, 0, 0, 0, 0, 0, -1, -43
"c:\Users\brian\Desktop\Code\My Game\build\_deps\glm-src\doc\api\search\all_12.html", "HTML", 0, 0, 0, 0, 0, 0, 0, 0, 0, 0, 0, -36, 0, 0, 0, 0, 0, 0, 0, 0, 0, -1, -37
"c:\Users\brian\Desktop\Code\My Game\build\_deps\glm-src\doc\api\search\all_12.js", "JavaScript", 0, 0, 0, 0, 0, 0, 0, 0, 0, 0, 0, 0, -145, 0, 0, 0, 0, 0, 0, 0, 0, -1, -146
"c:\Users\brian\Desktop\Code\My Game\build\_deps\glm-src\doc\api\search\all_13.html", "HTML", 0, 0, 0, 0, 0, 0, 0, 0, 0, 0, 0, -36, 0, 0, 0, 0, 0, 0, 0, 0, 0, -1, -37
"c:\Users\brian\Desktop\Code\My Game\build\_deps\glm-src\doc\api\search\all_13.js", "JavaScript", 0, 0, 0, 0, 0, 0, 0, 0, 0, 0, 0, 0, -64, 0, 0, 0, 0, 0, 0, 0, 0, -1, -65
"c:\Users\brian\Desktop\Code\My Game\build\_deps\glm-src\doc\api\search\all_14.html", "HTML", 0, 0, 0, 0, 0, 0, 0, 0, 0, 0, 0, -36, 0, 0, 0, 0, 0, 0, 0, 0, 0, -1, -37
"c:\Users\brian\Desktop\Code\My Game\build\_deps\glm-src\doc\api\search\all_14.js", "JavaScript", 0, 0, 0, 0, 0, 0, 0, 0, 0, 0, 0, 0, -6, 0, 0, 0, 0, 0, 0, 0, 0, -1, -7
"c:\Users\brian\Desktop\Code\My Game\build\_deps\glm-src\doc\api\search\all_15.html", "HTML", 0, 0, 0, 0, 0, 0, 0, 0, 0, 0, 0, -36, 0, 0, 0, 0, 0, 0, 0, 0, 0, -1, -37
"c:\Users\brian\Desktop\Code\My Game\build\_deps\glm-src\doc\api\search\all_15.js", "JavaScript", 0, 0, 0, 0, 0, 0, 0, 0, 0, 0, 0, 0, -7, 0, 0, 0, 0, 0, 0, 0, 0, -1, -8
"c:\Users\brian\Desktop\Code\My Game\build\_deps\glm-src\doc\api\search\all_16.html", "HTML", 0, 0, 0, 0, 0, 0, 0, 0, 0, 0, 0, -36, 0, 0, 0, 0, 0, 0, 0, 0, 0, -1, -37
"c:\Users\brian\Desktop\Code\My Game\build\_deps\glm-src\doc\api\search\all_16.js", "JavaScript", 0, 0, 0, 0, 0, 0, 0, 0, 0, 0, 0, 0, -4, 0, 0, 0, 0, 0, 0, 0, 0, -1, -5
"c:\Users\brian\Desktop\Code\My Game\build\_deps\glm-src\doc\api\search\all_2.html", "HTML", 0, 0, 0, 0, 0, 0, 0, 0, 0, 0, 0, -36, 0, 0, 0, 0, 0, 0, 0, 0, 0, -1, -37
"c:\Users\brian\Desktop\Code\My Game\build\_deps\glm-src\doc\api\search\all_2.js", "JavaScript", 0, 0, 0, 0, 0, 0, 0, 0, 0, 0, 0, 0, -53, 0, 0, 0, 0, 0, 0, 0, 0, -1, -54
"c:\Users\brian\Desktop\Code\My Game\build\_deps\glm-src\doc\api\search\all_3.html", "HTML", 0, 0, 0, 0, 0, 0, 0, 0, 0, 0, 0, -36, 0, 0, 0, 0, 0, 0, 0, 0, 0, -1, -37
"c:\Users\brian\Desktop\Code\My Game\build\_deps\glm-src\doc\api\search\all_3.js", "JavaScript", 0, 0, 0, 0, 0, 0, 0, 0, 0, 0, 0, 0, -59, 0, 0, 0, 0, 0, 0, 0, 0, -1, -60
"c:\Users\brian\Desktop\Code\My Game\build\_deps\glm-src\doc\api\search\all_4.html", "HTML", 0, 0, 0, 0, 0, 0, 0, 0, 0, 0, 0, -36, 0, 0, 0, 0, 0, 0, 0, 0, 0, -1, -37
"c:\Users\brian\Desktop\Code\My Game\build\_deps\glm-src\doc\api\search\all_4.js", "JavaScript", 0, 0, 0, 0, 0, 0, 0, 0, 0, 0, 0, 0, -69, 0, 0, 0, 0, 0, 0, 0, 0, -1, -70
"c:\Users\brian\Desktop\Code\My Game\build\_deps\glm-src\doc\api\search\all_5.html", "HTML", 0, 0, 0, 0, 0, 0, 0, 0, 0, 0, 0, -36, 0, 0, 0, 0, 0, 0, 0, 0, 0, -1, -37
"c:\Users\brian\Desktop\Code\My Game\build\_deps\glm-src\doc\api\search\all_5.js", "JavaScript", 0, 0, 0, 0, 0, 0, 0, 0, 0, 0, 0, 0, -136, 0, 0, 0, 0, 0, 0, 0, 0, -1, -137
"c:\Users\brian\Desktop\Code\My Game\build\_deps\glm-src\doc\api\search\all_6.html", "HTML", 0, 0, 0, 0, 0, 0, 0, 0, 0, 0, 0, -36, 0, 0, 0, 0, 0, 0, 0, 0, 0, -1, -37
"c:\Users\brian\Desktop\Code\My Game\build\_deps\glm-src\doc\api\search\all_6.js", "JavaScript", 0, 0, 0, 0, 0, 0, 0, 0, 0, 0, 0, 0, -190, 0, 0, 0, 0, 0, 0, 0, 0, -1, -191
"c:\Users\brian\Desktop\Code\My Game\build\_deps\glm-src\doc\api\search\all_7.html", "HTML", 0, 0, 0, 0, 0, 0, 0, 0, 0, 0, 0, -36, 0, 0, 0, 0, 0, 0, 0, 0, 0, -1, -37
"c:\Users\brian\Desktop\Code\My Game\build\_deps\glm-src\doc\api\search\all_7.js", "JavaScript", 0, 0, 0, 0, 0, 0, 0, 0, 0, 0, 0, 0, -194, 0, 0, 0, 0, 0, 0, 0, 0, -1, -195
"c:\Users\brian\Desktop\Code\My Game\build\_deps\glm-src\doc\api\search\all_8.html", "HTML", 0, 0, 0, 0, 0, 0, 0, 0, 0, 0, 0, -36, 0, 0, 0, 0, 0, 0, 0, 0, 0, -1, -37
"c:\Users\brian\Desktop\Code\My Game\build\_deps\glm-src\doc\api\search\all_8.js", "JavaScript", 0, 0, 0, 0, 0, 0, 0, 0, 0, 0, 0, 0, -146, 0, 0, 0, 0, 0, 0, 0, 0, -1, -147
"c:\Users\brian\Desktop\Code\My Game\build\_deps\glm-src\doc\api\search\all_9.html", "HTML", 0, 0, 0, 0, 0, 0, 0, 0, 0, 0, 0, -36, 0, 0, 0, 0, 0, 0, 0, 0, 0, -1, -37
"c:\Users\brian\Desktop\Code\My Game\build\_deps\glm-src\doc\api\search\all_9.js", "JavaScript", 0, 0, 0, 0, 0, 0, 0, 0, 0, 0, 0, 0, -214, 0, 0, 0, 0, 0, 0, 0, 0, -1, -215
"c:\Users\brian\Desktop\Code\My Game\build\_deps\glm-src\doc\api\search\all_a.html", "HTML", 0, 0, 0, 0, 0, 0, 0, 0, 0, 0, 0, -36, 0, 0, 0, 0, 0, 0, 0, 0, 0, -1, -37
"c:\Users\brian\Desktop\Code\My Game\build\_deps\glm-src\doc\api\search\all_a.js", "JavaScript", 0, 0, 0, 0, 0, 0, 0, 0, 0, 0, 0, 0, -330, 0, 0, 0, 0, 0, 0, 0, 0, -1, -331
"c:\Users\brian\Desktop\Code\My Game\build\_deps\glm-src\doc\api\search\all_b.html", "HTML", 0, 0, 0, 0, 0, 0, 0, 0, 0, 0, 0, -36, 0, 0, 0, 0, 0, 0, 0, 0, 0, -1, -37
"c:\Users\brian\Desktop\Code\My Game\build\_deps\glm-src\doc\api\search\all_b.js", "JavaScript", 0, 0, 0, 0, 0, 0, 0, 0, 0, 0, 0, 0, -17, 0, 0, 0, 0, 0, 0, 0, 0, -1, -18
"c:\Users\brian\Desktop\Code\My Game\build\_deps\glm-src\doc\api\search\all_c.html", "HTML", 0, 0, 0, 0, 0, 0, 0, 0, 0, 0, 0, -36, 0, 0, 0, 0, 0, 0, 0, 0, 0, -1, -37
"c:\Users\brian\Desktop\Code\My Game\build\_deps\glm-src\doc\api\search\all_c.js", "JavaScript", 0, 0, 0, 0, 0, 0, 0, 0, 0, 0, 0, 0, -27, 0, 0, 0, 0, 0, 0, 0, 0, -1, -28
"c:\Users\brian\Desktop\Code\My Game\build\_deps\glm-src\doc\api\search\all_d.html", "HTML", 0, 0, 0, 0, 0, 0, 0, 0, 0, 0, 0, -36, 0, 0, 0, 0, 0, 0, 0, 0, 0, -1, -37
"c:\Users\brian\Desktop\Code\My Game\build\_deps\glm-src\doc\api\search\all_d.js", "JavaScript", 0, 0, 0, 0, 0, 0, 0, 0, 0, 0, 0, 0, -274, 0, 0, 0, 0, 0, 0, 0, 0, -1, -275
"c:\Users\brian\Desktop\Code\My Game\build\_deps\glm-src\doc\api\search\all_e.html", "HTML", 0, 0, 0, 0, 0, 0, 0, 0, 0, 0, 0, -36, 0, 0, 0, 0, 0, 0, 0, 0, 0, -1, -37
"c:\Users\brian\Desktop\Code\My Game\build\_deps\glm-src\doc\api\search\all_e.js", "JavaScript", 0, 0, 0, 0, 0, 0, 0, 0, 0, 0, 0, 0, -31, 0, 0, 0, 0, 0, 0, 0, 0, -1, -32
"c:\Users\brian\Desktop\Code\My Game\build\_deps\glm-src\doc\api\search\all_f.html", "HTML", 0, 0, 0, 0, 0, 0, 0, 0, 0, 0, 0, -36, 0, 0, 0, 0, 0, 0, 0, 0, 0, -1, -37
"c:\Users\brian\Desktop\Code\My Game\build\_deps\glm-src\doc\api\search\all_f.js", "JavaScript", 0, 0, 0, 0, 0, 0, 0, 0, 0, 0, 0, 0, -43, 0, 0, 0, 0, 0, 0, 0, 0, -1, -44
"c:\Users\brian\Desktop\Code\My Game\build\_deps\glm-src\doc\api\search\files_0.html", "HTML", 0, 0, 0, 0, 0, 0, 0, 0, 0, 0, 0, -36, 0, 0, 0, 0, 0, 0, 0, 0, 0, -1, -37
"c:\Users\brian\Desktop\Code\My Game\build\_deps\glm-src\doc\api\search\files_0.js", "JavaScript", 0, 0, 0, 0, 0, 0, 0, 0, 0, 0, 0, 0, -4, 0, 0, 0, 0, 0, 0, 0, 0, -1, -5
"c:\Users\brian\Desktop\Code\My Game\build\_deps\glm-src\doc\api\search\files_1.html", "HTML", 0, 0, 0, 0, 0, 0, 0, 0, 0, 0, 0, -36, 0, 0, 0, 0, 0, 0, 0, 0, 0, -1, -37
"c:\Users\brian\Desktop\Code\My Game\build\_deps\glm-src\doc\api\search\files_1.js", "JavaScript", 0, 0, 0, 0, 0, 0, 0, 0, 0, 0, 0, 0, -5, 0, 0, 0, 0, 0, 0, 0, 0, -1, -6
"c:\Users\brian\Desktop\Code\My Game\build\_deps\glm-src\doc\api\search\files_10.html", "HTML", 0, 0, 0, 0, 0, 0, 0, 0, 0, 0, 0, -36, 0, 0, 0, 0, 0, 0, 0, 0, 0, -1, -37
"c:\Users\brian\Desktop\Code\My Game\build\_deps\glm-src\doc\api\search\files_10.js", "JavaScript", 0, 0, 0, 0, 0, 0, 0, 0, 0, 0, 0, 0, -16, 0, 0, 0, 0, 0, 0, 0, 0, -1, -17
"c:\Users\brian\Desktop\Code\My Game\build\_deps\glm-src\doc\api\search\files_11.html", "HTML", 0, 0, 0, 0, 0, 0, 0, 0, 0, 0, 0, -36, 0, 0, 0, 0, 0, 0, 0, 0, 0, -1, -37
"c:\Users\brian\Desktop\Code\My Game\build\_deps\glm-src\doc\api\search\files_11.js", "JavaScript", 0, 0, 0, 0, 0, 0, 0, 0, 0, 0, 0, 0, -24, 0, 0, 0, 0, 0, 0, 0, 0, -1, -25
"c:\Users\brian\Desktop\Code\My Game\build\_deps\glm-src\doc\api\search\files_12.html", "HTML", 0, 0, 0, 0, 0, 0, 0, 0, 0, 0, 0, -36, 0, 0, 0, 0, 0, 0, 0, 0, 0, -1, -37
"c:\Users\brian\Desktop\Code\My Game\build\_deps\glm-src\doc\api\search\files_12.js", "JavaScript", 0, 0, 0, 0, 0, 0, 0, 0, 0, 0, 0, 0, -4, 0, 0, 0, 0, 0, 0, 0, 0, -1, -5
"c:\Users\brian\Desktop\Code\My Game\build\_deps\glm-src\doc\api\search\files_13.html", "HTML", 0, 0, 0, 0, 0, 0, 0, 0, 0, 0, 0, -36, 0, 0, 0, 0, 0, 0, 0, 0, 0, -1, -37
"c:\Users\brian\Desktop\Code\My Game\build\_deps\glm-src\doc\api\search\files_13.js", "JavaScript", 0, 0, 0, 0, 0, 0, 0, 0, 0, 0, 0, 0, -56, 0, 0, 0, 0, 0, 0, 0, 0, -1, -57
"c:\Users\brian\Desktop\Code\My Game\build\_deps\glm-src\doc\api\search\files_14.html", "HTML", 0, 0, 0, 0, 0, 0, 0, 0, 0, 0, 0, -36, 0, 0, 0, 0, 0, 0, 0, 0, 0, -1, -37
"c:\Users\brian\Desktop\Code\My Game\build\_deps\glm-src\doc\api\search\files_14.js", "JavaScript", 0, 0, 0, 0, 0, 0, 0, 0, 0, 0, 0, 0, -4, 0, 0, 0, 0, 0, 0, 0, 0, -1, -5
"c:\Users\brian\Desktop\Code\My Game\build\_deps\glm-src\doc\api\search\files_2.html", "HTML", 0, 0, 0, 0, 0, 0, 0, 0, 0, 0, 0, -36, 0, 0, 0, 0, 0, 0, 0, 0, 0, -1, -37
"c:\Users\brian\Desktop\Code\My Game\build\_deps\glm-src\doc\api\search\files_2.js", "JavaScript", 0, 0, 0, 0, 0, 0, 0, 0, 0, 0, 0, 0, -10, 0, 0, 0, 0, 0, 0, 0, 0, -1, -11
"c:\Users\brian\Desktop\Code\My Game\build\_deps\glm-src\doc\api\search\files_3.html", "HTML", 0, 0, 0, 0, 0, 0, 0, 0, 0, 0, 0, -36, 0, 0, 0, 0, 0, 0, 0, 0, 0, -1, -37
"c:\Users\brian\Desktop\Code\My Game\build\_deps\glm-src\doc\api\search\files_3.js", "JavaScript", 0, 0, 0, 0, 0, 0, 0, 0, 0, 0, 0, 0, -4, 0, 0, 0, 0, 0, 0, 0, 0, -1, -5
"c:\Users\brian\Desktop\Code\My Game\build\_deps\glm-src\doc\api\search\files_4.html", "HTML", 0, 0, 0, 0, 0, 0, 0, 0, 0, 0, 0, -36, 0, 0, 0, 0, 0, 0, 0, 0, 0, -1, -37
"c:\Users\brian\Desktop\Code\My Game\build\_deps\glm-src\doc\api\search\files_4.js", "JavaScript", 0, 0, 0, 0, 0, 0, 0, 0, 0, 0, 0, 0, -15, 0, 0, 0, 0, 0, 0, 0, 0, -1, -16
"c:\Users\brian\Desktop\Code\My Game\build\_deps\glm-src\doc\api\search\files_5.html", "HTML", 0, 0, 0, 0, 0, 0, 0, 0, 0, 0, 0, -36, 0, 0, 0, 0, 0, 0, 0, 0, 0, -1, -37
"c:\Users\brian\Desktop\Code\My Game\build\_deps\glm-src\doc\api\search\files_5.js", "JavaScript", 0, 0, 0, 0, 0, 0, 0, 0, 0, 0, 0, 0, -7, 0, 0, 0, 0, 0, 0, 0, 0, -1, -8
"c:\Users\brian\Desktop\Code\My Game\build\_deps\glm-src\doc\api\search\files_6.html", "HTML", 0, 0, 0, 0, 0, 0, 0, 0, 0, 0, 0, -36, 0, 0, 0, 0, 0, 0, 0, 0, 0, -1, -37
"c:\Users\brian\Desktop\Code\My Game\build\_deps\glm-src\doc\api\search\files_6.js", "JavaScript", 0, 0, 0, 0, 0, 0, 0, 0, 0, 0, 0, 0, -14, 0, 0, 0, 0, 0, 0, 0, 0, -1, -15
"c:\Users\brian\Desktop\Code\My Game\build\_deps\glm-src\doc\api\search\files_7.html", "HTML", 0, 0, 0, 0, 0, 0, 0, 0, 0, 0, 0, -36, 0, 0, 0, 0, 0, 0, 0, 0, 0, -1, -37
"c:\Users\brian\Desktop\Code\My Game\build\_deps\glm-src\doc\api\search\files_7.js", "JavaScript", 0, 0, 0, 0, 0, 0, 0, 0, 0, 0, 0, 0, -5, 0, 0, 0, 0, 0, 0, 0, 0, -1, -6
"c:\Users\brian\Desktop\Code\My Game\build\_deps\glm-src\doc\api\search\files_8.html", "HTML", 0, 0, 0, 0, 0, 0, 0, 0, 0, 0, 0, -36, 0, 0, 0, 0, 0, 0, 0, 0, 0, -1, -37
"c:\Users\brian\Desktop\Code\My Game\build\_deps\glm-src\doc\api\search\files_8.js", "JavaScript", 0, 0, 0, 0, 0, 0, 0, 0, 0, 0, 0, 0, -7, 0, 0, 0, 0, 0, 0, 0, 0, -1, -8
"c:\Users\brian\Desktop\Code\My Game\build\_deps\glm-src\doc\api\search\files_9.html", "HTML", 0, 0, 0, 0, 0, 0, 0, 0, 0, 0, 0, -36, 0, 0, 0, 0, 0, 0, 0, 0, 0, -1, -37
"c:\Users\brian\Desktop\Code\My Game\build\_deps\glm-src\doc\api\search\files_9.js", "JavaScript", 0, 0, 0, 0, 0, 0, 0, 0, 0, 0, 0, 0, -4, 0, 0, 0, 0, 0, 0, 0, 0, -1, -5
"c:\Users\brian\Desktop\Code\My Game\build\_deps\glm-src\doc\api\search\files_a.html", "HTML", 0, 0, 0, 0, 0, 0, 0, 0, 0, 0, 0, -36, 0, 0, 0, 0, 0, 0, 0, 0, 0, -1, -37
"c:\Users\brian\Desktop\Code\My Game\build\_deps\glm-src\doc\api\search\files_a.js", "JavaScript", 0, 0, 0, 0, 0, 0, 0, 0, 0, 0, 0, 0, -97, 0, 0, 0, 0, 0, 0, 0, 0, -1, -98
"c:\Users\brian\Desktop\Code\My Game\build\_deps\glm-src\doc\api\search\files_b.html", "HTML", 0, 0, 0, 0, 0, 0, 0, 0, 0, 0, 0, -36, 0, 0, 0, 0, 0, 0, 0, 0, 0, -1, -37
"c:\Users\brian\Desktop\Code\My Game\build\_deps\glm-src\doc\api\search\files_b.js", "JavaScript", 0, 0, 0, 0, 0, 0, 0, 0, 0, 0, 0, 0, -8, 0, 0, 0, 0, 0, 0, 0, 0, -1, -9
"c:\Users\brian\Desktop\Code\My Game\build\_deps\glm-src\doc\api\search\files_c.html", "HTML", 0, 0, 0, 0, 0, 0, 0, 0, 0, 0, 0, -36, 0, 0, 0, 0, 0, 0, 0, 0, 0, -1, -37
"c:\Users\brian\Desktop\Code\My Game\build\_deps\glm-src\doc\api\search\files_c.js", "JavaScript", 0, 0, 0, 0, 0, 0, 0, 0, 0, 0, 0, 0, -5, 0, 0, 0, 0, 0, 0, 0, 0, -1, -6
"c:\Users\brian\Desktop\Code\My Game\build\_deps\glm-src\doc\api\search\files_d.html", "HTML", 0, 0, 0, 0, 0, 0, 0, 0, 0, 0, 0, -36, 0, 0, 0, 0, 0, 0, 0, 0, 0, -1, -37
"c:\Users\brian\Desktop\Code\My Game\build\_deps\glm-src\doc\api\search\files_d.js", "JavaScript", 0, 0, 0, 0, 0, 0, 0, 0, 0, 0, 0, 0, -8, 0, 0, 0, 0, 0, 0, 0, 0, -1, -9
"c:\Users\brian\Desktop\Code\My Game\build\_deps\glm-src\doc\api\search\files_e.html", "HTML", 0, 0, 0, 0, 0, 0, 0, 0, 0, 0, 0, -36, 0, 0, 0, 0, 0, 0, 0, 0, 0, -1, -37
"c:\Users\brian\Desktop\Code\My Game\build\_deps\glm-src\doc\api\search\files_e.js", "JavaScript", 0, 0, 0, 0, 0, 0, 0, 0, 0, 0, 0, 0, -13, 0, 0, 0, 0, 0, 0, 0, 0, -1, -14
"c:\Users\brian\Desktop\Code\My Game\build\_deps\glm-src\doc\api\search\files_f.html", "HTML", 0, 0, 0, 0, 0, 0, 0, 0, 0, 0, 0, -36, 0, 0, 0, 0, 0, 0, 0, 0, 0, -1, -37
"c:\Users\brian\Desktop\Code\My Game\build\_deps\glm-src\doc\api\search\files_f.js", "JavaScript", 0, 0, 0, 0, 0, 0, 0, 0, 0, 0, 0, 0, -10, 0, 0, 0, 0, 0, 0, 0, 0, -1, -11
"c:\Users\brian\Desktop\Code\My Game\build\_deps\glm-src\doc\api\search\functions_0.html", "HTML", 0, 0, 0, 0, 0, 0, 0, 0, 0, 0, 0, -36, 0, 0, 0, 0, 0, 0, 0, 0, 0, -1, -37
"c:\Users\brian\Desktop\Code\My Game\build\_deps\glm-src\doc\api\search\functions_0.js", "JavaScript", 0, 0, 0, 0, 0, 0, 0, 0, 0, 0, 0, 0, -31, 0, 0, 0, 0, 0, 0, 0, 0, -1, -32
"c:\Users\brian\Desktop\Code\My Game\build\_deps\glm-src\doc\api\search\functions_1.html", "HTML", 0, 0, 0, 0, 0, 0, 0, 0, 0, 0, 0, -36, 0, 0, 0, 0, 0, 0, 0, 0, 0, -1, -37
"c:\Users\brian\Desktop\Code\My Game\build\_deps\glm-src\doc\api\search\functions_1.js", "JavaScript", 0, 0, 0, 0, 0, 0, 0, 0, 0, 0, 0, 0, -20, 0, 0, 0, 0, 0, 0, 0, 0, -1, -21
"c:\Users\brian\Desktop\Code\My Game\build\_deps\glm-src\doc\api\search\functions_10.html", "HTML", 0, 0, 0, 0, 0, 0, 0, 0, 0, 0, 0, -36, 0, 0, 0, 0, 0, 0, 0, 0, 0, -1, -37
"c:\Users\brian\Desktop\Code\My Game\build\_deps\glm-src\doc\api\search\functions_10.js", "JavaScript", 0, 0, 0, 0, 0, 0, 0, 0, 0, 0, 0, 0, -32, 0, 0, 0, 0, 0, 0, 0, 0, -1, -33
"c:\Users\brian\Desktop\Code\My Game\build\_deps\glm-src\doc\api\search\functions_11.html", "HTML", 0, 0, 0, 0, 0, 0, 0, 0, 0, 0, 0, -36, 0, 0, 0, 0, 0, 0, 0, 0, 0, -1, -37
"c:\Users\brian\Desktop\Code\My Game\build\_deps\glm-src\doc\api\search\functions_11.js", "JavaScript", 0, 0, 0, 0, 0, 0, 0, 0, 0, 0, 0, 0, -21, 0, 0, 0, 0, 0, 0, 0, 0, -1, -22
"c:\Users\brian\Desktop\Code\My Game\build\_deps\glm-src\doc\api\search\functions_12.html", "HTML", 0, 0, 0, 0, 0, 0, 0, 0, 0, 0, 0, -36, 0, 0, 0, 0, 0, 0, 0, 0, 0, -1, -37
"c:\Users\brian\Desktop\Code\My Game\build\_deps\glm-src\doc\api\search\functions_12.js", "JavaScript", 0, 0, 0, 0, 0, 0, 0, 0, 0, 0, 0, 0, -52, 0, 0, 0, 0, 0, 0, 0, 0, -1, -53
"c:\Users\brian\Desktop\Code\My Game\build\_deps\glm-src\doc\api\search\functions_13.html", "HTML", 0, 0, 0, 0, 0, 0, 0, 0, 0, 0, 0, -36, 0, 0, 0, 0, 0, 0, 0, 0, 0, -1, -37
"c:\Users\brian\Desktop\Code\My Game\build\_deps\glm-src\doc\api\search\functions_13.js", "JavaScript", 0, 0, 0, 0, 0, 0, 0, 0, 0, 0, 0, 0, -4, 0, 0, 0, 0, 0, 0, 0, 0, -1, -5
"c:\Users\brian\Desktop\Code\My Game\build\_deps\glm-src\doc\api\search\functions_14.html", "HTML", 0, 0, 0, 0, 0, 0, 0, 0, 0, 0, 0, -36, 0, 0, 0, 0, 0, 0, 0, 0, 0, -1, -37
"c:\Users\brian\Desktop\Code\My Game\build\_deps\glm-src\doc\api\search\functions_14.js", "JavaScript", 0, 0, 0, 0, 0, 0, 0, 0, 0, 0, 0, 0, -4, 0, 0, 0, 0, 0, 0, 0, 0, -1, -5
"c:\Users\brian\Desktop\Code\My Game\build\_deps\glm-src\doc\api\search\functions_15.html", "HTML", 0, 0, 0, 0, 0, 0, 0, 0, 0, 0, 0, -36, 0, 0, 0, 0, 0, 0, 0, 0, 0, -1, -37
"c:\Users\brian\Desktop\Code\My Game\build\_deps\glm-src\doc\api\search\functions_15.js", "JavaScript", 0, 0, 0, 0, 0, 0, 0, 0, 0, 0, 0, 0, -7, 0, 0, 0, 0, 0, 0, 0, 0, -1, -8
"c:\Users\brian\Desktop\Code\My Game\build\_deps\glm-src\doc\api\search\functions_16.html", "HTML", 0, 0, 0, 0, 0, 0, 0, 0, 0, 0, 0, -36, 0, 0, 0, 0, 0, 0, 0, 0, 0, -1, -37
"c:\Users\brian\Desktop\Code\My Game\build\_deps\glm-src\doc\api\search\functions_16.js", "JavaScript", 0, 0, 0, 0, 0, 0, 0, 0, 0, 0, 0, 0, -4, 0, 0, 0, 0, 0, 0, 0, 0, -1, -5
"c:\Users\brian\Desktop\Code\My Game\build\_deps\glm-src\doc\api\search\functions_2.html", "HTML", 0, 0, 0, 0, 0, 0, 0, 0, 0, 0, 0, -36, 0, 0, 0, 0, 0, 0, 0, 0, 0, -1, -37
"c:\Users\brian\Desktop\Code\My Game\build\_deps\glm-src\doc\api\search\functions_2.js", "JavaScript", 0, 0, 0, 0, 0, 0, 0, 0, 0, 0, 0, 0, -44, 0, 0, 0, 0, 0, 0, 0, 0, -1, -45
"c:\Users\brian\Desktop\Code\My Game\build\_deps\glm-src\doc\api\search\functions_3.html", "HTML", 0, 0, 0, 0, 0, 0, 0, 0, 0, 0, 0, -36, 0, 0, 0, 0, 0, 0, 0, 0, 0, -1, -37
"c:\Users\brian\Desktop\Code\My Game\build\_deps\glm-src\doc\api\search\functions_3.js", "JavaScript", 0, 0, 0, 0, 0, 0, 0, 0, 0, 0, 0, 0, -24, 0, 0, 0, 0, 0, 0, 0, 0, -1, -25
"c:\Users\brian\Desktop\Code\My Game\build\_deps\glm-src\doc\api\search\functions_4.html", "HTML", 0, 0, 0, 0, 0, 0, 0, 0, 0, 0, 0, -36, 0, 0, 0, 0, 0, 0, 0, 0, 0, -1, -37
"c:\Users\brian\Desktop\Code\My Game\build\_deps\glm-src\doc\api\search\functions_4.js", "JavaScript", 0, 0, 0, 0, 0, 0, 0, 0, 0, 0, 0, 0, -55, 0, 0, 0, 0, 0, 0, 0, 0, -1, -56
"c:\Users\brian\Desktop\Code\My Game\build\_deps\glm-src\doc\api\search\functions_5.html", "HTML", 0, 0, 0, 0, 0, 0, 0, 0, 0, 0, 0, -36, 0, 0, 0, 0, 0, 0, 0, 0, 0, -1, -37
"c:\Users\brian\Desktop\Code\My Game\build\_deps\glm-src\doc\api\search\functions_5.js", "JavaScript", 0, 0, 0, 0, 0, 0, 0, 0, 0, 0, 0, 0, -56, 0, 0, 0, 0, 0, 0, 0, 0, -1, -57
"c:\Users\brian\Desktop\Code\My Game\build\_deps\glm-src\doc\api\search\functions_6.html", "HTML", 0, 0, 0, 0, 0, 0, 0, 0, 0, 0, 0, -36, 0, 0, 0, 0, 0, 0, 0, 0, 0, -1, -37
"c:\Users\brian\Desktop\Code\My Game\build\_deps\glm-src\doc\api\search\functions_6.js", "JavaScript", 0, 0, 0, 0, 0, 0, 0, 0, 0, 0, 0, 0, -9, 0, 0, 0, 0, 0, 0, 0, 0, -1, -10
"c:\Users\brian\Desktop\Code\My Game\build\_deps\glm-src\doc\api\search\functions_7.html", "HTML", 0, 0, 0, 0, 0, 0, 0, 0, 0, 0, 0, -36, 0, 0, 0, 0, 0, 0, 0, 0, 0, -1, -37
"c:\Users\brian\Desktop\Code\My Game\build\_deps\glm-src\doc\api\search\functions_7.js", "JavaScript", 0, 0, 0, 0, 0, 0, 0, 0, 0, 0, 0, 0, -7, 0, 0, 0, 0, 0, 0, 0, 0, -1, -8
"c:\Users\brian\Desktop\Code\My Game\build\_deps\glm-src\doc\api\search\functions_8.html", "HTML", 0, 0, 0, 0, 0, 0, 0, 0, 0, 0, 0, -36, 0, 0, 0, 0, 0, 0, 0, 0, 0, -1, -37
"c:\Users\brian\Desktop\Code\My Game\build\_deps\glm-src\doc\api\search\functions_8.js", "JavaScript", 0, 0, 0, 0, 0, 0, 0, 0, 0, 0, 0, 0, -35, 0, 0, 0, 0, 0, 0, 0, 0, -1, -36
"c:\Users\brian\Desktop\Code\My Game\build\_deps\glm-src\doc\api\search\functions_9.html", "HTML", 0, 0, 0, 0, 0, 0, 0, 0, 0, 0, 0, -36, 0, 0, 0, 0, 0, 0, 0, 0, 0, -1, -37
"c:\Users\brian\Desktop\Code\My Game\build\_deps\glm-src\doc\api\search\functions_9.js", "JavaScript", 0, 0, 0, 0, 0, 0, 0, 0, 0, 0, 0, 0, -28, 0, 0, 0, 0, 0, 0, 0, 0, -1, -29
"c:\Users\brian\Desktop\Code\My Game\build\_deps\glm-src\doc\api\search\functions_a.html", "HTML", 0, 0, 0, 0, 0, 0, 0, 0, 0, 0, 0, -36, 0, 0, 0, 0, 0, 0, 0, 0, 0, -1, -37
"c:\Users\brian\Desktop\Code\My Game\build\_deps\glm-src\doc\api\search\functions_a.js", "JavaScript", 0, 0, 0, 0, 0, 0, 0, 0, 0, 0, 0, 0, -36, 0, 0, 0, 0, 0, 0, 0, 0, -1, -37
"c:\Users\brian\Desktop\Code\My Game\build\_deps\glm-src\doc\api\search\functions_b.html", "HTML", 0, 0, 0, 0, 0, 0, 0, 0, 0, 0, 0, -36, 0, 0, 0, 0, 0, 0, 0, 0, 0, -1, -37
"c:\Users\brian\Desktop\Code\My Game\build\_deps\glm-src\doc\api\search\functions_b.js", "JavaScript", 0, 0, 0, 0, 0, 0, 0, 0, 0, 0, 0, 0, -12, 0, 0, 0, 0, 0, 0, 0, 0, -1, -13
"c:\Users\brian\Desktop\Code\My Game\build\_deps\glm-src\doc\api\search\functions_c.html", "HTML", 0, 0, 0, 0, 0, 0, 0, 0, 0, 0, 0, -36, 0, 0, 0, 0, 0, 0, 0, 0, 0, -1, -37
"c:\Users\brian\Desktop\Code\My Game\build\_deps\glm-src\doc\api\search\functions_c.js", "JavaScript", 0, 0, 0, 0, 0, 0, 0, 0, 0, 0, 0, 0, -24, 0, 0, 0, 0, 0, 0, 0, 0, -1, -25
"c:\Users\brian\Desktop\Code\My Game\build\_deps\glm-src\doc\api\search\functions_d.html", "HTML", 0, 0, 0, 0, 0, 0, 0, 0, 0, 0, 0, -36, 0, 0, 0, 0, 0, 0, 0, 0, 0, -1, -37
"c:\Users\brian\Desktop\Code\My Game\build\_deps\glm-src\doc\api\search\functions_d.js", "JavaScript", 0, 0, 0, 0, 0, 0, 0, 0, 0, 0, 0, 0, -85, 0, 0, 0, 0, 0, 0, 0, 0, -1, -86
"c:\Users\brian\Desktop\Code\My Game\build\_deps\glm-src\doc\api\search\functions_e.html", "HTML", 0, 0, 0, 0, 0, 0, 0, 0, 0, 0, 0, -36, 0, 0, 0, 0, 0, 0, 0, 0, 0, -1, -37
"c:\Users\brian\Desktop\Code\My Game\build\_deps\glm-src\doc\api\search\functions_e.js", "JavaScript", 0, 0, 0, 0, 0, 0, 0, 0, 0, 0, 0, 0, -19, 0, 0, 0, 0, 0, 0, 0, 0, -1, -20
"c:\Users\brian\Desktop\Code\My Game\build\_deps\glm-src\doc\api\search\functions_f.html", "HTML", 0, 0, 0, 0, 0, 0, 0, 0, 0, 0, 0, -36, 0, 0, 0, 0, 0, 0, 0, 0, 0, -1, -37
"c:\Users\brian\Desktop\Code\My Game\build\_deps\glm-src\doc\api\search\functions_f.js", "JavaScript", 0, 0, 0, 0, 0, 0, 0, 0, 0, 0, 0, 0, -35, 0, 0, 0, 0, 0, 0, 0, 0, -1, -36
"c:\Users\brian\Desktop\Code\My Game\build\_deps\glm-src\doc\api\search\groups_0.html", "HTML", 0, 0, 0, 0, 0, 0, 0, 0, 0, 0, 0, -36, 0, 0, 0, 0, 0, 0, 0, 0, 0, -1, -37
"c:\Users\brian\Desktop\Code\My Game\build\_deps\glm-src\doc\api\search\groups_0.js", "JavaScript", 0, 0, 0, 0, 0, 0, 0, 0, 0, 0, 0, 0, -4, 0, 0, 0, 0, 0, 0, 0, 0, -1, -5
"c:\Users\brian\Desktop\Code\My Game\build\_deps\glm-src\doc\api\search\groups_1.html", "HTML", 0, 0, 0, 0, 0, 0, 0, 0, 0, 0, 0, -36, 0, 0, 0, 0, 0, 0, 0, 0, 0, -1, -37
"c:\Users\brian\Desktop\Code\My Game\build\_deps\glm-src\doc\api\search\groups_1.js", "JavaScript", 0, 0, 0, 0, 0, 0, 0, 0, 0, 0, 0, 0, -5, 0, 0, 0, 0, 0, 0, 0, 0, -1, -6
"c:\Users\brian\Desktop\Code\My Game\build\_deps\glm-src\doc\api\search\groups_2.html", "HTML", 0, 0, 0, 0, 0, 0, 0, 0, 0, 0, 0, -36, 0, 0, 0, 0, 0, 0, 0, 0, 0, -1, -37
"c:\Users\brian\Desktop\Code\My Game\build\_deps\glm-src\doc\api\search\groups_2.js", "JavaScript", 0, 0, 0, 0, 0, 0, 0, 0, 0, 0, 0, 0, -5, 0, 0, 0, 0, 0, 0, 0, 0, -1, -6
"c:\Users\brian\Desktop\Code\My Game\build\_deps\glm-src\doc\api\search\groups_3.html", "HTML", 0, 0, 0, 0, 0, 0, 0, 0, 0, 0, 0, -36, 0, 0, 0, 0, 0, 0, 0, 0, 0, -1, -37
"c:\Users\brian\Desktop\Code\My Game\build\_deps\glm-src\doc\api\search\groups_3.js", "JavaScript", 0, 0, 0, 0, 0, 0, 0, 0, 0, 0, 0, 0, -4, 0, 0, 0, 0, 0, 0, 0, 0, -1, -5
"c:\Users\brian\Desktop\Code\My Game\build\_deps\glm-src\doc\api\search\groups_4.html", "HTML", 0, 0, 0, 0, 0, 0, 0, 0, 0, 0, 0, -36, 0, 0, 0, 0, 0, 0, 0, 0, 0, -1, -37
"c:\Users\brian\Desktop\Code\My Game\build\_deps\glm-src\doc\api\search\groups_4.js", "JavaScript", 0, 0, 0, 0, 0, 0, 0, 0, 0, 0, 0, 0, -173, 0, 0, 0, 0, 0, 0, 0, 0, -1, -174
"c:\Users\brian\Desktop\Code\My Game\build\_deps\glm-src\doc\api\search\groups_5.html", "HTML", 0, 0, 0, 0, 0, 0, 0, 0, 0, 0, 0, -36, 0, 0, 0, 0, 0, 0, 0, 0, 0, -1, -37
"c:\Users\brian\Desktop\Code\My Game\build\_deps\glm-src\doc\api\search\groups_5.js", "JavaScript", 0, 0, 0, 0, 0, 0, 0, 0, 0, 0, 0, 0, -4, 0, 0, 0, 0, 0, 0, 0, 0, -1, -5
"c:\Users\brian\Desktop\Code\My Game\build\_deps\glm-src\doc\api\search\groups_6.html", "HTML", 0, 0, 0, 0, 0, 0, 0, 0, 0, 0, 0, -36, 0, 0, 0, 0, 0, 0, 0, 0, 0, -1, -37
"c:\Users\brian\Desktop\Code\My Game\build\_deps\glm-src\doc\api\search\groups_6.js", "JavaScript", 0, 0, 0, 0, 0, 0, 0, 0, 0, 0, 0, 0, -6, 0, 0, 0, 0, 0, 0, 0, 0, -1, -7
"c:\Users\brian\Desktop\Code\My Game\build\_deps\glm-src\doc\api\search\groups_7.html", "HTML", 0, 0, 0, 0, 0, 0, 0, 0, 0, 0, 0, -36, 0, 0, 0, 0, 0, 0, 0, 0, 0, -1, -37
"c:\Users\brian\Desktop\Code\My Game\build\_deps\glm-src\doc\api\search\groups_7.js", "JavaScript", 0, 0, 0, 0, 0, 0, 0, 0, 0, 0, 0, 0, -4, 0, 0, 0, 0, 0, 0, 0, 0, -1, -5
"c:\Users\brian\Desktop\Code\My Game\build\_deps\glm-src\doc\api\search\groups_8.html", "HTML", 0, 0, 0, 0, 0, 0, 0, 0, 0, 0, 0, -36, 0, 0, 0, 0, 0, 0, 0, 0, 0, -1, -37
"c:\Users\brian\Desktop\Code\My Game\build\_deps\glm-src\doc\api\search\groups_8.js", "JavaScript", 0, 0, 0, 0, 0, 0, 0, 0, 0, 0, 0, 0, -4, 0, 0, 0, 0, 0, 0, 0, 0, -1, -5
"c:\Users\brian\Desktop\Code\My Game\build\_deps\glm-src\doc\api\search\groups_9.html", "HTML", 0, 0, 0, 0, 0, 0, 0, 0, 0, 0, 0, -36, 0, 0, 0, 0, 0, 0, 0, 0, 0, -1, -37
"c:\Users\brian\Desktop\Code\My Game\build\_deps\glm-src\doc\api\search\groups_9.js", "JavaScript", 0, 0, 0, 0, 0, 0, 0, 0, 0, 0, 0, 0, -6, 0, 0, 0, 0, 0, 0, 0, 0, -1, -7
"c:\Users\brian\Desktop\Code\My Game\build\_deps\glm-src\doc\api\search\nomatches.html", "HTML", 0, 0, 0, 0, 0, 0, 0, 0, 0, 0, 0, -12, 0, 0, 0, 0, 0, 0, 0, 0, 0, -1, -13
"c:\Users\brian\Desktop\Code\My Game\build\_deps\glm-src\doc\api\search\pages_0.html", "HTML", 0, 0, 0, 0, 0, 0, 0, 0, 0, 0, 0, -36, 0, 0, 0, 0, 0, 0, 0, 0, 0, -1, -37
"c:\Users\brian\Desktop\Code\My Game\build\_deps\glm-src\doc\api\search\pages_0.js", "JavaScript", 0, 0, 0, 0, 0, 0, 0, 0, 0, 0, 0, 0, -4, 0, 0, 0, 0, 0, 0, 0, 0, -1, -5
"c:\Users\brian\Desktop\Code\My Game\build\_deps\glm-src\doc\api\search\search.css", "PostCSS", 0, 0, 0, 0, 0, 0, 0, 0, 0, 0, 0, 0, 0, 0, -220, 0, 0, 0, 0, 0, -5, -47, -272
"c:\Users\brian\Desktop\Code\My Game\build\_deps\glm-src\doc\api\search\search.js", "JavaScript", 0, 0, 0, 0, 0, 0, 0, 0, 0, 0, 0, 0, -687, 0, 0, 0, 0, 0, 0, 0, -61, -67, -815
"c:\Users\brian\Desktop\Code\My Game\build\_deps\glm-src\doc\api\search\searchdata.js", "JavaScript", 0, 0, 0, 0, 0, 0, 0, 0, 0, 0, 0, 0, -27, 0, 0, 0, 0, 0, 0, 0, 0, -4, -31
"c:\Users\brian\Desktop\Code\My Game\build\_deps\glm-src\doc\api\search\typedefs_0.html", "HTML", 0, 0, 0, 0, 0, 0, 0, 0, 0, 0, 0, -36, 0, 0, 0, 0, 0, 0, 0, 0, 0, -1, -37
"c:\Users\brian\Desktop\Code\My Game\build\_deps\glm-src\doc\api\search\typedefs_0.js", "JavaScript", 0, 0, 0, 0, 0, 0, 0, 0, 0, 0, 0, 0, -187, 0, 0, 0, 0, 0, 0, 0, 0, -1, -188
"c:\Users\brian\Desktop\Code\My Game\build\_deps\glm-src\doc\api\search\typedefs_1.html", "HTML", 0, 0, 0, 0, 0, 0, 0, 0, 0, 0, 0, -36, 0, 0, 0, 0, 0, 0, 0, 0, 0, -1, -37
"c:\Users\brian\Desktop\Code\My Game\build\_deps\glm-src\doc\api\search\typedefs_1.js", "JavaScript", 0, 0, 0, 0, 0, 0, 0, 0, 0, 0, 0, 0, -22, 0, 0, 0, 0, 0, 0, 0, 0, -1, -23
"c:\Users\brian\Desktop\Code\My Game\build\_deps\glm-src\doc\api\search\typedefs_2.html", "HTML", 0, 0, 0, 0, 0, 0, 0, 0, 0, 0, 0, -36, 0, 0, 0, 0, 0, 0, 0, 0, 0, -1, -37
"c:\Users\brian\Desktop\Code\My Game\build\_deps\glm-src\doc\api\search\typedefs_2.js", "JavaScript", 0, 0, 0, 0, 0, 0, 0, 0, 0, 0, 0, 0, -37, 0, 0, 0, 0, 0, 0, 0, 0, -1, -38
"c:\Users\brian\Desktop\Code\My Game\build\_deps\glm-src\doc\api\search\typedefs_3.html", "HTML", 0, 0, 0, 0, 0, 0, 0, 0, 0, 0, 0, -36, 0, 0, 0, 0, 0, 0, 0, 0, 0, -1, -37
"c:\Users\brian\Desktop\Code\My Game\build\_deps\glm-src\doc\api\search\typedefs_3.js", "JavaScript", 0, 0, 0, 0, 0, 0, 0, 0, 0, 0, 0, 0, -78, 0, 0, 0, 0, 0, 0, 0, 0, -1, -79
"c:\Users\brian\Desktop\Code\My Game\build\_deps\glm-src\doc\api\search\typedefs_4.html", "HTML", 0, 0, 0, 0, 0, 0, 0, 0, 0, 0, 0, -36, 0, 0, 0, 0, 0, 0, 0, 0, 0, -1, -37
"c:\Users\brian\Desktop\Code\My Game\build\_deps\glm-src\doc\api\search\typedefs_4.js", "JavaScript", 0, 0, 0, 0, 0, 0, 0, 0, 0, 0, 0, 0, -188, 0, 0, 0, 0, 0, 0, 0, 0, -1, -189
"c:\Users\brian\Desktop\Code\My Game\build\_deps\glm-src\doc\api\search\typedefs_5.html", "HTML", 0, 0, 0, 0, 0, 0, 0, 0, 0, 0, 0, -36, 0, 0, 0, 0, 0, 0, 0, 0, 0, -1, -37
"c:\Users\brian\Desktop\Code\My Game\build\_deps\glm-src\doc\api\search\typedefs_5.js", "JavaScript", 0, 0, 0, 0, 0, 0, 0, 0, 0, 0, 0, 0, -109, 0, 0, 0, 0, 0, 0, 0, 0, -1, -110
"c:\Users\brian\Desktop\Code\My Game\build\_deps\glm-src\doc\api\search\typedefs_6.html", "HTML", 0, 0, 0, 0, 0, 0, 0, 0, 0, 0, 0, -36, 0, 0, 0, 0, 0, 0, 0, 0, 0, -1, -37
"c:\Users\brian\Desktop\Code\My Game\build\_deps\glm-src\doc\api\search\typedefs_6.js", "JavaScript", 0, 0, 0, 0, 0, 0, 0, 0, 0, 0, 0, 0, -188, 0, 0, 0, 0, 0, 0, 0, 0, -1, -189
"c:\Users\brian\Desktop\Code\My Game\build\_deps\glm-src\doc\api\search\typedefs_7.html", "HTML", 0, 0, 0, 0, 0, 0, 0, 0, 0, 0, 0, -36, 0, 0, 0, 0, 0, 0, 0, 0, 0, -1, -37
"c:\Users\brian\Desktop\Code\My Game\build\_deps\glm-src\doc\api\search\typedefs_7.js", "JavaScript", 0, 0, 0, 0, 0, 0, 0, 0, 0, 0, 0, 0, -200, 0, 0, 0, 0, 0, 0, 0, 0, -1, -201
"c:\Users\brian\Desktop\Code\My Game\build\_deps\glm-src\doc\api\search\typedefs_8.html", "HTML", 0, 0, 0, 0, 0, 0, 0, 0, 0, 0, 0, -36, 0, 0, 0, 0, 0, 0, 0, 0, 0, -1, -37
"c:\Users\brian\Desktop\Code\My Game\build\_deps\glm-src\doc\api\search\typedefs_8.js", "JavaScript", 0, 0, 0, 0, 0, 0, 0, 0, 0, 0, 0, 0, -187, 0, 0, 0, 0, 0, 0, 0, 0, -1, -188
"c:\Users\brian\Desktop\Code\My Game\build\_deps\glm-src\doc\api\search\typedefs_9.html", "HTML", 0, 0, 0, 0, 0, 0, 0, 0, 0, 0, 0, -36, 0, 0, 0, 0, 0, 0, 0, 0, 0, -1, -37
"c:\Users\brian\Desktop\Code\My Game\build\_deps\glm-src\doc\api\search\typedefs_9.js", "JavaScript", 0, 0, 0, 0, 0, 0, 0, 0, 0, 0, 0, 0, -5, 0, 0, 0, 0, 0, 0, 0, 0, -1, -6
"c:\Users\brian\Desktop\Code\My Game\build\_deps\glm-src\doc\api\search\typedefs_a.html", "HTML", 0, 0, 0, 0, 0, 0, 0, 0, 0, 0, 0, -36, 0, 0, 0, 0, 0, 0, 0, 0, 0, -1, -37
"c:\Users\brian\Desktop\Code\My Game\build\_deps\glm-src\doc\api\search\typedefs_a.js", "JavaScript", 0, 0, 0, 0, 0, 0, 0, 0, 0, 0, 0, 0, -12, 0, 0, 0, 0, 0, 0, 0, 0, -1, -13
"c:\Users\brian\Desktop\Code\My Game\build\_deps\glm-src\doc\api\search\typedefs_b.html", "HTML", 0, 0, 0, 0, 0, 0, 0, 0, 0, 0, 0, -36, 0, 0, 0, 0, 0, 0, 0, 0, 0, -1, -37
"c:\Users\brian\Desktop\Code\My Game\build\_deps\glm-src\doc\api\search\typedefs_b.js", "JavaScript", 0, 0, 0, 0, 0, 0, 0, 0, 0, 0, 0, 0, -95, 0, 0, 0, 0, 0, 0, 0, 0, -1, -96
"c:\Users\brian\Desktop\Code\My Game\build\_deps\glm-src\doc\api\search\typedefs_c.html", "HTML", 0, 0, 0, 0, 0, 0, 0, 0, 0, 0, 0, -36, 0, 0, 0, 0, 0, 0, 0, 0, 0, -1, -37
"c:\Users\brian\Desktop\Code\My Game\build\_deps\glm-src\doc\api\search\typedefs_c.js", "JavaScript", 0, 0, 0, 0, 0, 0, 0, 0, 0, 0, 0, 0, -7, 0, 0, 0, 0, 0, 0, 0, 0, -1, -8
"c:\Users\brian\Desktop\Code\My Game\build\_deps\glm-src\doc\api\search\typedefs_d.html", "HTML", 0, 0, 0, 0, 0, 0, 0, 0, 0, 0, 0, -36, 0, 0, 0, 0, 0, 0, 0, 0, 0, -1, -37
"c:\Users\brian\Desktop\Code\My Game\build\_deps\glm-src\doc\api\search\typedefs_d.js", "JavaScript", 0, 0, 0, 0, 0, 0, 0, 0, 0, 0, 0, 0, -4, 0, 0, 0, 0, 0, 0, 0, 0, -1, -5
"c:\Users\brian\Desktop\Code\My Game\build\_deps\glm-src\doc\api\tabs.css", "PostCSS", 0, 0, 0, 0, 0, 0, 0, 0, 0, 0, 0, 0, 0, 0, -1, 0, 0, 0, 0, 0, 0, 0, -1
"c:\Users\brian\Desktop\Code\My Game\build\_deps\glm-src\doc\theme\doxygen.css", "PostCSS", 0, 0, 0, 0, 0, 0, 0, 0, 0, 0, 0, 0, 0, 0, -1214, 0, 0, 0, 0, 0, -46, -237, -1497
"c:\Users\brian\Desktop\Code\My Game\build\_deps\glm-src\glm\CMakeLists.txt", "CMake", 0, 0, 0, 0, -60, 0, 0, 0, 0, 0, 0, 0, 0, 0, 0, 0, 0, 0, 0, 0, 0, -10, -70
"c:\Users\brian\Desktop\Code\My Game\build\_deps\glm-src\glm\common.hpp", "C++", -97, 0, 0, 0, 0, 0, 0, 0, 0, 0, 0, 0, 0, 0, 0, 0, 0, 0, 0, 0, -389, -54, -540
"c:\Users\brian\Desktop\Code\My Game\build\_deps\glm-src\glm\detail\_features.hpp", "C++", -110, 0, 0, 0, 0, 0, 0, 0, 0, 0, 0, 0, 0, 0, 0, 0, 0, 0, 0, 0, -185, -100, -395
"c:\Users\brian\Desktop\Code\My Game\build\_deps\glm-src\glm\detail\_fixes.hpp", "C++", -16, 0, 0, 0, 0, 0, 0, 0, 0, 0, 0, 0, 0, 0, 0, 0, 0, 0, 0, 0, -5, -7, -28
"c:\Users\brian\Desktop\Code\My Game\build\_deps\glm-src\glm\detail\_noise.hpp", "C++", -67, 0, 0, 0, 0, 0, 0, 0, 0, 0, 0, 0, 0, 0, 0, 0, 0, 0, 0, 0, 0, -15, -82
"c:\Users\brian\Desktop\Code\My Game\build\_deps\glm-src\glm\detail\_swizzle.hpp", "C++", -708, 0, 0, 0, 0, 0, 0, 0, 0, 0, 0, 0, 0, 0, 0, 0, 0, 0, 0, 0, -55, -47, -810
"c:\Users\brian\Desktop\Code\My Game\build\_deps\glm-src\glm\detail\_swizzle_func.hpp", "C++", -648, 0, 0, 0, 0, 0, 0, 0, 0, 0, 0, 0, 0, 0, 0, 0, 0, 0, 0, 0, 0, -35, -683
"c:\Users\brian\Desktop\Code\My Game\build\_deps\glm-src\glm\detail\_vectorize.hpp", "C++", -202, 0, 0, 0, 0, 0, 0, 0, 0, 0, 0, 0, 0, 0, 0, 0, 0, 0, 0, 0, 0, -29, -231
"c:\Users\brian\Desktop\Code\My Game\build\_deps\glm-src\glm\detail\compute_common.hpp", "C++", -43, 0, 0, 0, 0, 0, 0, 0, 0, 0, 0, 0, 0, 0, 0, 0, 0, 0, 0, 0, -1, -7, -51
"c:\Users\brian\Desktop\Code\My Game\build\_deps\glm-src\glm\detail\compute_vector_decl.hpp", "C++", -161, 0, 0, 0, 0, 0, 0, 0, 0, 0, 0, 0, 0, 0, 0, 0, 0, 0, 0, 0, 0, -30, -191
"c:\Users\brian\Desktop\Code\My Game\build\_deps\glm-src\glm\detail\compute_vector_relational.hpp", "C++", -16, 0, 0, 0, 0, 0, 0, 0, 0, 0, 0, 0, 0, 0, 0, 0, 0, 0, 0, 0, -12, -3, -31
"c:\Users\brian\Desktop\Code\My Game\build\_deps\glm-src\glm\detail\func_common.inl", "C++", -758, 0, 0, 0, 0, 0, 0, 0, 0, 0, 0, 0, 0, 0, 0, 0, 0, 0, 0, 0, -43, -136, -937
"c:\Users\brian\Desktop\Code\My Game\build\_deps\glm-src\glm\detail\func_common_simd.inl", "C++", -499, 0, 0, 0, 0, 0, 0, 0, 0, 0, 0, 0, 0, 0, 0, 0, 0, 0, 0, 0, -65, -52, -616
"c:\Users\brian\Desktop\Code\My Game\build\_deps\glm-src\glm\detail\func_exponential.inl", "C++", -123, 0, 0, 0, 0, 0, 0, 0, 0, 0, 0, 0, 0, 0, 0, 0, 0, 0, 0, 0, -9, -21, -153
"c:\Users\brian\Desktop\Code\My Game\build\_deps\glm-src\glm\detail\func_exponential_simd.inl", "C++", -30, 0, 0, 0, 0, 0, 0, 0, 0, 0, 0, 0, 0, 0, 0, 0, 0, 0, 0, 0, -2, -6, -38
"c:\Users\brian\Desktop\Code\My Game\build\_deps\glm-src\glm\detail\func_geometric.inl", "C++", -206, 0, 0, 0, 0, 0, 0, 0, 0, 0, 0, 0, 0, 0, 0, 0, 0, 0, 0, 0, -18, -36, -260
"c:\Users\brian\Desktop\Code\My Game\build\_deps\glm-src\glm\detail\func_geometric_simd.inl", "C++", -159, 0, 0, 0, 0, 0, 0, 0, 0, 0, 0, 0, 0, 0, 0, 0, 0, 0, 0, 0, -2, -21, -182
"c:\Users\brian\Desktop\Code\My Game\build\_deps\glm-src\glm\detail\func_integer.inl", "C++", -325, 0, 0, 0, 0, 0, 0, 0, 0, 0, 0, 0, 0, 0, 0, 0, 0, 0, 0, 0, -11, -57, -393
"c:\Users\brian\Desktop\Code\My Game\build\_deps\glm-src\glm\detail\func_integer_simd.inl", "C++", -52, 0, 0, 0, 0, 0, 0, 0, 0, 0, 0, 0, 0, 0, 0, 0, 0, 0, 0, 0, 0, -14, -66
"c:\Users\brian\Desktop\Code\My Game\build\_deps\glm-src\glm\detail\func_matrix.inl", "C++", -419, 0, 0, 0, 0, 0, 0, 0, 0, 0, 0, 0, 0, 0, 0, 0, 0, 0, 0, 0, -1, -65, -485
"c:\Users\brian\Desktop\Code\My Game\build\_deps\glm-src\glm\detail\func_matrix_simd.inl", "C++", -204, 0, 0, 0, 0, 0, 0, 0, 0, 0, 0, 0, 0, 0, 0, 0, 0, 0, 0, 0, -24, -36, -264
"c:\Users\brian\Desktop\Code\My Game\build\_deps\glm-src\glm\detail\func_packing.inl", "C++", -144, 0, 0, 0, 0, 0, 0, 0, 0, 0, 0, 0, 0, 0, 0, 0, 0, 0, 0, 0, -2, -44, -190
"c:\Users\brian\Desktop\Code\My Game\build\_deps\glm-src\glm\detail\func_packing_simd.inl", "C++", -5, 0, 0, 0, 0, 0, 0, 0, 0, 0, 0, 0, 0, 0, 0, 0, 0, 0, 0, 0, 0, -2, -7
"c:\Users\brian\Desktop\Code\My Game\build\_deps\glm-src\glm\detail\func_trigonometric.inl", "C++", -145, 0, 0, 0, 0, 0, 0, 0, 0, 0, 0, 0, 0, 0, 0, 0, 0, 0, 0, 0, -14, -39, -198
"c:\Users\brian\Desktop\Code\My Game\build\_deps\glm-src\glm\detail\func_trigonometric_simd.inl", "C++", 0, 0, 0, 0, 0, 0, 0, 0, 0, 0, 0, 0, 0, 0, 0, 0, 0, 0, 0, 0, 0, -1, -1
"c:\Users\brian\Desktop\Code\My Game\build\_deps\glm-src\glm\detail\func_vector_relational.inl", "C++", -78, 0, 0, 0, 0, 0, 0, 0, 0, 0, 0, 0, 0, 0, 0, 0, 0, 0, 0, 0, 0, -10, -88
"c:\Users\brian\Desktop\Code\My Game\build\_deps\glm-src\glm\detail\func_vector_relational_simd.inl", "C++", -5, 0, 0, 0, 0, 0, 0, 0, 0, 0, 0, 0, 0, 0, 0, 0, 0, 0, 0, 0, 0, -2, -7
"c:\Users\brian\Desktop\Code\My Game\build\_deps\glm-src\glm\detail\glm.cpp", "C++", -198, 0, 0, 0, 0, 0, 0, 0, 0, 0, 0, 0, 0, 0, 0, 0, 0, 0, 0, 0, -17, -49, -264
"c:\Users\brian\Desktop\Code\My Game\build\_deps\glm-src\glm\detail\qualifier.hpp", "C++", -248, 0, 0, 0, 0, 0, 0, 0, 0, 0, 0, 0, 0, 0, 0, 0, 0, 0, 0, 0, -1, -47, -296
"c:\Users\brian\Desktop\Code\My Game\build\_deps\glm-src\glm\detail\setup.hpp", "C++", -918, 0, 0, 0, 0, 0, 0, 0, 0, 0, 0, 0, 0, 0, 0, 0, 0, 0, 0, 0, -103, -168, -1189
"c:\Users\brian\Desktop\Code\My Game\build\_deps\glm-src\glm\detail\type_float.hpp", "C++", -51, 0, 0, 0, 0, 0, 0, 0, 0, 0, 0, 0, 0, 0, 0, 0, 0, 0, 0, 0, -3, -15, -69
"c:\Users\brian\Desktop\Code\My Game\build\_deps\glm-src\glm\detail\type_half.hpp", "C++", -11, 0, 0, 0, 0, 0, 0, 0, 0, 0, 0, 0, 0, 0, 0, 0, 0, 0, 0, 0, 0, -6, -17
"c:\Users\brian\Desktop\Code\My Game\build\_deps\glm-src\glm\detail\type_half.inl", "C++", -121, 0, 0, 0, 0, 0, 0, 0, 0, 0, 0, 0, 0, 0, 0, 0, 0, 0, 0, 0, -80, -41, -242
"c:\Users\brian\Desktop\Code\My Game\build\_deps\glm-src\glm\detail\type_mat2x2.hpp", "C++", -120, 0, 0, 0, 0, 0, 0, 0, 0, 0, 0, 0, 0, 0, 0, 0, 0, 0, 0, 0, -11, -47, -178
"c:\Users\brian\Desktop\Code\My Game\build\_deps\glm-src\glm\detail\type_mat2x2.inl", "C++", -465, 0, 0, 0, 0, 0, 0, 0, 0, 0, 0, 0, 0, 0, 0, 0, 0, 0, 0, 0, -9, -63, -537
"c:\Users\brian\Desktop\Code\My Game\build\_deps\glm-src\glm\detail\type_mat2x3.hpp", "C++", -107, 0, 0, 0, 0, 0, 0, 0, 0, 0, 0, 0, 0, 0, 0, 0, 0, 0, 0, 0, -11, -42, -160
"c:\Users\brian\Desktop\Code\My Game\build\_deps\glm-src\glm\detail\type_mat2x3.inl", "C++", -432, 0, 0, 0, 0, 0, 0, 0, 0, 0, 0, 0, 0, 0, 0, 0, 0, 0, 0, 0, -9, -55, -496
"c:\Users\brian\Desktop\Code\My Game\build\_deps\glm-src\glm\detail\type_mat2x4.hpp", "C++", -109, 0, 0, 0, 0, 0, 0, 0, 0, 0, 0, 0, 0, 0, 0, 0, 0, 0, 0, 0, -11, -42, -162
"c:\Users\brian\Desktop\Code\My Game\build\_deps\glm-src\glm\detail\type_mat2x4.inl", "C++", -438, 0, 0, 0, 0, 0, 0, 0, 0, 0, 0, 0, 0, 0, 0, 0, 0, 0, 0, 0, -9, -55, -502
"c:\Users\brian\Desktop\Code\My Game\build\_deps\glm-src\glm\detail\type_mat3x2.hpp", "C++", -114, 0, 0, 0, 0, 0, 0, 0, 0, 0, 0, 0, 0, 0, 0, 0, 0, 0, 0, 0, -11, -43, -168
"c:\Users\brian\Desktop\Code\My Game\build\_deps\glm-src\glm\detail\type_mat3x2.inl", "C++", -454, 0, 0, 0, 0, 0, 0, 0, 0, 0, 0, 0, 0, 0, 0, 0, 0, 0, 0, 0, -9, -55, -518
"c:\Users\brian\Desktop\Code\My Game\build\_deps\glm-src\glm\detail\type_mat3x3.hpp", "C++", -127, 0, 0, 0, 0, 0, 0, 0, 0, 0, 0, 0, 0, 0, 0, 0, 0, 0, 0, 0, -11, -47, -185
"c:\Users\brian\Desktop\Code\My Game\build\_deps\glm-src\glm\detail\type_mat3x3.inl", "C++", -547, 0, 0, 0, 0, 0, 0, 0, 0, 0, 0, 0, 0, 0, 0, 0, 0, 0, 0, 0, -13, -72, -632
"c:\Users\brian\Desktop\Code\My Game\build\_deps\glm-src\glm\detail\type_mat3x4.hpp", "C++", -114, 0, 0, 0, 0, 0, 0, 0, 0, 0, 0, 0, 0, 0, 0, 0, 0, 0, 0, 0, -11, -42, -167
"c:\Users\brian\Desktop\Code\My Game\build\_deps\glm-src\glm\detail\type_mat3x4.inl", "C++", -488, 0, 0, 0, 0, 0, 0, 0, 0, 0, 0, 0, 0, 0, 0, 0, 0, 0, 0, 0, -9, -55, -552
"c:\Users\brian\Desktop\Code\My Game\build\_deps\glm-src\glm\detail\type_mat4x2.hpp", "C++", -119, 0, 0, 0, 0, 0, 0, 0, 0, 0, 0, 0, 0, 0, 0, 0, 0, 0, 0, 0, -11, -42, -172
"c:\Users\brian\Desktop\Code\My Game\build\_deps\glm-src\glm\detail\type_mat4x2.inl", "C++", -492, 0, 0, 0, 0, 0, 0, 0, 0, 0, 0, 0, 0, 0, 0, 0, 0, 0, 0, 0, -9, -55, -556
"c:\Users\brian\Desktop\Code\My Game\build\_deps\glm-src\glm\detail\type_mat4x3.hpp", "C++", -119, 0, 0, 0, 0, 0, 0, 0, 0, 0, 0, 0, 0, 0, 0, 0, 0, 0, 0, 0, -11, -42, -172
"c:\Users\brian\Desktop\Code\My Game\build\_deps\glm-src\glm\detail\type_mat4x3.inl", "C++", -508, 0, 0, 0, 0, 0, 0, 0, 0, 0, 0, 0, 0, 0, 0, 0, 0, 0, 0, 0, -9, -55, -572
"c:\Users\brian\Desktop\Code\My Game\build\_deps\glm-src\glm\detail\type_mat4x4.hpp", "C++", -132, 0, 0, 0, 0, 0, 0, 0, 0, 0, 0, 0, 0, 0, 0, 0, 0, 0, 0, 0, -11, -47, -190
"c:\Users\brian\Desktop\Code\My Game\build\_deps\glm-src\glm\detail\type_mat4x4.inl", "C++", -643, 0, 0, 0, 0, 0, 0, 0, 0, 0, 0, 0, 0, 0, 0, 0, 0, 0, 0, 0, -41, -82, -766
"c:\Users\brian\Desktop\Code\My Game\build\_deps\glm-src\glm\detail\type_mat4x4_simd.inl", "C++", -3, 0, 0, 0, 0, 0, 0, 0, 0, 0, 0, 0, 0, 0, 0, 0, 0, 0, 0, 0, -1, -3, -7
"c:\Users\brian\Desktop\Code\My Game\build\_deps\glm-src\glm\detail\type_quat.hpp", "C++", -126, 0, 0, 0, 0, 0, 0, 0, 0, 0, 0, 0, 0, 0, 0, 0, 0, 0, 0, 0, -22, -46, -194
"c:\Users\brian\Desktop\Code\My Game\build\_deps\glm-src\glm\detail\type_quat.inl", "C++", -336, 0, 0, 0, 0, 0, 0, 0, 0, 0, 0, 0, 0, 0, 0, 0, 0, 0, 0, 0, -29, -60, -425
"c:\Users\brian\Desktop\Code\My Game\build\_deps\glm-src\glm\detail\type_quat_simd.inl", "C++", -135, 0, 0, 0, 0, 0, 0, 0, 0, 0, 0, 0, 0, 0, 0, 0, 0, 0, 0, 0, -55, -19, -209
"c:\Users\brian\Desktop\Code\My Game\build\_deps\glm-src\glm\detail\type_vec1.hpp", "C++", -194, 0, 0, 0, 0, 0, 0, 0, 0, 0, 0, 0, 0, 0, 0, 0, 0, 0, 0, 0, -47, -68, -309
"c:\Users\brian\Desktop\Code\My Game\build\_deps\glm-src\glm\detail\type_vec1.inl", "C++", -455, 0, 0, 0, 0, 0, 0, 0, 0, 0, 0, 0, 0, 0, 0, 0, 0, 0, 0, 0, -13, -86, -554
"c:\Users\brian\Desktop\Code\My Game\build\_deps\glm-src\glm\detail\type_vec2.hpp", "C++", -292, 0, 0, 0, 0, 0, 0, 0, 0, 0, 0, 0, 0, 0, 0, 0, 0, 0, 0, 0, -21, -94, -407
"c:\Users\brian\Desktop\Code\My Game\build\_deps\glm-src\glm\detail\type_vec2.inl", "C++", -781, 0, 0, 0, 0, 0, 0, 0, 0, 0, 0, 0, 0, 0, 0, 0, 0, 0, 0, 0, -13, -122, -916
"c:\Users\brian\Desktop\Code\My Game\build\_deps\glm-src\glm\detail\type_vec3.hpp", "C++", -321, 0, 0, 0, 0, 0, 0, 0, 0, 0, 0, 0, 0, 0, 0, 0, 0, 0, 0, 0, -24, -103, -448
"c:\Users\brian\Desktop\Code\My Game\build\_deps\glm-src\glm\detail\type_vec3.inl", "C++", -815, 0, 0, 0, 0, 0, 0, 0, 0, 0, 0, 0, 0, 0, 0, 0, 0, 0, 0, 0, -14, -157, -986
"c:\Users\brian\Desktop\Code\My Game\build\_deps\glm-src\glm\detail\type_vec4.hpp", "C++", -376, 0, 0, 0, 0, 0, 0, 0, 0, 0, 0, 0, 0, 0, 0, 0, 0, 0, 0, 0, -36, -103, -515
"c:\Users\brian\Desktop\Code\My Game\build\_deps\glm-src\glm\detail\type_vec4.inl", "C++", -951, 0, 0, 0, 0, 0, 0, 0, 0, 0, 0, 0, 0, 0, 0, 0, 0, 0, 0, 0, -13, -167, -1131
"c:\Users\brian\Desktop\Code\My Game\build\_deps\glm-src\glm\detail\type_vec_simd.inl", "C++", -807, 0, 0, 0, 0, 0, 0, 0, 0, 0, 0, 0, 0, 0, 0, 0, 0, 0, 0, 0, -76, -150, -1033
"c:\Users\brian\Desktop\Code\My Game\build\_deps\glm-src\glm\exponential.hpp", "C++", -24, 0, 0, 0, 0, 0, 0, 0, 0, 0, 0, 0, 0, 0, 0, 0, 0, 0, 0, 0, -74, -13, -111
"c:\Users\brian\Desktop\Code\My Game\build\_deps\glm-src\glm\ext.hpp", "C++", -239, 0, 0, 0, 0, 0, 0, 0, 0, 0, 0, 0, 0, 0, 0, 0, 0, 0, 0, 0, -3, -26, -268
"c:\Users\brian\Desktop\Code\My Game\build\_deps\glm-src\glm\ext\_matrix_vectorize.hpp", "C++", -98, 0, 0, 0, 0, 0, 0, 0, 0, 0, 0, 0, 0, 0, 0, 0, 0, 0, 0, 0, 0, -31, -129
"c:\Users\brian\Desktop\Code\My Game\build\_deps\glm-src\glm\ext\matrix_clip_space.hpp", "C++", -149, 0, 0, 0, 0, 0, 0, 0, 0, 0, 0, 0, 0, 0, 0, 0, 0, 0, 0, 0, -374, -54, -577
"c:\Users\brian\Desktop\Code\My Game\build\_deps\glm-src\glm\ext\matrix_clip_space.inl", "C++", -546, 0, 0, 0, 0, 0, 0, 0, 0, 0, 0, 0, 0, 0, 0, 0, 0, 0, 0, 0, -1, -69, -616
"c:\Users\brian\Desktop\Code\My Game\build\_deps\glm-src\glm\ext\matrix_common.hpp", "C++", -16, 0, 0, 0, 0, 0, 0, 0, 0, 0, 0, 0, 0, 0, 0, 0, 0, 0, 0, 0, -14, -10, -40
"c:\Users\brian\Desktop\Code\My Game\build\_deps\glm-src\glm\ext\matrix_common.inl", "C++", -28, 0, 0, 0, 0, 0, 0, 0, 0, 0, 0, 0, 0, 0, 0, 0, 0, 0, 0, 0, 0, -7, -35
"c:\Users\brian\Desktop\Code\My Game\build\_deps\glm-src\glm\ext\matrix_double2x2.hpp", "C++", -7, 0, 0, 0, 0, 0, 0, 0, 0, 0, 0, 0, 0, 0, 0, 0, 0, 0, 0, 0, -11, -6, -24
"c:\Users\brian\Desktop\Code\My Game\build\_deps\glm-src\glm\ext\matrix_double2x2_precision.hpp", "C++", -11, 0, 0, 0, 0, 0, 0, 0, 0, 0, 0, 0, 0, 0, 0, 0, 0, 0, 0, 0, -29, -10, -50
"c:\Users\brian\Desktop\Code\My Game\build\_deps\glm-src\glm\ext\matrix_double2x3.hpp", "C++", -6, 0, 0, 0, 0, 0, 0, 0, 0, 0, 0, 0, 0, 0, 0, 0, 0, 0, 0, 0, -8, -5, -19
"c:\Users\brian\Desktop\Code\My Game\build\_deps\glm-src\glm\ext\matrix_double2x3_precision.hpp", "C++", -8, 0, 0, 0, 0, 0, 0, 0, 0, 0, 0, 0, 0, 0, 0, 0, 0, 0, 0, 0, -17, -7, -32
"c:\Users\brian\Desktop\Code\My Game\build\_deps\glm-src\glm\ext\matrix_double2x4.hpp", "C++", -6, 0, 0, 0, 0, 0, 0, 0, 0, 0, 0, 0, 0, 0, 0, 0, 0, 0, 0, 0, -8, -5, -19
"c:\Users\brian\Desktop\Code\My Game\build\_deps\glm-src\glm\ext\matrix_double2x4_precision.hpp", "C++", -8, 0, 0, 0, 0, 0, 0, 0, 0, 0, 0, 0, 0, 0, 0, 0, 0, 0, 0, 0, -17, -7, -32
"c:\Users\brian\Desktop\Code\My Game\build\_deps\glm-src\glm\ext\matrix_double3x2.hpp", "C++", -6, 0, 0, 0, 0, 0, 0, 0, 0, 0, 0, 0, 0, 0, 0, 0, 0, 0, 0, 0, -8, -5, -19
"c:\Users\brian\Desktop\Code\My Game\build\_deps\glm-src\glm\ext\matrix_double3x2_precision.hpp", "C++", -8, 0, 0, 0, 0, 0, 0, 0, 0, 0, 0, 0, 0, 0, 0, 0, 0, 0, 0, 0, -17, -7, -32
"c:\Users\brian\Desktop\Code\My Game\build\_deps\glm-src\glm\ext\matrix_double3x3.hpp", "C++", -7, 0, 0, 0, 0, 0, 0, 0, 0, 0, 0, 0, 0, 0, 0, 0, 0, 0, 0, 0, -11, -6, -24
"c:\Users\brian\Desktop\Code\My Game\build\_deps\glm-src\glm\ext\matrix_double3x3_precision.hpp", "C++", -11, 0, 0, 0, 0, 0, 0, 0, 0, 0, 0, 0, 0, 0, 0, 0, 0, 0, 0, 0, -29, -10, -50
"c:\Users\brian\Desktop\Code\My Game\build\_deps\glm-src\glm\ext\matrix_double3x4.hpp", "C++", -6, 0, 0, 0, 0, 0, 0, 0, 0, 0, 0, 0, 0, 0, 0, 0, 0, 0, 0, 0, -8, -5, -19
"c:\Users\brian\Desktop\Code\My Game\build\_deps\glm-src\glm\ext\matrix_double3x4_precision.hpp", "C++", -8, 0, 0, 0, 0, 0, 0, 0, 0, 0, 0, 0, 0, 0, 0, 0, 0, 0, 0, 0, -17, -7, -32
"c:\Users\brian\Desktop\Code\My Game\build\_deps\glm-src\glm\ext\matrix_double4x2.hpp", "C++", -6, 0, 0, 0, 0, 0, 0, 0, 0, 0, 0, 0, 0, 0, 0, 0, 0, 0, 0, 0, -8, -5, -19
"c:\Users\brian\Desktop\Code\My Game\build\_deps\glm-src\glm\ext\matrix_double4x2_precision.hpp", "C++", -8, 0, 0, 0, 0, 0, 0, 0, 0, 0, 0, 0, 0, 0, 0, 0, 0, 0, 0, 0, -17, -7, -32
"c:\Users\brian\Desktop\Code\My Game\build\_deps\glm-src\glm\ext\matrix_double4x3.hpp", "C++", -6, 0, 0, 0, 0, 0, 0, 0, 0, 0, 0, 0, 0, 0, 0, 0, 0, 0, 0, 0, -8, -5, -19
"c:\Users\brian\Desktop\Code\My Game\build\_deps\glm-src\glm\ext\matrix_double4x3_precision.hpp", "C++", -8, 0, 0, 0, 0, 0, 0, 0, 0, 0, 0, 0, 0, 0, 0, 0, 0, 0, 0, 0, -17, -7, -32
"c:\Users\brian\Desktop\Code\My Game\build\_deps\glm-src\glm\ext\matrix_double4x4.hpp", "C++", -7, 0, 0, 0, 0, 0, 0, 0, 0, 0, 0, 0, 0, 0, 0, 0, 0, 0, 0, 0, -11, -6, -24
"c:\Users\brian\Desktop\Code\My Game\build\_deps\glm-src\glm\ext\matrix_double4x4_precision.hpp", "C++", -11, 0, 0, 0, 0, 0, 0, 0, 0, 0, 0, 0, 0, 0, 0, 0, 0, 0, 0, 0, -29, -10, -50
"c:\Users\brian\Desktop\Code\My Game\build\_deps\glm-src\glm\ext\matrix_float2x2.hpp", "C++", -7, 0, 0, 0, 0, 0, 0, 0, 0, 0, 0, 0, 0, 0, 0, 0, 0, 0, 0, 0, -11, -6, -24
"c:\Users\brian\Desktop\Code\My Game\build\_deps\glm-src\glm\ext\matrix_float2x2_precision.hpp", "C++", -11, 0, 0, 0, 0, 0, 0, 0, 0, 0, 0, 0, 0, 0, 0, 0, 0, 0, 0, 0, -29, -10, -50
"c:\Users\brian\Desktop\Code\My Game\build\_deps\glm-src\glm\ext\matrix_float2x3.hpp", "C++", -6, 0, 0, 0, 0, 0, 0, 0, 0, 0, 0, 0, 0, 0, 0, 0, 0, 0, 0, 0, -8, -5, -19
"c:\Users\brian\Desktop\Code\My Game\build\_deps\glm-src\glm\ext\matrix_float2x3_precision.hpp", "C++", -8, 0, 0, 0, 0, 0, 0, 0, 0, 0, 0, 0, 0, 0, 0, 0, 0, 0, 0, 0, -17, -7, -32
"c:\Users\brian\Desktop\Code\My Game\build\_deps\glm-src\glm\ext\matrix_float2x4.hpp", "C++", -6, 0, 0, 0, 0, 0, 0, 0, 0, 0, 0, 0, 0, 0, 0, 0, 0, 0, 0, 0, -8, -5, -19
"c:\Users\brian\Desktop\Code\My Game\build\_deps\glm-src\glm\ext\matrix_float2x4_precision.hpp", "C++", -8, 0, 0, 0, 0, 0, 0, 0, 0, 0, 0, 0, 0, 0, 0, 0, 0, 0, 0, 0, -17, -7, -32
"c:\Users\brian\Desktop\Code\My Game\build\_deps\glm-src\glm\ext\matrix_float3x2.hpp", "C++", -6, 0, 0, 0, 0, 0, 0, 0, 0, 0, 0, 0, 0, 0, 0, 0, 0, 0, 0, 0, -8, -5, -19
"c:\Users\brian\Desktop\Code\My Game\build\_deps\glm-src\glm\ext\matrix_float3x2_precision.hpp", "C++", -8, 0, 0, 0, 0, 0, 0, 0, 0, 0, 0, 0, 0, 0, 0, 0, 0, 0, 0, 0, -17, -7, -32
"c:\Users\brian\Desktop\Code\My Game\build\_deps\glm-src\glm\ext\matrix_float3x3.hpp", "C++", -7, 0, 0, 0, 0, 0, 0, 0, 0, 0, 0, 0, 0, 0, 0, 0, 0, 0, 0, 0, -11, -6, -24
"c:\Users\brian\Desktop\Code\My Game\build\_deps\glm-src\glm\ext\matrix_float3x3_precision.hpp", "C++", -11, 0, 0, 0, 0, 0, 0, 0, 0, 0, 0, 0, 0, 0, 0, 0, 0, 0, 0, 0, -29, -10, -50
"c:\Users\brian\Desktop\Code\My Game\build\_deps\glm-src\glm\ext\matrix_float3x4.hpp", "C++", -6, 0, 0, 0, 0, 0, 0, 0, 0, 0, 0, 0, 0, 0, 0, 0, 0, 0, 0, 0, -8, -5, -19
"c:\Users\brian\Desktop\Code\My Game\build\_deps\glm-src\glm\ext\matrix_float3x4_precision.hpp", "C++", -8, 0, 0, 0, 0, 0, 0, 0, 0, 0, 0, 0, 0, 0, 0, 0, 0, 0, 0, 0, -17, -7, -32
"c:\Users\brian\Desktop\Code\My Game\build\_deps\glm-src\glm\ext\matrix_float4x2.hpp", "C++", -6, 0, 0, 0, 0, 0, 0, 0, 0, 0, 0, 0, 0, 0, 0, 0, 0, 0, 0, 0, -8, -5, -19
"c:\Users\brian\Desktop\Code\My Game\build\_deps\glm-src\glm\ext\matrix_float4x2_precision.hpp", "C++", -8, 0, 0, 0, 0, 0, 0, 0, 0, 0, 0, 0, 0, 0, 0, 0, 0, 0, 0, 0, -17, -7, -32
"c:\Users\brian\Desktop\Code\My Game\build\_deps\glm-src\glm\ext\matrix_float4x3.hpp", "C++", -6, 0, 0, 0, 0, 0, 0, 0, 0, 0, 0, 0, 0, 0, 0, 0, 0, 0, 0, 0, -8, -5, -19
"c:\Users\brian\Desktop\Code\My Game\build\_deps\glm-src\glm\ext\matrix_float4x3_precision.hpp", "C++", -8, 0, 0, 0, 0, 0, 0, 0, 0, 0, 0, 0, 0, 0, 0, 0, 0, 0, 0, 0, -17, -7, -32
"c:\Users\brian\Desktop\Code\My Game\build\_deps\glm-src\glm\ext\matrix_float4x4.hpp", "C++", -7, 0, 0, 0, 0, 0, 0, 0, 0, 0, 0, 0, 0, 0, 0, 0, 0, 0, 0, 0, -11, -6, -24
"c:\Users\brian\Desktop\Code\My Game\build\_deps\glm-src\glm\ext\matrix_float4x4_precision.hpp", "C++", -11, 0, 0, 0, 0, 0, 0, 0, 0, 0, 0, 0, 0, 0, 0, 0, 0, 0, 0, 0, -29, -10, -50
"c:\Users\brian\Desktop\Code\My Game\build\_deps\glm-src\glm\ext\matrix_int2x2.hpp", "C++", -10, 0, 0, 0, 0, 0, 0, 0, 0, 0, 0, 0, 0, 0, 0, 0, 0, 0, 0, 0, -21, -8, -39
"c:\Users\brian\Desktop\Code\My Game\build\_deps\glm-src\glm\ext\matrix_int2x2_sized.hpp", "C++", -17, 0, 0, 0, 0, 0, 0, 0, 0, 0, 0, 0, 0, 0, 0, 0, 0, 0, 0, 0, -39, -15, -71
"c:\Users\brian\Desktop\Code\My Game\build\_deps\glm-src\glm\ext\matrix_int2x3.hpp", "C++", -9, 0, 0, 0, 0, 0, 0, 0, 0, 0, 0, 0, 0, 0, 0, 0, 0, 0, 0, 0, -18, -7, -34
"c:\Users\brian\Desktop\Code\My Game\build\_deps\glm-src\glm\ext\matrix_int2x3_sized.hpp", "C++", -13, 0, 0, 0, 0, 0, 0, 0, 0, 0, 0, 0, 0, 0, 0, 0, 0, 0, 0, 0, -27, -10, -50
"c:\Users\brian\Desktop\Code\My Game\build\_deps\glm-src\glm\ext\matrix_int2x4.hpp", "C++", -9, 0, 0, 0, 0, 0, 0, 0, 0, 0, 0, 0, 0, 0, 0, 0, 0, 0, 0, 0, -18, -7, -34
"c:\Users\brian\Desktop\Code\My Game\build\_deps\glm-src\glm\ext\matrix_int2x4_sized.hpp", "C++", -13, 0, 0, 0, 0, 0, 0, 0, 0, 0, 0, 0, 0, 0, 0, 0, 0, 0, 0, 0, -27, -10, -50
"c:\Users\brian\Desktop\Code\My Game\build\_deps\glm-src\glm\ext\matrix_int3x2.hpp", "C++", -9, 0, 0, 0, 0, 0, 0, 0, 0, 0, 0, 0, 0, 0, 0, 0, 0, 0, 0, 0, -18, -7, -34
"c:\Users\brian\Desktop\Code\My Game\build\_deps\glm-src\glm\ext\matrix_int3x2_sized.hpp", "C++", -13, 0, 0, 0, 0, 0, 0, 0, 0, 0, 0, 0, 0, 0, 0, 0, 0, 0, 0, 0, -27, -10, -50
"c:\Users\brian\Desktop\Code\My Game\build\_deps\glm-src\glm\ext\matrix_int3x3.hpp", "C++", -10, 0, 0, 0, 0, 0, 0, 0, 0, 0, 0, 0, 0, 0, 0, 0, 0, 0, 0, 0, -21, -8, -39
"c:\Users\brian\Desktop\Code\My Game\build\_deps\glm-src\glm\ext\matrix_int3x3_sized.hpp", "C++", -17, 0, 0, 0, 0, 0, 0, 0, 0, 0, 0, 0, 0, 0, 0, 0, 0, 0, 0, 0, -39, -15, -71
"c:\Users\brian\Desktop\Code\My Game\build\_deps\glm-src\glm\ext\matrix_int3x4.hpp", "C++", -9, 0, 0, 0, 0, 0, 0, 0, 0, 0, 0, 0, 0, 0, 0, 0, 0, 0, 0, 0, -18, -7, -34
"c:\Users\brian\Desktop\Code\My Game\build\_deps\glm-src\glm\ext\matrix_int3x4_sized.hpp", "C++", -13, 0, 0, 0, 0, 0, 0, 0, 0, 0, 0, 0, 0, 0, 0, 0, 0, 0, 0, 0, -27, -10, -50
"c:\Users\brian\Desktop\Code\My Game\build\_deps\glm-src\glm\ext\matrix_int4x2.hpp", "C++", -9, 0, 0, 0, 0, 0, 0, 0, 0, 0, 0, 0, 0, 0, 0, 0, 0, 0, 0, 0, -18, -7, -34
"c:\Users\brian\Desktop\Code\My Game\build\_deps\glm-src\glm\ext\matrix_int4x2_sized.hpp", "C++", -13, 0, 0, 0, 0, 0, 0, 0, 0, 0, 0, 0, 0, 0, 0, 0, 0, 0, 0, 0, -27, -10, -50
"c:\Users\brian\Desktop\Code\My Game\build\_deps\glm-src\glm\ext\matrix_int4x3.hpp", "C++", -9, 0, 0, 0, 0, 0, 0, 0, 0, 0, 0, 0, 0, 0, 0, 0, 0, 0, 0, 0, -18, -7, -34
"c:\Users\brian\Desktop\Code\My Game\build\_deps\glm-src\glm\ext\matrix_int4x3_sized.hpp", "C++", -13, 0, 0, 0, 0, 0, 0, 0, 0, 0, 0, 0, 0, 0, 0, 0, 0, 0, 0, 0, -27, -10, -50
"c:\Users\brian\Desktop\Code\My Game\build\_deps\glm-src\glm\ext\matrix_int4x4.hpp", "C++", -10, 0, 0, 0, 0, 0, 0, 0, 0, 0, 0, 0, 0, 0, 0, 0, 0, 0, 0, 0, -21, -8, -39
"c:\Users\brian\Desktop\Code\My Game\build\_deps\glm-src\glm\ext\matrix_int4x4_sized.hpp", "C++", -17, 0, 0, 0, 0, 0, 0, 0, 0, 0, 0, 0, 0, 0, 0, 0, 0, 0, 0, 0, -39, -15, -71
"c:\Users\brian\Desktop\Code\My Game\build\_deps\glm-src\glm\ext\matrix_integer.hpp", "C++", -20, 0, 0, 0, 0, 0, 0, 0, 0, 0, 0, 0, 0, 0, 0, 0, 0, 0, 0, 0, -61, -11, -92
"c:\Users\brian\Desktop\Code\My Game\build\_deps\glm-src\glm\ext\matrix_integer.inl", "C++", -34, 0, 0, 0, 0, 0, 0, 0, 0, 0, 0, 0, 0, 0, 0, 0, 0, 0, 0, 0, 0, -5, -39
"c:\Users\brian\Desktop\Code\My Game\build\_deps\glm-src\glm\ext\matrix_projection.hpp", "C++", -33, 0, 0, 0, 0, 0, 0, 0, 0, 0, 0, 0, 0, 0, 0, 0, 0, 0, 0, 0, -103, -14, -150
"c:\Users\brian\Desktop\Code\My Game\build\_deps\glm-src\glm\ext\matrix_projection.inl", "C++", -85, 0, 0, 0, 0, 0, 0, 0, 0, 0, 0, 0, 0, 0, 0, 0, 0, 0, 0, 0, -1, -21, -107
"c:\Users\brian\Desktop\Code\My Game\build\_deps\glm-src\glm\ext\matrix_relational.hpp", "C++", -29, 0, 0, 0, 0, 0, 0, 0, 0, 0, 0, 0, 0, 0, 0, 0, 0, 0, 0, 0, -87, -17, -133
"c:\Users\brian\Desktop\Code\My Game\build\_deps\glm-src\glm\ext\matrix_relational.inl", "C++", -73, 0, 0, 0, 0, 0, 0, 0, 0, 0, 0, 0, 0, 0, 0, 0, 0, 0, 0, 0, -3, -13, -89
"c:\Users\brian\Desktop\Code\My Game\build\_deps\glm-src\glm\ext\matrix_transform.hpp", "C++", -35, 0, 0, 0, 0, 0, 0, 0, 0, 0, 0, 0, 0, 0, 0, 0, 0, 0, 0, 0, -122, -15, -172
"c:\Users\brian\Desktop\Code\My Game\build\_deps\glm-src\glm\ext\matrix_transform.inl", "C++", -180, 0, 0, 0, 0, 0, 0, 0, 0, 0, 0, 0, 0, 0, 0, 0, 0, 0, 0, 0, 0, -28, -208
"c:\Users\brian\Desktop\Code\My Game\build\_deps\glm-src\glm\ext\matrix_uint2x2.hpp", "C++", -10, 0, 0, 0, 0, 0, 0, 0, 0, 0, 0, 0, 0, 0, 0, 0, 0, 0, 0, 0, -21, -8, -39
"c:\Users\brian\Desktop\Code\My Game\build\_deps\glm-src\glm\ext\matrix_uint2x2_sized.hpp", "C++", -17, 0, 0, 0, 0, 0, 0, 0, 0, 0, 0, 0, 0, 0, 0, 0, 0, 0, 0, 0, -39, -15, -71
"c:\Users\brian\Desktop\Code\My Game\build\_deps\glm-src\glm\ext\matrix_uint2x3.hpp", "C++", -9, 0, 0, 0, 0, 0, 0, 0, 0, 0, 0, 0, 0, 0, 0, 0, 0, 0, 0, 0, -18, -7, -34
"c:\Users\brian\Desktop\Code\My Game\build\_deps\glm-src\glm\ext\matrix_uint2x3_sized.hpp", "C++", -13, 0, 0, 0, 0, 0, 0, 0, 0, 0, 0, 0, 0, 0, 0, 0, 0, 0, 0, 0, -27, -10, -50
"c:\Users\brian\Desktop\Code\My Game\build\_deps\glm-src\glm\ext\matrix_uint2x4.hpp", "C++", -9, 0, 0, 0, 0, 0, 0, 0, 0, 0, 0, 0, 0, 0, 0, 0, 0, 0, 0, 0, -18, -7, -34
"c:\Users\brian\Desktop\Code\My Game\build\_deps\glm-src\glm\ext\matrix_uint2x4_sized.hpp", "C++", -13, 0, 0, 0, 0, 0, 0, 0, 0, 0, 0, 0, 0, 0, 0, 0, 0, 0, 0, 0, -27, -10, -50
"c:\Users\brian\Desktop\Code\My Game\build\_deps\glm-src\glm\ext\matrix_uint3x2.hpp", "C++", -9, 0, 0, 0, 0, 0, 0, 0, 0, 0, 0, 0, 0, 0, 0, 0, 0, 0, 0, 0, -18, -7, -34
"c:\Users\brian\Desktop\Code\My Game\build\_deps\glm-src\glm\ext\matrix_uint3x2_sized.hpp", "C++", -13, 0, 0, 0, 0, 0, 0, 0, 0, 0, 0, 0, 0, 0, 0, 0, 0, 0, 0, 0, -27, -10, -50
"c:\Users\brian\Desktop\Code\My Game\build\_deps\glm-src\glm\ext\matrix_uint3x3.hpp", "C++", -10, 0, 0, 0, 0, 0, 0, 0, 0, 0, 0, 0, 0, 0, 0, 0, 0, 0, 0, 0, -21, -8, -39
"c:\Users\brian\Desktop\Code\My Game\build\_deps\glm-src\glm\ext\matrix_uint3x3_sized.hpp", "C++", -17, 0, 0, 0, 0, 0, 0, 0, 0, 0, 0, 0, 0, 0, 0, 0, 0, 0, 0, 0, -39, -15, -71
"c:\Users\brian\Desktop\Code\My Game\build\_deps\glm-src\glm\ext\matrix_uint3x4.hpp", "C++", -9, 0, 0, 0, 0, 0, 0, 0, 0, 0, 0, 0, 0, 0, 0, 0, 0, 0, 0, 0, -18, -7, -34
"c:\Users\brian\Desktop\Code\My Game\build\_deps\glm-src\glm\ext\matrix_uint3x4_sized.hpp", "C++", -13, 0, 0, 0, 0, 0, 0, 0, 0, 0, 0, 0, 0, 0, 0, 0, 0, 0, 0, 0, -27, -10, -50
"c:\Users\brian\Desktop\Code\My Game\build\_deps\glm-src\glm\ext\matrix_uint4x2.hpp", "C++", -9, 0, 0, 0, 0, 0, 0, 0, 0, 0, 0, 0, 0, 0, 0, 0, 0, 0, 0, 0, -18, -7, -34
"c:\Users\brian\Desktop\Code\My Game\build\_deps\glm-src\glm\ext\matrix_uint4x2_sized.hpp", "C++", -13, 0, 0, 0, 0, 0, 0, 0, 0, 0, 0, 0, 0, 0, 0, 0, 0, 0, 0, 0, -27, -10, -50
"c:\Users\brian\Desktop\Code\My Game\build\_deps\glm-src\glm\ext\matrix_uint4x3.hpp", "C++", -9, 0, 0, 0, 0, 0, 0, 0, 0, 0, 0, 0, 0, 0, 0, 0, 0, 0, 0, 0, -18, -7, -34
"c:\Users\brian\Desktop\Code\My Game\build\_deps\glm-src\glm\ext\matrix_uint4x3_sized.hpp", "C++", -13, 0, 0, 0, 0, 0, 0, 0, 0, 0, 0, 0, 0, 0, 0, 0, 0, 0, 0, 0, -27, -10, -50
"c:\Users\brian\Desktop\Code\My Game\build\_deps\glm-src\glm\ext\matrix_uint4x4.hpp", "C++", -10, 0, 0, 0, 0, 0, 0, 0, 0, 0, 0, 0, 0, 0, 0, 0, 0, 0, 0, 0, -21, -8, -39
"c:\Users\brian\Desktop\Code\My Game\build\_deps\glm-src\glm\ext\matrix_uint4x4_sized.hpp", "C++", -17, 0, 0, 0, 0, 0, 0, 0, 0, 0, 0, 0, 0, 0, 0, 0, 0, 0, 0, 0, -39, -15, -71
"c:\Users\brian\Desktop\Code\My Game\build\_deps\glm-src\glm\ext\quaternion_common.hpp", "C++", -30, 0, 0, 0, 0, 0, 0, 0, 0, 0, 0, 0, 0, 0, 0, 0, 0, 0, 0, 0, -91, -15, -136
"c:\Users\brian\Desktop\Code\My Game\build\_deps\glm-src\glm\ext\quaternion_common.inl", "C++", -107, 0, 0, 0, 0, 0, 0, 0, 0, 0, 0, 0, 0, 0, 0, 0, 0, 0, 0, 0, -14, -24, -145
"c:\Users\brian\Desktop\Code\My Game\build\_deps\glm-src\glm\ext\quaternion_common_simd.inl", "C++", -15, 0, 0, 0, 0, 0, 0, 0, 0, 0, 0, 0, 0, 0, 0, 0, 0, 0, 0, 0, 0, -4, -19
"c:\Users\brian\Desktop\Code\My Game\build\_deps\glm-src\glm\ext\quaternion_double.hpp", "C++", -9, 0, 0, 0, 0, 0, 0, 0, 0, 0, 0, 0, 0, 0, 0, 0, 0, 0, 0, 0, -23, -8, -40
"c:\Users\brian\Desktop\Code\My Game\build\_deps\glm-src\glm\ext\quaternion_double_precision.hpp", "C++", -11, 0, 0, 0, 0, 0, 0, 0, 0, 0, 0, 0, 0, 0, 0, 0, 0, 0, 0, 0, -22, -10, -43
"c:\Users\brian\Desktop\Code\My Game\build\_deps\glm-src\glm\ext\quaternion_exponential.hpp", "C++", -20, 0, 0, 0, 0, 0, 0, 0, 0, 0, 0, 0, 0, 0, 0, 0, 0, 0, 0, 0, -33, -11, -64
"c:\Users\brian\Desktop\Code\My Game\build\_deps\glm-src\glm\ext\quaternion_exponential.inl", "C++", -64, 0, 0, 0, 0, 0, 0, 0, 0, 0, 0, 0, 0, 0, 0, 0, 0, 0, 0, 0, -12, -14, -90
"c:\Users\brian\Desktop\Code\My Game\build\_deps\glm-src\glm\ext\quaternion_float.hpp", "C++", -9, 0, 0, 0, 0, 0, 0, 0, 0, 0, 0, 0, 0, 0, 0, 0, 0, 0, 0, 0, -23, -8, -40
"c:\Users\brian\Desktop\Code\My Game\build\_deps\glm-src\glm\ext\quaternion_float_precision.hpp", "C++", -11, 0, 0, 0, 0, 0, 0, 0, 0, 0, 0, 0, 0, 0, 0, 0, 0, 0, 0, 0, -16, -10, -37
"c:\Users\brian\Desktop\Code\My Game\build\_deps\glm-src\glm\ext\quaternion_geometric.hpp", "C++", -19, 0, 0, 0, 0, 0, 0, 0, 0, 0, 0, 0, 0, 0, 0, 0, 0, 0, 0, 0, -41, -11, -71
"c:\Users\brian\Desktop\Code\My Game\build\_deps\glm-src\glm\ext\quaternion_geometric.inl", "C++", -32, 0, 0, 0, 0, 0, 0, 0, 0, 0, 0, 0, 0, 0, 0, 0, 0, 0, 0, 0, 0, -5, -37
"c:\Users\brian\Desktop\Code\My Game\build\_deps\glm-src\glm\ext\quaternion_relational.hpp", "C++", -17, 0, 0, 0, 0, 0, 0, 0, 0, 0, 0, 0, 0, 0, 0, 0, 0, 0, 0, 0, -35, -11, -63
"c:\Users\brian\Desktop\Code\My Game\build\_deps\glm-src\glm\ext\quaternion_relational.inl", "C++", -31, 0, 0, 0, 0, 0, 0, 0, 0, 0, 0, 0, 0, 0, 0, 0, 0, 0, 0, 0, 0, -5, -36
"c:\Users\brian\Desktop\Code\My Game\build\_deps\glm-src\glm\ext\quaternion_transform.hpp", "C++", -13, 0, 0, 0, 0, 0, 0, 0, 0, 0, 0, 0, 0, 0, 0, 0, 0, 0, 0, 0, -28, -7, -48
"c:\Users\brian\Desktop\Code\My Game\build\_deps\glm-src\glm\ext\quaternion_transform.inl", "C++", -19, 0, 0, 0, 0, 0, 0, 0, 0, 0, 0, 0, 0, 0, 0, 0, 0, 0, 0, 0, -1, -5, -25
"c:\Users\brian\Desktop\Code\My Game\build\_deps\glm-src\glm\ext\quaternion_trigonometric.hpp", "C++", -19, 0, 0, 0, 0, 0, 0, 0, 0, 0, 0, 0, 0, 0, 0, 0, 0, 0, 0, 0, -37, -10, -66
"c:\Users\brian\Desktop\Code\My Game\build\_deps\glm-src\glm\ext\quaternion_trigonometric.inl", "C++", -32, 0, 0, 0, 0, 0, 0, 0, 0, 0, 0, 0, 0, 0, 0, 0, 0, 0, 0, 0, 0, -6, -38
"c:\Users\brian\Desktop\Code\My Game\build\_deps\glm-src\glm\ext\scalar_common.hpp", "C++", -43, 0, 0, 0, 0, 0, 0, 0, 0, 0, 0, 0, 0, 0, 0, 0, 0, 0, 0, 0, -115, -24, -182
"c:\Users\brian\Desktop\Code\My Game\build\_deps\glm-src\glm\ext\scalar_common.inl", "C++", -144, 0, 0, 0, 0, 0, 0, 0, 0, 0, 0, 0, 0, 0, 0, 0, 0, 0, 0, 0, -1, -26, -171
"c:\Users\brian\Desktop\Code\My Game\build\_deps\glm-src\glm\ext\scalar_constants.hpp", "C++", -15, 0, 0, 0, 0, 0, 0, 0, 0, 0, 0, 0, 0, 0, 0, 0, 0, 0, 0, 0, -16, -10, -41
"c:\Users\brian\Desktop\Code\My Game\build\_deps\glm-src\glm\ext\scalar_constants.inl", "C++", -21, 0, 0, 0, 0, 0, 0, 0, 0, 0, 0, 0, 0, 0, 0, 0, 0, 0, 0, 0, 0, -4, -25
"c:\Users\brian\Desktop\Code\My Game\build\_deps\glm-src\glm\ext\scalar_int_sized.hpp", "C++", -38, 0, 0, 0, 0, 0, 0, 0, 0, 0, 0, 0, 0, 0, 0, 0, 0, 0, 0, 0, -18, -15, -71
"c:\Users\brian\Desktop\Code\My Game\build\_deps\glm-src\glm\ext\scalar_integer.hpp", "C++", -29, 0, 0, 0, 0, 0, 0, 0, 0, 0, 0, 0, 0, 0, 0, 0, 0, 0, 0, 0, -50, -14, -93
"c:\Users\brian\Desktop\Code\My Game\build\_deps\glm-src\glm\ext\scalar_integer.inl", "C++", -208, 0, 0, 0, 0, 0, 0, 0, 0, 0, 0, 0, 0, 0, 0, 0, 0, 0, 0, 0, 0, -36, -244
"c:\Users\brian\Desktop\Code\My Game\build\_deps\glm-src\glm\ext\scalar_packing.hpp", "C++", -9, 0, 0, 0, 0, 0, 0, 0, 0, 0, 0, 0, 0, 0, 0, 0, 0, 0, 0, 0, -16, -8, -33
"c:\Users\brian\Desktop\Code\My Game\build\_deps\glm-src\glm\ext\scalar_packing.inl", "C++", 0, 0, 0, 0, 0, 0, 0, 0, 0, 0, 0, 0, 0, 0, 0, 0, 0, 0, 0, 0, 0, -1, -1
"c:\Users\brian\Desktop\Code\My Game\build\_deps\glm-src\glm\ext\scalar_reciprocal.hpp", "C++", -33, 0, 0, 0, 0, 0, 0, 0, 0, 0, 0, 0, 0, 0, 0, 0, 0, 0, 0, 0, -84, -19, -136
"c:\Users\brian\Desktop\Code\My Game\build\_deps\glm-src\glm\ext\scalar_reciprocal.inl", "C++", -79, 0, 0, 0, 0, 0, 0, 0, 0, 0, 0, 0, 0, 0, 0, 0, 0, 0, 0, 0, -13, -16, -108
"c:\Users\brian\Desktop\Code\My Game\build\_deps\glm-src\glm\ext\scalar_relational.hpp", "C++", -17, 0, 0, 0, 0, 0, 0, 0, 0, 0, 0, 0, 0, 0, 0, 0, 0, 0, 0, 0, -41, -11, -69
"c:\Users\brian\Desktop\Code\My Game\build\_deps\glm-src\glm\ext\scalar_relational.inl", "C++", -32, 0, 0, 0, 0, 0, 0, 0, 0, 0, 0, 0, 0, 0, 0, 0, 0, 0, 0, 0, -2, -7, -41
"c:\Users\brian\Desktop\Code\My Game\build\_deps\glm-src\glm\ext\scalar_uint_sized.hpp", "C++", -38, 0, 0, 0, 0, 0, 0, 0, 0, 0, 0, 0, 0, 0, 0, 0, 0, 0, 0, 0, -18, -15, -71
"c:\Users\brian\Desktop\Code\My Game\build\_deps\glm-src\glm\ext\scalar_ulp.hpp", "C++", -21, 0, 0, 0, 0, 0, 0, 0, 0, 0, 0, 0, 0, 0, 0, 0, 0, 0, 0, 0, -44, -13, -78
"c:\Users\brian\Desktop\Code\My Game\build\_deps\glm-src\glm\ext\scalar_ulp.inl", "C++", -257, 0, 0, 0, 0, 0, 0, 0, 0, 0, 0, 0, 0, 0, 0, 0, 0, 0, 0, 0, -7, -28, -292
"c:\Users\brian\Desktop\Code\My Game\build\_deps\glm-src\glm\ext\vector_bool1.hpp", "C++", -9, 0, 0, 0, 0, 0, 0, 0, 0, 0, 0, 0, 0, 0, 0, 0, 0, 0, 0, 0, -15, -7, -31
"c:\Users\brian\Desktop\Code\My Game\build\_deps\glm-src\glm\ext\vector_bool1_precision.hpp", "C++", -11, 0, 0, 0, 0, 0, 0, 0, 0, 0, 0, 0, 0, 0, 0, 0, 0, 0, 0, 0, -15, -9, -35
"c:\Users\brian\Desktop\Code\My Game\build\_deps\glm-src\glm\ext\vector_bool2.hpp", "C++", -6, 0, 0, 0, 0, 0, 0, 0, 0, 0, 0, 0, 0, 0, 0, 0, 0, 0, 0, 0, -8, -5, -19
"c:\Users\brian\Desktop\Code\My Game\build\_deps\glm-src\glm\ext\vector_bool2_precision.hpp", "C++", -8, 0, 0, 0, 0, 0, 0, 0, 0, 0, 0, 0, 0, 0, 0, 0, 0, 0, 0, 0, -17, -7, -32
"c:\Users\brian\Desktop\Code\My Game\build\_deps\glm-src\glm\ext\vector_bool3.hpp", "C++", -6, 0, 0, 0, 0, 0, 0, 0, 0, 0, 0, 0, 0, 0, 0, 0, 0, 0, 0, 0, -8, -5, -19
"c:\Users\brian\Desktop\Code\My Game\build\_deps\glm-src\glm\ext\vector_bool3_precision.hpp", "C++", -8, 0, 0, 0, 0, 0, 0, 0, 0, 0, 0, 0, 0, 0, 0, 0, 0, 0, 0, 0, -17, -7, -32
"c:\Users\brian\Desktop\Code\My Game\build\_deps\glm-src\glm\ext\vector_bool4.hpp", "C++", -6, 0, 0, 0, 0, 0, 0, 0, 0, 0, 0, 0, 0, 0, 0, 0, 0, 0, 0, 0, -8, -5, -19
"c:\Users\brian\Desktop\Code\My Game\build\_deps\glm-src\glm\ext\vector_bool4_precision.hpp", "C++", -8, 0, 0, 0, 0, 0, 0, 0, 0, 0, 0, 0, 0, 0, 0, 0, 0, 0, 0, 0, -17, -7, -32
"c:\Users\brian\Desktop\Code\My Game\build\_deps\glm-src\glm\ext\vector_common.hpp", "C++", -50, 0, 0, 0, 0, 0, 0, 0, 0, 0, 0, 0, 0, 0, 0, 0, 0, 0, 0, 0, -152, -27, -229
"c:\Users\brian\Desktop\Code\My Game\build\_deps\glm-src\glm\ext\vector_common.inl", "C++", -125, 0, 0, 0, 0, 0, 0, 0, 0, 0, 0, 0, 0, 0, 0, 0, 0, 0, 0, 0, 0, -23, -148
"c:\Users\brian\Desktop\Code\My Game\build\_deps\glm-src\glm\ext\vector_double1.hpp", "C++", -9, 0, 0, 0, 0, 0, 0, 0, 0, 0, 0, 0, 0, 0, 0, 0, 0, 0, 0, 0, -16, -7, -32
"c:\Users\brian\Desktop\Code\My Game\build\_deps\glm-src\glm\ext\vector_double1_precision.hpp", "C++", -11, 0, 0, 0, 0, 0, 0, 0, 0, 0, 0, 0, 0, 0, 0, 0, 0, 0, 0, 0, -17, -9, -37
"c:\Users\brian\Desktop\Code\My Game\build\_deps\glm-src\glm\ext\vector_double2.hpp", "C++", -6, 0, 0, 0, 0, 0, 0, 0, 0, 0, 0, 0, 0, 0, 0, 0, 0, 0, 0, 0, -8, -5, -19
"c:\Users\brian\Desktop\Code\My Game\build\_deps\glm-src\glm\ext\vector_double2_precision.hpp", "C++", -8, 0, 0, 0, 0, 0, 0, 0, 0, 0, 0, 0, 0, 0, 0, 0, 0, 0, 0, 0, -17, -7, -32
"c:\Users\brian\Desktop\Code\My Game\build\_deps\glm-src\glm\ext\vector_double3.hpp", "C++", -6, 0, 0, 0, 0, 0, 0, 0, 0, 0, 0, 0, 0, 0, 0, 0, 0, 0, 0, 0, -8, -5, -19
"c:\Users\brian\Desktop\Code\My Game\build\_deps\glm-src\glm\ext\vector_double3_precision.hpp", "C++", -8, 0, 0, 0, 0, 0, 0, 0, 0, 0, 0, 0, 0, 0, 0, 0, 0, 0, 0, 0, -20, -7, -35
"c:\Users\brian\Desktop\Code\My Game\build\_deps\glm-src\glm\ext\vector_double4.hpp", "C++", -6, 0, 0, 0, 0, 0, 0, 0, 0, 0, 0, 0, 0, 0, 0, 0, 0, 0, 0, 0, -8, -5, -19
"c:\Users\brian\Desktop\Code\My Game\build\_deps\glm-src\glm\ext\vector_double4_precision.hpp", "C++", -9, 0, 0, 0, 0, 0, 0, 0, 0, 0, 0, 0, 0, 0, 0, 0, 0, 0, 0, 0, -20, -7, -36
"c:\Users\brian\Desktop\Code\My Game\build\_deps\glm-src\glm\ext\vector_float1.hpp", "C++", -9, 0, 0, 0, 0, 0, 0, 0, 0, 0, 0, 0, 0, 0, 0, 0, 0, 0, 0, 0, -16, -7, -32
"c:\Users\brian\Desktop\Code\My Game\build\_deps\glm-src\glm\ext\vector_float1_precision.hpp", "C++", -11, 0, 0, 0, 0, 0, 0, 0, 0, 0, 0, 0, 0, 0, 0, 0, 0, 0, 0, 0, -17, -9, -37
"c:\Users\brian\Desktop\Code\My Game\build\_deps\glm-src\glm\ext\vector_float2.hpp", "C++", -6, 0, 0, 0, 0, 0, 0, 0, 0, 0, 0, 0, 0, 0, 0, 0, 0, 0, 0, 0, -8, -5, -19
"c:\Users\brian\Desktop\Code\My Game\build\_deps\glm-src\glm\ext\vector_float2_precision.hpp", "C++", -8, 0, 0, 0, 0, 0, 0, 0, 0, 0, 0, 0, 0, 0, 0, 0, 0, 0, 0, 0, -17, -7, -32
"c:\Users\brian\Desktop\Code\My Game\build\_deps\glm-src\glm\ext\vector_float3.hpp", "C++", -6, 0, 0, 0, 0, 0, 0, 0, 0, 0, 0, 0, 0, 0, 0, 0, 0, 0, 0, 0, -8, -5, -19
"c:\Users\brian\Desktop\Code\My Game\build\_deps\glm-src\glm\ext\vector_float3_precision.hpp", "C++", -8, 0, 0, 0, 0, 0, 0, 0, 0, 0, 0, 0, 0, 0, 0, 0, 0, 0, 0, 0, -17, -7, -32
"c:\Users\brian\Desktop\Code\My Game\build\_deps\glm-src\glm\ext\vector_float4.hpp", "C++", -6, 0, 0, 0, 0, 0, 0, 0, 0, 0, 0, 0, 0, 0, 0, 0, 0, 0, 0, 0, -8, -5, -19
"c:\Users\brian\Desktop\Code\My Game\build\_deps\glm-src\glm\ext\vector_float4_precision.hpp", "C++", -8, 0, 0, 0, 0, 0, 0, 0, 0, 0, 0, 0, 0, 0, 0, 0, 0, 0, 0, 0, -17, -7, -32
"c:\Users\brian\Desktop\Code\My Game\build\_deps\glm-src\glm\ext\vector_int1.hpp", "C++", -9, 0, 0, 0, 0, 0, 0, 0, 0, 0, 0, 0, 0, 0, 0, 0, 0, 0, 0, 0, -16, -8, -33
"c:\Users\brian\Desktop\Code\My Game\build\_deps\glm-src\glm\ext\vector_int1_sized.hpp", "C++", -13, 0, 0, 0, 0, 0, 0, 0, 0, 0, 0, 0, 0, 0, 0, 0, 0, 0, 0, 0, -27, -10, -50
"c:\Users\brian\Desktop\Code\My Game\build\_deps\glm-src\glm\ext\vector_int2.hpp", "C++", -6, 0, 0, 0, 0, 0, 0, 0, 0, 0, 0, 0, 0, 0, 0, 0, 0, 0, 0, 0, -8, -5, -19
"c:\Users\brian\Desktop\Code\My Game\build\_deps\glm-src\glm\ext\vector_int2_sized.hpp", "C++", -13, 0, 0, 0, 0, 0, 0, 0, 0, 0, 0, 0, 0, 0, 0, 0, 0, 0, 0, 0, -27, -10, -50
"c:\Users\brian\Desktop\Code\My Game\build\_deps\glm-src\glm\ext\vector_int3.hpp", "C++", -6, 0, 0, 0, 0, 0, 0, 0, 0, 0, 0, 0, 0, 0, 0, 0, 0, 0, 0, 0, -8, -5, -19
"c:\Users\brian\Desktop\Code\My Game\build\_deps\glm-src\glm\ext\vector_int3_sized.hpp", "C++", -13, 0, 0, 0, 0, 0, 0, 0, 0, 0, 0, 0, 0, 0, 0, 0, 0, 0, 0, 0, -27, -10, -50
"c:\Users\brian\Desktop\Code\My Game\build\_deps\glm-src\glm\ext\vector_int4.hpp", "C++", -6, 0, 0, 0, 0, 0, 0, 0, 0, 0, 0, 0, 0, 0, 0, 0, 0, 0, 0, 0, -8, -5, -19
"c:\Users\brian\Desktop\Code\My Game\build\_deps\glm-src\glm\ext\vector_int4_sized.hpp", "C++", -13, 0, 0, 0, 0, 0, 0, 0, 0, 0, 0, 0, 0, 0, 0, 0, 0, 0, 0, 0, -27, -10, -50
"c:\Users\brian\Desktop\Code\My Game\build\_deps\glm-src\glm\ext\vector_integer.hpp", "C++", -34, 0, 0, 0, 0, 0, 0, 0, 0, 0, 0, 0, 0, 0, 0, 0, 0, 0, 0, 0, -99, -17, -150
"c:\Users\brian\Desktop\Code\My Game\build\_deps\glm-src\glm\ext\vector_integer.inl", "C++", -65, 0, 0, 0, 0, 0, 0, 0, 0, 0, 0, 0, 0, 0, 0, 0, 0, 0, 0, 0, 0, -21, -86
"c:\Users\brian\Desktop\Code\My Game\build\_deps\glm-src\glm\ext\vector_packing.hpp", "C++", -9, 0, 0, 0, 0, 0, 0, 0, 0, 0, 0, 0, 0, 0, 0, 0, 0, 0, 0, 0, -16, -8, -33
"c:\Users\brian\Desktop\Code\My Game\build\_deps\glm-src\glm\ext\vector_packing.inl", "C++", 0, 0, 0, 0, 0, 0, 0, 0, 0, 0, 0, 0, 0, 0, 0, 0, 0, 0, 0, 0, 0, -1, -1
"c:\Users\brian\Desktop\Code\My Game\build\_deps\glm-src\glm\ext\vector_reciprocal.hpp", "C++", -33, 0, 0, 0, 0, 0, 0, 0, 0, 0, 0, 0, 0, 0, 0, 0, 0, 0, 0, 0, -84, -19, -136
"c:\Users\brian\Desktop\Code\My Game\build\_deps\glm-src\glm\ext\vector_reciprocal.inl", "C++", -79, 0, 0, 0, 0, 0, 0, 0, 0, 0, 0, 0, 0, 0, 0, 0, 0, 0, 0, 0, -13, -14, -106
"c:\Users\brian\Desktop\Code\My Game\build\_deps\glm-src\glm\ext\vector_relational.hpp", "C++", -25, 0, 0, 0, 0, 0, 0, 0, 0, 0, 0, 0, 0, 0, 0, 0, 0, 0, 0, 0, -68, -15, -108
"c:\Users\brian\Desktop\Code\My Game\build\_deps\glm-src\glm\ext\vector_relational.inl", "C++", -62, 0, 0, 0, 0, 0, 0, 0, 0, 0, 0, 0, 0, 0, 0, 0, 0, 0, 0, 0, -3, -11, -76
"c:\Users\brian\Desktop\Code\My Game\build\_deps\glm-src\glm\ext\vector_uint1.hpp", "C++", -9, 0, 0, 0, 0, 0, 0, 0, 0, 0, 0, 0, 0, 0, 0, 0, 0, 0, 0, 0, -16, -8, -33
"c:\Users\brian\Desktop\Code\My Game\build\_deps\glm-src\glm\ext\vector_uint1_sized.hpp", "C++", -13, 0, 0, 0, 0, 0, 0, 0, 0, 0, 0, 0, 0, 0, 0, 0, 0, 0, 0, 0, -27, -10, -50
"c:\Users\brian\Desktop\Code\My Game\build\_deps\glm-src\glm\ext\vector_uint2.hpp", "C++", -6, 0, 0, 0, 0, 0, 0, 0, 0, 0, 0, 0, 0, 0, 0, 0, 0, 0, 0, 0, -8, -5, -19
"c:\Users\brian\Desktop\Code\My Game\build\_deps\glm-src\glm\ext\vector_uint2_sized.hpp", "C++", -13, 0, 0, 0, 0, 0, 0, 0, 0, 0, 0, 0, 0, 0, 0, 0, 0, 0, 0, 0, -27, -10, -50
"c:\Users\brian\Desktop\Code\My Game\build\_deps\glm-src\glm\ext\vector_uint3.hpp", "C++", -6, 0, 0, 0, 0, 0, 0, 0, 0, 0, 0, 0, 0, 0, 0, 0, 0, 0, 0, 0, -8, -5, -19
"c:\Users\brian\Desktop\Code\My Game\build\_deps\glm-src\glm\ext\vector_uint3_sized.hpp", "C++", -13, 0, 0, 0, 0, 0, 0, 0, 0, 0, 0, 0, 0, 0, 0, 0, 0, 0, 0, 0, -27, -10, -50
"c:\Users\brian\Desktop\Code\My Game\build\_deps\glm-src\glm\ext\vector_uint4.hpp", "C++", -6, 0, 0, 0, 0, 0, 0, 0, 0, 0, 0, 0, 0, 0, 0, 0, 0, 0, 0, 0, -8, -5, -19
"c:\Users\brian\Desktop\Code\My Game\build\_deps\glm-src\glm\ext\vector_uint4_sized.hpp", "C++", -13, 0, 0, 0, 0, 0, 0, 0, 0, 0, 0, 0, 0, 0, 0, 0, 0, 0, 0, 0, -27, -10, -50
"c:\Users\brian\Desktop\Code\My Game\build\_deps\glm-src\glm\ext\vector_ulp.hpp", "C++", -25, 0, 0, 0, 0, 0, 0, 0, 0, 0, 0, 0, 0, 0, 0, 0, 0, 0, 0, 0, -73, -15, -113
"c:\Users\brian\Desktop\Code\My Game\build\_deps\glm-src\glm\ext\vector_ulp.inl", "C++", -67, 0, 0, 0, 0, 0, 0, 0, 0, 0, 0, 0, 0, 0, 0, 0, 0, 0, 0, 0, 0, -8, -75
"c:\Users\brian\Desktop\Code\My Game\build\_deps\glm-src\glm\fwd.hpp", "C++", -1013, 0, 0, 0, 0, 0, 0, 0, 0, 0, 0, 0, 0, 0, 0, 0, 0, 0, 0, 0, -12, -209, -1234
"c:\Users\brian\Desktop\Code\My Game\build\_deps\glm-src\glm\geometric.hpp", "C++", -30, 0, 0, 0, 0, 0, 0, 0, 0, 0, 0, 0, 0, 0, 0, 0, 0, 0, 0, 0, -73, -14, -117
"c:\Users\brian\Desktop\Code\My Game\build\_deps\glm-src\glm\glm.cppm", "C++", -2655, 0, 0, 0, 0, 0, 0, 0, 0, 0, 0, 0, 0, 0, 0, 0, 0, 0, 0, 0, -7, -17, -2679
"c:\Users\brian\Desktop\Code\My Game\build\_deps\glm-src\glm\glm.hpp", "C++", -29, 0, 0, 0, 0, 0, 0, 0, 0, 0, 0, 0, 0, 0, 0, 0, 0, 0, 0, 0, -102, -7, -138
"c:\Users\brian\Desktop\Code\My Game\build\_deps\glm-src\glm\gtc\bitfield.hpp", "C++", -57, 0, 0, 0, 0, 0, 0, 0, 0, 0, 0, 0, 0, 0, 0, 0, 0, 0, 0, 0, -170, -40, -267
"c:\Users\brian\Desktop\Code\My Game\build\_deps\glm-src\glm\gtc\bitfield.inl", "C++", -493, 0, 0, 0, 0, 0, 0, 0, 0, 0, 0, 0, 0, 0, 0, 0, 0, 0, 0, 0, -1, -142, -636
"c:\Users\brian\Desktop\Code\My Game\build\_deps\glm-src\glm\gtc\color_space.hpp", "C++", -22, 0, 0, 0, 0, 0, 0, 0, 0, 0, 0, 0, 0, 0, 0, 0, 0, 0, 0, 0, -24, -11, -57
"c:\Users\brian\Desktop\Code\My Game\build\_deps\glm-src\glm\gtc\color_space.inl", "C++", -72, 0, 0, 0, 0, 0, 0, 0, 0, 0, 0, 0, 0, 0, 0, 0, 0, 0, 0, 0, -2, -11, -85
"c:\Users\brian\Desktop\Code\My Game\build\_deps\glm-src\glm\gtc\constants.hpp", "C++", -65, 0, 0, 0, 0, 0, 0, 0, 0, 0, 0, 0, 0, 0, 0, 0, 0, 0, 0, 0, -71, -35, -171
"c:\Users\brian\Desktop\Code\My Game\build\_deps\glm-src\glm\gtc\constants.inl", "C++", -143, 0, 0, 0, 0, 0, 0, 0, 0, 0, 0, 0, 0, 0, 0, 0, 0, 0, 0, 0, -1, -30, -174
"c:\Users\brian\Desktop\Code\My Game\build\_deps\glm-src\glm\gtc\epsilon.hpp", "C++", -18, 0, 0, 0, 0, 0, 0, 0, 0, 0, 0, 0, 0, 0, 0, 0, 0, 0, 0, 0, -32, -11, -61
"c:\Users\brian\Desktop\Code\My Game\build\_deps\glm-src\glm\gtc\epsilon.inl", "C++", -67, 0, 0, 0, 0, 0, 0, 0, 0, 0, 0, 0, 0, 0, 0, 0, 0, 0, 0, 0, -2, -12, -81
"c:\Users\brian\Desktop\Code\My Game\build\_deps\glm-src\glm\gtc\integer.hpp", "C++", -18, 0, 0, 0, 0, 0, 0, 0, 0, 0, 0, 0, 0, 0, 0, 0, 0, 0, 0, 0, -18, -8, -44
"c:\Users\brian\Desktop\Code\My Game\build\_deps\glm-src\glm\gtc\integer.inl", "C++", -28, 0, 0, 0, 0, 0, 0, 0, 0, 0, 0, 0, 0, 0, 0, 0, 0, 0, 0, 0, -3, -3, -34
"c:\Users\brian\Desktop\Code\My Game\build\_deps\glm-src\glm\gtc\matrix_access.hpp", "C++", -27, 0, 0, 0, 0, 0, 0, 0, 0, 0, 0, 0, 0, 0, 0, 0, 0, 0, 0, 0, -23, -11, -61
"c:\Users\brian\Desktop\Code\My Game\build\_deps\glm-src\glm\gtc\matrix_access.inl", "C++", -53, 0, 0, 0, 0, 0, 0, 0, 0, 0, 0, 0, 0, 0, 0, 0, 0, 0, 0, 0, -1, -9, -63
"c:\Users\brian\Desktop\Code\My Game\build\_deps\glm-src\glm\gtc\matrix_integer.hpp", "C++", -112, 0, 0, 0, 0, 0, 0, 0, 0, 0, 0, 0, 0, 0, 0, 0, 0, 0, 0, 0, -207, -115, -434
"c:\Users\brian\Desktop\Code\My Game\build\_deps\glm-src\glm\gtc\matrix_inverse.hpp", "C++", -17, 0, 0, 0, 0, 0, 0, 0, 0, 0, 0, 0, 0, 0, 0, 0, 0, 0, 0, 0, -25, -9, -51
"c:\Users\brian\Desktop\Code\My Game\build\_deps\glm-src\glm\gtc\matrix_inverse.inl", "C++", -99, 0, 0, 0, 0, 0, 0, 0, 0, 0, 0, 0, 0, 0, 0, 0, 0, 0, 0, 0, -1, -19, -119
"c:\Users\brian\Desktop\Code\My Game\build\_deps\glm-src\glm\gtc\matrix_transform.hpp", "C++", -12, 0, 0, 0, 0, 0, 0, 0, 0, 0, 0, 0, 0, 0, 0, 0, 0, 0, 0, 0, -20, -5, -37
"c:\Users\brian\Desktop\Code\My Game\build\_deps\glm-src\glm\gtc\matrix_transform.inl", "C++", -3, 0, 0, 0, 0, 0, 0, 0, 0, 0, 0, 0, 0, 0, 0, 0, 0, 0, 0, 0, 0, -1, -4
"c:\Users\brian\Desktop\Code\My Game\build\_deps\glm-src\glm\gtc\noise.hpp", "C++", -27, 0, 0, 0, 0, 0, 0, 0, 0, 0, 0, 0, 0, 0, 0, 0, 0, 0, 0, 0, -25, -10, -62
"c:\Users\brian\Desktop\Code\My Game\build\_deps\glm-src\glm\gtc\noise.inl", "C++", -582, 0, 0, 0, 0, 0, 0, 0, 0, 0, 0, 0, 0, 0, 0, 0, 0, 0, 0, 0, -133, -93, -808
"c:\Users\brian\Desktop\Code\My Game\build\_deps\glm-src\glm\gtc\packing.hpp", "C++", -88, 0, 0, 0, 0, 0, 0, 0, 0, 0, 0, 0, 0, 0, 0, 0, 0, 0, 0, 0, -561, -80, -729
"c:\Users\brian\Desktop\Code\My Game\build\_deps\glm-src\glm\gtc\packing.inl", "C++", -764, 0, 0, 0, 0, 0, 0, 0, 0, 0, 0, 0, 0, 0, 0, 0, 0, 0, 0, 0, -61, -128, -953
"c:\Users\brian\Desktop\Code\My Game\build\_deps\glm-src\glm\gtc\quaternion.hpp", "C++", -60, 0, 0, 0, 0, 0, 0, 0, 0, 0, 0, 0, 0, 0, 0, 0, 0, 0, 0, 0, -93, -21, -174
"c:\Users\brian\Desktop\Code\My Game\build\_deps\glm-src\glm\gtc\quaternion.inl", "C++", -175, 0, 0, 0, 0, 0, 0, 0, 0, 0, 0, 0, 0, 0, 0, 0, 0, 0, 0, 0, -1, -33, -209
"c:\Users\brian\Desktop\Code\My Game\build\_deps\glm-src\glm\gtc\quaternion_simd.inl", "C++", 0, 0, 0, 0, 0, 0, 0, 0, 0, 0, 0, 0, 0, 0, 0, 0, 0, 0, 0, 0, 0, -1, -1
"c:\Users\brian\Desktop\Code\My Game\build\_deps\glm-src\glm\gtc\random.hpp", "C++", -25, 0, 0, 0, 0, 0, 0, 0, 0, 0, 0, 0, 0, 0, 0, 0, 0, 0, 0, 0, -44, -14, -83
"c:\Users\brian\Desktop\Code\My Game\build\_deps\glm-src\glm\gtc\random.inl", "C++", -262, 0, 0, 0, 0, 0, 0, 0, 0, 0, 0, 0, 0, 0, 0, 0, 0, 0, 0, 0, 0, -42, -304
"c:\Users\brian\Desktop\Code\My Game\build\_deps\glm-src\glm\gtc\reciprocal.hpp", "C++", -7, 0, 0, 0, 0, 0, 0, 0, 0, 0, 0, 0, 0, 0, 0, 0, 0, 0, 0, 0, -12, -6, -25
"c:\Users\brian\Desktop\Code\My Game\build\_deps\glm-src\glm\gtc\round.hpp", "C++", -38, 0, 0, 0, 0, 0, 0, 0, 0, 0, 0, 0, 0, 0, 0, 0, 0, 0, 0, 0, -104, -19, -161
"c:\Users\brian\Desktop\Code\My Game\build\_deps\glm-src\glm\gtc\round.inl", "C++", -118, 0, 0, 0, 0, 0, 0, 0, 0, 0, 0, 0, 0, 0, 0, 0, 0, 0, 0, 0, -13, -25, -156
"c:\Users\brian\Desktop\Code\My Game\build\_deps\glm-src\glm\gtc\type_aligned.hpp", "C++", -572, 0, 0, 0, 0, 0, 0, 0, 0, 0, 0, 0, 0, 0, 0, 0, 0, 0, 0, 0, -401, -406, -1379
"c:\Users\brian\Desktop\Code\My Game\build\_deps\glm-src\glm\gtc\type_precision.hpp", "C++", -514, 0, 0, 0, 0, 0, 0, 0, 0, 0, 0, 0, 0, 0, 0, 0, 0, 0, 0, 0, -1018, -563, -2095
"c:\Users\brian\Desktop\Code\My Game\build\_deps\glm-src\glm\gtc\type_precision.inl", "C++", -3, 0, 0, 0, 0, 0, 0, 0, 0, 0, 0, 0, 0, 0, 0, 0, 0, 0, 0, 0, -1, -3, -7
"c:\Users\brian\Desktop\Code\My Game\build\_deps\glm-src\glm\gtc\type_ptr.hpp", "C++", -89, 0, 0, 0, 0, 0, 0, 0, 0, 0, 0, 0, 0, 0, 0, 0, 0, 0, 0, 0, -102, -40, -231
"c:\Users\brian\Desktop\Code\My Game\build\_deps\glm-src\glm\gtc\type_ptr.inl", "C++", -330, 0, 0, 0, 0, 0, 0, 0, 0, 0, 0, 0, 0, 0, 0, 0, 0, 0, 0, 0, -4, -65, -399
"c:\Users\brian\Desktop\Code\My Game\build\_deps\glm-src\glm\gtc\ulp.hpp", "C++", -38, 0, 0, 0, 0, 0, 0, 0, 0, 0, 0, 0, 0, 0, 0, 0, 0, 0, 0, 0, -97, -21, -156
"c:\Users\brian\Desktop\Code\My Game\build\_deps\glm-src\glm\gtc\ulp.inl", "C++", -150, 0, 0, 0, 0, 0, 0, 0, 0, 0, 0, 0, 0, 0, 0, 0, 0, 0, 0, 0, -1, -23, -174
"c:\Users\brian\Desktop\Code\My Game\build\_deps\glm-src\glm\gtc\vec1.hpp", "C++", -14, 0, 0, 0, 0, 0, 0, 0, 0, 0, 0, 0, 0, 0, 0, 0, 0, 0, 0, 0, -12, -5, -31
"c:\Users\brian\Desktop\Code\My Game\build\_deps\glm-src\glm\gtx\associated_min_max.hpp", "C++", -117, 0, 0, 0, 0, 0, 0, 0, 0, 0, 0, 0, 0, 0, 0, 0, 0, 0, 0, 0, -60, -29, -206
"c:\Users\brian\Desktop\Code\My Game\build\_deps\glm-src\glm\gtx\associated_min_max.inl", "C++", -310, 0, 0, 0, 0, 0, 0, 0, 0, 0, 0, 0, 0, 0, 0, 0, 0, 0, 0, 0, -19, -26, -355
"c:\Users\brian\Desktop\Code\My Game\build\_deps\glm-src\glm\gtx\bit.hpp", "C++", -29, 0, 0, 0, 0, 0, 0, 0, 0, 0, 0, 0, 0, 0, 0, 0, 0, 0, 0, 0, -50, -18, -97
"c:\Users\brian\Desktop\Code\My Game\build\_deps\glm-src\glm\gtx\bit.inl", "C++", -64, 0, 0, 0, 0, 0, 0, 0, 0, 0, 0, 0, 0, 0, 0, 0, 0, 0, 0, 0, -11, -18, -93
"c:\Users\brian\Desktop\Code\My Game\build\_deps\glm-src\glm\gtx\closest_point.hpp", "C++", -21, 0, 0, 0, 0, 0, 0, 0, 0, 0, 0, 0, 0, 0, 0, 0, 0, 0, 0, 0, -18, -9, -48
"c:\Users\brian\Desktop\Code\My Game\build\_deps\glm-src\glm\gtx\closest_point.inl", "C++", -35, 0, 0, 0, 0, 0, 0, 0, 0, 0, 0, 0, 0, 0, 0, 0, 0, 0, 0, 0, -3, -8, -46
"c:\Users\brian\Desktop\Code\My Game\build\_deps\glm-src\glm\gtx\color_encoding.hpp", "C++", -22, 0, 0, 0, 0, 0, 0, 0, 0, 0, 0, 0, 0, 0, 0, 0, 0, 0, 0, 0, -20, -11, -53
"c:\Users\brian\Desktop\Code\My Game\build\_deps\glm-src\glm\gtx\color_encoding.inl", "C++", -35, 0, 0, 0, 0, 0, 0, 0, 0, 0, 0, 0, 0, 0, 0, 0, 0, 0, 0, 0, -1, -10, -46
"c:\Users\brian\Desktop\Code\My Game\build\_deps\glm-src\glm\gtx\color_space.hpp", "C++", -31, 0, 0, 0, 0, 0, 0, 0, 0, 0, 0, 0, 0, 0, 0, 0, 0, 0, 0, 0, -27, -13, -71
"c:\Users\brian\Desktop\Code\My Game\build\_deps\glm-src\glm\gtx\color_space.inl", "C++", -119, 0, 0, 0, 0, 0, 0, 0, 0, 0, 0, 0, 0, 0, 0, 0, 0, 0, 0, 0, -7, -19, -145
"c:\Users\brian\Desktop\Code\My Game\build\_deps\glm-src\glm\gtx\color_space_YCoCg.hpp", "C++", -23, 0, 0, 0, 0, 0, 0, 0, 0, 0, 0, 0, 0, 0, 0, 0, 0, 0, 0, 0, -25, -11, -59
"c:\Users\brian\Desktop\Code\My Game\build\_deps\glm-src\glm\gtx\color_space_YCoCg.inl", "C++", -98, 0, 0, 0, 0, 0, 0, 0, 0, 0, 0, 0, 0, 0, 0, 0, 0, 0, 0, 0, -1, -9, -108
"c:\Users\brian\Desktop\Code\My Game\build\_deps\glm-src\glm\gtx\common.hpp", "C++", -22, 0, 0, 0, 0, 0, 0, 0, 0, 0, 0, 0, 0, 0, 0, 0, 0, 0, 0, 0, -42, -11, -75
"c:\Users\brian\Desktop\Code\My Game\build\_deps\glm-src\glm\gtx\common.inl", "C++", -105, 0, 0, 0, 0, 0, 0, 0, 0, 0, 0, 0, 0, 0, 0, 0, 0, 0, 0, 0, -2, -19, -126
"c:\Users\brian\Desktop\Code\My Game\build\_deps\glm-src\glm\gtx\compatibility.hpp", "C++", -97, 0, 0, 0, 0, 0, 0, 0, 0, 0, 0, 0, 0, 0, 0, 0, 0, 0, 0, 0, -15, -21, -133
"c:\Users\brian\Desktop\Code\My Game\build\_deps\glm-src\glm\gtx\compatibility.inl", "C++", -65, 0, 0, 0, 0, 0, 0, 0, 0, 0, 0, 0, 0, 0, 0, 0, 0, 0, 0, 0, -1, -8, -74
"c:\Users\brian\Desktop\Code\My Game\build\_deps\glm-src\glm\gtx\component_wise.hpp", "C++", -28, 0, 0, 0, 0, 0, 0, 0, 0, 0, 0, 0, 0, 0, 0, 0, 0, 0, 0, 0, -35, -15, -78
"c:\Users\brian\Desktop\Code\My Game\build\_deps\glm-src\glm\gtx\component_wise.inl", "C++", -127, 0, 0, 0, 0, 0, 0, 0, 0, 0, 0, 0, 0, 0, 0, 0, 0, 0, 0, 0, -1, -20, -148
"c:\Users\brian\Desktop\Code\My Game\build\_deps\glm-src\glm\gtx\dual_quaternion.hpp", "C++", -119, 0, 0, 0, 0, 0, 0, 0, 0, 0, 0, 0, 0, 0, 0, 0, 0, 0, 0, 0, -89, -65, -273
"c:\Users\brian\Desktop\Code\My Game\build\_deps\glm-src\glm\gtx\dual_quaternion.inl", "C++", -286, 0, 0, 0, 0, 0, 0, 0, 0, 0, 0, 0, 0, 0, 0, 0, 0, 0, 0, 0, -12, -55, -353
"c:\Users\brian\Desktop\Code\My Game\build\_deps\glm-src\glm\gtx\easing.hpp", "C++", -80, 0, 0, 0, 0, 0, 0, 0, 0, 0, 0, 0, 0, 0, 0, 0, 0, 0, 0, 0, -97, -41, -218
"c:\Users\brian\Desktop\Code\My Game\build\_deps\glm-src\glm\gtx\easing.inl", "C++", -334, 0, 0, 0, 0, 0, 0, 0, 0, 0, 0, 0, 0, 0, 0, 0, 0, 0, 0, 0, -32, -71, -437
"c:\Users\brian\Desktop\Code\My Game\build\_deps\glm-src\glm\gtx\euler_angles.hpp", "C++", -186, 0, 0, 0, 0, 0, 0, 0, 0, 0, 0, 0, 0, 0, 0, 0, 0, 0, 0, 0, -100, -48, -334
"c:\Users\brian\Desktop\Code\My Game\build\_deps\glm-src\glm\gtx\euler_angles.inl", "C++", -833, 0, 0, 0, 0, 0, 0, 0, 0, 0, 0, 0, 0, 0, 0, 0, 0, 0, 0, 0, -1, -66, -900
"c:\Users\brian\Desktop\Code\My Game\build\_deps\glm-src\glm\gtx\extend.hpp", "C++", -16, 0, 0, 0, 0, 0, 0, 0, 0, 0, 0, 0, 0, 0, 0, 0, 0, 0, 0, 0, -17, -8, -41
"c:\Users\brian\Desktop\Code\My Game\build\_deps\glm-src\glm\gtx\extend.inl", "C++", -43, 0, 0, 0, 0, 0, 0, 0, 0, 0, 0, 0, 0, 0, 0, 0, 0, 0, 0, 0, -1, -5, -49
"c:\Users\brian\Desktop\Code\My Game\build\_deps\glm-src\glm\gtx\extended_min_max.hpp", "C++", -78, 0, 0, 0, 0, 0, 0, 0, 0, 0, 0, 0, 0, 0, 0, 0, 0, 0, 0, 0, -39, -19, -136
"c:\Users\brian\Desktop\Code\My Game\build\_deps\glm-src\glm\gtx\extended_min_max.inl", "C++", -125, 0, 0, 0, 0, 0, 0, 0, 0, 0, 0, 0, 0, 0, 0, 0, 0, 0, 0, 0, -1, -13, -139
"c:\Users\brian\Desktop\Code\My Game\build\_deps\glm-src\glm\gtx\exterior_product.hpp", "C++", -14, 0, 0, 0, 0, 0, 0, 0, 0, 0, 0, 0, 0, 0, 0, 0, 0, 0, 0, 0, -22, -8, -44
"c:\Users\brian\Desktop\Code\My Game\build\_deps\glm-src\glm\gtx\exterior_product.inl", "C++", -20, 0, 0, 0, 0, 0, 0, 0, 0, 0, 0, 0, 0, 0, 0, 0, 0, 0, 0, 0, -1, -6, -27
"c:\Users\brian\Desktop\Code\My Game\build\_deps\glm-src\glm\gtx\fast_exponential.hpp", "C++", -35, 0, 0, 0, 0, 0, 0, 0, 0, 0, 0, 0, 0, 0, 0, 0, 0, 0, 0, 0, -40, -19, -94
"c:\Users\brian\Desktop\Code\My Game\build\_deps\glm-src\glm\gtx\fast_exponential.inl", "C++", -73, 0, 0, 0, 0, 0, 0, 0, 0, 0, 0, 0, 0, 0, 0, 0, 0, 0, 0, 0, -50, -14, -137
"c:\Users\brian\Desktop\Code\My Game\build\_deps\glm-src\glm\gtx\fast_square_root.hpp", "C++", -33, 0, 0, 0, 0, 0, 0, 0, 0, 0, 0, 0, 0, 0, 0, 0, 0, 0, 0, 0, -47, -17, -97
"c:\Users\brian\Desktop\Code\My Game\build\_deps\glm-src\glm\gtx\fast_square_root.inl", "C++", -56, 0, 0, 0, 0, 0, 0, 0, 0, 0, 0, 0, 0, 0, 0, 0, 0, 0, 0, 0, -6, -14, -76
"c:\Users\brian\Desktop\Code\My Game\build\_deps\glm-src\glm\gtx\fast_trigonometry.hpp", "C++", -27, 0, 0, 0, 0, 0, 0, 0, 0, 0, 0, 0, 0, 0, 0, 0, 0, 0, 0, 0, -36, -15, -78
"c:\Users\brian\Desktop\Code\My Game\build\_deps\glm-src\glm\gtx\fast_trigonometry.inl", "C++", -113, 0, 0, 0, 0, 0, 0, 0, 0, 0, 0, 0, 0, 0, 0, 0, 0, 0, 0, 0, -8, -22, -143
"c:\Users\brian\Desktop\Code\My Game\build\_deps\glm-src\glm\gtx\float_normalize.inl", "C++", -9, 0, 0, 0, 0, 0, 0, 0, 0, 0, 0, 0, 0, 0, 0, 0, 0, 0, 0, 0, -1, -4, -14
"c:\Users\brian\Desktop\Code\My Game\build\_deps\glm-src\glm\gtx\functions.hpp", "C++", -23, 0, 0, 0, 0, 0, 0, 0, 0, 0, 0, 0, 0, 0, 0, 0, 0, 0, 0, 0, -22, -10, -55
"c:\Users\brian\Desktop\Code\My Game\build\_deps\glm-src\glm\gtx\functions.inl", "C++", -25, 0, 0, 0, 0, 0, 0, 0, 0, 0, 0, 0, 0, 0, 0, 0, 0, 0, 0, 0, -1, -5, -31
"c:\Users\brian\Desktop\Code\My Game\build\_deps\glm-src\glm\gtx\gradient_paint.hpp", "C++", -23, 0, 0, 0, 0, 0, 0, 0, 0, 0, 0, 0, 0, 0, 0, 0, 0, 0, 0, 0, -20, -9, -52
"c:\Users\brian\Desktop\Code\My Game\build\_deps\glm-src\glm\gtx\gradient_paint.inl", "C++", -32, 0, 0, 0, 0, 0, 0, 0, 0, 0, 0, 0, 0, 0, 0, 0, 0, 0, 0, 0, -1, -4, -37
"c:\Users\brian\Desktop\Code\My Game\build\_deps\glm-src\glm\gtx\handed_coordinate_space.hpp", "C++", -21, 0, 0, 0, 0, 0, 0, 0, 0, 0, 0, 0, 0, 0, 0, 0, 0, 0, 0, 0, -19, -9, -49
"c:\Users\brian\Desktop\Code\My Game\build\_deps\glm-src\glm\gtx\handed_coordinate_space.inl", "C++", -23, 0, 0, 0, 0, 0, 0, 0, 0, 0, 0, 0, 0, 0, 0, 0, 0, 0, 0, 0, -1, -3, -27
"c:\Users\brian\Desktop\Code\My Game\build\_deps\glm-src\glm\gtx\hash.hpp", "C++", -117, 0, 0, 0, 0, 0, 0, 0, 0, 0, 0, 0, 0, 0, 0, 0, 0, 0, 0, 0, -13, -27, -157
"c:\Users\brian\Desktop\Code\My Game\build\_deps\glm-src\glm\gtx\hash.inl", "C++", -158, 0, 0, 0, 0, 0, 0, 0, 0, 0, 0, 0, 0, 0, 0, 0, 0, 0, 0, 0, -1, -17, -176
"c:\Users\brian\Desktop\Code\My Game\build\_deps\glm-src\glm\gtx\integer.hpp", "C++", -23, 0, 0, 0, 0, 0, 0, 0, 0, 0, 0, 0, 0, 0, 0, 0, 0, 0, 0, 0, -35, -17, -75
"c:\Users\brian\Desktop\Code\My Game\build\_deps\glm-src\glm\gtx\integer.inl", "C++", -105, 0, 0, 0, 0, 0, 0, 0, 0, 0, 0, 0, 0, 0, 0, 0, 0, 0, 0, 0, -59, -22, -186
"c:\Users\brian\Desktop\Code\My Game\build\_deps\glm-src\glm\gtx\intersect.hpp", "C++", -47, 0, 0, 0, 0, 0, 0, 0, 0, 0, 0, 0, 0, 0, 0, 0, 0, 0, 0, 0, -31, -13, -91
"c:\Users\brian\Desktop\Code\My Game\build\_deps\glm-src\glm\gtx\intersect.inl", "C++", -156, 0, 0, 0, 0, 0, 0, 0, 0, 0, 0, 0, 0, 0, 0, 0, 0, 0, 0, 0, -13, -32, -201
"c:\Users\brian\Desktop\Code\My Game\build\_deps\glm-src\glm\gtx\io.hpp", "C++", -145, 0, 0, 0, 0, 0, 0, 0, 0, 0, 0, 0, 0, 0, 0, 0, 0, 0, 0, 0, -23, -43, -211
"c:\Users\brian\Desktop\Code\My Game\build\_deps\glm-src\glm\gtx\io.inl", "C++", -377, 0, 0, 0, 0, 0, 0, 0, 0, 0, 0, 0, 0, 0, 0, 0, 0, 0, 0, 0, -2, -75, -454
"c:\Users\brian\Desktop\Code\My Game\build\_deps\glm-src\glm\gtx\iteration.hpp", "C++", -61, 0, 0, 0, 0, 0, 0, 0, 0, 0, 0, 0, 0, 0, 0, 0, 0, 0, 0, 0, -15, -12, -88
"c:\Users\brian\Desktop\Code\My Game\build\_deps\glm-src\glm\gtx\iteration.inl", "C++", -99, 0, 0, 0, 0, 0, 0, 0, 0, 0, 0, 0, 0, 0, 0, 0, 0, 0, 0, 0, -11, -7, -117
"c:\Users\brian\Desktop\Code\My Game\build\_deps\glm-src\glm\gtx\log_base.hpp", "C++", -19, 0, 0, 0, 0, 0, 0, 0, 0, 0, 0, 0, 0, 0, 0, 0, 0, 0, 0, 0, -19, -9, -47
"c:\Users\brian\Desktop\Code\My Game\build\_deps\glm-src\glm\gtx\log_base.inl", "C++", -13, 0, 0, 0, 0, 0, 0, 0, 0, 0, 0, 0, 0, 0, 0, 0, 0, 0, 0, 0, -1, -3, -17
"c:\Users\brian\Desktop\Code\My Game\build\_deps\glm-src\glm\gtx\matrix_cross_product.hpp", "C++", -17, 0, 0, 0, 0, 0, 0, 0, 0, 0, 0, 0, 0, 0, 0, 0, 0, 0, 0, 0, -20, -9, -46
"c:\Users\brian\Desktop\Code\My Game\build\_deps\glm-src\glm\gtx\matrix_cross_product.inl", "C++", -33, 0, 0, 0, 0, 0, 0, 0, 0, 0, 0, 0, 0, 0, 0, 0, 0, 0, 0, 0, -1, -4, -38
"c:\Users\brian\Desktop\Code\My Game\build\_deps\glm-src\glm\gtx\matrix_decompose.hpp", "C++", -24, 0, 0, 0, 0, 0, 0, 0, 0, 0, 0, 0, 0, 0, 0, 0, 0, 0, 0, 0, -18, -9, -51
"c:\Users\brian\Desktop\Code\My Game\build\_deps\glm-src\glm\gtx\matrix_decompose.inl", "C++", -149, 0, 0, 0, 0, 0, 0, 0, 0, 0, 0, 0, 0, 0, 0, 0, 0, 0, 0, 0, -45, -41, -235
"c:\Users\brian\Desktop\Code\My Game\build\_deps\glm-src\glm\gtx\matrix_factorisation.hpp", "C++", -19, 0, 0, 0, 0, 0, 0, 0, 0, 0, 0, 0, 0, 0, 0, 0, 0, 0, 0, 0, -37, -12, -68
"c:\Users\brian\Desktop\Code\My Game\build\_deps\glm-src\glm\gtx\matrix_factorisation.inl", "C++", -53, 0, 0, 0, 0, 0, 0, 0, 0, 0, 0, 0, 0, 0, 0, 0, 0, 0, 0, 0, -17, -15, -85
"c:\Users\brian\Desktop\Code\My Game\build\_deps\glm-src\glm\gtx\matrix_interpolation.hpp", "C++", -23, 0, 0, 0, 0, 0, 0, 0, 0, 0, 0, 0, 0, 0, 0, 0, 0, 0, 0, 0, -25, -11, -59
"c:\Users\brian\Desktop\Code\My Game\build\_deps\glm-src\glm\gtx\matrix_interpolation.inl", "C++", -134, 0, 0, 0, 0, 0, 0, 0, 0, 0, 0, 0, 0, 0, 0, 0, 0, 0, 0, 0, -1, -12, -147
"c:\Users\brian\Desktop\Code\My Game\build\_deps\glm-src\glm\gtx\matrix_major_storage.hpp", "C++", -59, 0, 0, 0, 0, 0, 0, 0, 0, 0, 0, 0, 0, 0, 0, 0, 0, 0, 0, 0, -40, -19, -118
"c:\Users\brian\Desktop\Code\My Game\build\_deps\glm-src\glm\gtx\matrix_major_storage.inl", "C++", -153, 0, 0, 0, 0, 0, 0, 0, 0, 0, 0, 0, 0, 0, 0, 0, 0, 0, 0, 0, -1, -13, -167
"c:\Users\brian\Desktop\Code\My Game\build\_deps\glm-src\glm\gtx\matrix_operation.hpp", "C++", -44, 0, 0, 0, 0, 0, 0, 0, 0, 0, 0, 0, 0, 0, 0, 0, 0, 0, 0, 0, -39, -19, -102
"c:\Users\brian\Desktop\Code\My Game\build\_deps\glm-src\glm\gtx\matrix_operation.inl", "C++", -156, 0, 0, 0, 0, 0, 0, 0, 0, 0, 0, 0, 0, 0, 0, 0, 0, 0, 0, 0, -1, -20, -177
"c:\Users\brian\Desktop\Code\My Game\build\_deps\glm-src\glm\gtx\matrix_query.hpp", "C++", -29, 0, 0, 0, 0, 0, 0, 0, 0, 0, 0, 0, 0, 0, 0, 0, 0, 0, 0, 0, -32, -15, -76
"c:\Users\brian\Desktop\Code\My Game\build\_deps\glm-src\glm\gtx\matrix_query.inl", "C++", -109, 0, 0, 0, 0, 0, 0, 0, 0, 0, 0, 0, 0, 0, 0, 0, 0, 0, 0, 0, -1, -10, -120
"c:\Users\brian\Desktop\Code\My Game\build\_deps\glm-src\glm\gtx\matrix_transform_2d.hpp", "C++", -32, 0, 0, 0, 0, 0, 0, 0, 0, 0, 0, 0, 0, 0, 0, 0, 0, 0, 0, 0, -36, -12, -80
"c:\Users\brian\Desktop\Code\My Game\build\_deps\glm-src\glm\gtx\matrix_transform_2d.inl", "C++", -56, 0, 0, 0, 0, 0, 0, 0, 0, 0, 0, 0, 0, 0, 0, 0, 0, 0, 0, 0, -2, -11, -69
"c:\Users\brian\Desktop\Code\My Game\build\_deps\glm-src\glm\gtx\mixed_product.hpp", "C++", -16, 0, 0, 0, 0, 0, 0, 0, 0, 0, 0, 0, 0, 0, 0, 0, 0, 0, 0, 0, -16, -8, -40
"c:\Users\brian\Desktop\Code\My Game\build\_deps\glm-src\glm\gtx\mixed_product.inl", "C++", -13, 0, 0, 0, 0, 0, 0, 0, 0, 0, 0, 0, 0, 0, 0, 0, 0, 0, 0, 0, -1, -2, -16
"c:\Users\brian\Desktop\Code\My Game\build\_deps\glm-src\glm\gtx\norm.hpp", "C++", -32, 0, 0, 0, 0, 0, 0, 0, 0, 0, 0, 0, 0, 0, 0, 0, 0, 0, 0, 0, -37, -17, -86
"c:\Users\brian\Desktop\Code\My Game\build\_deps\glm-src\glm\gtx\norm.inl", "C++", -79, 0, 0, 0, 0, 0, 0, 0, 0, 0, 0, 0, 0, 0, 0, 0, 0, 0, 0, 0, -1, -16, -96
"c:\Users\brian\Desktop\Code\My Game\build\_deps\glm-src\glm\gtx\normal.hpp", "C++", -13, 0, 0, 0, 0, 0, 0, 0, 0, 0, 0, 0, 0, 0, 0, 0, 0, 0, 0, 0, -19, -8, -40
"c:\Users\brian\Desktop\Code\My Game\build\_deps\glm-src\glm\gtx\normal.inl", "C++", -13, 0, 0, 0, 0, 0, 0, 0, 0, 0, 0, 0, 0, 0, 0, 0, 0, 0, 0, 0, -1, -2, -16
"c:\Users\brian\Desktop\Code\My Game\build\_deps\glm-src\glm\gtx\normalize_dot.hpp", "C++", -15, 0, 0, 0, 0, 0, 0, 0, 0, 0, 0, 0, 0, 0, 0, 0, 0, 0, 0, 0, -24, -9, -48
"c:\Users\brian\Desktop\Code\My Game\build\_deps\glm-src\glm\gtx\normalize_dot.inl", "C++", -13, 0, 0, 0, 0, 0, 0, 0, 0, 0, 0, 0, 0, 0, 0, 0, 0, 0, 0, 0, -1, -3, -17
"c:\Users\brian\Desktop\Code\My Game\build\_deps\glm-src\glm\gtx\number_precision.hpp", "C++", -14, 0, 0, 0, 0, 0, 0, 0, 0, 0, 0, 0, 0, 0, 0, 0, 0, 0, 0, 0, -21, -10, -45
"c:\Users\brian\Desktop\Code\My Game\build\_deps\glm-src\glm\gtx\optimum_pow.hpp", "C++", -17, 0, 0, 0, 0, 0, 0, 0, 0, 0, 0, 0, 0, 0, 0, 0, 0, 0, 0, 0, -24, -10, -51
"c:\Users\brian\Desktop\Code\My Game\build\_deps\glm-src\glm\gtx\optimum_pow.inl", "C++", -18, 0, 0, 0, 0, 0, 0, 0, 0, 0, 0, 0, 0, 0, 0, 0, 0, 0, 0, 0, -1, -4, -23
"c:\Users\brian\Desktop\Code\My Game\build\_deps\glm-src\glm\gtx\orthonormalize.hpp", "C++", -17, 0, 0, 0, 0, 0, 0, 0, 0, 0, 0, 0, 0, 0, 0, 0, 0, 0, 0, 0, -22, -9, -48
"c:\Users\brian\Desktop\Code\My Game\build\_deps\glm-src\glm\gtx\orthonormalize.inl", "C++", -22, 0, 0, 0, 0, 0, 0, 0, 0, 0, 0, 0, 0, 0, 0, 0, 0, 0, 0, 0, -1, -7, -30
"c:\Users\brian\Desktop\Code\My Game\build\_deps\glm-src\glm\gtx\pca.hpp", "C++", -32, 0, 0, 0, 0, 0, 0, 0, 0, 0, 0, 0, 0, 0, 0, 0, 0, 0, 0, 0, -66, -15, -113
"c:\Users\brian\Desktop\Code\My Game\build\_deps\glm-src\glm\gtx\pca.inl", "C++", -306, 0, 0, 0, 0, 0, 0, 0, 0, 0, 0, 0, 0, 0, 0, 0, 0, 0, 0, 0, -4, -33, -343
"c:\Users\brian\Desktop\Code\My Game\build\_deps\glm-src\glm\gtx\perpendicular.hpp", "C++", -14, 0, 0, 0, 0, 0, 0, 0, 0, 0, 0, 0, 0, 0, 0, 0, 0, 0, 0, 0, -18, -8, -40
"c:\Users\brian\Desktop\Code\My Game\build\_deps\glm-src\glm\gtx\perpendicular.inl", "C++", -8, 0, 0, 0, 0, 0, 0, 0, 0, 0, 0, 0, 0, 0, 0, 0, 0, 0, 0, 0, -1, -2, -11
"c:\Users\brian\Desktop\Code\My Game\build\_deps\glm-src\glm\gtx\polar_coordinates.hpp", "C++", -17, 0, 0, 0, 0, 0, 0, 0, 0, 0, 0, 0, 0, 0, 0, 0, 0, 0, 0, 0, -21, -9, -47
"c:\Users\brian\Desktop\Code\My Game\build\_deps\glm-src\glm\gtx\polar_coordinates.inl", "C++", -30, 0, 0, 0, 0, 0, 0, 0, 0, 0, 0, 0, 0, 0, 0, 0, 0, 0, 0, 0, -1, -6, -37
"c:\Users\brian\Desktop\Code\My Game\build\_deps\glm-src\glm\gtx\projection.hpp", "C++", -13, 0, 0, 0, 0, 0, 0, 0, 0, 0, 0, 0, 0, 0, 0, 0, 0, 0, 0, 0, -21, -8, -42
"c:\Users\brian\Desktop\Code\My Game\build\_deps\glm-src\glm\gtx\projection.inl", "C++", -8, 0, 0, 0, 0, 0, 0, 0, 0, 0, 0, 0, 0, 0, 0, 0, 0, 0, 0, 0, -1, -2, -11
"c:\Users\brian\Desktop\Code\My Game\build\_deps\glm-src\glm\gtx\quaternion.hpp", "C++", -76, 0, 0, 0, 0, 0, 0, 0, 0, 0, 0, 0, 0, 0, 0, 0, 0, 0, 0, 0, -73, -24, -173
"c:\Users\brian\Desktop\Code\My Game\build\_deps\glm-src\glm\gtx\quaternion.inl", "C++", -128, 0, 0, 0, 0, 0, 0, 0, 0, 0, 0, 0, 0, 0, 0, 0, 0, 0, 0, 0, -9, -23, -160
"c:\Users\brian\Desktop\Code\My Game\build\_deps\glm-src\glm\gtx\range.hpp", "C++", -64, 0, 0, 0, 0, 0, 0, 0, 0, 0, 0, 0, 0, 0, 0, 0, 0, 0, 0, 0, -15, -18, -97
"c:\Users\brian\Desktop\Code\My Game\build\_deps\glm-src\glm\gtx\raw_data.hpp", "C++", -16, 0, 0, 0, 0, 0, 0, 0, 0, 0, 0, 0, 0, 0, 0, 0, 0, 0, 0, 0, -23, -11, -50
"c:\Users\brian\Desktop\Code\My Game\build\_deps\glm-src\glm\gtx\raw_data.inl", "C++", 0, 0, 0, 0, 0, 0, 0, 0, 0, 0, 0, 0, 0, 0, 0, 0, 0, 0, 0, 0, -1, -2, -3
"c:\Users\brian\Desktop\Code\My Game\build\_deps\glm-src\glm\gtx\rotate_normalized_axis.hpp", "C++", -23, 0, 0, 0, 0, 0, 0, 0, 0, 0, 0, 0, 0, 0, 0, 0, 0, 0, 0, 0, -35, -9, -67
"c:\Users\brian\Desktop\Code\My Game\build\_deps\glm-src\glm\gtx\rotate_normalized_axis.inl", "C++", -46, 0, 0, 0, 0, 0, 0, 0, 0, 0, 0, 0, 0, 0, 0, 0, 0, 0, 0, 0, -2, -11, -59
"c:\Users\brian\Desktop\Code\My Game\build\_deps\glm-src\glm\gtx\rotate_vector.hpp", "C++", -61, 0, 0, 0, 0, 0, 0, 0, 0, 0, 0, 0, 0, 0, 0, 0, 0, 0, 0, 0, -43, -18, -122
"c:\Users\brian\Desktop\Code\My Game\build\_deps\glm-src\glm\gtx\rotate_vector.inl", "C++", -149, 0, 0, 0, 0, 0, 0, 0, 0, 0, 0, 0, 0, 0, 0, 0, 0, 0, 0, 0, -18, -21, -188
"c:\Users\brian\Desktop\Code\My Game\build\_deps\glm-src\glm\gtx\scalar_multiplication.hpp", "C++", -51, 0, 0, 0, 0, 0, 0, 0, 0, 0, 0, 0, 0, 0, 0, 0, 0, 0, 0, 0, -19, -11, -81
"c:\Users\brian\Desktop\Code\My Game\build\_deps\glm-src\glm\gtx\scalar_relational.hpp", "C++", -11, 0, 0, 0, 0, 0, 0, 0, 0, 0, 0, 0, 0, 0, 0, 0, 0, 0, 0, 0, -15, -9, -35
"c:\Users\brian\Desktop\Code\My Game\build\_deps\glm-src\glm\gtx\scalar_relational.inl", "C++", -78, 0, 0, 0, 0, 0, 0, 0, 0, 0, 0, 0, 0, 0, 0, 0, 0, 0, 0, 0, -1, -10, -89
"c:\Users\brian\Desktop\Code\My Game\build\_deps\glm-src\glm\gtx\spline.hpp", "C++", -33, 0, 0, 0, 0, 0, 0, 0, 0, 0, 0, 0, 0, 0, 0, 0, 0, 0, 0, 0, -21, -10, -64
"c:\Users\brian\Desktop\Code\My Game\build\_deps\glm-src\glm\gtx\spline.inl", "C++", -51, 0, 0, 0, 0, 0, 0, 0, 0, 0, 0, 0, 0, 0, 0, 0, 0, 0, 0, 0, -1, -9, -61
"c:\Users\brian\Desktop\Code\My Game\build\_deps\glm-src\glm\gtx\std_based_type.hpp", "C++", -20, 0, 0, 0, 0, 0, 0, 0, 0, 0, 0, 0, 0, 0, 0, 0, 0, 0, 0, 0, -32, -15, -67
"c:\Users\brian\Desktop\Code\My Game\build\_deps\glm-src\glm\gtx\std_based_type.inl", "C++", -3, 0, 0, 0, 0, 0, 0, 0, 0, 0, 0, 0, 0, 0, 0, 0, 0, 0, 0, 0, -1, -3, -7
"c:\Users\brian\Desktop\Code\My Game\build\_deps\glm-src\glm\gtx\string_cast.hpp", "C++", -19, 0, 0, 0, 0, 0, 0, 0, 0, 0, 0, 0, 0, 0, 0, 0, 0, 0, 0, 0, -19, -8, -46
"c:\Users\brian\Desktop\Code\My Game\build\_deps\glm-src\glm\gtx\string_cast.inl", "C++", -429, 0, 0, 0, 0, 0, 0, 0, 0, 0, 0, 0, 0, 0, 0, 0, 0, 0, 0, 0, -1, -68, -498
"c:\Users\brian\Desktop\Code\My Game\build\_deps\glm-src\glm\gtx\structured_bindings.hpp", "C++", -70, 0, 0, 0, 0, 0, 0, 0, 0, 0, 0, 0, 0, 0, 0, 0, 0, 0, 0, 0, -11, -12, -93
"c:\Users\brian\Desktop\Code\My Game\build\_deps\glm-src\glm\gtx\structured_bindings.inl", "C++", -51, 0, 0, 0, 0, 0, 0, 0, 0, 0, 0, 0, 0, 0, 0, 0, 0, 0, 0, 0, 0, -5, -56
"c:\Users\brian\Desktop\Code\My Game\build\_deps\glm-src\glm\gtx\texture.hpp", "C++", -15, 0, 0, 0, 0, 0, 0, 0, 0, 0, 0, 0, 0, 0, 0, 0, 0, 0, 0, 0, -21, -9, -45
"c:\Users\brian\Desktop\Code\My Game\build\_deps\glm-src\glm\gtx\texture.inl", "C++", -13, 0, 0, 0, 0, 0, 0, 0, 0, 0, 0, 0, 0, 0, 0, 0, 0, 0, 0, 0, -1, -4, -18
"c:\Users\brian\Desktop\Code\My Game\build\_deps\glm-src\glm\gtx\transform.hpp", "C++", -22, 0, 0, 0, 0, 0, 0, 0, 0, 0, 0, 0, 0, 0, 0, 0, 0, 0, 0, 0, -27, -10, -59
"c:\Users\brian\Desktop\Code\My Game\build\_deps\glm-src\glm\gtx\transform.inl", "C++", -18, 0, 0, 0, 0, 0, 0, 0, 0, 0, 0, 0, 0, 0, 0, 0, 0, 0, 0, 0, -1, -5, -24
"c:\Users\brian\Desktop\Code\My Game\build\_deps\glm-src\glm\gtx\transform2.hpp", "C++", -34, 0, 0, 0, 0, 0, 0, 0, 0, 0, 0, 0, 0, 0, 0, 0, 0, 0, 0, 0, -41, -19, -94
"c:\Users\brian\Desktop\Code\My Game\build\_deps\glm-src\glm\gtx\transform2.inl", "C++", -115, 0, 0, 0, 0, 0, 0, 0, 0, 0, 0, 0, 0, 0, 0, 0, 0, 0, 0, 0, -1, -13, -129
"c:\Users\brian\Desktop\Code\My Game\build\_deps\glm-src\glm\gtx\type_aligned.hpp", "C++", -229, 0, 0, 0, 0, 0, 0, 0, 0, 0, 0, 0, 0, 0, 0, 0, 0, 0, 0, 0, -468, -284, -981
"c:\Users\brian\Desktop\Code\My Game\build\_deps\glm-src\glm\gtx\type_aligned.inl", "C++", -3, 0, 0, 0, 0, 0, 0, 0, 0, 0, 0, 0, 0, 0, 0, 0, 0, 0, 0, 0, -1, -3, -7
"c:\Users\brian\Desktop\Code\My Game\build\_deps\glm-src\glm\gtx\type_trait.hpp", "C++", -57, 0, 0, 0, 0, 0, 0, 0, 0, 0, 0, 0, 0, 0, 0, 0, 0, 0, 0, 0, -15, -12, -84
"c:\Users\brian\Desktop\Code\My Game\build\_deps\glm-src\glm\gtx\type_trait.inl", "C++", -51, 0, 0, 0, 0, 0, 0, 0, 0, 0, 0, 0, 0, 0, 0, 0, 0, 0, 0, 0, -5, -6, -62
"c:\Users\brian\Desktop\Code\My Game\build\_deps\glm-src\glm\gtx\vec_swizzle.hpp", "C++", -1933, 0, 0, 0, 0, 0, 0, 0, 0, 0, 0, 0, 0, 0, 0, 0, 0, 0, 0, 0, -349, -488, -2770
"c:\Users\brian\Desktop\Code\My Game\build\_deps\glm-src\glm\gtx\vector_angle.hpp", "C++", -20, 0, 0, 0, 0, 0, 0, 0, 0, 0, 0, 0, 0, 0, 0, 0, 0, 0, 0, 0, -26, -10, -56
"c:\Users\brian\Desktop\Code\My Game\build\_deps\glm-src\glm\gtx\vector_angle.inl", "C++", -37, 0, 0, 0, 0, 0, 0, 0, 0, 0, 0, 0, 0, 0, 0, 0, 0, 0, 0, 0, -1, -8, -46
"c:\Users\brian\Desktop\Code\My Game\build\_deps\glm-src\glm\gtx\vector_query.hpp", "C++", -25, 0, 0, 0, 0, 0, 0, 0, 0, 0, 0, 0, 0, 0, 0, 0, 0, 0, 0, 0, -27, -13, -65
"c:\Users\brian\Desktop\Code\My Game\build\_deps\glm-src\glm\gtx\vector_query.inl", "C++", -128, 0, 0, 0, 0, 0, 0, 0, 0, 0, 0, 0, 0, 0, 0, 0, 0, 0, 0, 0, -1, -26, -155
"c:\Users\brian\Desktop\Code\My Game\build\_deps\glm-src\glm\gtx\wrap.hpp", "C++", -14, 0, 0, 0, 0, 0, 0, 0, 0, 0, 0, 0, 0, 0, 0, 0, 0, 0, 0, 0, -15, -7, -36
"c:\Users\brian\Desktop\Code\My Game\build\_deps\glm-src\glm\gtx\wrap.inl", "C++", -3, 0, 0, 0, 0, 0, 0, 0, 0, 0, 0, 0, 0, 0, 0, 0, 0, 0, 0, 0, -1, -3, -7
"c:\Users\brian\Desktop\Code\My Game\build\_deps\glm-src\glm\integer.hpp", "C++", -55, 0, 0, 0, 0, 0, 0, 0, 0, 0, 0, 0, 0, 0, 0, 0, 0, 0, 0, 0, -139, -19, -213
"c:\Users\brian\Desktop\Code\My Game\build\_deps\glm-src\glm\mat2x2.hpp", "C++", -5, 0, 0, 0, 0, 0, 0, 0, 0, 0, 0, 0, 0, 0, 0, 0, 0, 0, 0, 0, -2, -3, -10
"c:\Users\brian\Desktop\Code\My Game\build\_deps\glm-src\glm\mat2x3.hpp", "C++", -5, 0, 0, 0, 0, 0, 0, 0, 0, 0, 0, 0, 0, 0, 0, 0, 0, 0, 0, 0, -2, -3, -10
"c:\Users\brian\Desktop\Code\My Game\build\_deps\glm-src\glm\mat2x4.hpp", "C++", -5, 0, 0, 0, 0, 0, 0, 0, 0, 0, 0, 0, 0, 0, 0, 0, 0, 0, 0, 0, -2, -3, -10
"c:\Users\brian\Desktop\Code\My Game\build\_deps\glm-src\glm\mat3x2.hpp", "C++", -5, 0, 0, 0, 0, 0, 0, 0, 0, 0, 0, 0, 0, 0, 0, 0, 0, 0, 0, 0, -2, -3, -10
"c:\Users\brian\Desktop\Code\My Game\build\_deps\glm-src\glm\mat3x3.hpp", "C++", -5, 0, 0, 0, 0, 0, 0, 0, 0, 0, 0, 0, 0, 0, 0, 0, 0, 0, 0, 0, -2, -2, -9
"c:\Users\brian\Desktop\Code\My Game\build\_deps\glm-src\glm\mat3x4.hpp", "C++", -5, 0, 0, 0, 0, 0, 0, 0, 0, 0, 0, 0, 0, 0, 0, 0, 0, 0, 0, 0, -2, -2, -9
"c:\Users\brian\Desktop\Code\My Game\build\_deps\glm-src\glm\mat4x2.hpp", "C++", -5, 0, 0, 0, 0, 0, 0, 0, 0, 0, 0, 0, 0, 0, 0, 0, 0, 0, 0, 0, -2, -3, -10
"c:\Users\brian\Desktop\Code\My Game\build\_deps\glm-src\glm\mat4x3.hpp", "C++", -5, 0, 0, 0, 0, 0, 0, 0, 0, 0, 0, 0, 0, 0, 0, 0, 0, 0, 0, 0, -2, -2, -9
"c:\Users\brian\Desktop\Code\My Game\build\_deps\glm-src\glm\mat4x4.hpp", "C++", -5, 0, 0, 0, 0, 0, 0, 0, 0, 0, 0, 0, 0, 0, 0, 0, 0, 0, 0, 0, -2, -3, -10
"c:\Users\brian\Desktop\Code\My Game\build\_deps\glm-src\glm\matrix.hpp", "C++", -78, 0, 0, 0, 0, 0, 0, 0, 0, 0, 0, 0, 0, 0, 0, 0, 0, 0, 0, 0, -63, -21, -162
"c:\Users\brian\Desktop\Code\My Game\build\_deps\glm-src\glm\packing.hpp", "C++", -20, 0, 0, 0, 0, 0, 0, 0, 0, 0, 0, 0, 0, 0, 0, 0, 0, 0, 0, 0, -136, -18, -174
"c:\Users\brian\Desktop\Code\My Game\build\_deps\glm-src\glm\simd\common.h", "C++", -205, 0, 0, 0, 0, 0, 0, 0, 0, 0, 0, 0, 0, 0, 0, 0, 0, 0, 0, 0, -11, -34, -250
"c:\Users\brian\Desktop\Code\My Game\build\_deps\glm-src\glm\simd\exponential.h", "C++", -12, 0, 0, 0, 0, 0, 0, 0, 0, 0, 0, 0, 0, 0, 0, 0, 0, 0, 0, 0, -2, -7, -21
"c:\Users\brian\Desktop\Code\My Game\build\_deps\glm-src\glm\simd\geometric.h", "C++", -105, 0, 0, 0, 0, 0, 0, 0, 0, 0, 0, 0, 0, 0, 0, 0, 0, 0, 0, 0, -7, -19, -131
"c:\Users\brian\Desktop\Code\My Game\build\_deps\glm-src\glm\simd\integer.h", "C++", -63, 0, 0, 0, 0, 0, 0, 0, 0, 0, 0, 0, 0, 0, 0, 0, 0, 0, 0, 0, -29, -24, -116
"c:\Users\brian\Desktop\Code\My Game\build\_deps\glm-src\glm\simd\matrix.h", "C++", -556, 0, 0, 0, 0, 0, 0, 0, 0, 0, 0, 0, 0, 0, 0, 0, 0, 0, 0, 0, -310, -175, -1041
"c:\Users\brian\Desktop\Code\My Game\build\_deps\glm-src\glm\simd\neon.h", "C++", -144, 0, 0, 0, 0, 0, 0, 0, 0, 0, 0, 0, 0, 0, 0, 0, 0, 0, 0, 0, -2, -10, -156
"c:\Users\brian\Desktop\Code\My Game\build\_deps\glm-src\glm\simd\packing.h", "C++", -3, 0, 0, 0, 0, 0, 0, 0, 0, 0, 0, 0, 0, 0, 0, 0, 0, 0, 0, 0, -2, -4, -9
"c:\Users\brian\Desktop\Code\My Game\build\_deps\glm-src\glm\simd\platform.h", "C++", -414, 0, 0, 0, 0, 0, 0, 0, 0, 0, 0, 0, 0, 0, 0, 0, 0, 0, 0, 0, -21, -35, -470
"c:\Users\brian\Desktop\Code\My Game\build\_deps\glm-src\glm\simd\trigonometric.h", "C++", -3, 0, 0, 0, 0, 0, 0, 0, 0, 0, 0, 0, 0, 0, 0, 0, 0, 0, 0, 0, -2, -5, -10
"c:\Users\brian\Desktop\Code\My Game\build\_deps\glm-src\glm\simd\vector_relational.h", "C++", -3, 0, 0, 0, 0, 0, 0, 0, 0, 0, 0, 0, 0, 0, 0, 0, 0, 0, 0, 0, -2, -4, -9
"c:\Users\brian\Desktop\Code\My Game\build\_deps\glm-src\glm\trigonometric.hpp", "C++", -37, 0, 0, 0, 0, 0, 0, 0, 0, 0, 0, 0, 0, 0, 0, 0, 0, 0, 0, 0, -153, -21, -211
"c:\Users\brian\Desktop\Code\My Game\build\_deps\glm-src\glm\vec2.hpp", "C++", -11, 0, 0, 0, 0, 0, 0, 0, 0, 0, 0, 0, 0, 0, 0, 0, 0, 0, 0, 0, -2, -2, -15
"c:\Users\brian\Desktop\Code\My Game\build\_deps\glm-src\glm\vec3.hpp", "C++", -11, 0, 0, 0, 0, 0, 0, 0, 0, 0, 0, 0, 0, 0, 0, 0, 0, 0, 0, 0, -2, -2, -15
"c:\Users\brian\Desktop\Code\My Game\build\_deps\glm-src\glm\vec4.hpp", "C++", -11, 0, 0, 0, 0, 0, 0, 0, 0, 0, 0, 0, 0, 0, 0, 0, 0, 0, 0, 0, -2, -3, -16
"c:\Users\brian\Desktop\Code\My Game\build\_deps\glm-src\glm\vector_relational.hpp", "C++", -25, 0, 0, 0, 0, 0, 0, 0, 0, 0, 0, 0, 0, 0, 0, 0, 0, 0, 0, 0, -82, -15, -122
"c:\Users\brian\Desktop\Code\My Game\build\_deps\glm-src\manual.md", "Markdown", 0, 0, 0, 0, 0, 0, 0, 0, -1606, 0, 0, 0, 0, 0, 0, 0, 0, 0, 0, 0, 0, -845, -2451
"c:\Users\brian\Desktop\Code\My Game\build\_deps\glm-src\readme.md", "Markdown", 0, 0, 0, 0, 0, 0, 0, 0, -1140, 0, 0, 0, 0, 0, 0, 0, 0, 0, 0, 0, 0, -194, -1334
"c:\Users\brian\Desktop\Code\My Game\build\_deps\glm-src\test\CMakeLists.txt", "CMake", 0, 0, 0, 0, -73, 0, 0, 0, 0, 0, 0, 0, 0, 0, 0, 0, 0, 0, 0, 0, -6, -15, -94
"c:\Users\brian\Desktop\Code\My Game\build\_deps\glm-src\test\bug\CMakeLists.txt", "CMake", 0, 0, 0, 0, -1, 0, 0, 0, 0, 0, 0, 0, 0, 0, 0, 0, 0, 0, 0, 0, 0, -1, -2
"c:\Users\brian\Desktop\Code\My Game\build\_deps\glm-src\test\bug\bug_ms_vec_static.cpp", "C++", -38, 0, 0, 0, 0, 0, 0, 0, 0, 0, 0, 0, 0, 0, 0, 0, 0, 0, 0, 0, -2, -9, -49
"c:\Users\brian\Desktop\Code\My Game\build\_deps\glm-src\test\cmake\CMakeLists.txt", "CMake", 0, 0, 0, 0, -6, 0, 0, 0, 0, 0, 0, 0, 0, 0, 0, 0, 0, 0, 0, 0, 0, -4, -10
"c:\Users\brian\Desktop\Code\My Game\build\_deps\glm-src\test\cmake\test_find_glm.cpp", "C++", -19, 0, 0, 0, 0, 0, 0, 0, 0, 0, 0, 0, 0, 0, 0, 0, 0, 0, 0, 0, 0, -4, -23
"c:\Users\brian\Desktop\Code\My Game\build\_deps\glm-src\test\core\CMakeLists.txt", "CMake", 0, 0, 0, 0, -52, 0, 0, 0, 0, 0, 0, 0, 0, 0, 0, 0, 0, 0, 0, 0, 0, -1, -53
"c:\Users\brian\Desktop\Code\My Game\build\_deps\glm-src\test\core\core_cpp_constexpr.cpp", "C++", -586, 0, 0, 0, 0, 0, 0, 0, 0, 0, 0, 0, 0, 0, 0, 0, 0, 0, 0, 0, 0, -165, -751
"c:\Users\brian\Desktop\Code\My Game\build\_deps\glm-src\test\core\core_cpp_defaulted_ctor.cpp", "C++", -118, 0, 0, 0, 0, 0, 0, 0, 0, 0, 0, 0, 0, 0, 0, 0, 0, 0, 0, 0, 0, -28, -146
"c:\Users\brian\Desktop\Code\My Game\build\_deps\glm-src\test\core\core_force_aligned_gentypes.cpp", "C++", -7, 0, 0, 0, 0, 0, 0, 0, 0, 0, 0, 0, 0, 0, 0, 0, 0, 0, 0, 0, 0, -4, -11
"c:\Users\brian\Desktop\Code\My Game\build\_deps\glm-src\test\core\core_force_arch_unknown.cpp", "C++", -10, 0, 0, 0, 0, 0, 0, 0, 0, 0, 0, 0, 0, 0, 0, 0, 0, 0, 0, 0, 0, -5, -15
"c:\Users\brian\Desktop\Code\My Game\build\_deps\glm-src\test\core\core_force_compiler_unknown.cpp", "C++", -32, 0, 0, 0, 0, 0, 0, 0, 0, 0, 0, 0, 0, 0, 0, 0, 0, 0, 0, 0, 0, -7, -39
"c:\Users\brian\Desktop\Code\My Game\build\_deps\glm-src\test\core\core_force_ctor_init.cpp", "C++", -100, 0, 0, 0, 0, 0, 0, 0, 0, 0, 0, 0, 0, 0, 0, 0, 0, 0, 0, 0, 0, -40, -140
"c:\Users\brian\Desktop\Code\My Game\build\_deps\glm-src\test\core\core_force_depth_zero_to_one.cpp", "C++", -8, 0, 0, 0, 0, 0, 0, 0, 0, 0, 0, 0, 0, 0, 0, 0, 0, 0, 0, 0, 0, -5, -13
"c:\Users\brian\Desktop\Code\My Game\build\_deps\glm-src\test\core\core_force_explicit_ctor.cpp", "C++", -10, 0, 0, 0, 0, 0, 0, 0, 0, 0, 0, 0, 0, 0, 0, 0, 0, 0, 0, 0, -1, -7, -18
"c:\Users\brian\Desktop\Code\My Game\build\_deps\glm-src\test\core\core_force_inline.cpp", "C++", -8, 0, 0, 0, 0, 0, 0, 0, 0, 0, 0, 0, 0, 0, 0, 0, 0, 0, 0, 0, 0, -5, -13
"c:\Users\brian\Desktop\Code\My Game\build\_deps\glm-src\test\core\core_force_intrinsics.cpp", "C++", -357, 0, 0, 0, 0, 0, 0, 0, 0, 0, 0, 0, 0, 0, 0, 0, 0, 0, 0, 0, -2, -84, -443
"c:\Users\brian\Desktop\Code\My Game\build\_deps\glm-src\test\core\core_force_left_handed.cpp", "C++", -8, 0, 0, 0, 0, 0, 0, 0, 0, 0, 0, 0, 0, 0, 0, 0, 0, 0, 0, 0, 0, -5, -13
"c:\Users\brian\Desktop\Code\My Game\build\_deps\glm-src\test\core\core_force_platform_unknown.cpp", "C++", -10, 0, 0, 0, 0, 0, 0, 0, 0, 0, 0, 0, 0, 0, 0, 0, 0, 0, 0, 0, 0, -5, -15
"c:\Users\brian\Desktop\Code\My Game\build\_deps\glm-src\test\core\core_force_pure.cpp", "C++", -357, 0, 0, 0, 0, 0, 0, 0, 0, 0, 0, 0, 0, 0, 0, 0, 0, 0, 0, 0, -3, -84, -444
"c:\Users\brian\Desktop\Code\My Game\build\_deps\glm-src\test\core\core_force_quat_wxyz.cpp", "C++", -9, 0, 0, 0, 0, 0, 0, 0, 0, 0, 0, 0, 0, 0, 0, 0, 0, 0, 0, 0, 0, -5, -14
"c:\Users\brian\Desktop\Code\My Game\build\_deps\glm-src\test\core\core_force_size_t_length.cpp", "C++", -8, 0, 0, 0, 0, 0, 0, 0, 0, 0, 0, 0, 0, 0, 0, 0, 0, 0, 0, 0, 0, -5, -13
"c:\Users\brian\Desktop\Code\My Game\build\_deps\glm-src\test\core\core_force_unrestricted_gentype.cpp", "C++", -8, 0, 0, 0, 0, 0, 0, 0, 0, 0, 0, 0, 0, 0, 0, 0, 0, 0, 0, 0, 0, -5, -13
"c:\Users\brian\Desktop\Code\My Game\build\_deps\glm-src\test\core\core_force_xyzw_only.cpp", "C++", -46, 0, 0, 0, 0, 0, 0, 0, 0, 0, 0, 0, 0, 0, 0, 0, 0, 0, 0, 0, 0, -13, -59
"c:\Users\brian\Desktop\Code\My Game\build\_deps\glm-src\test\core\core_func_common.cpp", "C++", -1138, 0, 0, 0, 0, 0, 0, 0, 0, 0, 0, 0, 0, 0, 0, 0, 0, 0, 0, 0, -15, -279, -1432
"c:\Users\brian\Desktop\Code\My Game\build\_deps\glm-src\test\core\core_func_exponential.cpp", "C++", -130, 0, 0, 0, 0, 0, 0, 0, 0, 0, 0, 0, 0, 0, 0, 0, 0, 0, 0, 0, -1, -55, -186
"c:\Users\brian\Desktop\Code\My Game\build\_deps\glm-src\test\core\core_func_geometric.cpp", "C++", -170, 0, 0, 0, 0, 0, 0, 0, 0, 0, 0, 0, 0, 0, 0, 0, 0, 0, 0, 0, 0, -41, -211
"c:\Users\brian\Desktop\Code\My Game\build\_deps\glm-src\test\core\core_func_integer.cpp", "C++", -1255, 0, 0, 0, 0, 0, 0, 0, 0, 0, 0, 0, 0, 0, 0, 0, 0, 0, 0, 0, -42, -291, -1588
"c:\Users\brian\Desktop\Code\My Game\build\_deps\glm-src\test\core\core_func_integer_bit_count.cpp", "C++", -242, 0, 0, 0, 0, 0, 0, 0, 0, 0, 0, 0, 0, 0, 0, 0, 0, 0, 0, 0, -15, -62, -319
"c:\Users\brian\Desktop\Code\My Game\build\_deps\glm-src\test\core\core_func_integer_find_lsb.cpp", "C++", -324, 0, 0, 0, 0, 0, 0, 0, 0, 0, 0, 0, 0, 0, 0, 0, 0, 0, 0, 0, -54, -78, -456
"c:\Users\brian\Desktop\Code\My Game\build\_deps\glm-src\test\core\core_func_integer_find_msb.cpp", "C++", -325, 0, 0, 0, 0, 0, 0, 0, 0, 0, 0, 0, 0, 0, 0, 0, 0, 0, 0, 0, -60, -81, -466
"c:\Users\brian\Desktop\Code\My Game\build\_deps\glm-src\test\core\core_func_matrix.cpp", "C++", -353, 0, 0, 0, 0, 0, 0, 0, 0, 0, 0, 0, 0, 0, 0, 0, 0, 0, 0, 0, -3, -71, -427
"c:\Users\brian\Desktop\Code\My Game\build\_deps\glm-src\test\core\core_func_noise.cpp", "C++", -5, 0, 0, 0, 0, 0, 0, 0, 0, 0, 0, 0, 0, 0, 0, 0, 0, 0, 0, 0, 0, -3, -8
"c:\Users\brian\Desktop\Code\My Game\build\_deps\glm-src\test\core\core_func_packing.cpp", "C++", -120, 0, 0, 0, 0, 0, 0, 0, 0, 0, 0, 0, 0, 0, 0, 0, 0, 0, 0, 0, -7, -30, -157
"c:\Users\brian\Desktop\Code\My Game\build\_deps\glm-src\test\core\core_func_swizzle.cpp", "C++", -121, 0, 0, 0, 0, 0, 0, 0, 0, 0, 0, 0, 0, 0, 0, 0, 0, 0, 0, 0, 0, -44, -165
"c:\Users\brian\Desktop\Code\My Game\build\_deps\glm-src\test\core\core_func_trigonometric.cpp", "C++", -6, 0, 0, 0, 0, 0, 0, 0, 0, 0, 0, 0, 0, 0, 0, 0, 0, 0, 0, 0, 0, -5, -11
"c:\Users\brian\Desktop\Code\My Game\build\_deps\glm-src\test\core\core_func_vector_relational.cpp", "C++", -143, 0, 0, 0, 0, 0, 0, 0, 0, 0, 0, 0, 0, 0, 0, 0, 0, 0, 0, 0, 0, -38, -181
"c:\Users\brian\Desktop\Code\My Game\build\_deps\glm-src\test\core\core_setup_force_cxx03.cpp", "C++", -29, 0, 0, 0, 0, 0, 0, 0, 0, 0, 0, 0, 0, 0, 0, 0, 0, 0, 0, 0, 0, -6, -35
"c:\Users\brian\Desktop\Code\My Game\build\_deps\glm-src\test\core\core_setup_force_cxx98.cpp", "C++", -29, 0, 0, 0, 0, 0, 0, 0, 0, 0, 0, 0, 0, 0, 0, 0, 0, 0, 0, 0, 0, -5, -34
"c:\Users\brian\Desktop\Code\My Game\build\_deps\glm-src\test\core\core_setup_force_cxx_unknown.cpp", "C++", -10, 0, 0, 0, 0, 0, 0, 0, 0, 0, 0, 0, 0, 0, 0, 0, 0, 0, 0, 0, 0, -5, -15
"c:\Users\brian\Desktop\Code\My Game\build\_deps\glm-src\test\core\core_setup_force_size_t_length.cpp", "C++", -18, 0, 0, 0, 0, 0, 0, 0, 0, 0, 0, 0, 0, 0, 0, 0, 0, 0, 0, 0, 0, -5, -23
"c:\Users\brian\Desktop\Code\My Game\build\_deps\glm-src\test\core\core_setup_message.cpp", "C++", -293, 0, 0, 0, 0, 0, 0, 0, 0, 0, 0, 0, 0, 0, 0, 0, 0, 0, 0, 0, 0, -23, -316
"c:\Users\brian\Desktop\Code\My Game\build\_deps\glm-src\test\core\core_setup_platform_unknown.cpp", "C++", -40, 0, 0, 0, 0, 0, 0, 0, 0, 0, 0, 0, 0, 0, 0, 0, 0, 0, 0, 0, 0, -6, -46
"c:\Users\brian\Desktop\Code\My Game\build\_deps\glm-src\test\core\core_setup_precision.cpp", "C++", -45, 0, 0, 0, 0, 0, 0, 0, 0, 0, 0, 0, 0, 0, 0, 0, 0, 0, 0, 0, 0, -14, -59
"c:\Users\brian\Desktop\Code\My Game\build\_deps\glm-src\test\core\core_type_aligned.cpp", "C++", -96, 0, 0, 0, 0, 0, 0, 0, 0, 0, 0, 0, 0, 0, 0, 0, 0, 0, 0, 0, 0, -29, -125
"c:\Users\brian\Desktop\Code\My Game\build\_deps\glm-src\test\core\core_type_cast.cpp", "C++", -116, 0, 0, 0, 0, 0, 0, 0, 0, 0, 0, 0, 0, 0, 0, 0, 0, 0, 0, 0, 0, -39, -155
"c:\Users\brian\Desktop\Code\My Game\build\_deps\glm-src\test\core\core_type_ctor.cpp", "C++", -278, 0, 0, 0, 0, 0, 0, 0, 0, 0, 0, 0, 0, 0, 0, 0, 0, 0, 0, 0, 0, -74, -352
"c:\Users\brian\Desktop\Code\My Game\build\_deps\glm-src\test\core\core_type_int.cpp", "C++", -19, 0, 0, 0, 0, 0, 0, 0, 0, 0, 0, 0, 0, 0, 0, 0, 0, 0, 0, 0, 0, -8, -27
"c:\Users\brian\Desktop\Code\My Game\build\_deps\glm-src\test\core\core_type_length.cpp", "C++", -60, 0, 0, 0, 0, 0, 0, 0, 0, 0, 0, 0, 0, 0, 0, 0, 0, 0, 0, 0, 0, -19, -79
"c:\Users\brian\Desktop\Code\My Game\build\_deps\glm-src\test\core\core_type_mat2x2.cpp", "C++", -154, 0, 0, 0, 0, 0, 0, 0, 0, 0, 0, 0, 0, 0, 0, 0, 0, 0, 0, 0, 0, -45, -199
"c:\Users\brian\Desktop\Code\My Game\build\_deps\glm-src\test\core\core_type_mat2x3.cpp", "C++", -127, 0, 0, 0, 0, 0, 0, 0, 0, 0, 0, 0, 0, 0, 0, 0, 0, 0, 0, 0, 0, -37, -164
"c:\Users\brian\Desktop\Code\My Game\build\_deps\glm-src\test\core\core_type_mat2x4.cpp", "C++", -129, 0, 0, 0, 0, 0, 0, 0, 0, 0, 0, 0, 0, 0, 0, 0, 0, 0, 0, 0, 0, -40, -169
"c:\Users\brian\Desktop\Code\My Game\build\_deps\glm-src\test\core\core_type_mat3x2.cpp", "C++", -131, 0, 0, 0, 0, 0, 0, 0, 0, 0, 0, 0, 0, 0, 0, 0, 0, 0, 0, 0, 0, -39, -170
"c:\Users\brian\Desktop\Code\My Game\build\_deps\glm-src\test\core\core_type_mat3x3.cpp", "C++", -171, 0, 0, 0, 0, 0, 0, 0, 0, 0, 0, 0, 0, 0, 0, 0, 0, 0, 0, 0, 0, -46, -217
"c:\Users\brian\Desktop\Code\My Game\build\_deps\glm-src\test\core\core_type_mat3x4.cpp", "C++", -133, 0, 0, 0, 0, 0, 0, 0, 0, 0, 0, 0, 0, 0, 0, 0, 0, 0, 0, 0, 0, -38, -171
"c:\Users\brian\Desktop\Code\My Game\build\_deps\glm-src\test\core\core_type_mat4x2.cpp", "C++", -135, 0, 0, 0, 0, 0, 0, 0, 0, 0, 0, 0, 0, 0, 0, 0, 0, 0, 0, 0, 0, -38, -173
"c:\Users\brian\Desktop\Code\My Game\build\_deps\glm-src\test\core\core_type_mat4x3.cpp", "C++", -135, 0, 0, 0, 0, 0, 0, 0, 0, 0, 0, 0, 0, 0, 0, 0, 0, 0, 0, 0, 0, -39, -174
"c:\Users\brian\Desktop\Code\My Game\build\_deps\glm-src\test\core\core_type_mat4x4.cpp", "C++", -167, 0, 0, 0, 0, 0, 0, 0, 0, 0, 0, 0, 0, 0, 0, 0, 0, 0, 0, 0, -4, -53, -224
"c:\Users\brian\Desktop\Code\My Game\build\_deps\glm-src\test\core\core_type_vec1.cpp", "C++", -128, 0, 0, 0, 0, 0, 0, 0, 0, 0, 0, 0, 0, 0, 0, 0, 0, 0, 0, 0, -25, -41, -194
"c:\Users\brian\Desktop\Code\My Game\build\_deps\glm-src\test\core\core_type_vec2.cpp", "C++", -336, 0, 0, 0, 0, 0, 0, 0, 0, 0, 0, 0, 0, 0, 0, 0, 0, 0, 0, 0, -4, -89, -429
"c:\Users\brian\Desktop\Code\My Game\build\_deps\glm-src\test\core\core_type_vec3.cpp", "C++", -493, 0, 0, 0, 0, 0, 0, 0, 0, 0, 0, 0, 0, 0, 0, 0, 0, 0, 0, 0, -28, -129, -650
"c:\Users\brian\Desktop\Code\My Game\build\_deps\glm-src\test\core\core_type_vec4.cpp", "C++", -619, 0, 0, 0, 0, 0, 0, 0, 0, 0, 0, 0, 0, 0, 0, 0, 0, 0, 0, 0, -67, -173, -859
"c:\Users\brian\Desktop\Code\My Game\build\_deps\glm-src\test\ext\CMakeLists.txt", "CMake", 0, 0, 0, 0, -54, 0, 0, 0, 0, 0, 0, 0, 0, 0, 0, 0, 0, 0, 0, 0, 0, -2, -56
"c:\Users\brian\Desktop\Code\My Game\build\_deps\glm-src\test\ext\ext_matrix_clip_space.cpp", "C++", -11, 0, 0, 0, 0, 0, 0, 0, 0, 0, 0, 0, 0, 0, 0, 0, 0, 0, 0, 0, 0, -3, -14
"c:\Users\brian\Desktop\Code\My Game\build\_deps\glm-src\test\ext\ext_matrix_common.cpp", "C++", -213, 0, 0, 0, 0, 0, 0, 0, 0, 0, 0, 0, 0, 0, 0, 0, 0, 0, 0, 0, -9, -15, -237
"c:\Users\brian\Desktop\Code\My Game\build\_deps\glm-src\test\ext\ext_matrix_int2x2_sized.cpp", "C++", -21, 0, 0, 0, 0, 0, 0, 0, 0, 0, 0, 0, 0, 0, 0, 0, 0, 0, 0, 0, 0, -8, -29
"c:\Users\brian\Desktop\Code\My Game\build\_deps\glm-src\test\ext\ext_matrix_int2x3_sized.cpp", "C++", -21, 0, 0, 0, 0, 0, 0, 0, 0, 0, 0, 0, 0, 0, 0, 0, 0, 0, 0, 0, 0, -8, -29
"c:\Users\brian\Desktop\Code\My Game\build\_deps\glm-src\test\ext\ext_matrix_int2x4_sized.cpp", "C++", -21, 0, 0, 0, 0, 0, 0, 0, 0, 0, 0, 0, 0, 0, 0, 0, 0, 0, 0, 0, 0, -8, -29
"c:\Users\brian\Desktop\Code\My Game\build\_deps\glm-src\test\ext\ext_matrix_int3x2_sized.cpp", "C++", -21, 0, 0, 0, 0, 0, 0, 0, 0, 0, 0, 0, 0, 0, 0, 0, 0, 0, 0, 0, 0, -8, -29
"c:\Users\brian\Desktop\Code\My Game\build\_deps\glm-src\test\ext\ext_matrix_int3x3_sized.cpp", "C++", -21, 0, 0, 0, 0, 0, 0, 0, 0, 0, 0, 0, 0, 0, 0, 0, 0, 0, 0, 0, 0, -8, -29
"c:\Users\brian\Desktop\Code\My Game\build\_deps\glm-src\test\ext\ext_matrix_int3x4_sized.cpp", "C++", -21, 0, 0, 0, 0, 0, 0, 0, 0, 0, 0, 0, 0, 0, 0, 0, 0, 0, 0, 0, 0, -8, -29
"c:\Users\brian\Desktop\Code\My Game\build\_deps\glm-src\test\ext\ext_matrix_int4x2_sized.cpp", "C++", -21, 0, 0, 0, 0, 0, 0, 0, 0, 0, 0, 0, 0, 0, 0, 0, 0, 0, 0, 0, 0, -8, -29
"c:\Users\brian\Desktop\Code\My Game\build\_deps\glm-src\test\ext\ext_matrix_int4x3_sized.cpp", "C++", -21, 0, 0, 0, 0, 0, 0, 0, 0, 0, 0, 0, 0, 0, 0, 0, 0, 0, 0, 0, 0, -8, -29
"c:\Users\brian\Desktop\Code\My Game\build\_deps\glm-src\test\ext\ext_matrix_int4x4_sized.cpp", "C++", -21, 0, 0, 0, 0, 0, 0, 0, 0, 0, 0, 0, 0, 0, 0, 0, 0, 0, 0, 0, 0, -8, -29
"c:\Users\brian\Desktop\Code\My Game\build\_deps\glm-src\test\ext\ext_matrix_integer.cpp", "C++", -200, 0, 0, 0, 0, 0, 0, 0, 0, 0, 0, 0, 0, 0, 0, 0, 0, 0, 0, 0, 0, -38, -238
"c:\Users\brian\Desktop\Code\My Game\build\_deps\glm-src\test\ext\ext_matrix_projection.cpp", "C++", -11, 0, 0, 0, 0, 0, 0, 0, 0, 0, 0, 0, 0, 0, 0, 0, 0, 0, 0, 0, 0, -3, -14
"c:\Users\brian\Desktop\Code\My Game\build\_deps\glm-src\test\ext\ext_matrix_relational.cpp", "C++", -129, 0, 0, 0, 0, 0, 0, 0, 0, 0, 0, 0, 0, 0, 0, 0, 0, 0, 0, 0, 0, -35, -164
"c:\Users\brian\Desktop\Code\My Game\build\_deps\glm-src\test\ext\ext_matrix_transform.cpp", "C++", -46, 0, 0, 0, 0, 0, 0, 0, 0, 0, 0, 0, 0, 0, 0, 0, 0, 0, 0, 0, 0, -16, -62
"c:\Users\brian\Desktop\Code\My Game\build\_deps\glm-src\test\ext\ext_matrix_uint2x2_sized.cpp", "C++", -21, 0, 0, 0, 0, 0, 0, 0, 0, 0, 0, 0, 0, 0, 0, 0, 0, 0, 0, 0, 0, -8, -29
"c:\Users\brian\Desktop\Code\My Game\build\_deps\glm-src\test\ext\ext_matrix_uint2x3_sized.cpp", "C++", -21, 0, 0, 0, 0, 0, 0, 0, 0, 0, 0, 0, 0, 0, 0, 0, 0, 0, 0, 0, 0, -8, -29
"c:\Users\brian\Desktop\Code\My Game\build\_deps\glm-src\test\ext\ext_matrix_uint2x4_sized.cpp", "C++", -21, 0, 0, 0, 0, 0, 0, 0, 0, 0, 0, 0, 0, 0, 0, 0, 0, 0, 0, 0, 0, -8, -29
"c:\Users\brian\Desktop\Code\My Game\build\_deps\glm-src\test\ext\ext_matrix_uint3x2_sized.cpp", "C++", -21, 0, 0, 0, 0, 0, 0, 0, 0, 0, 0, 0, 0, 0, 0, 0, 0, 0, 0, 0, 0, -8, -29
"c:\Users\brian\Desktop\Code\My Game\build\_deps\glm-src\test\ext\ext_matrix_uint3x3_sized.cpp", "C++", -21, 0, 0, 0, 0, 0, 0, 0, 0, 0, 0, 0, 0, 0, 0, 0, 0, 0, 0, 0, 0, -8, -29
"c:\Users\brian\Desktop\Code\My Game\build\_deps\glm-src\test\ext\ext_matrix_uint3x4_sized.cpp", "C++", -21, 0, 0, 0, 0, 0, 0, 0, 0, 0, 0, 0, 0, 0, 0, 0, 0, 0, 0, 0, 0, -8, -29
"c:\Users\brian\Desktop\Code\My Game\build\_deps\glm-src\test\ext\ext_matrix_uint4x2_sized.cpp", "C++", -21, 0, 0, 0, 0, 0, 0, 0, 0, 0, 0, 0, 0, 0, 0, 0, 0, 0, 0, 0, 0, -8, -29
"c:\Users\brian\Desktop\Code\My Game\build\_deps\glm-src\test\ext\ext_matrix_uint4x3_sized.cpp", "C++", -21, 0, 0, 0, 0, 0, 0, 0, 0, 0, 0, 0, 0, 0, 0, 0, 0, 0, 0, 0, 0, -8, -29
"c:\Users\brian\Desktop\Code\My Game\build\_deps\glm-src\test\ext\ext_matrix_uint4x4_sized.cpp", "C++", -21, 0, 0, 0, 0, 0, 0, 0, 0, 0, 0, 0, 0, 0, 0, 0, 0, 0, 0, 0, 0, -8, -29
"c:\Users\brian\Desktop\Code\My Game\build\_deps\glm-src\test\ext\ext_quaternion_common.cpp", "C++", -47, 0, 0, 0, 0, 0, 0, 0, 0, 0, 0, 0, 0, 0, 0, 0, 0, 0, 0, 0, 0, -15, -62
"c:\Users\brian\Desktop\Code\My Game\build\_deps\glm-src\test\ext\ext_quaternion_exponential.cpp", "C++", -67, 0, 0, 0, 0, 0, 0, 0, 0, 0, 0, 0, 0, 0, 0, 0, 0, 0, 0, 0, 0, -21, -88
"c:\Users\brian\Desktop\Code\My Game\build\_deps\glm-src\test\ext\ext_quaternion_geometric.cpp", "C++", -70, 0, 0, 0, 0, 0, 0, 0, 0, 0, 0, 0, 0, 0, 0, 0, 0, 0, 0, 0, 0, -19, -89
"c:\Users\brian\Desktop\Code\My Game\build\_deps\glm-src\test\ext\ext_quaternion_relational.cpp", "C++", -41, 0, 0, 0, 0, 0, 0, 0, 0, 0, 0, 0, 0, 0, 0, 0, 0, 0, 0, 0, 0, -11, -52
"c:\Users\brian\Desktop\Code\My Game\build\_deps\glm-src\test\ext\ext_quaternion_transform.cpp", "C++", -32, 0, 0, 0, 0, 0, 0, 0, 0, 0, 0, 0, 0, 0, 0, 0, 0, 0, 0, 0, -2, -12, -46
"c:\Users\brian\Desktop\Code\My Game\build\_deps\glm-src\test\ext\ext_quaternion_trigonometric.cpp", "C++", -31, 0, 0, 0, 0, 0, 0, 0, 0, 0, 0, 0, 0, 0, 0, 0, 0, 0, 0, 0, 0, -10, -41
"c:\Users\brian\Desktop\Code\My Game\build\_deps\glm-src\test\ext\ext_quaternion_type.cpp", "C++", -85, 0, 0, 0, 0, 0, 0, 0, 0, 0, 0, 0, 0, 0, 0, 0, 0, 0, 0, 0, -4, -25, -114
"c:\Users\brian\Desktop\Code\My Game\build\_deps\glm-src\test\ext\ext_scalar_common.cpp", "C++", -277, 0, 0, 0, 0, 0, 0, 0, 0, 0, 0, 0, 0, 0, 0, 0, 0, 0, 0, 0, 0, -85, -362
"c:\Users\brian\Desktop\Code\My Game\build\_deps\glm-src\test\ext\ext_scalar_constants.cpp", "C++", -27, 0, 0, 0, 0, 0, 0, 0, 0, 0, 0, 0, 0, 0, 0, 0, 0, 0, 0, 0, 0, -10, -37
"c:\Users\brian\Desktop\Code\My Game\build\_deps\glm-src\test\ext\ext_scalar_int_sized.cpp", "C++", -33, 0, 0, 0, 0, 0, 0, 0, 0, 0, 0, 0, 0, 0, 0, 0, 0, 0, 0, 0, 0, -11, -44
"c:\Users\brian\Desktop\Code\My Game\build\_deps\glm-src\test\ext\ext_scalar_integer.cpp", "C++", -567, 0, 0, 0, 0, 0, 0, 0, 0, 0, 0, 0, 0, 0, 0, 0, 0, 0, 0, 0, 0, -149, -716
"c:\Users\brian\Desktop\Code\My Game\build\_deps\glm-src\test\ext\ext_scalar_packing.cpp", "C++", -19, 0, 0, 0, 0, 0, 0, 0, 0, 0, 0, 0, 0, 0, 0, 0, 0, 0, 0, 0, 0, -10, -29
"c:\Users\brian\Desktop\Code\My Game\build\_deps\glm-src\test\ext\ext_scalar_reciprocal.cpp", "C++", -123, 0, 0, 0, 0, 0, 0, 0, 0, 0, 0, 0, 0, 0, 0, 0, 0, 0, 0, 0, 0, -49, -172
"c:\Users\brian\Desktop\Code\My Game\build\_deps\glm-src\test\ext\ext_scalar_relational.cpp", "C++", -75, 0, 0, 0, 0, 0, 0, 0, 0, 0, 0, 0, 0, 0, 0, 0, 0, 0, 0, 0, 0, -32, -107
"c:\Users\brian\Desktop\Code\My Game\build\_deps\glm-src\test\ext\ext_scalar_uint_sized.cpp", "C++", -33, 0, 0, 0, 0, 0, 0, 0, 0, 0, 0, 0, 0, 0, 0, 0, 0, 0, 0, 0, 0, -11, -44
"c:\Users\brian\Desktop\Code\My Game\build\_deps\glm-src\test\ext\ext_scalar_ulp.cpp", "C++", -73, 0, 0, 0, 0, 0, 0, 0, 0, 0, 0, 0, 0, 0, 0, 0, 0, 0, 0, 0, 0, -24, -97
"c:\Users\brian\Desktop\Code\My Game\build\_deps\glm-src\test\ext\ext_vec1.cpp", "C++", -129, 0, 0, 0, 0, 0, 0, 0, 0, 0, 0, 0, 0, 0, 0, 0, 0, 0, 0, 0, -3, -40, -172
"c:\Users\brian\Desktop\Code\My Game\build\_deps\glm-src\test\ext\ext_vector_bool1.cpp", "C++", -80, 0, 0, 0, 0, 0, 0, 0, 0, 0, 0, 0, 0, 0, 0, 0, 0, 0, 0, 0, 0, -25, -105
"c:\Users\brian\Desktop\Code\My Game\build\_deps\glm-src\test\ext\ext_vector_common.cpp", "C++", -282, 0, 0, 0, 0, 0, 0, 0, 0, 0, 0, 0, 0, 0, 0, 0, 0, 0, 0, 0, 0, -81, -363
"c:\Users\brian\Desktop\Code\My Game\build\_deps\glm-src\test\ext\ext_vector_iec559.cpp", "C++", -126, 0, 0, 0, 0, 0, 0, 0, 0, 0, 0, 0, 0, 0, 0, 0, 0, 0, 0, 0, 0, -41, -167
"c:\Users\brian\Desktop\Code\My Game\build\_deps\glm-src\test\ext\ext_vector_int1_sized.cpp", "C++", -31, 0, 0, 0, 0, 0, 0, 0, 0, 0, 0, 0, 0, 0, 0, 0, 0, 0, 0, 0, 0, -11, -42
"c:\Users\brian\Desktop\Code\My Game\build\_deps\glm-src\test\ext\ext_vector_int2_sized.cpp", "C++", -31, 0, 0, 0, 0, 0, 0, 0, 0, 0, 0, 0, 0, 0, 0, 0, 0, 0, 0, 0, 0, -11, -42
"c:\Users\brian\Desktop\Code\My Game\build\_deps\glm-src\test\ext\ext_vector_int3_sized.cpp", "C++", -31, 0, 0, 0, 0, 0, 0, 0, 0, 0, 0, 0, 0, 0, 0, 0, 0, 0, 0, 0, 0, -11, -42
"c:\Users\brian\Desktop\Code\My Game\build\_deps\glm-src\test\ext\ext_vector_int4_sized.cpp", "C++", -31, 0, 0, 0, 0, 0, 0, 0, 0, 0, 0, 0, 0, 0, 0, 0, 0, 0, 0, 0, 0, -11, -42
"c:\Users\brian\Desktop\Code\My Game\build\_deps\glm-src\test\ext\ext_vector_integer.cpp", "C++", -600, 0, 0, 0, 0, 0, 0, 0, 0, 0, 0, 0, 0, 0, 0, 0, 0, 0, 0, 0, -8, -134, -742
"c:\Users\brian\Desktop\Code\My Game\build\_deps\glm-src\test\ext\ext_vector_integer_sized.cpp", "C++", -168, 0, 0, 0, 0, 0, 0, 0, 0, 0, 0, 0, 0, 0, 0, 0, 0, 0, 0, 0, 0, -48, -216
"c:\Users\brian\Desktop\Code\My Game\build\_deps\glm-src\test\ext\ext_vector_packing.cpp", "C++", -47, 0, 0, 0, 0, 0, 0, 0, 0, 0, 0, 0, 0, 0, 0, 0, 0, 0, 0, 0, 0, -12, -59
"c:\Users\brian\Desktop\Code\My Game\build\_deps\glm-src\test\ext\ext_vector_reciprocal.cpp", "C++", -131, 0, 0, 0, 0, 0, 0, 0, 0, 0, 0, 0, 0, 0, 0, 0, 0, 0, 0, 0, 0, -56, -187
"c:\Users\brian\Desktop\Code\My Game\build\_deps\glm-src\test\ext\ext_vector_relational.cpp", "C++", -167, 0, 0, 0, 0, 0, 0, 0, 0, 0, 0, 0, 0, 0, 0, 0, 0, 0, 0, 0, 0, -39, -206
"c:\Users\brian\Desktop\Code\My Game\build\_deps\glm-src\test\ext\ext_vector_uint1_sized.cpp", "C++", -31, 0, 0, 0, 0, 0, 0, 0, 0, 0, 0, 0, 0, 0, 0, 0, 0, 0, 0, 0, 0, -11, -42
"c:\Users\brian\Desktop\Code\My Game\build\_deps\glm-src\test\ext\ext_vector_uint2_sized.cpp", "C++", -31, 0, 0, 0, 0, 0, 0, 0, 0, 0, 0, 0, 0, 0, 0, 0, 0, 0, 0, 0, 0, -11, -42
"c:\Users\brian\Desktop\Code\My Game\build\_deps\glm-src\test\ext\ext_vector_uint3_sized.cpp", "C++", -31, 0, 0, 0, 0, 0, 0, 0, 0, 0, 0, 0, 0, 0, 0, 0, 0, 0, 0, 0, 0, -11, -42
"c:\Users\brian\Desktop\Code\My Game\build\_deps\glm-src\test\ext\ext_vector_uint4_sized.cpp", "C++", -31, 0, 0, 0, 0, 0, 0, 0, 0, 0, 0, 0, 0, 0, 0, 0, 0, 0, 0, 0, 0, -11, -42
"c:\Users\brian\Desktop\Code\My Game\build\_deps\glm-src\test\ext\ext_vector_ulp.cpp", "C++", -76, 0, 0, 0, 0, 0, 0, 0, 0, 0, 0, 0, 0, 0, 0, 0, 0, 0, 0, 0, 0, -24, -100
"c:\Users\brian\Desktop\Code\My Game\build\_deps\glm-src\test\gtc\CMakeLists.txt", "CMake", 0, 0, 0, 0, -20, 0, 0, 0, 0, 0, 0, 0, 0, 0, 0, 0, 0, 0, 0, 0, 0, -1, -21
"c:\Users\brian\Desktop\Code\My Game\build\_deps\glm-src\test\gtc\gtc_bitfield.cpp", "C++", -630, 0, 0, 0, 0, 0, 0, 0, 0, 0, 0, 0, 0, 0, 0, 0, 0, 0, 0, 0, -225, -207, -1062
"c:\Users\brian\Desktop\Code\My Game\build\_deps\glm-src\test\gtc\gtc_color_space.cpp", "C++", -60, 0, 0, 0, 0, 0, 0, 0, 0, 0, 0, 0, 0, 0, 0, 0, 0, 0, 0, 0, 0, -17, -77
"c:\Users\brian\Desktop\Code\My Game\build\_deps\glm-src\test\gtc\gtc_constants.cpp", "C++", -20, 0, 0, 0, 0, 0, 0, 0, 0, 0, 0, 0, 0, 0, 0, 0, 0, 0, 0, 0, -3, -8, -31
"c:\Users\brian\Desktop\Code\My Game\build\_deps\glm-src\test\gtc\gtc_epsilon.cpp", "C++", -62, 0, 0, 0, 0, 0, 0, 0, 0, 0, 0, 0, 0, 0, 0, 0, 0, 0, 0, 0, 0, -19, -81
"c:\Users\brian\Desktop\Code\My Game\build\_deps\glm-src\test\gtc\gtc_integer.cpp", "C++", -217, 0, 0, 0, 0, 0, 0, 0, 0, 0, 0, 0, 0, 0, 0, 0, 0, 0, 0, 0, 0, -65, -282
"c:\Users\brian\Desktop\Code\My Game\build\_deps\glm-src\test\gtc\gtc_matrix_access.cpp", "C++", -281, 0, 0, 0, 0, 0, 0, 0, 0, 0, 0, 0, 0, 0, 0, 0, 0, 0, 0, 0, 0, -103, -384
"c:\Users\brian\Desktop\Code\My Game\build\_deps\glm-src\test\gtc\gtc_matrix_integer.cpp", "C++", -6, 0, 0, 0, 0, 0, 0, 0, 0, 0, 0, 0, 0, 0, 0, 0, 0, 0, 0, 0, 0, -3, -9
"c:\Users\brian\Desktop\Code\My Game\build\_deps\glm-src\test\gtc\gtc_matrix_inverse.cpp", "C++", -42, 0, 0, 0, 0, 0, 0, 0, 0, 0, 0, 0, 0, 0, 0, 0, 0, 0, 0, 0, 0, -10, -52
"c:\Users\brian\Desktop\Code\My Game\build\_deps\glm-src\test\gtc\gtc_matrix_transform.cpp", "C++", -130, 0, 0, 0, 0, 0, 0, 0, 0, 0, 0, 0, 0, 0, 0, 0, 0, 0, 0, 0, 0, -32, -162
"c:\Users\brian\Desktop\Code\My Game\build\_deps\glm-src\test\gtc\gtc_noise.cpp", "C++", -63, 0, 0, 0, 0, 0, 0, 0, 0, 0, 0, 0, 0, 0, 0, 0, 0, 0, 0, 0, 0, -24, -87
"c:\Users\brian\Desktop\Code\My Game\build\_deps\glm-src\test\gtc\gtc_packing.cpp", "C++", -645, 0, 0, 0, 0, 0, 0, 0, 0, 0, 0, 0, 0, 0, 0, 0, 0, 0, 0, 0, -53, -182, -880
"c:\Users\brian\Desktop\Code\My Game\build\_deps\glm-src\test\gtc\gtc_quaternion.cpp", "C++", -230, 0, 0, 0, 0, 0, 0, 0, 0, 0, 0, 0, 0, 0, 0, 0, 0, 0, 0, 0, -48, -71, -349
"c:\Users\brian\Desktop\Code\My Game\build\_deps\glm-src\test\gtc\gtc_random.cpp", "C++", -284, 0, 0, 0, 0, 0, 0, 0, 0, 0, 0, 0, 0, 0, 0, 0, 0, 0, 0, 0, -46, -54, -384
"c:\Users\brian\Desktop\Code\My Game\build\_deps\glm-src\test\gtc\gtc_reciprocal.cpp", "C++", -6, 0, 0, 0, 0, 0, 0, 0, 0, 0, 0, 0, 0, 0, 0, 0, 0, 0, 0, 0, 0, -3, -9
"c:\Users\brian\Desktop\Code\My Game\build\_deps\glm-src\test\gtc\gtc_round.cpp", "C++", -375, 0, 0, 0, 0, 0, 0, 0, 0, 0, 0, 0, 0, 0, 0, 0, 0, 0, 0, 0, 0, -93, -468
"c:\Users\brian\Desktop\Code\My Game\build\_deps\glm-src\test\gtc\gtc_type_aligned.cpp", "C++", -476, 0, 0, 0, 0, 0, 0, 0, 0, 0, 0, 0, 0, 0, 0, 0, 0, 0, 0, 0, -2, -83, -561
"c:\Users\brian\Desktop\Code\My Game\build\_deps\glm-src\test\gtc\gtc_type_precision.cpp", "C++", -864, 0, 0, 0, 0, 0, 0, 0, 0, 0, 0, 0, 0, 0, 0, 0, 0, 0, 0, 0, 0, -181, -1045
"c:\Users\brian\Desktop\Code\My Game\build\_deps\glm-src\test\gtc\gtc_type_ptr.cpp", "C++", -311, 0, 0, 0, 0, 0, 0, 0, 0, 0, 0, 0, 0, 0, 0, 0, 0, 0, 0, 0, 0, -77, -388
"c:\Users\brian\Desktop\Code\My Game\build\_deps\glm-src\test\gtc\gtc_ulp.cpp", "C++", -74, 0, 0, 0, 0, 0, 0, 0, 0, 0, 0, 0, 0, 0, 0, 0, 0, 0, 0, 0, 0, -26, -100
"c:\Users\brian\Desktop\Code\My Game\build\_deps\glm-src\test\gtc\gtc_user_defined_types.cpp", "C++", -14, 0, 0, 0, 0, 0, 0, 0, 0, 0, 0, 0, 0, 0, 0, 0, 0, 0, 0, 0, -9, -8, -31
"c:\Users\brian\Desktop\Code\My Game\build\_deps\glm-src\test\gtc\gtc_vec1.cpp", "C++", -6, 0, 0, 0, 0, 0, 0, 0, 0, 0, 0, 0, 0, 0, 0, 0, 0, 0, 0, 0, 0, -3, -9
"c:\Users\brian\Desktop\Code\My Game\build\_deps\glm-src\test\gtx\CMakeLists.txt", "CMake", 0, 0, 0, 0, -62, 0, 0, 0, 0, 0, 0, 0, 0, 0, 0, 0, 0, 0, 0, 0, 0, -1, -63
"c:\Users\brian\Desktop\Code\My Game\build\_deps\glm-src\test\gtx\gtx.cpp", "C++", -6, 0, 0, 0, 0, 0, 0, 0, 0, 0, 0, 0, 0, 0, 0, 0, 0, 0, 0, 0, 0, -3, -9
"c:\Users\brian\Desktop\Code\My Game\build\_deps\glm-src\test\gtx\gtx_associated_min_max.cpp", "C++", -8, 0, 0, 0, 0, 0, 0, 0, 0, 0, 0, 0, 0, 0, 0, 0, 0, 0, 0, 0, 0, -3, -11
"c:\Users\brian\Desktop\Code\My Game\build\_deps\glm-src\test\gtx\gtx_closest_point.cpp", "C++", -7, 0, 0, 0, 0, 0, 0, 0, 0, 0, 0, 0, 0, 0, 0, 0, 0, 0, 0, 0, 0, -3, -10
"c:\Users\brian\Desktop\Code\My Game\build\_deps\glm-src\test\gtx\gtx_color_encoding.cpp", "C++", -36, 0, 0, 0, 0, 0, 0, 0, 0, 0, 0, 0, 0, 0, 0, 0, 0, 0, 0, 0, -7, -10, -53
"c:\Users\brian\Desktop\Code\My Game\build\_deps\glm-src\test\gtx\gtx_color_space.cpp", "C++", -25, 0, 0, 0, 0, 0, 0, 0, 0, 0, 0, 0, 0, 0, 0, 0, 0, 0, 0, 0, 0, -12, -37
"c:\Users\brian\Desktop\Code\My Game\build\_deps\glm-src\test\gtx\gtx_color_space_YCoCg.cpp", "C++", -12, 0, 0, 0, 0, 0, 0, 0, 0, 0, 0, 0, 0, 0, 0, 0, 0, 0, 0, 0, 0, -6, -18
"c:\Users\brian\Desktop\Code\My Game\build\_deps\glm-src\test\gtx\gtx_common.cpp", "C++", -116, 0, 0, 0, 0, 0, 0, 0, 0, 0, 0, 0, 0, 0, 0, 0, 0, 0, 0, 0, -4, -42, -162
"c:\Users\brian\Desktop\Code\My Game\build\_deps\glm-src\test\gtx\gtx_compatibility.cpp", "C++", -46, 0, 0, 0, 0, 0, 0, 0, 0, 0, 0, 0, 0, 0, 0, 0, 0, 0, 0, 0, -1, -12, -59
"c:\Users\brian\Desktop\Code\My Game\build\_deps\glm-src\test\gtx\gtx_component_wise.cpp", "C++", -141, 0, 0, 0, 0, 0, 0, 0, 0, 0, 0, 0, 0, 0, 0, 0, 0, 0, 0, 0, 0, -42, -183
"c:\Users\brian\Desktop\Code\My Game\build\_deps\glm-src\test\gtx\gtx_dual_quaternion.cpp", "C++", -154, 0, 0, 0, 0, 0, 0, 0, 0, 0, 0, 0, 0, 0, 0, 0, 0, 0, 0, 0, -7, -45, -206
"c:\Users\brian\Desktop\Code\My Game\build\_deps\glm-src\test\gtx\gtx_easing.cpp", "C++", -76, 0, 0, 0, 0, 0, 0, 0, 0, 0, 0, 0, 0, 0, 0, 0, 0, 0, 0, 0, 0, -16, -92
"c:\Users\brian\Desktop\Code\My Game\build\_deps\glm-src\test\gtx\gtx_euler_angle.cpp", "C++", -446, 0, 0, 0, 0, 0, 0, 0, 0, 0, 0, 0, 0, 0, 0, 0, 0, 0, 0, 0, -1, -91, -538
"c:\Users\brian\Desktop\Code\My Game\build\_deps\glm-src\test\gtx\gtx_extend.cpp", "C++", -7, 0, 0, 0, 0, 0, 0, 0, 0, 0, 0, 0, 0, 0, 0, 0, 0, 0, 0, 0, 0, -3, -10
"c:\Users\brian\Desktop\Code\My Game\build\_deps\glm-src\test\gtx\gtx_extended_min_max.cpp", "C++", -78, 0, 0, 0, 0, 0, 0, 0, 0, 0, 0, 0, 0, 0, 0, 0, 0, 0, 0, 0, -1, -23, -102
"c:\Users\brian\Desktop\Code\My Game\build\_deps\glm-src\test\gtx\gtx_extented_min_max.cpp", "C++", -6, 0, 0, 0, 0, 0, 0, 0, 0, 0, 0, 0, 0, 0, 0, 0, 0, 0, 0, 0, -30, -4, -40
"c:\Users\brian\Desktop\Code\My Game\build\_deps\glm-src\test\gtx\gtx_exterior_product.cpp", "C++", -11, 0, 0, 0, 0, 0, 0, 0, 0, 0, 0, 0, 0, 0, 0, 0, 0, 0, 0, 0, 0, -5, -16
"c:\Users\brian\Desktop\Code\My Game\build\_deps\glm-src\test\gtx\gtx_fast_exponential.cpp", "C++", -7, 0, 0, 0, 0, 0, 0, 0, 0, 0, 0, 0, 0, 0, 0, 0, 0, 0, 0, 0, 0, -3, -10
"c:\Users\brian\Desktop\Code\My Game\build\_deps\glm-src\test\gtx\gtx_fast_square_root.cpp", "C++", -35, 0, 0, 0, 0, 0, 0, 0, 0, 0, 0, 0, 0, 0, 0, 0, 0, 0, 0, 0, 0, -11, -46
"c:\Users\brian\Desktop\Code\My Game\build\_deps\glm-src\test\gtx\gtx_fast_trigonometry.cpp", "C++", -395, 0, 0, 0, 0, 0, 0, 0, 0, 0, 0, 0, 0, 0, 0, 0, 0, 0, 0, 0, -76, -122, -593
"c:\Users\brian\Desktop\Code\My Game\build\_deps\glm-src\test\gtx\gtx_functions.cpp", "C++", -27, 0, 0, 0, 0, 0, 0, 0, 0, 0, 0, 0, 0, 0, 0, 0, 0, 0, 0, 0, 0, -11, -38
"c:\Users\brian\Desktop\Code\My Game\build\_deps\glm-src\test\gtx\gtx_gradient_paint.cpp", "C++", -23, 0, 0, 0, 0, 0, 0, 0, 0, 0, 0, 0, 0, 0, 0, 0, 0, 0, 0, 0, 0, -12, -35
"c:\Users\brian\Desktop\Code\My Game\build\_deps\glm-src\test\gtx\gtx_handed_coordinate_space.cpp", "C++", -7, 0, 0, 0, 0, 0, 0, 0, 0, 0, 0, 0, 0, 0, 0, 0, 0, 0, 0, 0, 0, -3, -10
"c:\Users\brian\Desktop\Code\My Game\build\_deps\glm-src\test\gtx\gtx_hash.cpp", "C++", -59, 0, 0, 0, 0, 0, 0, 0, 0, 0, 0, 0, 0, 0, 0, 0, 0, 0, 0, 0, -3, -19, -81
"c:\Users\brian\Desktop\Code\My Game\build\_deps\glm-src\test\gtx\gtx_int_10_10_10_2.cpp", "C++", -7, 0, 0, 0, 0, 0, 0, 0, 0, 0, 0, 0, 0, 0, 0, 0, 0, 0, 0, 0, -8, -4, -19
"c:\Users\brian\Desktop\Code\My Game\build\_deps\glm-src\test\gtx\gtx_integer.cpp", "C++", -63, 0, 0, 0, 0, 0, 0, 0, 0, 0, 0, 0, 0, 0, 0, 0, 0, 0, 0, 0, -20, -26, -109
"c:\Users\brian\Desktop\Code\My Game\build\_deps\glm-src\test\gtx\gtx_intersect.cpp", "C++", -73, 0, 0, 0, 0, 0, 0, 0, 0, 0, 0, 0, 0, 0, 0, 0, 0, 0, 0, 0, -2, -18, -93
"c:\Users\brian\Desktop\Code\My Game\build\_deps\glm-src\test\gtx\gtx_io.cpp", "C++", -153, 0, 0, 0, 0, 0, 0, 0, 0, 0, 0, 0, 0, 0, 0, 0, 0, 0, 0, 0, 0, -34, -187
"c:\Users\brian\Desktop\Code\My Game\build\_deps\glm-src\test\gtx\gtx_iteration.cpp", "C++", -172, 0, 0, 0, 0, 0, 0, 0, 0, 0, 0, 0, 0, 0, 0, 0, 0, 0, 0, 0, -3, -41, -216
"c:\Users\brian\Desktop\Code\My Game\build\_deps\glm-src\test\gtx\gtx_load.cpp", "C++", -6, 0, 0, 0, 0, 0, 0, 0, 0, 0, 0, 0, 0, 0, 0, 0, 0, 0, 0, 0, -118, -1, -125
"c:\Users\brian\Desktop\Code\My Game\build\_deps\glm-src\test\gtx\gtx_log_base.cpp", "C++", -44, 0, 0, 0, 0, 0, 0, 0, 0, 0, 0, 0, 0, 0, 0, 0, 0, 0, 0, 0, 0, -11, -55
"c:\Users\brian\Desktop\Code\My Game\build\_deps\glm-src\test\gtx\gtx_matrix_cross_product.cpp", "C++", -7, 0, 0, 0, 0, 0, 0, 0, 0, 0, 0, 0, 0, 0, 0, 0, 0, 0, 0, 0, 0, -3, -10
"c:\Users\brian\Desktop\Code\My Game\build\_deps\glm-src\test\gtx\gtx_matrix_decompose.cpp", "C++", -40, 0, 0, 0, 0, 0, 0, 0, 0, 0, 0, 0, 0, 0, 0, 0, 0, 0, 0, 0, 0, -20, -60
"c:\Users\brian\Desktop\Code\My Game\build\_deps\glm-src\test\gtx\gtx_matrix_factorisation.cpp", "C++", -64, 0, 0, 0, 0, 0, 0, 0, 0, 0, 0, 0, 0, 0, 0, 0, 0, 0, 0, 0, -12, -30, -106
"c:\Users\brian\Desktop\Code\My Game\build\_deps\glm-src\test\gtx\gtx_matrix_interpolation.cpp", "C++", -98, 0, 0, 0, 0, 0, 0, 0, 0, 0, 0, 0, 0, 0, 0, 0, 0, 0, 0, 0, 0, -25, -123
"c:\Users\brian\Desktop\Code\My Game\build\_deps\glm-src\test\gtx\gtx_matrix_major_storage.cpp", "C++", -7, 0, 0, 0, 0, 0, 0, 0, 0, 0, 0, 0, 0, 0, 0, 0, 0, 0, 0, 0, 0, -3, -10
"c:\Users\brian\Desktop\Code\My Game\build\_deps\glm-src\test\gtx\gtx_matrix_operation.cpp", "C++", -65, 0, 0, 0, 0, 0, 0, 0, 0, 0, 0, 0, 0, 0, 0, 0, 0, 0, 0, 0, -3, -19, -87
"c:\Users\brian\Desktop\Code\My Game\build\_deps\glm-src\test\gtx\gtx_matrix_query.cpp", "C++", -55, 0, 0, 0, 0, 0, 0, 0, 0, 0, 0, 0, 0, 0, 0, 0, 0, 0, 0, 0, 0, -18, -73
"c:\Users\brian\Desktop\Code\My Game\build\_deps\glm-src\test\gtx\gtx_matrix_transform_2d.cpp", "C++", -7, 0, 0, 0, 0, 0, 0, 0, 0, 0, 0, 0, 0, 0, 0, 0, 0, 0, 0, 0, 0, -3, -10
"c:\Users\brian\Desktop\Code\My Game\build\_deps\glm-src\test\gtx\gtx_mixed_product.cpp", "C++", -7, 0, 0, 0, 0, 0, 0, 0, 0, 0, 0, 0, 0, 0, 0, 0, 0, 0, 0, 0, -8, -4, -19
"c:\Users\brian\Desktop\Code\My Game\build\_deps\glm-src\test\gtx\gtx_norm.cpp", "C++", -69, 0, 0, 0, 0, 0, 0, 0, 0, 0, 0, 0, 0, 0, 0, 0, 0, 0, 0, 0, 0, -16, -85
"c:\Users\brian\Desktop\Code\My Game\build\_deps\glm-src\test\gtx\gtx_normal.cpp", "C++", -7, 0, 0, 0, 0, 0, 0, 0, 0, 0, 0, 0, 0, 0, 0, 0, 0, 0, 0, 0, 0, -3, -10
"c:\Users\brian\Desktop\Code\My Game\build\_deps\glm-src\test\gtx\gtx_normalize_dot.cpp", "C++", -7, 0, 0, 0, 0, 0, 0, 0, 0, 0, 0, 0, 0, 0, 0, 0, 0, 0, 0, 0, 0, -3, -10
"c:\Users\brian\Desktop\Code\My Game\build\_deps\glm-src\test\gtx\gtx_optimum_pow.cpp", "C++", -7, 0, 0, 0, 0, 0, 0, 0, 0, 0, 0, 0, 0, 0, 0, 0, 0, 0, 0, 0, 0, -3, -10
"c:\Users\brian\Desktop\Code\My Game\build\_deps\glm-src\test\gtx\gtx_orthonormalize.cpp", "C++", -7, 0, 0, 0, 0, 0, 0, 0, 0, 0, 0, 0, 0, 0, 0, 0, 0, 0, 0, 0, 0, -3, -10
"c:\Users\brian\Desktop\Code\My Game\build\_deps\glm-src\test\gtx\gtx_pca.cpp", "C++", -633, 0, 0, 0, 0, 0, 0, 0, 0, 0, 0, 0, 0, 0, 0, 0, 0, 0, 0, 0, -42, -59, -734
"c:\Users\brian\Desktop\Code\My Game\build\_deps\glm-src\test\gtx\gtx_perpendicular.cpp", "C++", -7, 0, 0, 0, 0, 0, 0, 0, 0, 0, 0, 0, 0, 0, 0, 0, 0, 0, 0, 0, 0, -3, -10
"c:\Users\brian\Desktop\Code\My Game\build\_deps\glm-src\test\gtx\gtx_polar_coordinates.cpp", "C++", -7, 0, 0, 0, 0, 0, 0, 0, 0, 0, 0, 0, 0, 0, 0, 0, 0, 0, 0, 0, 0, -3, -10
"c:\Users\brian\Desktop\Code\My Game\build\_deps\glm-src\test\gtx\gtx_projection.cpp", "C++", -7, 0, 0, 0, 0, 0, 0, 0, 0, 0, 0, 0, 0, 0, 0, 0, 0, 0, 0, 0, 0, -3, -10
"c:\Users\brian\Desktop\Code\My Game\build\_deps\glm-src\test\gtx\gtx_quaternion.cpp", "C++", -85, 0, 0, 0, 0, 0, 0, 0, 0, 0, 0, 0, 0, 0, 0, 0, 0, 0, 0, 0, 0, -28, -113
"c:\Users\brian\Desktop\Code\My Game\build\_deps\glm-src\test\gtx\gtx_random.cpp", "C++", -75, 0, 0, 0, 0, 0, 0, 0, 0, 0, 0, 0, 0, 0, 0, 0, 0, 0, 0, 0, -8, -17, -100
"c:\Users\brian\Desktop\Code\My Game\build\_deps\glm-src\test\gtx\gtx_range.cpp", "C++", -66, 0, 0, 0, 0, 0, 0, 0, 0, 0, 0, 0, 0, 0, 0, 0, 0, 0, 0, 0, 0, -18, -84
"c:\Users\brian\Desktop\Code\My Game\build\_deps\glm-src\test\gtx\gtx_rotate_normalized_axis.cpp", "C++", -7, 0, 0, 0, 0, 0, 0, 0, 0, 0, 0, 0, 0, 0, 0, 0, 0, 0, 0, 0, 0, -3, -10
"c:\Users\brian\Desktop\Code\My Game\build\_deps\glm-src\test\gtx\gtx_rotate_vector.cpp", "C++", -62, 0, 0, 0, 0, 0, 0, 0, 0, 0, 0, 0, 0, 0, 0, 0, 0, 0, 0, 0, 0, -27, -89
"c:\Users\brian\Desktop\Code\My Game\build\_deps\glm-src\test\gtx\gtx_scalar_multiplication.cpp", "C++", -28, 0, 0, 0, 0, 0, 0, 0, 0, 0, 0, 0, 0, 0, 0, 0, 0, 0, 0, 0, 0, -11, -39
"c:\Users\brian\Desktop\Code\My Game\build\_deps\glm-src\test\gtx\gtx_scalar_relational.cpp", "C++", -144, 0, 0, 0, 0, 0, 0, 0, 0, 0, 0, 0, 0, 0, 0, 0, 0, 0, 0, 0, 0, -31, -175
"c:\Users\brian\Desktop\Code\My Game\build\_deps\glm-src\test\gtx\gtx_simd_mat4.cpp", "C++", -225, 0, 0, 0, 0, 0, 0, 0, 0, 0, 0, 0, 0, 0, 0, 0, 0, 0, 0, 0, -37, -63, -325
"c:\Users\brian\Desktop\Code\My Game\build\_deps\glm-src\test\gtx\gtx_simd_vec4.cpp", "C++", -25, 0, 0, 0, 0, 0, 0, 0, 0, 0, 0, 0, 0, 0, 0, 0, 0, 0, 0, 0, -35, -12, -72
"c:\Users\brian\Desktop\Code\My Game\build\_deps\glm-src\test\gtx\gtx_spline.cpp", "C++", -93, 0, 0, 0, 0, 0, 0, 0, 0, 0, 0, 0, 0, 0, 0, 0, 0, 0, 0, 0, 0, -29, -122
"c:\Users\brian\Desktop\Code\My Game\build\_deps\glm-src\test\gtx\gtx_string_cast.cpp", "C++", -117, 0, 0, 0, 0, 0, 0, 0, 0, 0, 0, 0, 0, 0, 0, 0, 0, 0, 0, 0, 0, -40, -157
"c:\Users\brian\Desktop\Code\My Game\build\_deps\glm-src\test\gtx\gtx_structured_bindings.cpp", "C++", -303, 0, 0, 0, 0, 0, 0, 0, 0, 0, 0, 0, 0, 0, 0, 0, 0, 0, 0, 0, 0, -64, -367
"c:\Users\brian\Desktop\Code\My Game\build\_deps\glm-src\test\gtx\gtx_texture.cpp", "C++", -16, 0, 0, 0, 0, 0, 0, 0, 0, 0, 0, 0, 0, 0, 0, 0, 0, 0, 0, 0, 0, -8, -24
"c:\Users\brian\Desktop\Code\My Game\build\_deps\glm-src\test\gtx\gtx_transform2.cpp", "C++", -111, 0, 0, 0, 0, 0, 0, 0, 0, 0, 0, 0, 0, 0, 0, 0, 0, 0, 0, 0, 0, -25, -136
"c:\Users\brian\Desktop\Code\My Game\build\_deps\glm-src\test\gtx\gtx_type_aligned.cpp", "C++", -115, 0, 0, 0, 0, 0, 0, 0, 0, 0, 0, 0, 0, 0, 0, 0, 0, 0, 0, 0, 0, -36, -151
"c:\Users\brian\Desktop\Code\My Game\build\_deps\glm-src\test\gtx\gtx_type_trait.cpp", "C++", -8, 0, 0, 0, 0, 0, 0, 0, 0, 0, 0, 0, 0, 0, 0, 0, 0, 0, 0, 0, 0, -4, -12
"c:\Users\brian\Desktop\Code\My Game\build\_deps\glm-src\test\gtx\gtx_vec_swizzle.cpp", "C++", -7, 0, 0, 0, 0, 0, 0, 0, 0, 0, 0, 0, 0, 0, 0, 0, 0, 0, 0, 0, 0, -5, -12
"c:\Users\brian\Desktop\Code\My Game\build\_deps\glm-src\test\gtx\gtx_vector_angle.cpp", "C++", -45, 0, 0, 0, 0, 0, 0, 0, 0, 0, 0, 0, 0, 0, 0, 0, 0, 0, 0, 0, 0, -15, -60
"c:\Users\brian\Desktop\Code\My Game\build\_deps\glm-src\test\gtx\gtx_vector_query.cpp", "C++", -60, 0, 0, 0, 0, 0, 0, 0, 0, 0, 0, 0, 0, 0, 0, 0, 0, 0, 0, 0, 0, -23, -83
"c:\Users\brian\Desktop\Code\My Game\build\_deps\glm-src\test\gtx\gtx_wrap.cpp", "C++", -135, 0, 0, 0, 0, 0, 0, 0, 0, 0, 0, 0, 0, 0, 0, 0, 0, 0, 0, 0, 0, -57, -192
"c:\Users\brian\Desktop\Code\My Game\build\_deps\glm-src\test\perf\CMakeLists.txt", "CMake", 0, 0, 0, 0, -6, 0, 0, 0, 0, 0, 0, 0, 0, 0, 0, 0, 0, 0, 0, 0, 0, -1, -7
"c:\Users\brian\Desktop\Code\My Game\build\_deps\glm-src\test\perf\perf_matrix_div.cpp", "C++", -114, 0, 0, 0, 0, 0, 0, 0, 0, 0, 0, 0, 0, 0, 0, 0, 0, 0, 0, 0, 0, -40, -154
"c:\Users\brian\Desktop\Code\My Game\build\_deps\glm-src\test\perf\perf_matrix_inverse.cpp", "C++", -111, 0, 0, 0, 0, 0, 0, 0, 0, 0, 0, 0, 0, 0, 0, 0, 0, 0, 0, 0, 0, -41, -152
"c:\Users\brian\Desktop\Code\My Game\build\_deps\glm-src\test\perf\perf_matrix_mul.cpp", "C++", -158, 0, 0, 0, 0, 0, 0, 0, 0, 0, 0, 0, 0, 0, 0, 0, 0, 0, 0, 0, 0, -45, -203
"c:\Users\brian\Desktop\Code\My Game\build\_deps\glm-src\test\perf\perf_matrix_mul_vector.cpp", "C++", -121, 0, 0, 0, 0, 0, 0, 0, 0, 0, 0, 0, 0, 0, 0, 0, 0, 0, 0, 0, 0, -39, -160
"c:\Users\brian\Desktop\Code\My Game\build\_deps\glm-src\test\perf\perf_matrix_transpose.cpp", "C++", -111, 0, 0, 0, 0, 0, 0, 0, 0, 0, 0, 0, 0, 0, 0, 0, 0, 0, 0, 0, 0, -40, -151
"c:\Users\brian\Desktop\Code\My Game\build\_deps\glm-src\test\perf\perf_vector_mul_matrix.cpp", "C++", -143, 0, 0, 0, 0, 0, 0, 0, 0, 0, 0, 0, 0, 0, 0, 0, 0, 0, 0, 0, 0, -50, -193
"c:\Users\brian\Desktop\Code\My Game\build\_deps\vulkanmemoryallocator-build\cmake_install.cmake", "CMake", 0, 0, 0, 0, -33, 0, 0, 0, 0, 0, 0, 0, 0, 0, 0, 0, 0, 0, 0, 0, -6, -7, -46
"c:\Users\brian\Desktop\Code\My Game\build\_deps\vulkanmemoryallocator-src\.github\workflows\linux.yaml", "YAML", 0, 0, 0, 0, 0, 0, 0, 0, 0, 0, -102, 0, 0, 0, 0, 0, 0, 0, 0, 0, 0, -11, -113
"c:\Users\brian\Desktop\Code\My Game\build\_deps\vulkanmemoryallocator-src\.github\workflows\static_code_analysis.yaml", "YAML", 0, 0, 0, 0, 0, 0, 0, 0, 0, 0, -63, 0, 0, 0, 0, 0, 0, 0, 0, 0, 0, -13, -76
"c:\Users\brian\Desktop\Code\My Game\build\_deps\vulkanmemoryallocator-src\.github\workflows\windows.yaml", "YAML", 0, 0, 0, 0, 0, 0, 0, 0, 0, 0, -61, 0, 0, 0, 0, 0, 0, 0, 0, 0, 0, -9, -70
"c:\Users\brian\Desktop\Code\My Game\build\_deps\vulkanmemoryallocator-src\AGENTS.md", "Markdown", 0, 0, 0, 0, 0, 0, 0, 0, -67, 0, 0, 0, 0, 0, 0, 0, 0, 0, 0, 0, 0, -31, -98
"c:\Users\brian\Desktop\Code\My Game\build\_deps\vulkanmemoryallocator-src\CHANGELOG.md", "Markdown", 0, 0, 0, 0, 0, 0, 0, 0, -194, 0, 0, 0, 0, 0, 0, 0, 0, 0, 0, 0, 0, -63, -257
"c:\Users\brian\Desktop\Code\My Game\build\_deps\vulkanmemoryallocator-src\CMakeLists.txt", "CMake", 0, 0, 0, 0, -37, 0, 0, 0, 0, 0, 0, 0, 0, 0, 0, 0, 0, 0, 0, 0, -25, -11, -73
"c:\Users\brian\Desktop\Code\My Game\build\_deps\vulkanmemoryallocator-src\README.md", "Markdown", 0, 0, 0, 0, 0, 0, 0, 0, -144, 0, 0, 0, 0, 0, 0, 0, 0, 0, 0, 0, 0, -48, -192
"c:\Users\brian\Desktop\Code\My Game\build\_deps\vulkanmemoryallocator-src\docs\html\allocation_annotation.html", "HTML", 0, 0, 0, 0, 0, 0, 0, 0, 0, 0, 0, -147, 0, 0, 0, 0, 0, 0, 0, 0, -5, -3, -155
"c:\Users\brian\Desktop\Code\My Game\build\_deps\vulkanmemoryallocator-src\docs\html\annotated.html", "HTML", 0, 0, 0, 0, 0, 0, 0, 0, 0, 0, 0, -133, 0, 0, 0, 0, 0, 0, 0, 0, -5, -3, -141
"c:\Users\brian\Desktop\Code\My Game\build\_deps\vulkanmemoryallocator-src\docs\html\choosing_memory_type.html", "HTML", 0, 0, 0, 0, 0, 0, 0, 0, 0, 0, 0, -205, 0, 0, 0, 0, 0, 0, 0, 0, -5, -3, -213
"c:\Users\brian\Desktop\Code\My Game\build\_deps\vulkanmemoryallocator-src\docs\html\classes.html", "HTML", 0, 0, 0, 0, 0, 0, 0, 0, 0, 0, 0, -110, 0, 0, 0, 0, 0, 0, 0, 0, -5, -3, -118
"c:\Users\brian\Desktop\Code\My Game\build\_deps\vulkanmemoryallocator-src\docs\html\clipboard.js", "JavaScript", 0, 0, 0, 0, 0, 0, 0, 0, 0, 0, 0, 0, -29, 0, 0, 0, 0, 0, 0, 0, -30, -3, -62
"c:\Users\brian\Desktop\Code\My Game\build\_deps\vulkanmemoryallocator-src\docs\html\codefolding.js", "JavaScript", 0, 0, 0, 0, 0, 0, 0, 0, 0, 0, 0, 0, -97, 0, 0, 0, 0, 0, 0, 0, -40, -7, -144
"c:\Users\brian\Desktop\Code\My Game\build\_deps\vulkanmemoryallocator-src\docs\html\configuration.html", "HTML", 0, 0, 0, 0, 0, 0, 0, 0, 0, 0, 0, -136, 0, 0, 0, 0, 0, 0, 0, 0, -5, -3, -144
"c:\Users\brian\Desktop\Code\My Game\build\_deps\vulkanmemoryallocator-src\docs\html\cookie.js", "JavaScript", 0, 0, 0, 0, 0, 0, 0, 0, 0, 0, 0, 0, -50, 0, 0, 0, 0, 0, 0, 0, -5, -4, -59
"c:\Users\brian\Desktop\Code\My Game\build\_deps\vulkanmemoryallocator-src\docs\html\custom_memory_pools.html", "HTML", 0, 0, 0, 0, 0, 0, 0, 0, 0, 0, 0, -254, 0, 0, 0, 0, 0, 0, 0, 0, -5, -3, -262
"c:\Users\brian\Desktop\Code\My Game\build\_deps\vulkanmemoryallocator-src\docs\html\debugging_memory_usage.html", "HTML", 0, 0, 0, 0, 0, 0, 0, 0, 0, 0, 0, -147, 0, 0, 0, 0, 0, 0, 0, 0, -5, -3, -155
"c:\Users\brian\Desktop\Code\My Game\build\_deps\vulkanmemoryallocator-src\docs\html\defragmentation.html", "HTML", 0, 0, 0, 0, 0, 0, 0, 0, 0, 0, 0, -231, 0, 0, 0, 0, 0, 0, 0, 0, -5, -3, -239
"c:\Users\brian\Desktop\Code\My Game\build\_deps\vulkanmemoryallocator-src\docs\html\deprecated.html", "HTML", 0, 0, 0, 0, 0, 0, 0, 0, 0, 0, 0, -121, 0, 0, 0, 0, 0, 0, 0, 0, -5, -3, -129
"c:\Users\brian\Desktop\Code\My Game\build\_deps\vulkanmemoryallocator-src\docs\html\dir_d44c64559bbebec7f509842c48db8b23.html", "HTML", 0, 0, 0, 0, 0, 0, 0, 0, 0, 0, 0, -113, 0, 0, 0, 0, 0, 0, 0, 0, -5, -3, -121
"c:\Users\brian\Desktop\Code\My Game\build\_deps\vulkanmemoryallocator-src\docs\html\doc.svg", "XML", 0, 0, 0, 0, 0, 0, 0, 0, 0, 0, 0, 0, 0, -12, 0, 0, 0, 0, 0, 0, 0, -1, -13
"c:\Users\brian\Desktop\Code\My Game\build\_deps\vulkanmemoryallocator-src\docs\html\docd.svg", "XML", 0, 0, 0, 0, 0, 0, 0, 0, 0, 0, 0, 0, 0, -12, 0, 0, 0, 0, 0, 0, 0, -1, -13
"c:\Users\brian\Desktop\Code\My Game\build\_deps\vulkanmemoryallocator-src\docs\html\doxygen.css", "PostCSS", 0, 0, 0, 0, 0, 0, 0, 0, 0, 0, 0, 0, 0, 0, -2113, 0, 0, 0, 0, 0, -51, -397, -2561
"c:\Users\brian\Desktop\Code\My Game\build\_deps\vulkanmemoryallocator-src\docs\html\doxygen.svg", "XML", 0, 0, 0, 0, 0, 0, 0, 0, 0, 0, 0, 0, 0, -28, 0, 0, 0, 0, 0, 0, 0, -1, -29
"c:\Users\brian\Desktop\Code\My Game\build\_deps\vulkanmemoryallocator-src\docs\html\doxygen_crawl.html", "HTML", 0, 0, 0, 0, 0, 0, 0, 0, 0, 0, 0, -463, 0, 0, 0, 0, 0, 0, 0, 0, 0, -1, -464
"c:\Users\brian\Desktop\Code\My Game\build\_deps\vulkanmemoryallocator-src\docs\html\dynsections.js", "JavaScript", 0, 0, 0, 0, 0, 0, 0, 0, 0, 0, 0, 0, -128, 0, 0, 0, 0, 0, 0, 0, -48, -16, -192
"c:\Users\brian\Desktop\Code\My Game\build\_deps\vulkanmemoryallocator-src\docs\html\enabling_buffer_device_address.html", "HTML", 0, 0, 0, 0, 0, 0, 0, 0, 0, 0, 0, -126, 0, 0, 0, 0, 0, 0, 0, 0, -5, -3, -134
"c:\Users\brian\Desktop\Code\My Game\build\_deps\vulkanmemoryallocator-src\docs\html\faq.html", "HTML", 0, 0, 0, 0, 0, 0, 0, 0, 0, 0, 0, -182, 0, 0, 0, 0, 0, 0, 0, 0, -5, -3, -190
"c:\Users\brian\Desktop\Code\My Game\build\_deps\vulkanmemoryallocator-src\docs\html\files.html", "HTML", 0, 0, 0, 0, 0, 0, 0, 0, 0, 0, 0, -110, 0, 0, 0, 0, 0, 0, 0, 0, -5, -3, -118
"c:\Users\brian\Desktop\Code\My Game\build\_deps\vulkanmemoryallocator-src\docs\html\folderclosed.svg", "XML", 0, 0, 0, 0, 0, 0, 0, 0, 0, 0, 0, 0, 0, -11, 0, 0, 0, 0, 0, 0, 0, -1, -12
"c:\Users\brian\Desktop\Code\My Game\build\_deps\vulkanmemoryallocator-src\docs\html\folderclosedd.svg", "XML", 0, 0, 0, 0, 0, 0, 0, 0, 0, 0, 0, 0, 0, -11, 0, 0, 0, 0, 0, 0, 0, -1, -12
"c:\Users\brian\Desktop\Code\My Game\build\_deps\vulkanmemoryallocator-src\docs\html\folderopen.svg", "XML", 0, 0, 0, 0, 0, 0, 0, 0, 0, 0, 0, 0, 0, -17, 0, 0, 0, 0, 0, 0, 0, -1, -18
"c:\Users\brian\Desktop\Code\My Game\build\_deps\vulkanmemoryallocator-src\docs\html\folderopend.svg", "XML", 0, 0, 0, 0, 0, 0, 0, 0, 0, 0, 0, 0, 0, -12, 0, 0, 0, 0, 0, 0, 0, -1, -13
"c:\Users\brian\Desktop\Code\My Game\build\_deps\vulkanmemoryallocator-src\docs\html\functions.html", "HTML", 0, 0, 0, 0, 0, 0, 0, 0, 0, 0, 0, -217, 0, 0, 0, 0, 0, 0, 0, 0, -5, -29, -251
"c:\Users\brian\Desktop\Code\My Game\build\_deps\vulkanmemoryallocator-src\docs\html\functions_vars.html", "HTML", 0, 0, 0, 0, 0, 0, 0, 0, 0, 0, 0, -217, 0, 0, 0, 0, 0, 0, 0, 0, -5, -29, -251
"c:\Users\brian\Desktop\Code\My Game\build\_deps\vulkanmemoryallocator-src\docs\html\general_considerations.html", "HTML", 0, 0, 0, 0, 0, 0, 0, 0, 0, 0, 0, -162, 0, 0, 0, 0, 0, 0, 0, 0, -5, -3, -170
"c:\Users\brian\Desktop\Code\My Game\build\_deps\vulkanmemoryallocator-src\docs\html\globals.html", "HTML", 0, 0, 0, 0, 0, 0, 0, 0, 0, 0, 0, -283, 0, 0, 0, 0, 0, 0, 0, 0, -5, -7, -295
"c:\Users\brian\Desktop\Code\My Game\build\_deps\vulkanmemoryallocator-src\docs\html\globals_defs.html", "HTML", 0, 0, 0, 0, 0, 0, 0, 0, 0, 0, 0, -107, 0, 0, 0, 0, 0, 0, 0, 0, -5, -3, -115
"c:\Users\brian\Desktop\Code\My Game\build\_deps\vulkanmemoryallocator-src\docs\html\globals_enum.html", "HTML", 0, 0, 0, 0, 0, 0, 0, 0, 0, 0, 0, -113, 0, 0, 0, 0, 0, 0, 0, 0, -5, -3, -121
"c:\Users\brian\Desktop\Code\My Game\build\_deps\vulkanmemoryallocator-src\docs\html\globals_eval.html", "HTML", 0, 0, 0, 0, 0, 0, 0, 0, 0, 0, 0, -167, 0, 0, 0, 0, 0, 0, 0, 0, -5, -5, -177
"c:\Users\brian\Desktop\Code\My Game\build\_deps\vulkanmemoryallocator-src\docs\html\globals_func.html", "HTML", 0, 0, 0, 0, 0, 0, 0, 0, 0, 0, 0, -181, 0, 0, 0, 0, 0, 0, 0, 0, -5, -5, -191
"c:\Users\brian\Desktop\Code\My Game\build\_deps\vulkanmemoryallocator-src\docs\html\globals_type.html", "HTML", 0, 0, 0, 0, 0, 0, 0, 0, 0, 0, 0, -143, 0, 0, 0, 0, 0, 0, 0, 0, -5, -7, -155
"c:\Users\brian\Desktop\Code\My Game\build\_deps\vulkanmemoryallocator-src\docs\html\group__group__alloc.html", "HTML", 0, 0, 0, 0, 0, 0, 0, 0, 0, 0, 0, -2651, 0, 0, 0, 0, 0, 0, 0, 0, -5, -218, -2874
"c:\Users\brian\Desktop\Code\My Game\build\_deps\vulkanmemoryallocator-src\docs\html\group__group__init.html", "HTML", 0, 0, 0, 0, 0, 0, 0, 0, 0, 0, 0, -585, 0, 0, 0, 0, 0, 0, 0, 0, -5, -53, -643
"c:\Users\brian\Desktop\Code\My Game\build\_deps\vulkanmemoryallocator-src\docs\html\group__group__stats.html", "HTML", 0, 0, 0, 0, 0, 0, 0, 0, 0, 0, 0, -440, 0, 0, 0, 0, 0, 0, 0, 0, -5, -38, -483
"c:\Users\brian\Desktop\Code\My Game\build\_deps\vulkanmemoryallocator-src\docs\html\group__group__virtual.html", "HTML", 0, 0, 0, 0, 0, 0, 0, 0, 0, 0, 0, -562, 0, 0, 0, 0, 0, 0, 0, 0, -5, -61, -628
"c:\Users\brian\Desktop\Code\My Game\build\_deps\vulkanmemoryallocator-src\docs\html\index.html", "HTML", 0, 0, 0, 0, 0, 0, 0, 0, 0, 0, 0, -208, 0, 0, 0, 0, 0, 0, 0, 0, -5, -3, -216
"c:\Users\brian\Desktop\Code\My Game\build\_deps\vulkanmemoryallocator-src\docs\html\jquery.js", "JavaScript", 0, 0, 0, 0, 0, 0, 0, 0, 0, 0, 0, 0, -177, 0, 0, 0, 0, 0, 0, 0, -27, -1, -205
"c:\Users\brian\Desktop\Code\My Game\build\_deps\vulkanmemoryallocator-src\docs\html\memory_mapping.html", "HTML", 0, 0, 0, 0, 0, 0, 0, 0, 0, 0, 0, -196, 0, 0, 0, 0, 0, 0, 0, 0, -5, -3, -204
"c:\Users\brian\Desktop\Code\My Game\build\_deps\vulkanmemoryallocator-src\docs\html\menu.js", "JavaScript", 0, 0, 0, 0, 0, 0, 0, 0, 0, 0, 0, 0, -416, 0, 0, 0, 0, 0, 0, 0, -78, -76, -570
"c:\Users\brian\Desktop\Code\My Game\build\_deps\vulkanmemoryallocator-src\docs\html\menudata.js", "JavaScript", 0, 0, 0, 0, 0, 0, 0, 0, 0, 0, 0, 0, -51, 0, 0, 0, 0, 0, 0, 0, -24, -1, -76
"c:\Users\brian\Desktop\Code\My Game\build\_deps\vulkanmemoryallocator-src\docs\html\minus.svg", "XML", 0, 0, 0, 0, 0, 0, 0, 0, 0, 0, 0, 0, 0, -8, 0, 0, 0, 0, 0, 0, 0, -1, -9
"c:\Users\brian\Desktop\Code\My Game\build\_deps\vulkanmemoryallocator-src\docs\html\minusd.svg", "XML", 0, 0, 0, 0, 0, 0, 0, 0, 0, 0, 0, 0, 0, -8, 0, 0, 0, 0, 0, 0, 0, -1, -9
"c:\Users\brian\Desktop\Code\My Game\build\_deps\vulkanmemoryallocator-src\docs\html\navtree.css", "PostCSS", 0, 0, 0, 0, 0, 0, 0, 0, 0, 0, 0, 0, 0, 0, -279, 0, 0, 0, 0, 0, -2, -47, -328
"c:\Users\brian\Desktop\Code\My Game\build\_deps\vulkanmemoryallocator-src\docs\html\other_api_interop.html", "HTML", 0, 0, 0, 0, 0, 0, 0, 0, 0, 0, 0, -264, 0, 0, 0, 0, 0, 0, 0, 0, -5, -3, -272
"c:\Users\brian\Desktop\Code\My Game\build\_deps\vulkanmemoryallocator-src\docs\html\pages.html", "HTML", 0, 0, 0, 0, 0, 0, 0, 0, 0, 0, 0, -109, 0, 0, 0, 0, 0, 0, 0, 0, -5, -3, -117
"c:\Users\brian\Desktop\Code\My Game\build\_deps\vulkanmemoryallocator-src\docs\html\plus.svg", "XML", 0, 0, 0, 0, 0, 0, 0, 0, 0, 0, 0, 0, 0, -9, 0, 0, 0, 0, 0, 0, 0, -1, -10
"c:\Users\brian\Desktop\Code\My Game\build\_deps\vulkanmemoryallocator-src\docs\html\plusd.svg", "XML", 0, 0, 0, 0, 0, 0, 0, 0, 0, 0, 0, 0, 0, -9, 0, 0, 0, 0, 0, 0, 0, -1, -10
"c:\Users\brian\Desktop\Code\My Game\build\_deps\vulkanmemoryallocator-src\docs\html\quick_start.html", "HTML", 0, 0, 0, 0, 0, 0, 0, 0, 0, 0, 0, -259, 0, 0, 0, 0, 0, 0, 0, 0, -5, -3, -267
"c:\Users\brian\Desktop\Code\My Game\build\_deps\vulkanmemoryallocator-src\docs\html\resize.js", "JavaScript", 0, 0, 0, 0, 0, 0, 0, 0, 0, 0, 0, 0, -96, 0, 0, 0, 0, 0, 0, 0, -45, -7, -148
"c:\Users\brian\Desktop\Code\My Game\build\_deps\vulkanmemoryallocator-src\docs\html\resource_aliasing.html", "HTML", 0, 0, 0, 0, 0, 0, 0, 0, 0, 0, 0, -191, 0, 0, 0, 0, 0, 0, 0, 0, -5, -3, -199
"c:\Users\brian\Desktop\Code\My Game\build\_deps\vulkanmemoryallocator-src\docs\html\search\all_0.js", "JavaScript", 0, 0, 0, 0, 0, 0, 0, 0, 0, 0, 0, 0, -36, 0, 0, 0, 0, 0, 0, 0, 0, -1, -37
"c:\Users\brian\Desktop\Code\My Game\build\_deps\vulkanmemoryallocator-src\docs\html\search\all_1.js", "JavaScript", 0, 0, 0, 0, 0, 0, 0, 0, 0, 0, 0, 0, -12, 0, 0, 0, 0, 0, 0, 0, 0, -1, -13
"c:\Users\brian\Desktop\Code\My Game\build\_deps\vulkanmemoryallocator-src\docs\html\search\all_10.js", "JavaScript", 0, 0, 0, 0, 0, 0, 0, 0, 0, 0, 0, 0, -11, 0, 0, 0, 0, 0, 0, 0, 0, -1, -12
"c:\Users\brian\Desktop\Code\My Game\build\_deps\vulkanmemoryallocator-src\docs\html\search\all_11.js", "JavaScript", 0, 0, 0, 0, 0, 0, 0, 0, 0, 0, 0, 0, -16, 0, 0, 0, 0, 0, 0, 0, 0, -1, -17
"c:\Users\brian\Desktop\Code\My Game\build\_deps\vulkanmemoryallocator-src\docs\html\search\all_12.js", "JavaScript", 0, 0, 0, 0, 0, 0, 0, 0, 0, 0, 0, 0, -10, 0, 0, 0, 0, 0, 0, 0, 0, -1, -11
"c:\Users\brian\Desktop\Code\My Game\build\_deps\vulkanmemoryallocator-src\docs\html\search\all_13.js", "JavaScript", 0, 0, 0, 0, 0, 0, 0, 0, 0, 0, 0, 0, -15, 0, 0, 0, 0, 0, 0, 0, 0, -1, -16
"c:\Users\brian\Desktop\Code\My Game\build\_deps\vulkanmemoryallocator-src\docs\html\search\all_14.js", "JavaScript", 0, 0, 0, 0, 0, 0, 0, 0, 0, 0, 0, 0, -222, 0, 0, 0, 0, 0, 0, 0, 0, -1, -223
"c:\Users\brian\Desktop\Code\My Game\build\_deps\vulkanmemoryallocator-src\docs\html\search\all_15.js", "JavaScript", 0, 0, 0, 0, 0, 0, 0, 0, 0, 0, 0, 0, -8, 0, 0, 0, 0, 0, 0, 0, 0, -1, -9
"c:\Users\brian\Desktop\Code\My Game\build\_deps\vulkanmemoryallocator-src\docs\html\search\all_2.js", "JavaScript", 0, 0, 0, 0, 0, 0, 0, 0, 0, 0, 0, 0, -21, 0, 0, 0, 0, 0, 0, 0, 0, -1, -22
"c:\Users\brian\Desktop\Code\My Game\build\_deps\vulkanmemoryallocator-src\docs\html\search\all_3.js", "JavaScript", 0, 0, 0, 0, 0, 0, 0, 0, 0, 0, 0, 0, -22, 0, 0, 0, 0, 0, 0, 0, 0, -1, -23
"c:\Users\brian\Desktop\Code\My Game\build\_deps\vulkanmemoryallocator-src\docs\html\search\all_4.js", "JavaScript", 0, 0, 0, 0, 0, 0, 0, 0, 0, 0, 0, 0, -10, 0, 0, 0, 0, 0, 0, 0, 0, -1, -11
"c:\Users\brian\Desktop\Code\My Game\build\_deps\vulkanmemoryallocator-src\docs\html\search\all_5.js", "JavaScript", 0, 0, 0, 0, 0, 0, 0, 0, 0, 0, 0, 0, -12, 0, 0, 0, 0, 0, 0, 0, 0, -1, -13
"c:\Users\brian\Desktop\Code\My Game\build\_deps\vulkanmemoryallocator-src\docs\html\search\all_6.js", "JavaScript", 0, 0, 0, 0, 0, 0, 0, 0, 0, 0, 0, 0, -6, 0, 0, 0, 0, 0, 0, 0, 0, -1, -7
"c:\Users\brian\Desktop\Code\My Game\build\_deps\vulkanmemoryallocator-src\docs\html\search\all_7.js", "JavaScript", 0, 0, 0, 0, 0, 0, 0, 0, 0, 0, 0, 0, -6, 0, 0, 0, 0, 0, 0, 0, 0, -1, -7
"c:\Users\brian\Desktop\Code\My Game\build\_deps\vulkanmemoryallocator-src\docs\html\search\all_8.js", "JavaScript", 0, 0, 0, 0, 0, 0, 0, 0, 0, 0, 0, 0, -13, 0, 0, 0, 0, 0, 0, 0, 0, -1, -14
"c:\Users\brian\Desktop\Code\My Game\build\_deps\vulkanmemoryallocator-src\docs\html\search\all_9.js", "JavaScript", 0, 0, 0, 0, 0, 0, 0, 0, 0, 0, 0, 0, -4, 0, 0, 0, 0, 0, 0, 0, 0, -1, -5
"c:\Users\brian\Desktop\Code\My Game\build\_deps\vulkanmemoryallocator-src\docs\html\search\all_a.js", "JavaScript", 0, 0, 0, 0, 0, 0, 0, 0, 0, 0, 0, 0, -9, 0, 0, 0, 0, 0, 0, 0, 0, -1, -10
"c:\Users\brian\Desktop\Code\My Game\build\_deps\vulkanmemoryallocator-src\docs\html\search\all_b.js", "JavaScript", 0, 0, 0, 0, 0, 0, 0, 0, 0, 0, 0, 0, -33, 0, 0, 0, 0, 0, 0, 0, 0, -1, -34
"c:\Users\brian\Desktop\Code\My Game\build\_deps\vulkanmemoryallocator-src\docs\html\search\all_c.js", "JavaScript", 0, 0, 0, 0, 0, 0, 0, 0, 0, 0, 0, 0, -8, 0, 0, 0, 0, 0, 0, 0, 0, -1, -9
"c:\Users\brian\Desktop\Code\My Game\build\_deps\vulkanmemoryallocator-src\docs\html\search\all_d.js", "JavaScript", 0, 0, 0, 0, 0, 0, 0, 0, 0, 0, 0, 0, -12, 0, 0, 0, 0, 0, 0, 0, 0, -1, -13
"c:\Users\brian\Desktop\Code\My Game\build\_deps\vulkanmemoryallocator-src\docs\html\search\all_e.js", "JavaScript", 0, 0, 0, 0, 0, 0, 0, 0, 0, 0, 0, 0, -33, 0, 0, 0, 0, 0, 0, 0, 0, -1, -34
"c:\Users\brian\Desktop\Code\My Game\build\_deps\vulkanmemoryallocator-src\docs\html\search\all_f.js", "JavaScript", 0, 0, 0, 0, 0, 0, 0, 0, 0, 0, 0, 0, -6, 0, 0, 0, 0, 0, 0, 0, 0, -1, -7
"c:\Users\brian\Desktop\Code\My Game\build\_deps\vulkanmemoryallocator-src\docs\html\search\classes_0.js", "JavaScript", 0, 0, 0, 0, 0, 0, 0, 0, 0, 0, 0, 0, -28, 0, 0, 0, 0, 0, 0, 0, 0, -1, -29
"c:\Users\brian\Desktop\Code\My Game\build\_deps\vulkanmemoryallocator-src\docs\html\search\close.svg", "XML", 0, 0, 0, 0, 0, 0, 0, 0, 0, 0, 0, 0, 0, -18, 0, 0, 0, 0, 0, 0, 0, -1, -19
"c:\Users\brian\Desktop\Code\My Game\build\_deps\vulkanmemoryallocator-src\docs\html\search\defines_0.js", "JavaScript", 0, 0, 0, 0, 0, 0, 0, 0, 0, 0, 0, 0, -5, 0, 0, 0, 0, 0, 0, 0, 0, -1, -6
"c:\Users\brian\Desktop\Code\My Game\build\_deps\vulkanmemoryallocator-src\docs\html\search\enums_0.js", "JavaScript", 0, 0, 0, 0, 0, 0, 0, 0, 0, 0, 0, 0, -11, 0, 0, 0, 0, 0, 0, 0, 0, -1, -12
"c:\Users\brian\Desktop\Code\My Game\build\_deps\vulkanmemoryallocator-src\docs\html\search\enumvalues_0.js", "JavaScript", 0, 0, 0, 0, 0, 0, 0, 0, 0, 0, 0, 0, -65, 0, 0, 0, 0, 0, 0, 0, 0, -1, -66
"c:\Users\brian\Desktop\Code\My Game\build\_deps\vulkanmemoryallocator-src\docs\html\search\files_0.js", "JavaScript", 0, 0, 0, 0, 0, 0, 0, 0, 0, 0, 0, 0, -4, 0, 0, 0, 0, 0, 0, 0, 0, -1, -5
"c:\Users\brian\Desktop\Code\My Game\build\_deps\vulkanmemoryallocator-src\docs\html\search\functions_0.js", "JavaScript", 0, 0, 0, 0, 0, 0, 0, 0, 0, 0, 0, 0, -79, 0, 0, 0, 0, 0, 0, 0, 0, -1, -80
"c:\Users\brian\Desktop\Code\My Game\build\_deps\vulkanmemoryallocator-src\docs\html\search\groups_0.js", "JavaScript", 0, 0, 0, 0, 0, 0, 0, 0, 0, 0, 0, 0, -5, 0, 0, 0, 0, 0, 0, 0, 0, -1, -6
"c:\Users\brian\Desktop\Code\My Game\build\_deps\vulkanmemoryallocator-src\docs\html\search\groups_1.js", "JavaScript", 0, 0, 0, 0, 0, 0, 0, 0, 0, 0, 0, 0, -4, 0, 0, 0, 0, 0, 0, 0, 0, -1, -5
"c:\Users\brian\Desktop\Code\My Game\build\_deps\vulkanmemoryallocator-src\docs\html\search\groups_2.js", "JavaScript", 0, 0, 0, 0, 0, 0, 0, 0, 0, 0, 0, 0, -4, 0, 0, 0, 0, 0, 0, 0, 0, -1, -5
"c:\Users\brian\Desktop\Code\My Game\build\_deps\vulkanmemoryallocator-src\docs\html\search\groups_3.js", "JavaScript", 0, 0, 0, 0, 0, 0, 0, 0, 0, 0, 0, 0, -4, 0, 0, 0, 0, 0, 0, 0, 0, -1, -5
"c:\Users\brian\Desktop\Code\My Game\build\_deps\vulkanmemoryallocator-src\docs\html\search\groups_4.js", "JavaScript", 0, 0, 0, 0, 0, 0, 0, 0, 0, 0, 0, 0, -4, 0, 0, 0, 0, 0, 0, 0, 0, -1, -5
"c:\Users\brian\Desktop\Code\My Game\build\_deps\vulkanmemoryallocator-src\docs\html\search\groups_5.js", "JavaScript", 0, 0, 0, 0, 0, 0, 0, 0, 0, 0, 0, 0, -4, 0, 0, 0, 0, 0, 0, 0, 0, -1, -5
"c:\Users\brian\Desktop\Code\My Game\build\_deps\vulkanmemoryallocator-src\docs\html\search\mag.svg", "XML", 0, 0, 0, 0, 0, 0, 0, 0, 0, 0, 0, 0, 0, -24, 0, 0, 0, 0, 0, 0, 0, -1, -25
"c:\Users\brian\Desktop\Code\My Game\build\_deps\vulkanmemoryallocator-src\docs\html\search\mag_d.svg", "XML", 0, 0, 0, 0, 0, 0, 0, 0, 0, 0, 0, 0, 0, -24, 0, 0, 0, 0, 0, 0, 0, -1, -25
"c:\Users\brian\Desktop\Code\My Game\build\_deps\vulkanmemoryallocator-src\docs\html\search\mag_sel.svg", "XML", 0, 0, 0, 0, 0, 0, 0, 0, 0, 0, 0, 0, 0, -30, 0, 0, 0, 0, 0, 0, -1, -1, -32
"c:\Users\brian\Desktop\Code\My Game\build\_deps\vulkanmemoryallocator-src\docs\html\search\mag_seld.svg", "XML", 0, 0, 0, 0, 0, 0, 0, 0, 0, 0, 0, 0, 0, -30, 0, 0, 0, 0, 0, 0, -1, -1, -32
"c:\Users\brian\Desktop\Code\My Game\build\_deps\vulkanmemoryallocator-src\docs\html\search\pages_0.js", "JavaScript", 0, 0, 0, 0, 0, 0, 0, 0, 0, 0, 0, 0, -30, 0, 0, 0, 0, 0, 0, 0, 0, -1, -31
"c:\Users\brian\Desktop\Code\My Game\build\_deps\vulkanmemoryallocator-src\docs\html\search\pages_1.js", "JavaScript", 0, 0, 0, 0, 0, 0, 0, 0, 0, 0, 0, 0, -7, 0, 0, 0, 0, 0, 0, 0, 0, -1, -8
"c:\Users\brian\Desktop\Code\My Game\build\_deps\vulkanmemoryallocator-src\docs\html\search\pages_10.js", "JavaScript", 0, 0, 0, 0, 0, 0, 0, 0, 0, 0, 0, 0, -10, 0, 0, 0, 0, 0, 0, 0, 0, -1, -11
"c:\Users\brian\Desktop\Code\My Game\build\_deps\vulkanmemoryallocator-src\docs\html\search\pages_11.js", "JavaScript", 0, 0, 0, 0, 0, 0, 0, 0, 0, 0, 0, 0, -14, 0, 0, 0, 0, 0, 0, 0, 0, -1, -15
"c:\Users\brian\Desktop\Code\My Game\build\_deps\vulkanmemoryallocator-src\docs\html\search\pages_12.js", "JavaScript", 0, 0, 0, 0, 0, 0, 0, 0, 0, 0, 0, 0, -9, 0, 0, 0, 0, 0, 0, 0, 0, -1, -10
"c:\Users\brian\Desktop\Code\My Game\build\_deps\vulkanmemoryallocator-src\docs\html\search\pages_13.js", "JavaScript", 0, 0, 0, 0, 0, 0, 0, 0, 0, 0, 0, 0, -12, 0, 0, 0, 0, 0, 0, 0, 0, -1, -13
"c:\Users\brian\Desktop\Code\My Game\build\_deps\vulkanmemoryallocator-src\docs\html\search\pages_14.js", "JavaScript", 0, 0, 0, 0, 0, 0, 0, 0, 0, 0, 0, 0, -15, 0, 0, 0, 0, 0, 0, 0, 0, -1, -16
"c:\Users\brian\Desktop\Code\My Game\build\_deps\vulkanmemoryallocator-src\docs\html\search\pages_15.js", "JavaScript", 0, 0, 0, 0, 0, 0, 0, 0, 0, 0, 0, 0, -8, 0, 0, 0, 0, 0, 0, 0, 0, -1, -9
"c:\Users\brian\Desktop\Code\My Game\build\_deps\vulkanmemoryallocator-src\docs\html\search\pages_2.js", "JavaScript", 0, 0, 0, 0, 0, 0, 0, 0, 0, 0, 0, 0, -21, 0, 0, 0, 0, 0, 0, 0, 0, -1, -22
"c:\Users\brian\Desktop\Code\My Game\build\_deps\vulkanmemoryallocator-src\docs\html\search\pages_3.js", "JavaScript", 0, 0, 0, 0, 0, 0, 0, 0, 0, 0, 0, 0, -17, 0, 0, 0, 0, 0, 0, 0, 0, -1, -18
"c:\Users\brian\Desktop\Code\My Game\build\_deps\vulkanmemoryallocator-src\docs\html\search\pages_4.js", "JavaScript", 0, 0, 0, 0, 0, 0, 0, 0, 0, 0, 0, 0, -10, 0, 0, 0, 0, 0, 0, 0, 0, -1, -11
"c:\Users\brian\Desktop\Code\My Game\build\_deps\vulkanmemoryallocator-src\docs\html\search\pages_5.js", "JavaScript", 0, 0, 0, 0, 0, 0, 0, 0, 0, 0, 0, 0, -12, 0, 0, 0, 0, 0, 0, 0, 0, -1, -13
"c:\Users\brian\Desktop\Code\My Game\build\_deps\vulkanmemoryallocator-src\docs\html\search\pages_6.js", "JavaScript", 0, 0, 0, 0, 0, 0, 0, 0, 0, 0, 0, 0, -6, 0, 0, 0, 0, 0, 0, 0, 0, -1, -7
"c:\Users\brian\Desktop\Code\My Game\build\_deps\vulkanmemoryallocator-src\docs\html\search\pages_7.js", "JavaScript", 0, 0, 0, 0, 0, 0, 0, 0, 0, 0, 0, 0, -6, 0, 0, 0, 0, 0, 0, 0, 0, -1, -7
"c:\Users\brian\Desktop\Code\My Game\build\_deps\vulkanmemoryallocator-src\docs\html\search\pages_8.js", "JavaScript", 0, 0, 0, 0, 0, 0, 0, 0, 0, 0, 0, 0, -12, 0, 0, 0, 0, 0, 0, 0, 0, -1, -13
"c:\Users\brian\Desktop\Code\My Game\build\_deps\vulkanmemoryallocator-src\docs\html\search\pages_9.js", "JavaScript", 0, 0, 0, 0, 0, 0, 0, 0, 0, 0, 0, 0, -4, 0, 0, 0, 0, 0, 0, 0, 0, -1, -5
"c:\Users\brian\Desktop\Code\My Game\build\_deps\vulkanmemoryallocator-src\docs\html\search\pages_a.js", "JavaScript", 0, 0, 0, 0, 0, 0, 0, 0, 0, 0, 0, 0, -8, 0, 0, 0, 0, 0, 0, 0, 0, -1, -9
"c:\Users\brian\Desktop\Code\My Game\build\_deps\vulkanmemoryallocator-src\docs\html\search\pages_b.js", "JavaScript", 0, 0, 0, 0, 0, 0, 0, 0, 0, 0, 0, 0, -22, 0, 0, 0, 0, 0, 0, 0, 0, -1, -23
"c:\Users\brian\Desktop\Code\My Game\build\_deps\vulkanmemoryallocator-src\docs\html\search\pages_c.js", "JavaScript", 0, 0, 0, 0, 0, 0, 0, 0, 0, 0, 0, 0, -8, 0, 0, 0, 0, 0, 0, 0, 0, -1, -9
"c:\Users\brian\Desktop\Code\My Game\build\_deps\vulkanmemoryallocator-src\docs\html\search\pages_d.js", "JavaScript", 0, 0, 0, 0, 0, 0, 0, 0, 0, 0, 0, 0, -10, 0, 0, 0, 0, 0, 0, 0, 0, -1, -11
"c:\Users\brian\Desktop\Code\My Game\build\_deps\vulkanmemoryallocator-src\docs\html\search\pages_e.js", "JavaScript", 0, 0, 0, 0, 0, 0, 0, 0, 0, 0, 0, 0, -11, 0, 0, 0, 0, 0, 0, 0, 0, -1, -12
"c:\Users\brian\Desktop\Code\My Game\build\_deps\vulkanmemoryallocator-src\docs\html\search\pages_f.js", "JavaScript", 0, 0, 0, 0, 0, 0, 0, 0, 0, 0, 0, 0, -6, 0, 0, 0, 0, 0, 0, 0, 0, -1, -7
"c:\Users\brian\Desktop\Code\My Game\build\_deps\vulkanmemoryallocator-src\docs\html\search\search.css", "PostCSS", 0, 0, 0, 0, 0, 0, 0, 0, 0, 0, 0, 0, 0, 0, -304, 0, 0, 0, 0, 0, -9, -65, -378
"c:\Users\brian\Desktop\Code\My Game\build\_deps\vulkanmemoryallocator-src\docs\html\search\search.js", "JavaScript", 0, 0, 0, 0, 0, 0, 0, 0, 0, 0, 0, 0, -580, 0, 0, 0, 0, 0, 0, 0, -60, -69, -709
"c:\Users\brian\Desktop\Code\My Game\build\_deps\vulkanmemoryallocator-src\docs\html\search\searchdata.js", "JavaScript", 0, 0, 0, 0, 0, 0, 0, 0, 0, 0, 0, 0, -42, 0, 0, 0, 0, 0, 0, 0, 0, -4, -46
"c:\Users\brian\Desktop\Code\My Game\build\_deps\vulkanmemoryallocator-src\docs\html\search\typedefs_0.js", "JavaScript", 0, 0, 0, 0, 0, 0, 0, 0, 0, 0, 0, 0, -6, 0, 0, 0, 0, 0, 0, 0, 0, -1, -7
"c:\Users\brian\Desktop\Code\My Game\build\_deps\vulkanmemoryallocator-src\docs\html\search\typedefs_1.js", "JavaScript", 0, 0, 0, 0, 0, 0, 0, 0, 0, 0, 0, 0, -36, 0, 0, 0, 0, 0, 0, 0, 0, -1, -37
"c:\Users\brian\Desktop\Code\My Game\build\_deps\vulkanmemoryallocator-src\docs\html\search\variables_0.js", "JavaScript", 0, 0, 0, 0, 0, 0, 0, 0, 0, 0, 0, 0, -10, 0, 0, 0, 0, 0, 0, 0, 0, -1, -11
"c:\Users\brian\Desktop\Code\My Game\build\_deps\vulkanmemoryallocator-src\docs\html\search\variables_1.js", "JavaScript", 0, 0, 0, 0, 0, 0, 0, 0, 0, 0, 0, 0, -9, 0, 0, 0, 0, 0, 0, 0, 0, -1, -10
"c:\Users\brian\Desktop\Code\My Game\build\_deps\vulkanmemoryallocator-src\docs\html\search\variables_2.js", "JavaScript", 0, 0, 0, 0, 0, 0, 0, 0, 0, 0, 0, 0, -8, 0, 0, 0, 0, 0, 0, 0, 0, -1, -9
"c:\Users\brian\Desktop\Code\My Game\build\_deps\vulkanmemoryallocator-src\docs\html\search\variables_3.js", "JavaScript", 0, 0, 0, 0, 0, 0, 0, 0, 0, 0, 0, 0, -4, 0, 0, 0, 0, 0, 0, 0, 0, -1, -5
"c:\Users\brian\Desktop\Code\My Game\build\_deps\vulkanmemoryallocator-src\docs\html\search\variables_4.js", "JavaScript", 0, 0, 0, 0, 0, 0, 0, 0, 0, 0, 0, 0, -4, 0, 0, 0, 0, 0, 0, 0, 0, -1, -5
"c:\Users\brian\Desktop\Code\My Game\build\_deps\vulkanmemoryallocator-src\docs\html\search\variables_5.js", "JavaScript", 0, 0, 0, 0, 0, 0, 0, 0, 0, 0, 0, 0, -14, 0, 0, 0, 0, 0, 0, 0, 0, -1, -15
"c:\Users\brian\Desktop\Code\My Game\build\_deps\vulkanmemoryallocator-src\docs\html\search\variables_6.js", "JavaScript", 0, 0, 0, 0, 0, 0, 0, 0, 0, 0, 0, 0, -5, 0, 0, 0, 0, 0, 0, 0, 0, -1, -6
"c:\Users\brian\Desktop\Code\My Game\build\_deps\vulkanmemoryallocator-src\docs\html\search\variables_7.js", "JavaScript", 0, 0, 0, 0, 0, 0, 0, 0, 0, 0, 0, 0, -22, 0, 0, 0, 0, 0, 0, 0, 0, -1, -23
"c:\Users\brian\Desktop\Code\My Game\build\_deps\vulkanmemoryallocator-src\docs\html\search\variables_8.js", "JavaScript", 0, 0, 0, 0, 0, 0, 0, 0, 0, 0, 0, 0, -4, 0, 0, 0, 0, 0, 0, 0, 0, -1, -5
"c:\Users\brian\Desktop\Code\My Game\build\_deps\vulkanmemoryallocator-src\docs\html\search\variables_9.js", "JavaScript", 0, 0, 0, 0, 0, 0, 0, 0, 0, 0, 0, 0, -6, 0, 0, 0, 0, 0, 0, 0, 0, -1, -7
"c:\Users\brian\Desktop\Code\My Game\build\_deps\vulkanmemoryallocator-src\docs\html\search\variables_a.js", "JavaScript", 0, 0, 0, 0, 0, 0, 0, 0, 0, 0, 0, 0, -4, 0, 0, 0, 0, 0, 0, 0, 0, -1, -5
"c:\Users\brian\Desktop\Code\My Game\build\_deps\vulkanmemoryallocator-src\docs\html\search\variables_b.js", "JavaScript", 0, 0, 0, 0, 0, 0, 0, 0, 0, 0, 0, 0, -7, 0, 0, 0, 0, 0, 0, 0, 0, -1, -8
"c:\Users\brian\Desktop\Code\My Game\build\_deps\vulkanmemoryallocator-src\docs\html\search\variables_c.js", "JavaScript", 0, 0, 0, 0, 0, 0, 0, 0, 0, 0, 0, 0, -30, 0, 0, 0, 0, 0, 0, 0, 0, -1, -31
"c:\Users\brian\Desktop\Code\My Game\build\_deps\vulkanmemoryallocator-src\docs\html\statistics.html", "HTML", 0, 0, 0, 0, 0, 0, 0, 0, 0, 0, 0, -136, 0, 0, 0, 0, 0, 0, 0, 0, -5, -3, -144
"c:\Users\brian\Desktop\Code\My Game\build\_deps\vulkanmemoryallocator-src\docs\html\staying_within_budget.html", "HTML", 0, 0, 0, 0, 0, 0, 0, 0, 0, 0, 0, -135, 0, 0, 0, 0, 0, 0, 0, 0, -5, -3, -143
"c:\Users\brian\Desktop\Code\My Game\build\_deps\vulkanmemoryallocator-src\docs\html\struct_vma_allocation.html", "HTML", 0, 0, 0, 0, 0, 0, 0, 0, 0, 0, 0, -115, 0, 0, 0, 0, 0, 0, 0, 0, -5, -4, -124
"c:\Users\brian\Desktop\Code\My Game\build\_deps\vulkanmemoryallocator-src\docs\html\struct_vma_allocation_create_info-members.html", "HTML", 0, 0, 0, 0, 0, 0, 0, 0, 0, 0, 0, -115, 0, 0, 0, 0, 0, 0, 0, 0, -5, -4, -124
"c:\Users\brian\Desktop\Code\My Game\build\_deps\vulkanmemoryallocator-src\docs\html\struct_vma_allocation_create_info.html", "HTML", 0, 0, 0, 0, 0, 0, 0, 0, 0, 0, 0, -268, 0, 0, 0, 0, 0, 0, 0, 0, -5, -31, -304
"c:\Users\brian\Desktop\Code\My Game\build\_deps\vulkanmemoryallocator-src\docs\html\struct_vma_allocation_info-members.html", "HTML", 0, 0, 0, 0, 0, 0, 0, 0, 0, 0, 0, -113, 0, 0, 0, 0, 0, 0, 0, 0, -5, -4, -122
"c:\Users\brian\Desktop\Code\My Game\build\_deps\vulkanmemoryallocator-src\docs\html\struct_vma_allocation_info.html", "HTML", 0, 0, 0, 0, 0, 0, 0, 0, 0, 0, 0, -235, 0, 0, 0, 0, 0, 0, 0, 0, -5, -24, -264
"c:\Users\brian\Desktop\Code\My Game\build\_deps\vulkanmemoryallocator-src\docs\html\struct_vma_allocation_info2-members.html", "HTML", 0, 0, 0, 0, 0, 0, 0, 0, 0, 0, 0, -109, 0, 0, 0, 0, 0, 0, 0, 0, -5, -4, -118
"c:\Users\brian\Desktop\Code\My Game\build\_deps\vulkanmemoryallocator-src\docs\html\struct_vma_allocation_info2.html", "HTML", 0, 0, 0, 0, 0, 0, 0, 0, 0, 0, 0, -167, 0, 0, 0, 0, 0, 0, 0, 0, -5, -13, -185
"c:\Users\brian\Desktop\Code\My Game\build\_deps\vulkanmemoryallocator-src\docs\html\struct_vma_allocator.html", "HTML", 0, 0, 0, 0, 0, 0, 0, 0, 0, 0, 0, -113, 0, 0, 0, 0, 0, 0, 0, 0, -5, -4, -122
"c:\Users\brian\Desktop\Code\My Game\build\_deps\vulkanmemoryallocator-src\docs\html\struct_vma_allocator_create_info-members.html", "HTML", 0, 0, 0, 0, 0, 0, 0, 0, 0, 0, 0, -117, 0, 0, 0, 0, 0, 0, 0, 0, -5, -4, -126
"c:\Users\brian\Desktop\Code\My Game\build\_deps\vulkanmemoryallocator-src\docs\html\struct_vma_allocator_create_info.html", "HTML", 0, 0, 0, 0, 0, 0, 0, 0, 0, 0, 0, -302, 0, 0, 0, 0, 0, 0, 0, 0, -5, -37, -344
"c:\Users\brian\Desktop\Code\My Game\build\_deps\vulkanmemoryallocator-src\docs\html\struct_vma_allocator_info-members.html", "HTML", 0, 0, 0, 0, 0, 0, 0, 0, 0, 0, 0, -109, 0, 0, 0, 0, 0, 0, 0, 0, -5, -4, -118
"c:\Users\brian\Desktop\Code\My Game\build\_deps\vulkanmemoryallocator-src\docs\html\struct_vma_allocator_info.html", "HTML", 0, 0, 0, 0, 0, 0, 0, 0, 0, 0, 0, -167, 0, 0, 0, 0, 0, 0, 0, 0, -5, -13, -185
"c:\Users\brian\Desktop\Code\My Game\build\_deps\vulkanmemoryallocator-src\docs\html\struct_vma_budget-members.html", "HTML", 0, 0, 0, 0, 0, 0, 0, 0, 0, 0, 0, -109, 0, 0, 0, 0, 0, 0, 0, 0, -5, -4, -118
"c:\Users\brian\Desktop\Code\My Game\build\_deps\vulkanmemoryallocator-src\docs\html\struct_vma_budget.html", "HTML", 0, 0, 0, 0, 0, 0, 0, 0, 0, 0, 0, -169, 0, 0, 0, 0, 0, 0, 0, 0, -5, -13, -187
"c:\Users\brian\Desktop\Code\My Game\build\_deps\vulkanmemoryallocator-src\docs\html\struct_vma_defragmentation_context.html", "HTML", 0, 0, 0, 0, 0, 0, 0, 0, 0, 0, 0, -112, 0, 0, 0, 0, 0, 0, 0, 0, -5, -4, -121
"c:\Users\brian\Desktop\Code\My Game\build\_deps\vulkanmemoryallocator-src\docs\html\struct_vma_defragmentation_info-members.html", "HTML", 0, 0, 0, 0, 0, 0, 0, 0, 0, 0, 0, -112, 0, 0, 0, 0, 0, 0, 0, 0, -5, -4, -121
"c:\Users\brian\Desktop\Code\My Game\build\_deps\vulkanmemoryallocator-src\docs\html\struct_vma_defragmentation_info.html", "HTML", 0, 0, 0, 0, 0, 0, 0, 0, 0, 0, 0, -214, 0, 0, 0, 0, 0, 0, 0, 0, -5, -22, -241
"c:\Users\brian\Desktop\Code\My Game\build\_deps\vulkanmemoryallocator-src\docs\html\struct_vma_defragmentation_move-members.html", "HTML", 0, 0, 0, 0, 0, 0, 0, 0, 0, 0, 0, -109, 0, 0, 0, 0, 0, 0, 0, 0, -5, -4, -118
"c:\Users\brian\Desktop\Code\My Game\build\_deps\vulkanmemoryallocator-src\docs\html\struct_vma_defragmentation_move.html", "HTML", 0, 0, 0, 0, 0, 0, 0, 0, 0, 0, 0, -165, 0, 0, 0, 0, 0, 0, 0, 0, -5, -13, -183
"c:\Users\brian\Desktop\Code\My Game\build\_deps\vulkanmemoryallocator-src\docs\html\struct_vma_defragmentation_pass_move_info-members.html", "HTML", 0, 0, 0, 0, 0, 0, 0, 0, 0, 0, 0, -108, 0, 0, 0, 0, 0, 0, 0, 0, -5, -4, -117
"c:\Users\brian\Desktop\Code\My Game\build\_deps\vulkanmemoryallocator-src\docs\html\struct_vma_defragmentation_pass_move_info.html", "HTML", 0, 0, 0, 0, 0, 0, 0, 0, 0, 0, 0, -166, 0, 0, 0, 0, 0, 0, 0, 0, -5, -10, -181
"c:\Users\brian\Desktop\Code\My Game\build\_deps\vulkanmemoryallocator-src\docs\html\struct_vma_defragmentation_stats-members.html", "HTML", 0, 0, 0, 0, 0, 0, 0, 0, 0, 0, 0, -110, 0, 0, 0, 0, 0, 0, 0, 0, -5, -4, -119
"c:\Users\brian\Desktop\Code\My Game\build\_deps\vulkanmemoryallocator-src\docs\html\struct_vma_defragmentation_stats.html", "HTML", 0, 0, 0, 0, 0, 0, 0, 0, 0, 0, 0, -179, 0, 0, 0, 0, 0, 0, 0, 0, -5, -16, -200
"c:\Users\brian\Desktop\Code\My Game\build\_deps\vulkanmemoryallocator-src\docs\html\struct_vma_detailed_statistics-members.html", "HTML", 0, 0, 0, 0, 0, 0, 0, 0, 0, 0, 0, -112, 0, 0, 0, 0, 0, 0, 0, 0, -5, -4, -121
"c:\Users\brian\Desktop\Code\My Game\build\_deps\vulkanmemoryallocator-src\docs\html\struct_vma_detailed_statistics.html", "HTML", 0, 0, 0, 0, 0, 0, 0, 0, 0, 0, 0, -214, 0, 0, 0, 0, 0, 0, 0, 0, -5, -22, -241
"c:\Users\brian\Desktop\Code\My Game\build\_deps\vulkanmemoryallocator-src\docs\html\struct_vma_device_memory_callbacks-members.html", "HTML", 0, 0, 0, 0, 0, 0, 0, 0, 0, 0, 0, -109, 0, 0, 0, 0, 0, 0, 0, 0, -5, -4, -118
"c:\Users\brian\Desktop\Code\My Game\build\_deps\vulkanmemoryallocator-src\docs\html\struct_vma_device_memory_callbacks.html", "HTML", 0, 0, 0, 0, 0, 0, 0, 0, 0, 0, 0, -166, 0, 0, 0, 0, 0, 0, 0, 0, -5, -13, -184
"c:\Users\brian\Desktop\Code\My Game\build\_deps\vulkanmemoryallocator-src\docs\html\struct_vma_pool.html", "HTML", 0, 0, 0, 0, 0, 0, 0, 0, 0, 0, 0, -113, 0, 0, 0, 0, 0, 0, 0, 0, -5, -4, -122
"c:\Users\brian\Desktop\Code\My Game\build\_deps\vulkanmemoryallocator-src\docs\html\struct_vma_pool_create_info-members.html", "HTML", 0, 0, 0, 0, 0, 0, 0, 0, 0, 0, 0, -114, 0, 0, 0, 0, 0, 0, 0, 0, -5, -4, -123
"c:\Users\brian\Desktop\Code\My Game\build\_deps\vulkanmemoryallocator-src\docs\html\struct_vma_pool_create_info.html", "HTML", 0, 0, 0, 0, 0, 0, 0, 0, 0, 0, 0, -249, 0, 0, 0, 0, 0, 0, 0, 0, -5, -28, -282
"c:\Users\brian\Desktop\Code\My Game\build\_deps\vulkanmemoryallocator-src\docs\html\struct_vma_statistics-members.html", "HTML", 0, 0, 0, 0, 0, 0, 0, 0, 0, 0, 0, -110, 0, 0, 0, 0, 0, 0, 0, 0, -5, -4, -119
"c:\Users\brian\Desktop\Code\My Game\build\_deps\vulkanmemoryallocator-src\docs\html\struct_vma_statistics.html", "HTML", 0, 0, 0, 0, 0, 0, 0, 0, 0, 0, 0, -183, 0, 0, 0, 0, 0, 0, 0, 0, -5, -16, -204
"c:\Users\brian\Desktop\Code\My Game\build\_deps\vulkanmemoryallocator-src\docs\html\struct_vma_total_statistics-members.html", "HTML", 0, 0, 0, 0, 0, 0, 0, 0, 0, 0, 0, -109, 0, 0, 0, 0, 0, 0, 0, 0, -5, -4, -118
"c:\Users\brian\Desktop\Code\My Game\build\_deps\vulkanmemoryallocator-src\docs\html\struct_vma_total_statistics.html", "HTML", 0, 0, 0, 0, 0, 0, 0, 0, 0, 0, 0, -159, 0, 0, 0, 0, 0, 0, 0, 0, -5, -10, -174
"c:\Users\brian\Desktop\Code\My Game\build\_deps\vulkanmemoryallocator-src\docs\html\struct_vma_virtual_allocation.html", "HTML", 0, 0, 0, 0, 0, 0, 0, 0, 0, 0, 0, -113, 0, 0, 0, 0, 0, 0, 0, 0, -5, -4, -122
"c:\Users\brian\Desktop\Code\My Game\build\_deps\vulkanmemoryallocator-src\docs\html\struct_vma_virtual_allocation_create_info-members.html", "HTML", 0, 0, 0, 0, 0, 0, 0, 0, 0, 0, 0, -110, 0, 0, 0, 0, 0, 0, 0, 0, -5, -4, -119
"c:\Users\brian\Desktop\Code\My Game\build\_deps\vulkanmemoryallocator-src\docs\html\struct_vma_virtual_allocation_create_info.html", "HTML", 0, 0, 0, 0, 0, 0, 0, 0, 0, 0, 0, -182, 0, 0, 0, 0, 0, 0, 0, 0, -5, -16, -203
"c:\Users\brian\Desktop\Code\My Game\build\_deps\vulkanmemoryallocator-src\docs\html\struct_vma_virtual_allocation_info-members.html", "HTML", 0, 0, 0, 0, 0, 0, 0, 0, 0, 0, 0, -109, 0, 0, 0, 0, 0, 0, 0, 0, -5, -4, -118
"c:\Users\brian\Desktop\Code\My Game\build\_deps\vulkanmemoryallocator-src\docs\html\struct_vma_virtual_allocation_info.html", "HTML", 0, 0, 0, 0, 0, 0, 0, 0, 0, 0, 0, -167, 0, 0, 0, 0, 0, 0, 0, 0, -5, -13, -185
"c:\Users\brian\Desktop\Code\My Game\build\_deps\vulkanmemoryallocator-src\docs\html\struct_vma_virtual_block.html", "HTML", 0, 0, 0, 0, 0, 0, 0, 0, 0, 0, 0, -113, 0, 0, 0, 0, 0, 0, 0, 0, -5, -4, -122
"c:\Users\brian\Desktop\Code\My Game\build\_deps\vulkanmemoryallocator-src\docs\html\struct_vma_virtual_block_create_info-members.html", "HTML", 0, 0, 0, 0, 0, 0, 0, 0, 0, 0, 0, -109, 0, 0, 0, 0, 0, 0, 0, 0, -5, -4, -118
"c:\Users\brian\Desktop\Code\My Game\build\_deps\vulkanmemoryallocator-src\docs\html\struct_vma_virtual_block_create_info.html", "HTML", 0, 0, 0, 0, 0, 0, 0, 0, 0, 0, 0, -166, 0, 0, 0, 0, 0, 0, 0, 0, -5, -13, -184
"c:\Users\brian\Desktop\Code\My Game\build\_deps\vulkanmemoryallocator-src\docs\html\struct_vma_vulkan_functions-members.html", "HTML", 0, 0, 0, 0, 0, 0, 0, 0, 0, 0, 0, -132, 0, 0, 0, 0, 0, 0, 0, 0, -5, -4, -141
"c:\Users\brian\Desktop\Code\My Game\build\_deps\vulkanmemoryallocator-src\docs\html\struct_vma_vulkan_functions.html", "HTML", 0, 0, 0, 0, 0, 0, 0, 0, 0, 0, 0, -474, 0, 0, 0, 0, 0, 0, 0, 0, -5, -64, -543
"c:\Users\brian\Desktop\Code\My Game\build\_deps\vulkanmemoryallocator-src\docs\html\tabs.css", "PostCSS", 0, 0, 0, 0, 0, 0, 0, 0, 0, 0, 0, 0, 0, 0, -402, 0, 0, 0, 0, 0, 0, -81, -483
"c:\Users\brian\Desktop\Code\My Game\build\_deps\vulkanmemoryallocator-src\docs\html\topics.html", "HTML", 0, 0, 0, 0, 0, 0, 0, 0, 0, 0, 0, -112, 0, 0, 0, 0, 0, 0, 0, 0, -5, -3, -120
"c:\Users\brian\Desktop\Code\My Game\build\_deps\vulkanmemoryallocator-src\docs\html\usage_patterns.html", "HTML", 0, 0, 0, 0, 0, 0, 0, 0, 0, 0, 0, -330, 0, 0, 0, 0, 0, 0, 0, 0, -5, -3, -338
"c:\Users\brian\Desktop\Code\My Game\build\_deps\vulkanmemoryallocator-src\docs\html\virtual_allocator.html", "HTML", 0, 0, 0, 0, 0, 0, 0, 0, 0, 0, 0, -215, 0, 0, 0, 0, 0, 0, 0, 0, -5, -3, -223
"c:\Users\brian\Desktop\Code\My Game\build\_deps\vulkanmemoryallocator-src\docs\html\vk__mem__alloc_8h.html", "HTML", 0, 0, 0, 0, 0, 0, 0, 0, 0, 0, 0, -512, 0, 0, 0, 0, 0, 0, 0, 0, -5, -7, -524
"c:\Users\brian\Desktop\Code\My Game\build\_deps\vulkanmemoryallocator-src\docs\html\vk_amd_device_coherent_memory.html", "HTML", 0, 0, 0, 0, 0, 0, 0, 0, 0, 0, 0, -130, 0, 0, 0, 0, 0, 0, 0, 0, -5, -3, -138
"c:\Users\brian\Desktop\Code\My Game\build\_deps\vulkanmemoryallocator-src\docs\html\vk_ext_memory_priority.html", "HTML", 0, 0, 0, 0, 0, 0, 0, 0, 0, 0, 0, -162, 0, 0, 0, 0, 0, 0, 0, 0, -5, -3, -170
"c:\Users\brian\Desktop\Code\My Game\build\_deps\vulkanmemoryallocator-src\docs\html\vk_khr_dedicated_allocation.html", "HTML", 0, 0, 0, 0, 0, 0, 0, 0, 0, 0, 0, -133, 0, 0, 0, 0, 0, 0, 0, 0, -5, -3, -141
"c:\Users\brian\Desktop\Code\My Game\build\_deps\vulkanmemoryallocator-src\docs\html\vk_khr_external_memory_win32.html", "HTML", 0, 0, 0, 0, 0, 0, 0, 0, 0, 0, 0, -196, 0, 0, 0, 0, 0, 0, 0, 0, -5, -3, -204
"c:\Users\brian\Desktop\Code\My Game\build\_deps\vulkanmemoryallocator-src\include\vk_mem_alloc.h", "C++", -12337, 0, 0, 0, 0, 0, 0, 0, 0, 0, 0, 0, 0, 0, 0, 0, 0, 0, 0, 0, -5736, -1903, -19976
"c:\Users\brian\Desktop\Code\My Game\build\_deps\vulkanmemoryallocator-src\src\CMakeLists.txt", "CMake", 0, 0, 0, 0, -60, 0, 0, 0, 0, 0, 0, 0, 0, 0, 0, 0, 0, 0, 0, 0, -26, -16, -102
"c:\Users\brian\Desktop\Code\My Game\build\_deps\vulkanmemoryallocator-src\src\Common.cpp", "C++", -263, 0, 0, 0, 0, 0, 0, 0, 0, 0, 0, 0, 0, 0, 0, 0, 0, 0, 0, 0, -29, -37, -329
"c:\Users\brian\Desktop\Code\My Game\build\_deps\vulkanmemoryallocator-src\src\Common.h", "C++", -265, 0, 0, 0, 0, 0, 0, 0, 0, 0, 0, 0, 0, 0, 0, 0, 0, 0, 0, 0, -23, -52, -340
"c:\Users\brian\Desktop\Code\My Game\build\_deps\vulkanmemoryallocator-src\src\Shaders\CMakeLists.txt", "CMake", 0, 0, 0, 0, -26, 0, 0, 0, 0, 0, 0, 0, 0, 0, 0, 0, 0, 0, 0, 0, -26, -11, -63
"c:\Users\brian\Desktop\Code\My Game\build\_deps\vulkanmemoryallocator-src\src\Shaders\CompileShaders.bat", "Batch", 0, 0, 0, 0, 0, 0, 0, 0, 0, 0, 0, 0, 0, 0, 0, -4, 0, 0, 0, 0, 0, -1, -5
"c:\Users\brian\Desktop\Code\My Game\build\_deps\vulkanmemoryallocator-src\src\Shaders\Shader.frag", "GLSL", 0, 0, 0, 0, 0, 0, 0, 0, 0, 0, 0, 0, 0, 0, 0, 0, -11, 0, 0, 0, -21, -6, -38
"c:\Users\brian\Desktop\Code\My Game\build\_deps\vulkanmemoryallocator-src\src\Shaders\Shader.vert", "GLSL", 0, 0, 0, 0, 0, 0, 0, 0, 0, 0, 0, 0, 0, 0, 0, 0, -16, 0, 0, 0, -21, -6, -43
"c:\Users\brian\Desktop\Code\My Game\build\_deps\vulkanmemoryallocator-src\src\SparseBindingTest.cpp", "C++", -428, 0, 0, 0, 0, 0, 0, 0, 0, 0, 0, 0, 0, 0, 0, 0, 0, 0, 0, 0, -62, -99, -589
"c:\Users\brian\Desktop\Code\My Game\build\_deps\vulkanmemoryallocator-src\src\SparseBindingTest.h", "C++", -4, 0, 0, 0, 0, 0, 0, 0, 0, 0, 0, 0, 0, 0, 0, 0, 0, 0, 0, 0, -21, -5, -30
"c:\Users\brian\Desktop\Code\My Game\build\_deps\vulkanmemoryallocator-src\src\Tests.cpp", "C++", -7063, 0, 0, 0, 0, 0, 0, 0, 0, 0, 0, 0, 0, 0, 0, 0, 0, 0, 0, 0, -544, -1338, -8945
"c:\Users\brian\Desktop\Code\My Game\build\_deps\vulkanmemoryallocator-src\src\Tests.h", "C++", -6, 0, 0, 0, 0, 0, 0, 0, 0, 0, 0, 0, 0, 0, 0, 0, 0, 0, 0, 0, -21, -6, -33
"c:\Users\brian\Desktop\Code\My Game\build\_deps\vulkanmemoryallocator-src\src\VmaUsage.cpp", "C++", -2, 0, 0, 0, 0, 0, 0, 0, 0, 0, 0, 0, 0, 0, 0, 0, 0, 0, 0, 0, -25, -4, -31
"c:\Users\brian\Desktop\Code\My Game\build\_deps\vulkanmemoryallocator-src\src\VmaUsage.h", "C++", -48, 0, 0, 0, 0, 0, 0, 0, 0, 0, 0, 0, 0, 0, 0, 0, 0, 0, 0, 0, -48, -24, -120
"c:\Users\brian\Desktop\Code\My Game\build\_deps\vulkanmemoryallocator-src\src\VolkUsage.cpp", "C++", -4, 0, 0, 0, 0, 0, 0, 0, 0, 0, 0, 0, 0, 0, 0, 0, 0, 0, 0, 0, -21, -4, -29
"c:\Users\brian\Desktop\Code\My Game\build\_deps\vulkanmemoryallocator-src\src\VulkanSample.cpp", "C++", -2318, 0, 0, 0, 0, 0, 0, 0, 0, 0, 0, 0, 0, 0, 0, 0, 0, 0, 0, 0, -91, -403, -2812
"c:\Users\brian\Desktop\Code\My Game\build\_deps\vulkanmemoryallocator-src\tools\GpuMemDumpVis\GpuMemDump.schema.json", "JSON", 0, 0, 0, 0, 0, -163, 0, 0, 0, 0, 0, 0, 0, 0, 0, 0, 0, 0, 0, 0, 0, -1, -164
"c:\Users\brian\Desktop\Code\My Game\build\_deps\vulkanmemoryallocator-src\tools\GpuMemDumpVis\GpuMemDumpVis.py", "Python", 0, 0, 0, -254, 0, 0, 0, 0, 0, 0, 0, 0, 0, 0, 0, 0, 0, 0, 0, 0, -55, -26, -335
"c:\Users\brian\Desktop\Code\My Game\build\_deps\vulkanmemoryallocator-src\tools\GpuMemDumpVis\README.md", "Markdown", 0, 0, 0, 0, 0, 0, 0, 0, -35, 0, 0, 0, 0, 0, 0, 0, 0, 0, 0, 0, 0, -15, -50
"c:\Users\brian\Desktop\Code\My Game\build\_deps\vulkanmemoryallocator-src\tools\GpuMemDumpVis\Sample.json", "JSON", 0, 0, 0, 0, 0, -426, 0, 0, 0, 0, 0, 0, 0, 0, 0, 0, 0, 0, 0, 0, 0, 0, -426
"c:\Users\brian\Desktop\Code\My Game\build\cmake_install.cmake", "CMake", 0, 0, 0, 0, -57, 0, 0, 0, 0, 0, 0, 0, 0, 0, 0, 0, 0, 0, 0, 0, -9, -11, -77
"c:\Users\brian\Desktop\Code\My Game\build\compile_commands.json", "JSON", 0, 0, 0, 0, 0, -68, 0, 0, 0, 0, 0, 0, 0, 0, 0, 0, 0, 0, 0, 0, 0, -1, -69
"c:\Users\brian\Desktop\Code\My Game\build\imgui.ini", "Ini", 0, 0, 0, 0, 0, 0, -3, 0, 0, 0, 0, 0, 0, 0, 0, 0, 0, 0, 0, 0, 0, -2, -5
"c:\Users\brian\Desktop\Code\My Game\fix_compile_commands.py", "Python", 0, 0, 0, 0, 0, 0, 0, 0, 0, 0, 0, 0, 0, 0, 0, 0, 0, 0, 0, 0, -1, 0, -1
"c:\Users\brian\Desktop\Code\My Game\src\Camera.hpp", "C++", 0, 0, 0, 0, 0, 0, 0, 0, 0, 0, 0, 0, 0, 0, 0, 0, 0, 0, 0, 0, 0, 1, 1
"c:\Users\brian\Desktop\Code\My Game\src\ComputeBindings.slang", "Slang", 0, 0, 119, 0, 0, 0, 0, 0, 0, 0, 0, 0, 0, 0, 0, 0, 0, 0, 0, 0, 0, 16, 135
"c:\Users\brian\Desktop\Code\My Game\src\ComputeProbeDepthClear.slang", "Slang", 0, 0, 20, 0, 0, 0, 0, 0, 0, 0, 0, 0, 0, 0, 0, 0, 0, 0, 0, 0, 0, 3, 23
"c:\Users\brian\Desktop\Code\My Game\src\ComputeProbeDepthUpdate.slang", "Slang", 0, 0, 17, 0, 0, 0, 0, 0, 0, 0, 0, 0, 0, 0, 0, 0, 0, 0, 0, 0, 0, -2, 15
"c:\Users\brian\Desktop\Code\My Game\src\ComputeProbeIrradianceClear.slang", "Slang", 0, 0, 19, 0, 0, 0, 0, 0, 0, 0, 0, 0, 0, 0, 0, 0, 0, 0, 0, 0, 0, 3, 22
"c:\Users\brian\Desktop\Code\My Game\src\ComputeProbeIrradianceUpdate.slang", "Slang", 0, 0, 22, 0, 0, 0, 0, 0, 0, 0, 0, 0, 0, 0, 0, 0, 0, 0, 0, 0, 0, 0, 22
"c:\Users\brian\Desktop\Code\My Game\src\ComputeRaySample.slang", "Slang", 0, 0, 38, 0, 0, 0, 0, 0, 0, 0, 0, 0, 0, 0, 0, 0, 0, 0, 0, 0, 0, 2, 40
"c:\Users\brian\Desktop\Code\My Game\src\Constants.slang", "Slang", 0, 0, 10, 0, 0, 0, 0, 0, 0, 0, 0, 0, 0, 0, 0, 0, 0, 0, 0, 0, 0, 2, 12
"c:\Users\brian\Desktop\Code\My Game\src\Graphics.slang", "Slang", 0, 0, 28, 0, 0, 0, 0, 0, 0, 0, 0, 0, 0, 0, 0, 0, 0, 0, 0, 0, 0, 1, 29
"c:\Users\brian\Desktop\Code\My Game\src\GraphicsBindings.slang", "Slang", 0, 0, 85, 0, 0, 0, 0, 0, 0, 0, 0, 0, 0, 0, 0, 0, 0, 0, 0, 0, 0, 16, 101
"c:\Users\brian\Desktop\Code\My Game\src\Lighting.slang", "Slang", 0, 0, 50, 0, 0, 0, 0, 0, 0, 0, 0, 0, 0, 0, 0, 0, 0, 0, 0, 0, 0, 6, 56
"c:\Users\brian\Desktop\Code\My Game\src\Node.hpp", "C++", 1, 0, 0, 0, 0, 0, 0, 0, 0, 0, 0, 0, 0, 0, 0, 0, 0, 0, 0, 0, 0, 1, 2
"c:\Users\brian\Desktop\Code\My Game\src\Scene.hpp", "C++", -41, 0, 0, 0, 0, 0, 0, 0, 0, 0, 0, 0, 0, 0, 0, 0, 0, 0, 0, 0, 0, -6, -47
"c:\Users\brian\Desktop\Code\My Game\src\VulkanInterface.hpp", "C++", 49, 0, 0, 0, 0, 0, 0, 0, 0, 0, 0, 0, 0, 0, 0, 0, 0, 0, 0, 0, 0, 4, 53
"c:\Users\brian\Desktop\Code\My Game\src\VulkanInterfaceDraw.cpp", "C++", 83, 0, 0, 0, 0, 0, 0, 0, 0, 0, 0, 0, 0, 0, 0, 0, 0, 0, 0, 0, 0, 1, 84
"c:\Users\brian\Desktop\Code\My Game\src\VulkanInterfaceHelpers.cpp", "C++", 107, 0, 0, 0, 0, 0, 0, 0, 0, 0, 0, 0, 0, 0, 0, 0, 0, 0, 0, 0, -3, -7, 97
"c:\Users\brian\Desktop\Code\My Game\src\VulkanInterfaceInit.cpp", "C++", -8, 0, 0, 0, 0, 0, 0, 0, 0, 0, 0, 0, 0, 0, 0, 0, 0, 0, 0, 0, 4, 0, -4
"c:\Users\brian\Desktop\Code\My Game\src\VulkanInterfaceLoadScene.cpp", "C++", 97, 0, 0, 0, 0, 0, 0, 0, 0, 0, 0, 0, 0, 0, 0, 0, 0, 0, 0, 0, -1, 2, 98
"c:\Users\brian\Desktop\Code\My Game\src\bindings.slang", "Slang", 0, 0, -123, 0, 0, 0, 0, 0, 0, 0, 0, 0, 0, 0, 0, 0, 0, 0, 0, 0, 0, -18, -141
"Total", "-", -107836, 2, 285, -254, -2657, -8567, -3, -578, -3279, -713, -73672, -172748, -8553, -263, -5750, -4, -27, -876, -3, -43, -28404, -39362, -453305