"filename", "language", "C++", "Slang", "JSON", "CMake", "CMake Cache", "Markdown", "Python", "GLSL", "Batch", "YAML", "HTML", "JavaScript", "XML", "PostCSS", "comment", "blank", "total"
"c:\Users\brian\Desktop\Code\My Game\CMakeLists.txt", "CMake", 0, 0, 0, 0, 0, 0, 0, 0, 0, 0, 0, 0, 0, 0, 0, -3, -3
"c:\Users\brian\Desktop\Code\My Game\CMake\FindVulkanMemoryAllocator.cmake", "CMake", 0, 0, 0, 8, 0, 0, 0, 0, 0, 0, 0, 0, 0, 0, 0, 1, 9
"c:\Users\brian\Desktop\Code\My Game\CMake\Findglm.cmake", "CMake", 0, 0, 0, -76, 0, 0, 0, 0, 0, 0, 0, 0, 0, 0, -34, -16, -126
"c:\Users\brian\Desktop\Code\My Game\CMake\Findvma.cmake", "CMake", 0, 0, 0, -8, 0, 0, 0, 0, 0, 0, 0, 0, 0, 0, 0, -1, -9
"c:\Users\brian\Desktop\Code\My Game\build\.cmake\api\v1\reply\cache-v2-22ea000cb99cbd12636a.json", "JSON", 0, 0, -2347, 0, 0, 0, 0, 0, 0, 0, 0, 0, 0, 0, 0, -1, -2348
"c:\Users\brian\Desktop\Code\My Game\build\.cmake\api\v1\reply\cache-v2-4c4c724bf85cd21ddf02.json", "JSON", 0, 0, 2563, 0, 0, 0, 0, 0, 0, 0, 0, 0, 0, 0, 0, 1, 2564
"c:\Users\brian\Desktop\Code\My Game\build\.cmake\api\v1\reply\cmakeFiles-v1-86f730df53e14a14b5b4.json", "JSON", 0, 0, 625, 0, 0, 0, 0, 0, 0, 0, 0, 0, 0, 0, 0, 1, 626
"c:\Users\brian\Desktop\Code\My Game\build\.cmake\api\v1\reply\cmakeFiles-v1-c84923debeb89922e144.json", "JSON", 0, 0, -637, 0, 0, 0, 0, 0, 0, 0, 0, 0, 0, 0, 0, -1, -638
"c:\Users\brian\Desktop\Code\My Game\build\.cmake\api\v1\reply\codemodel-v2-8ec8a955d11728d339ec.json", "JSON", 0, 0, -134, 0, 0, 0, 0, 0, 0, 0, 0, 0, 0, 0, 0, -1, -135
"c:\Users\brian\Desktop\Code\My Game\build\.cmake\api\v1\reply\codemodel-v2-9983d140f3a0494fef0b.json", "JSON", 0, 0, 186, 0, 0, 0, 0, 0, 0, 0, 0, 0, 0, 0, 0, 1, 187
"c:\Users\brian\Desktop\Code\My Game\build\.cmake\api\v1\reply\directory-_deps.glm-build-Debug-935468e39a55af38ff33.json", "JSON", 0, 0, 14, 0, 0, 0, 0, 0, 0, 0, 0, 0, 0, 0, 0, 1, 15
"c:\Users\brian\Desktop\Code\My Game\build\.cmake\api\v1\reply\directory-_deps.glm-build.glm-Debug-ae6a6ae02e317224d57b.json", "JSON", 0, 0, 14, 0, 0, 0, 0, 0, 0, 0, 0, 0, 0, 0, 0, 1, 15
"c:\Users\brian\Desktop\Code\My Game\build\.cmake\api\v1\reply\directory-_deps.vma-build-Debug-30793b3caaf04bad68ea.json", "JSON", 0, 0, -14, 0, 0, 0, 0, 0, 0, 0, 0, 0, 0, 0, 0, -1, -15
"c:\Users\brian\Desktop\Code\My Game\build\.cmake\api\v1\reply\directory-_deps.vulkanmemoryallocator-build-Debug-c8ffb54a18558a919b8c.json", "JSON", 0, 0, 14, 0, 0, 0, 0, 0, 0, 0, 0, 0, 0, 0, 0, 1, 15
"c:\Users\brian\Desktop\Code\My Game\build\.cmake\api\v1\reply\index-2026-07-08T11-09-24-0144.json", "JSON", 0, 0, -132, 0, 0, 0, 0, 0, 0, 0, 0, 0, 0, 0, 0, -1, -133
"c:\Users\brian\Desktop\Code\My Game\build\.cmake\api\v1\reply\index-2026-07-18T08-38-18-0979.json", "JSON", 0, 0, 132, 0, 0, 0, 0, 0, 0, 0, 0, 0, 0, 0, 0, 1, 133
"c:\Users\brian\Desktop\Code\My Game\build\.cmake\api\v1\reply\target-MyGame-Debug-0246455d27371e02b6af.json", "JSON", 0, 0, 490, 0, 0, 0, 0, 0, 0, 0, 0, 0, 0, 0, 0, 1, 491
"c:\Users\brian\Desktop\Code\My Game\build\.cmake\api\v1\reply\target-MyGame-Debug-fa3fdb3e4fa3cf3a7710.json", "JSON", 0, 0, -483, 0, 0, 0, 0, 0, 0, 0, 0, 0, 0, 0, 0, -1, -484
"c:\Users\brian\Desktop\Code\My Game\build\.cmake\api\v1\reply\target-foo-Debug-6b39b2b94690fcedd219.json", "JSON", 0, 0, -87, 0, 0, 0, 0, 0, 0, 0, 0, 0, 0, 0, 0, -1, -88
"c:\Users\brian\Desktop\Code\My Game\build\.cmake\api\v1\reply\target-foo-Debug-d750ffca25c1b6b83d98.json", "JSON", 0, 0, 87, 0, 0, 0, 0, 0, 0, 0, 0, 0, 0, 0, 0, 1, 88
"c:\Users\brian\Desktop\Code\My Game\build\.cmake\api\v1\reply\target-glm-Debug-dd85bce688a7e30852e0.json", "JSON", 0, 0, 2786, 0, 0, 0, 0, 0, 0, 0, 0, 0, 0, 0, 0, 1, 2787
"c:\Users\brian\Desktop\Code\My Game\build\CMakeCache.txt", "CMake Cache", 0, 0, 0, 0, 32, 0, 0, 0, 0, 0, 0, 0, 0, 0, 0, 20, 52
"c:\Users\brian\Desktop\Code\My Game\build\CMakeFiles\CMakeConfigureLog.yaml", "YAML", 0, 0, 0, 0, 0, 0, 0, 0, 0, -375, 0, 0, 0, 0, 0, 1, -374
"c:\Users\brian\Desktop\Code\My Game\build\CMakeFiles\InstallScripts.json", "JSON", 0, 0, 2, 0, 0, 0, 0, 0, 0, 0, 0, 0, 0, 0, 0, 0, 2
"c:\Users\brian\Desktop\Code\My Game\build\CMakeFiles\fc-tmp\vma\download.cmake", "CMake", 0, 0, 0, -5, 0, 0, 0, 0, 0, 0, 0, 0, 0, 0, 0, -5, -10
"c:\Users\brian\Desktop\Code\My Game\build\CMakeFiles\fc-tmp\vma\patch.cmake", "CMake", 0, 0, 0, -4, 0, 0, 0, 0, 0, 0, 0, 0, 0, 0, 0, -6, -10
"c:\Users\brian\Desktop\Code\My Game\build\CMakeFiles\fc-tmp\vma\update.cmake", "CMake", 0, 0, 0, -5, 0, 0, 0, 0, 0, 0, 0, 0, 0, 0, 0, -5, -10
"c:\Users\brian\Desktop\Code\My Game\build\CMakeFiles\fc-tmp\vma\vma-gitclone.cmake", "CMake", 0, 0, 0, -72, 0, 0, 0, 0, 0, 0, 0, 0, 0, 0, -7, -9, -88
"c:\Users\brian\Desktop\Code\My Game\build\CMakeFiles\fc-tmp\vma\vma-gitupdate.cmake", "CMake", 0, 0, 0, -236, 0, 0, 0, 0, 0, 0, 0, 0, 0, 0, -52, -30, -318
"c:\Users\brian\Desktop\Code\My Game\build\CMakeFiles\fc-tmp\vulkanmemoryallocator\download.cmake", "CMake", 0, 0, 0, 5, 0, 0, 0, 0, 0, 0, 0, 0, 0, 0, 0, 5, 10
"c:\Users\brian\Desktop\Code\My Game\build\CMakeFiles\fc-tmp\vulkanmemoryallocator\patch.cmake", "CMake", 0, 0, 0, 4, 0, 0, 0, 0, 0, 0, 0, 0, 0, 0, 0, 6, 10
"c:\Users\brian\Desktop\Code\My Game\build\CMakeFiles\fc-tmp\vulkanmemoryallocator\update.cmake", "CMake", 0, 0, 0, 5, 0, 0, 0, 0, 0, 0, 0, 0, 0, 0, 0, 5, 10
"c:\Users\brian\Desktop\Code\My Game\build\CMakeFiles\fc-tmp\vulkanmemoryallocator\vulkanmemoryallocator-gitclone.cmake", "CMake", 0, 0, 0, 72, 0, 0, 0, 0, 0, 0, 0, 0, 0, 0, 7, 9, 88
"c:\Users\brian\Desktop\Code\My Game\build\CMakeFiles\fc-tmp\vulkanmemoryallocator\vulkanmemoryallocator-gitupdate.cmake", "CMake", 0, 0, 0, 236, 0, 0, 0, 0, 0, 0, 0, 0, 0, 0, 52, 30, 318
"c:\Users\brian\Desktop\Code\My Game\build\_deps\glm-build\cmake_install.cmake", "CMake", 0, 0, 0, 36, 0, 0, 0, 0, 0, 0, 0, 0, 0, 0, 7, 8, 51
"c:\Users\brian\Desktop\Code\My Game\build\_deps\glm-build\glm\cmake_install.cmake", "CMake", 0, 0, 0, 33, 0, 0, 0, 0, 0, 0, 0, 0, 0, 0, 6, 7, 46
"c:\Users\brian\Desktop\Code\My Game\build\_deps\glm-src\.appveyor.yml", "YAML", 0, 0, 0, 0, 0, 0, 0, 0, 0, -77, 0, 0, 0, 0, 0, -11, -88
"c:\Users\brian\Desktop\Code\My Game\build\_deps\glm-src\.github\workflows\ci.yml", "YAML", 0, 0, 0, 0, 0, 0, 0, 0, 0, 282, 0, 0, 0, 0, 0, 30, 312
"c:\Users\brian\Desktop\Code\My Game\build\_deps\glm-src\.github\workflows\make_light_release.yml", "YAML", 0, 0, 0, 0, 0, 0, 0, 0, 0, 28, 0, 0, 0, 0, 3, 12, 43
"c:\Users\brian\Desktop\Code\My Game\build\_deps\glm-src\.travis.yml", "YAML", 0, 0, 0, 0, 0, 0, 0, 0, 0, -695, 0, 0, 0, 0, 0, -41, -736
"c:\Users\brian\Desktop\Code\My Game\build\_deps\glm-src\CMakeLists.txt", "CMake", 0, 0, 0, 249, 0, 0, 0, 0, 0, 0, 0, 0, 0, 0, 1, 39, 289
"c:\Users\brian\Desktop\Code\My Game\build\_deps\glm-src\cmake\glm\glmConfig-version.cmake", "CMake", 0, 0, 0, -10, 0, 0, 0, 0, 0, 0, 0, 0, 0, 0, 0, -2, -12
"c:\Users\brian\Desktop\Code\My Game\build\_deps\glm-src\cmake\glm\glmConfig.cmake", "CMake", 0, 0, 0, -15, 0, 0, 0, 0, 0, 0, 0, 0, 0, 0, -1, -7, -23
"c:\Users\brian\Desktop\Code\My Game\build\_deps\glm-src\doc\api\a00001_source.html", "HTML", 0, 0, 0, 0, 0, 0, 0, 0, 0, 0, -486, 0, 0, 0, -5, -3, -494
"c:\Users\brian\Desktop\Code\My Game\build\_deps\glm-src\doc\api\a00002.html", "HTML", 0, 0, 0, 0, 0, 0, 0, 0, 0, 0, 239, 0, 0, 0, 5, 6, 250
"c:\Users\brian\Desktop\Code\My Game\build\_deps\glm-src\doc\api\a00002_source.html", "HTML", 0, 0, 0, 0, 0, 0, 0, 0, 0, 0, 136, 0, 0, 0, 0, 0, 136
"c:\Users\brian\Desktop\Code\My Game\build\_deps\glm-src\doc\api\a00003_source.html", "HTML", 0, 0, 0, 0, 0, 0, 0, 0, 0, 0, -175, 0, 0, 0, -5, -3, -183
"c:\Users\brian\Desktop\Code\My Game\build\_deps\glm-src\doc\api\a00004_source.html", "HTML", 0, 0, 0, 0, 0, 0, 0, 0, 0, 0, -898, 0, 0, 0, -5, -3, -906
"c:\Users\brian\Desktop\Code\My Game\build\_deps\glm-src\doc\api\a00005_source.html", "HTML", 0, 0, 0, 0, 0, 0, 0, 0, 0, 0, -306, 0, 0, 0, 0, 0, -306
"c:\Users\brian\Desktop\Code\My Game\build\_deps\glm-src\doc\api\a00006_source.html", "HTML", 0, 0, 0, 0, 0, 0, 0, 0, 0, 0, -255, 0, 0, 0, -5, -3, -263
"c:\Users\brian\Desktop\Code\My Game\build\_deps\glm-src\doc\api\a00007.html", "HTML", 0, 0, 0, 0, 0, 0, 0, 0, 0, 0, -195, 0, 0, 0, -5, -6, -206
"c:\Users\brian\Desktop\Code\My Game\build\_deps\glm-src\doc\api\a00007_source.html", "HTML", 0, 0, 0, 0, 0, 0, 0, 0, 0, 0, -243, 0, 0, 0, -5, -3, -251
"c:\Users\brian\Desktop\Code\My Game\build\_deps\glm-src\doc\api\a00008.html", "HTML", 0, 0, 0, 0, 0, 0, 0, 0, 0, 0, -139, 0, 0, 0, -5, -6, -150
"c:\Users\brian\Desktop\Code\My Game\build\_deps\glm-src\doc\api\a00008_source.html", "HTML", 0, 0, 0, 0, 0, 0, 0, 0, 0, 0, -51, 0, 0, 0, 0, 0, -51
"c:\Users\brian\Desktop\Code\My Game\build\_deps\glm-src\doc\api\a00009.html", "HTML", 0, 0, 0, 0, 0, 0, 0, 0, 0, 0, -213, 0, 0, 0, -5, -6, -224
"c:\Users\brian\Desktop\Code\My Game\build\_deps\glm-src\doc\api\a00009_source.html", "HTML", 0, 0, 0, 0, 0, 0, 0, 0, 0, 0, -205, 0, 0, 0, -5, -3, -213
"c:\Users\brian\Desktop\Code\My Game\build\_deps\glm-src\doc\api\a00010.html", "HTML", 0, 0, 0, 0, 0, 0, 0, 0, 0, 0, -114, 0, 0, 0, -5, -6, -125
"c:\Users\brian\Desktop\Code\My Game\build\_deps\glm-src\doc\api\a00010_source.html", "HTML", 0, 0, 0, 0, 0, 0, 0, 0, 0, 0, -126, 0, 0, 0, -5, -3, -134
"c:\Users\brian\Desktop\Code\My Game\build\_deps\glm-src\doc\api\a00011.html", "HTML", 0, 0, 0, 0, 0, 0, 0, 0, 0, 0, -127, 0, 0, 0, -5, -6, -138
"c:\Users\brian\Desktop\Code\My Game\build\_deps\glm-src\doc\api\a00011_source.html", "HTML", 0, 0, 0, 0, 0, 0, 0, 0, 0, 0, 24, 0, 0, 0, 0, 0, 24
"c:\Users\brian\Desktop\Code\My Game\build\_deps\glm-src\doc\api\a00012.html", "HTML", 0, 0, 0, 0, 0, 0, 0, 0, 0, 0, -124, 0, 0, 0, -5, -6, -135
"c:\Users\brian\Desktop\Code\My Game\build\_deps\glm-src\doc\api\a00012_source.html", "HTML", 0, 0, 0, 0, 0, 0, 0, 0, 0, 0, -129, 0, 0, 0, -5, -3, -137
"c:\Users\brian\Desktop\Code\My Game\build\_deps\glm-src\doc\api\a00013.html", "HTML", 0, 0, 0, 0, 0, 0, 0, 0, 0, 0, -129, 0, 0, 0, -5, -6, -140
"c:\Users\brian\Desktop\Code\My Game\build\_deps\glm-src\doc\api\a00013_source.html", "HTML", 0, 0, 0, 0, 0, 0, 0, 0, 0, 0, -143, 0, 0, 0, -5, -3, -151
"c:\Users\brian\Desktop\Code\My Game\build\_deps\glm-src\doc\api\a00014.html", "HTML", 0, 0, 0, 0, 0, 0, 0, 0, 0, 0, -121, 0, 0, 0, -5, -6, -132
"c:\Users\brian\Desktop\Code\My Game\build\_deps\glm-src\doc\api\a00014_source.html", "HTML", 0, 0, 0, 0, 0, 0, 0, 0, 0, 0, 750, 0, 0, 0, 0, 0, 750
"c:\Users\brian\Desktop\Code\My Game\build\_deps\glm-src\doc\api\a00015.html", "HTML", 0, 0, 0, 0, 0, 0, 0, 0, 0, 0, -257, 0, 0, 0, -5, -6, -268
"c:\Users\brian\Desktop\Code\My Game\build\_deps\glm-src\doc\api\a00015_source.html", "HTML", 0, 0, 0, 0, 0, 0, 0, 0, 0, 0, -269, 0, 0, 0, -5, -3, -277
"c:\Users\brian\Desktop\Code\My Game\build\_deps\glm-src\doc\api\a00016.html", "HTML", 0, 0, 0, 0, 0, 0, 0, 0, 0, 0, -121, 0, 0, 0, -5, -6, -132
"c:\Users\brian\Desktop\Code\My Game\build\_deps\glm-src\doc\api\a00016_source.html", "HTML", 0, 0, 0, 0, 0, 0, 0, 0, 0, 0, -132, 0, 0, 0, -5, -3, -140
"c:\Users\brian\Desktop\Code\My Game\build\_deps\glm-src\doc\api\a00017.html", "HTML", 0, 0, 0, 0, 0, 0, 0, 0, 0, 0, -433, 0, 0, 0, -5, -6, -444
"c:\Users\brian\Desktop\Code\My Game\build\_deps\glm-src\doc\api\a00017_source.html", "HTML", 0, 0, 0, 0, 0, 0, 0, 0, 0, 0, 481, 0, 0, 0, 0, 0, 481
"c:\Users\brian\Desktop\Code\My Game\build\_deps\glm-src\doc\api\a00018.html", "HTML", 0, 0, 0, 0, 0, 0, 0, 0, 0, 0, -131, 0, 0, 0, -5, -6, -142
"c:\Users\brian\Desktop\Code\My Game\build\_deps\glm-src\doc\api\a00018_source.html", "HTML", 0, 0, 0, 0, 0, 0, 0, 0, 0, 0, -138, 0, 0, 0, -5, -3, -146
"c:\Users\brian\Desktop\Code\My Game\build\_deps\glm-src\doc\api\a00019_source.html", "HTML", 0, 0, 0, 0, 0, 0, 0, 0, 0, 0, -143, 0, 0, 0, -5, -3, -151
"c:\Users\brian\Desktop\Code\My Game\build\_deps\glm-src\doc\api\a00020_source.html", "HTML", 0, 0, 0, 0, 0, 0, 0, 0, 0, 0, 181, 0, 0, 0, 0, 0, 181
"c:\Users\brian\Desktop\Code\My Game\build\_deps\glm-src\doc\api\a00021.html", "HTML", 0, 0, 0, 0, 0, 0, 0, 0, 0, 0, -213, 0, 0, 0, -5, -6, -224
"c:\Users\brian\Desktop\Code\My Game\build\_deps\glm-src\doc\api\a00021_source.html", "HTML", 0, 0, 0, 0, 0, 0, 0, 0, 0, 0, -217, 0, 0, 0, -5, -3, -225
"c:\Users\brian\Desktop\Code\My Game\build\_deps\glm-src\doc\api\a00022.html", "HTML", 0, 0, 0, 0, 0, 0, 0, 0, 0, 0, -182, 0, 0, 0, -5, -6, -193
"c:\Users\brian\Desktop\Code\My Game\build\_deps\glm-src\doc\api\a00022_source.html", "HTML", 0, 0, 0, 0, 0, 0, 0, 0, 0, 0, -310, 0, 0, 0, -5, -3, -318
"c:\Users\brian\Desktop\Code\My Game\build\_deps\glm-src\doc\api\a00023.html", "HTML", 0, 0, 0, 0, 0, 0, 0, 0, 0, 0, -234, 0, 0, 0, -5, -6, -245
"c:\Users\brian\Desktop\Code\My Game\build\_deps\glm-src\doc\api\a00023_source.html", "HTML", 0, 0, 0, 0, 0, 0, 0, 0, 0, 0, -123, 0, 0, 0, 0, 0, -123
"c:\Users\brian\Desktop\Code\My Game\build\_deps\glm-src\doc\api\a00024.html", "HTML", 0, 0, 0, 0, 0, 0, 0, 0, 0, 0, -123, 0, 0, 0, -5, -6, -134
"c:\Users\brian\Desktop\Code\My Game\build\_deps\glm-src\doc\api\a00024_source.html", "HTML", 0, 0, 0, 0, 0, 0, 0, 0, 0, 0, -125, 0, 0, 0, -5, -3, -133
"c:\Users\brian\Desktop\Code\My Game\build\_deps\glm-src\doc\api\a00025.html", "HTML", 0, 0, 0, 0, 0, 0, 0, 0, 0, 0, -269, 0, 0, 0, -5, -6, -280
"c:\Users\brian\Desktop\Code\My Game\build\_deps\glm-src\doc\api\a00025_source.html", "HTML", 0, 0, 0, 0, 0, 0, 0, 0, 0, 0, -373, 0, 0, 0, -5, -3, -381
"c:\Users\brian\Desktop\Code\My Game\build\_deps\glm-src\doc\api\a00026.html", "HTML", 0, 0, 0, 0, 0, 0, 0, 0, 0, 0, -133, 0, 0, 0, -5, -6, -144
"c:\Users\brian\Desktop\Code\My Game\build\_deps\glm-src\doc\api\a00026_source.html", "HTML", 0, 0, 0, 0, 0, 0, 0, 0, 0, 0, 124, 0, 0, 0, 0, 0, 124
"c:\Users\brian\Desktop\Code\My Game\build\_deps\glm-src\doc\api\a00027.html", "HTML", 0, 0, 0, 0, 0, 0, 0, 0, 0, 0, -98, 0, 0, 0, -5, -6, -109
"c:\Users\brian\Desktop\Code\My Game\build\_deps\glm-src\doc\api\a00027_source.html", "HTML", 0, 0, 0, 0, 0, 0, 0, 0, 0, 0, -442, 0, 0, 0, -5, -3, -450
"c:\Users\brian\Desktop\Code\My Game\build\_deps\glm-src\doc\api\a00028.html", "HTML", 0, 0, 0, 0, 0, 0, 0, 0, 0, 0, -109, 0, 0, 0, -5, -6, -120
"c:\Users\brian\Desktop\Code\My Game\build\_deps\glm-src\doc\api\a00028_source.html", "HTML", 0, 0, 0, 0, 0, 0, 0, 0, 0, 0, -120, 0, 0, 0, -5, -3, -128
"c:\Users\brian\Desktop\Code\My Game\build\_deps\glm-src\doc\api\a00029.html", "HTML", 0, 0, 0, 0, 0, 0, 0, 0, 0, 0, -173, 0, 0, 0, -5, -6, -184
"c:\Users\brian\Desktop\Code\My Game\build\_deps\glm-src\doc\api\a00029_source.html", "HTML", 0, 0, 0, 0, 0, 0, 0, 0, 0, 0, -108, 0, 0, 0, 0, 0, -108
"c:\Users\brian\Desktop\Code\My Game\build\_deps\glm-src\doc\api\a00030.html", "HTML", 0, 0, 0, 0, 0, 0, 0, 0, 0, 0, -111, 0, 0, 0, -5, -6, -122
"c:\Users\brian\Desktop\Code\My Game\build\_deps\glm-src\doc\api\a00030_source.html", "HTML", 0, 0, 0, 0, 0, 0, 0, 0, 0, 0, -118, 0, 0, 0, -5, -3, -126
"c:\Users\brian\Desktop\Code\My Game\build\_deps\glm-src\doc\api\a00031.html", "HTML", 0, 0, 0, 0, 0, 0, 0, 0, 0, 0, -155, 0, 0, 0, -5, -6, -166
"c:\Users\brian\Desktop\Code\My Game\build\_deps\glm-src\doc\api\a00031_source.html", "HTML", 0, 0, 0, 0, 0, 0, 0, 0, 0, 0, -154, 0, 0, 0, -5, -3, -162
"c:\Users\brian\Desktop\Code\My Game\build\_deps\glm-src\doc\api\a00032.html", "HTML", 0, 0, 0, 0, 0, 0, 0, 0, 0, 0, -141, 0, 0, 0, -5, -6, -152
"c:\Users\brian\Desktop\Code\My Game\build\_deps\glm-src\doc\api\a00032_source.html", "HTML", 0, 0, 0, 0, 0, 0, 0, 0, 0, 0, 224, 0, 0, 0, 0, 0, 224
"c:\Users\brian\Desktop\Code\My Game\build\_deps\glm-src\doc\api\a00033.html", "HTML", 0, 0, 0, 0, 0, 0, 0, 0, 0, 0, -137, 0, 0, 0, -5, -6, -148
"c:\Users\brian\Desktop\Code\My Game\build\_deps\glm-src\doc\api\a00033_source.html", "HTML", 0, 0, 0, 0, 0, 0, 0, 0, 0, 0, -145, 0, 0, 0, -5, -3, -153
"c:\Users\brian\Desktop\Code\My Game\build\_deps\glm-src\doc\api\a00034.html", "HTML", 0, 0, 0, 0, 0, 0, 0, 0, 0, 0, -115, 0, 0, 0, -5, -6, -126
"c:\Users\brian\Desktop\Code\My Game\build\_deps\glm-src\doc\api\a00034_source.html", "HTML", 0, 0, 0, 0, 0, 0, 0, 0, 0, 0, -129, 0, 0, 0, -5, -3, -137
"c:\Users\brian\Desktop\Code\My Game\build\_deps\glm-src\doc\api\a00035_source.html", "HTML", 0, 0, 0, 0, 0, 0, 0, 0, 0, 0, -302, 0, 0, 0, 0, 0, -302
"c:\Users\brian\Desktop\Code\My Game\build\_deps\glm-src\doc\api\a00036.html", "HTML", 0, 0, 0, 0, 0, 0, 0, 0, 0, 0, -137, 0, 0, 0, -5, -6, -148
"c:\Users\brian\Desktop\Code\My Game\build\_deps\glm-src\doc\api\a00036_source.html", "HTML", 0, 0, 0, 0, 0, 0, 0, 0, 0, 0, -145, 0, 0, 0, -5, -3, -153
"c:\Users\brian\Desktop\Code\My Game\build\_deps\glm-src\doc\api\a00037.html", "HTML", 0, 0, 0, 0, 0, 0, 0, 0, 0, 0, -98, 0, 0, 0, -5, -6, -109
"c:\Users\brian\Desktop\Code\My Game\build\_deps\glm-src\doc\api\a00037_source.html", "HTML", 0, 0, 0, 0, 0, 0, 0, 0, 0, 0, -147, 0, 0, 0, -5, -3, -155
"c:\Users\brian\Desktop\Code\My Game\build\_deps\glm-src\doc\api\a00038.html", "HTML", 0, 0, 0, 0, 0, 0, 0, 0, 0, 0, -115, 0, 0, 0, -5, -6, -126
"c:\Users\brian\Desktop\Code\My Game\build\_deps\glm-src\doc\api\a00038_source.html", "HTML", 0, 0, 0, 0, 0, 0, 0, 0, 0, 0, 14, 0, 0, 0, 0, 0, 14
"c:\Users\brian\Desktop\Code\My Game\build\_deps\glm-src\doc\api\a00039.html", "HTML", 0, 0, 0, 0, 0, 0, 0, 0, 0, 0, -113, 0, 0, 0, -5, -6, -124
"c:\Users\brian\Desktop\Code\My Game\build\_deps\glm-src\doc\api\a00039_source.html", "HTML", 0, 0, 0, 0, 0, 0, 0, 0, 0, 0, -127, 0, 0, 0, -5, -3, -135
"c:\Users\brian\Desktop\Code\My Game\build\_deps\glm-src\doc\api\a00040.html", "HTML", 0, 0, 0, 0, 0, 0, 0, 0, 0, 0, -99, 0, 0, 0, -5, -6, -110
"c:\Users\brian\Desktop\Code\My Game\build\_deps\glm-src\doc\api\a00040_source.html", "HTML", 0, 0, 0, 0, 0, 0, 0, 0, 0, 0, -225, 0, 0, 0, -5, -3, -233
"c:\Users\brian\Desktop\Code\My Game\build\_deps\glm-src\doc\api\a00041.html", "HTML", 0, 0, 0, 0, 0, 0, 0, 0, 0, 0, -119, 0, 0, 0, -5, -6, -130
"c:\Users\brian\Desktop\Code\My Game\build\_deps\glm-src\doc\api\a00041_source.html", "HTML", 0, 0, 0, 0, 0, 0, 0, 0, 0, 0, -36, 0, 0, 0, 0, 0, -36
"c:\Users\brian\Desktop\Code\My Game\build\_deps\glm-src\doc\api\a00042.html", "HTML", 0, 0, 0, 0, 0, 0, 0, 0, 0, 0, -140, 0, 0, 0, -5, -6, -151
"c:\Users\brian\Desktop\Code\My Game\build\_deps\glm-src\doc\api\a00042_source.html", "HTML", 0, 0, 0, 0, 0, 0, 0, 0, 0, 0, -142, 0, 0, 0, -5, -3, -150
"c:\Users\brian\Desktop\Code\My Game\build\_deps\glm-src\doc\api\a00043.html", "HTML", 0, 0, 0, 0, 0, 0, 0, 0, 0, 0, -157, 0, 0, 0, -5, -6, -168
"c:\Users\brian\Desktop\Code\My Game\build\_deps\glm-src\doc\api\a00043_source.html", "HTML", 0, 0, 0, 0, 0, 0, 0, 0, 0, 0, -178, 0, 0, 0, -5, -3, -186
"c:\Users\brian\Desktop\Code\My Game\build\_deps\glm-src\doc\api\a00044.html", "HTML", 0, 0, 0, 0, 0, 0, 0, 0, 0, 0, -51, 0, 0, 0, 0, 0, -51
"c:\Users\brian\Desktop\Code\My Game\build\_deps\glm-src\doc\api\a00044_source.html", "HTML", 0, 0, 0, 0, 0, 0, 0, 0, 0, 0, 90, 0, 0, 0, 0, 0, 90
"c:\Users\brian\Desktop\Code\My Game\build\_deps\glm-src\doc\api\a00045.html", "HTML", 0, 0, 0, 0, 0, 0, 0, 0, 0, 0, -104, 0, 0, 0, -5, -6, -115
"c:\Users\brian\Desktop\Code\My Game\build\_deps\glm-src\doc\api\a00045_source.html", "HTML", 0, 0, 0, 0, 0, 0, 0, 0, 0, 0, -273, 0, 0, 0, -5, -3, -281
"c:\Users\brian\Desktop\Code\My Game\build\_deps\glm-src\doc\api\a00046.html", "HTML", 0, 0, 0, 0, 0, 0, 0, 0, 0, 0, -113, 0, 0, 0, -5, -6, -124
"c:\Users\brian\Desktop\Code\My Game\build\_deps\glm-src\doc\api\a00046_source.html", "HTML", 0, 0, 0, 0, 0, 0, 0, 0, 0, 0, -125, 0, 0, 0, -5, -3, -133
"c:\Users\brian\Desktop\Code\My Game\build\_deps\glm-src\doc\api\a00047.html", "HTML", 0, 0, 0, 0, 0, 0, 0, 0, 0, 0, 80, 0, 0, 0, 5, 6, 91
"c:\Users\brian\Desktop\Code\My Game\build\_deps\glm-src\doc\api\a00047_source.html", "HTML", 0, 0, 0, 0, 0, 0, 0, 0, 0, 0, -2274, 0, 0, 0, 0, 0, -2274
"c:\Users\brian\Desktop\Code\My Game\build\_deps\glm-src\doc\api\a00048.html", "HTML", 0, 0, 0, 0, 0, 0, 0, 0, 0, 0, -98, 0, 0, 0, -5, -6, -109
"c:\Users\brian\Desktop\Code\My Game\build\_deps\glm-src\doc\api\a00048_source.html", "HTML", 0, 0, 0, 0, 0, 0, 0, 0, 0, 0, -103, 0, 0, 0, -5, -3, -111
"c:\Users\brian\Desktop\Code\My Game\build\_deps\glm-src\doc\api\a00049.html", "HTML", 0, 0, 0, 0, 0, 0, 0, 0, 0, 0, -98, 0, 0, 0, -5, -6, -109
"c:\Users\brian\Desktop\Code\My Game\build\_deps\glm-src\doc\api\a00049_source.html", "HTML", 0, 0, 0, 0, 0, 0, 0, 0, 0, 0, -103, 0, 0, 0, -5, -3, -111
"c:\Users\brian\Desktop\Code\My Game\build\_deps\glm-src\doc\api\a00050.html", "HTML", 0, 0, 0, 0, 0, 0, 0, 0, 0, 0, -18, 0, 0, 0, 0, 0, -18
"c:\Users\brian\Desktop\Code\My Game\build\_deps\glm-src\doc\api\a00050_source.html", "HTML", 0, 0, 0, 0, 0, 0, 0, 0, 0, 0, 133, 0, 0, 0, 0, 0, 133
"c:\Users\brian\Desktop\Code\My Game\build\_deps\glm-src\doc\api\a00051.html", "HTML", 0, 0, 0, 0, 0, 0, 0, 0, 0, 0, -98, 0, 0, 0, -5, -6, -109
"c:\Users\brian\Desktop\Code\My Game\build\_deps\glm-src\doc\api\a00051_source.html", "HTML", 0, 0, 0, 0, 0, 0, 0, 0, 0, 0, -103, 0, 0, 0, -5, -3, -111
"c:\Users\brian\Desktop\Code\My Game\build\_deps\glm-src\doc\api\a00052.html", "HTML", 0, 0, 0, 0, 0, 0, 0, 0, 0, 0, -98, 0, 0, 0, -5, -6, -109
"c:\Users\brian\Desktop\Code\My Game\build\_deps\glm-src\doc\api\a00052_source.html", "HTML", 0, 0, 0, 0, 0, 0, 0, 0, 0, 0, -102, 0, 0, 0, -5, -3, -110
"c:\Users\brian\Desktop\Code\My Game\build\_deps\glm-src\doc\api\a00053.html", "HTML", 0, 0, 0, 0, 0, 0, 0, 0, 0, 0, -18, 0, 0, 0, 0, 0, -18
"c:\Users\brian\Desktop\Code\My Game\build\_deps\glm-src\doc\api\a00053_source.html", "HTML", 0, 0, 0, 0, 0, 0, 0, 0, 0, 0, 140, 0, 0, 0, 0, 0, 140
"c:\Users\brian\Desktop\Code\My Game\build\_deps\glm-src\doc\api\a00054.html", "HTML", 0, 0, 0, 0, 0, 0, 0, 0, 0, 0, -98, 0, 0, 0, -5, -6, -109
"c:\Users\brian\Desktop\Code\My Game\build\_deps\glm-src\doc\api\a00054_source.html", "HTML", 0, 0, 0, 0, 0, 0, 0, 0, 0, 0, -102, 0, 0, 0, -5, -3, -110
"c:\Users\brian\Desktop\Code\My Game\build\_deps\glm-src\doc\api\a00055.html", "HTML", 0, 0, 0, 0, 0, 0, 0, 0, 0, 0, -98, 0, 0, 0, -5, -6, -109
"c:\Users\brian\Desktop\Code\My Game\build\_deps\glm-src\doc\api\a00055_source.html", "HTML", 0, 0, 0, 0, 0, 0, 0, 0, 0, 0, -102, 0, 0, 0, -5, -3, -110
"c:\Users\brian\Desktop\Code\My Game\build\_deps\glm-src\doc\api\a00056.html", "HTML", 0, 0, 0, 0, 0, 0, 0, 0, 0, 0, -18, 0, 0, 0, 0, 0, -18
"c:\Users\brian\Desktop\Code\My Game\build\_deps\glm-src\doc\api\a00056_source.html", "HTML", 0, 0, 0, 0, 0, 0, 0, 0, 0, 0, 155, 0, 0, 0, 0, 0, 155
"c:\Users\brian\Desktop\Code\My Game\build\_deps\glm-src\doc\api\a00057.html", "HTML", 0, 0, 0, 0, 0, 0, 0, 0, 0, 0, -125, 0, 0, 0, -5, -6, -136
"c:\Users\brian\Desktop\Code\My Game\build\_deps\glm-src\doc\api\a00057_source.html", "HTML", 0, 0, 0, 0, 0, 0, 0, 0, 0, 0, -209, 0, 0, 0, -5, -3, -217
"c:\Users\brian\Desktop\Code\My Game\build\_deps\glm-src\doc\api\a00058.html", "HTML", 0, 0, 0, 0, 0, 0, 0, 0, 0, 0, -121, 0, 0, 0, -5, -6, -132
"c:\Users\brian\Desktop\Code\My Game\build\_deps\glm-src\doc\api\a00058_source.html", "HTML", 0, 0, 0, 0, 0, 0, 0, 0, 0, 0, -133, 0, 0, 0, -5, -3, -141
"c:\Users\brian\Desktop\Code\My Game\build\_deps\glm-src\doc\api\a00059.html", "HTML", 0, 0, 0, 0, 0, 0, 0, 0, 0, 0, -192, 0, 0, 0, 0, 0, -192
"c:\Users\brian\Desktop\Code\My Game\build\_deps\glm-src\doc\api\a00059_source.html", "HTML", 0, 0, 0, 0, 0, 0, 0, 0, 0, 0, -79, 0, 0, 0, 0, 0, -79
"c:\Users\brian\Desktop\Code\My Game\build\_deps\glm-src\doc\api\a00060.html", "HTML", 0, 0, 0, 0, 0, 0, 0, 0, 0, 0, -98, 0, 0, 0, -5, -6, -109
"c:\Users\brian\Desktop\Code\My Game\build\_deps\glm-src\doc\api\a00060_source.html", "HTML", 0, 0, 0, 0, 0, 0, 0, 0, 0, 0, -116, 0, 0, 0, -5, -3, -124
"c:\Users\brian\Desktop\Code\My Game\build\_deps\glm-src\doc\api\a00061.html", "HTML", 0, 0, 0, 0, 0, 0, 0, 0, 0, 0, -115, 0, 0, 0, -5, -6, -126
"c:\Users\brian\Desktop\Code\My Game\build\_deps\glm-src\doc\api\a00061_source.html", "HTML", 0, 0, 0, 0, 0, 0, 0, 0, 0, 0, -123, 0, 0, 0, -5, -3, -131
"c:\Users\brian\Desktop\Code\My Game\build\_deps\glm-src\doc\api\a00062.html", "HTML", 0, 0, 0, 0, 0, 0, 0, 0, 0, 0, -29, 0, 0, 0, 0, 0, -29
"c:\Users\brian\Desktop\Code\My Game\build\_deps\glm-src\doc\api\a00062_source.html", "HTML", 0, 0, 0, 0, 0, 0, 0, 0, 0, 0, 119, 0, 0, 0, 0, 0, 119
"c:\Users\brian\Desktop\Code\My Game\build\_deps\glm-src\doc\api\a00063.html", "HTML", 0, 0, 0, 0, 0, 0, 0, 0, 0, 0, -110, 0, 0, 0, -5, -6, -121
"c:\Users\brian\Desktop\Code\My Game\build\_deps\glm-src\doc\api\a00063_source.html", "HTML", 0, 0, 0, 0, 0, 0, 0, 0, 0, 0, -107, 0, 0, 0, -5, -3, -115
"c:\Users\brian\Desktop\Code\My Game\build\_deps\glm-src\doc\api\a00064.html", "HTML", 0, 0, 0, 0, 0, 0, 0, 0, 0, 0, -122, 0, 0, 0, -5, -6, -133
"c:\Users\brian\Desktop\Code\My Game\build\_deps\glm-src\doc\api\a00064_source.html", "HTML", 0, 0, 0, 0, 0, 0, 0, 0, 0, 0, -119, 0, 0, 0, -5, -3, -127
"c:\Users\brian\Desktop\Code\My Game\build\_deps\glm-src\doc\api\a00065.html", "HTML", 0, 0, 0, 0, 0, 0, 0, 0, 0, 0, -27, 0, 0, 0, 0, 0, -27
"c:\Users\brian\Desktop\Code\My Game\build\_deps\glm-src\doc\api\a00065_source.html", "HTML", 0, 0, 0, 0, 0, 0, 0, 0, 0, 0, 142, 0, 0, 0, 0, 0, 142
"c:\Users\brian\Desktop\Code\My Game\build\_deps\glm-src\doc\api\a00066.html", "HTML", 0, 0, 0, 0, 0, 0, 0, 0, 0, 0, -113, 0, 0, 0, -5, -6, -124
"c:\Users\brian\Desktop\Code\My Game\build\_deps\glm-src\doc\api\a00066_source.html", "HTML", 0, 0, 0, 0, 0, 0, 0, 0, 0, 0, -110, 0, 0, 0, -5, -3, -118
"c:\Users\brian\Desktop\Code\My Game\build\_deps\glm-src\doc\api\a00067.html", "HTML", 0, 0, 0, 0, 0, 0, 0, 0, 0, 0, -107, 0, 0, 0, -5, -6, -118
"c:\Users\brian\Desktop\Code\My Game\build\_deps\glm-src\doc\api\a00067_source.html", "HTML", 0, 0, 0, 0, 0, 0, 0, 0, 0, 0, -104, 0, 0, 0, -5, -3, -112
"c:\Users\brian\Desktop\Code\My Game\build\_deps\glm-src\doc\api\a00068.html", "HTML", 0, 0, 0, 0, 0, 0, 0, 0, 0, 0, -33, 0, 0, 0, 0, 0, -33
"c:\Users\brian\Desktop\Code\My Game\build\_deps\glm-src\doc\api\a00068_source.html", "HTML", 0, 0, 0, 0, 0, 0, 0, 0, 0, 0, 153, 0, 0, 0, 0, 0, 153
"c:\Users\brian\Desktop\Code\My Game\build\_deps\glm-src\doc\api\a00069.html", "HTML", 0, 0, 0, 0, 0, 0, 0, 0, 0, 0, -107, 0, 0, 0, -5, -6, -118
"c:\Users\brian\Desktop\Code\My Game\build\_deps\glm-src\doc\api\a00069_source.html", "HTML", 0, 0, 0, 0, 0, 0, 0, 0, 0, 0, -104, 0, 0, 0, -5, -3, -112
"c:\Users\brian\Desktop\Code\My Game\build\_deps\glm-src\doc\api\a00070.html", "HTML", 0, 0, 0, 0, 0, 0, 0, 0, 0, 0, -113, 0, 0, 0, -5, -6, -124
"c:\Users\brian\Desktop\Code\My Game\build\_deps\glm-src\doc\api\a00070_source.html", "HTML", 0, 0, 0, 0, 0, 0, 0, 0, 0, 0, -110, 0, 0, 0, -5, -3, -118
"c:\Users\brian\Desktop\Code\My Game\build\_deps\glm-src\doc\api\a00071.html", "HTML", 0, 0, 0, 0, 0, 0, 0, 0, 0, 0, -30, 0, 0, 0, 0, 0, -30
"c:\Users\brian\Desktop\Code\My Game\build\_deps\glm-src\doc\api\a00071_source.html", "HTML", 0, 0, 0, 0, 0, 0, 0, 0, 0, 0, 151, 0, 0, 0, 0, 0, 151
"c:\Users\brian\Desktop\Code\My Game\build\_deps\glm-src\doc\api\a00072.html", "HTML", 0, 0, 0, 0, 0, 0, 0, 0, 0, 0, -122, 0, 0, 0, -5, -6, -133
"c:\Users\brian\Desktop\Code\My Game\build\_deps\glm-src\doc\api\a00072_source.html", "HTML", 0, 0, 0, 0, 0, 0, 0, 0, 0, 0, -119, 0, 0, 0, -5, -3, -127
"c:\Users\brian\Desktop\Code\My Game\build\_deps\glm-src\doc\api\a00073.html", "HTML", 0, 0, 0, 0, 0, 0, 0, 0, 0, 0, -107, 0, 0, 0, -5, -6, -118
"c:\Users\brian\Desktop\Code\My Game\build\_deps\glm-src\doc\api\a00073_source.html", "HTML", 0, 0, 0, 0, 0, 0, 0, 0, 0, 0, -104, 0, 0, 0, -5, -3, -112
"c:\Users\brian\Desktop\Code\My Game\build\_deps\glm-src\doc\api\a00074.html", "HTML", 0, 0, 0, 0, 0, 0, 0, 0, 0, 0, -33, 0, 0, 0, 0, 0, -33
"c:\Users\brian\Desktop\Code\My Game\build\_deps\glm-src\doc\api\a00074_source.html", "HTML", 0, 0, 0, 0, 0, 0, 0, 0, 0, 0, 266, 0, 0, 0, 0, 0, 266
"c:\Users\brian\Desktop\Code\My Game\build\_deps\glm-src\doc\api\a00075.html", "HTML", 0, 0, 0, 0, 0, 0, 0, 0, 0, 0, -107, 0, 0, 0, -5, -6, -118
"c:\Users\brian\Desktop\Code\My Game\build\_deps\glm-src\doc\api\a00075_source.html", "HTML", 0, 0, 0, 0, 0, 0, 0, 0, 0, 0, -104, 0, 0, 0, -5, -3, -112
"c:\Users\brian\Desktop\Code\My Game\build\_deps\glm-src\doc\api\a00076.html", "HTML", 0, 0, 0, 0, 0, 0, 0, 0, 0, 0, -113, 0, 0, 0, -5, -6, -124
"c:\Users\brian\Desktop\Code\My Game\build\_deps\glm-src\doc\api\a00076_source.html", "HTML", 0, 0, 0, 0, 0, 0, 0, 0, 0, 0, -110, 0, 0, 0, -5, -3, -118
"c:\Users\brian\Desktop\Code\My Game\build\_deps\glm-src\doc\api\a00077.html", "HTML", 0, 0, 0, 0, 0, 0, 0, 0, 0, 0, -27, 0, 0, 0, 0, 0, -27
"c:\Users\brian\Desktop\Code\My Game\build\_deps\glm-src\doc\api\a00077_source.html", "HTML", 0, 0, 0, 0, 0, 0, 0, 0, 0, 0, 370, 0, 0, 0, 0, 0, 370
"c:\Users\brian\Desktop\Code\My Game\build\_deps\glm-src\doc\api\a00078.html", "HTML", 0, 0, 0, 0, 0, 0, 0, 0, 0, 0, -113, 0, 0, 0, -5, -6, -124
"c:\Users\brian\Desktop\Code\My Game\build\_deps\glm-src\doc\api\a00078_source.html", "HTML", 0, 0, 0, 0, 0, 0, 0, 0, 0, 0, -110, 0, 0, 0, -5, -3, -118
"c:\Users\brian\Desktop\Code\My Game\build\_deps\glm-src\doc\api\a00079.html", "HTML", 0, 0, 0, 0, 0, 0, 0, 0, 0, 0, -110, 0, 0, 0, -5, -6, -121
"c:\Users\brian\Desktop\Code\My Game\build\_deps\glm-src\doc\api\a00079_source.html", "HTML", 0, 0, 0, 0, 0, 0, 0, 0, 0, 0, -107, 0, 0, 0, -5, -3, -115
"c:\Users\brian\Desktop\Code\My Game\build\_deps\glm-src\doc\api\a00080.html", "HTML", 0, 0, 0, 0, 0, 0, 0, 0, 0, 0, -42, 0, 0, 0, 0, 0, -42
"c:\Users\brian\Desktop\Code\My Game\build\_deps\glm-src\doc\api\a00080_source.html", "HTML", 0, 0, 0, 0, 0, 0, 0, 0, 0, 0, 393, 0, 0, 0, 0, 0, 393
"c:\Users\brian\Desktop\Code\My Game\build\_deps\glm-src\doc\api\a00081.html", "HTML", 0, 0, 0, 0, 0, 0, 0, 0, 0, 0, -121, 0, 0, 0, -5, -6, -132
"c:\Users\brian\Desktop\Code\My Game\build\_deps\glm-src\doc\api\a00081_source.html", "HTML", 0, 0, 0, 0, 0, 0, 0, 0, 0, 0, -135, 0, 0, 0, -5, -3, -143
"c:\Users\brian\Desktop\Code\My Game\build\_deps\glm-src\doc\api\a00082.html", "HTML", 0, 0, 0, 0, 0, 0, 0, 0, 0, 0, -110, 0, 0, 0, -5, -6, -121
"c:\Users\brian\Desktop\Code\My Game\build\_deps\glm-src\doc\api\a00082_source.html", "HTML", 0, 0, 0, 0, 0, 0, 0, 0, 0, 0, -107, 0, 0, 0, -5, -3, -115
"c:\Users\brian\Desktop\Code\My Game\build\_deps\glm-src\doc\api\a00083.html", "HTML", 0, 0, 0, 0, 0, 0, 0, 0, 0, 0, -42, 0, 0, 0, 0, 0, -42
"c:\Users\brian\Desktop\Code\My Game\build\_deps\glm-src\doc\api\a00083_source.html", "HTML", 0, 0, 0, 0, 0, 0, 0, 0, 0, 0, 448, 0, 0, 0, 0, 0, 448
"c:\Users\brian\Desktop\Code\My Game\build\_deps\glm-src\doc\api\a00084.html", "HTML", 0, 0, 0, 0, 0, 0, 0, 0, 0, 0, -107, 0, 0, 0, -5, -6, -118
"c:\Users\brian\Desktop\Code\My Game\build\_deps\glm-src\doc\api\a00084_source.html", "HTML", 0, 0, 0, 0, 0, 0, 0, 0, 0, 0, -104, 0, 0, 0, -5, -3, -112
"c:\Users\brian\Desktop\Code\My Game\build\_deps\glm-src\doc\api\a00085.html", "HTML", 0, 0, 0, 0, 0, 0, 0, 0, 0, 0, -113, 0, 0, 0, -5, -6, -124
"c:\Users\brian\Desktop\Code\My Game\build\_deps\glm-src\doc\api\a00085_source.html", "HTML", 0, 0, 0, 0, 0, 0, 0, 0, 0, 0, -110, 0, 0, 0, -5, -3, -118
"c:\Users\brian\Desktop\Code\My Game\build\_deps\glm-src\doc\api\a00086.html", "HTML", 0, 0, 0, 0, 0, 0, 0, 0, 0, 0, 8, 0, 0, 0, 0, 0, 8
"c:\Users\brian\Desktop\Code\My Game\build\_deps\glm-src\doc\api\a00086_source.html", "HTML", 0, 0, 0, 0, 0, 0, 0, 0, 0, 0, 17, 0, 0, 0, 0, 0, 17
"c:\Users\brian\Desktop\Code\My Game\build\_deps\glm-src\doc\api\a00087.html", "HTML", 0, 0, 0, 0, 0, 0, 0, 0, 0, 0, -113, 0, 0, 0, -5, -6, -124
"c:\Users\brian\Desktop\Code\My Game\build\_deps\glm-src\doc\api\a00087_source.html", "HTML", 0, 0, 0, 0, 0, 0, 0, 0, 0, 0, -110, 0, 0, 0, -5, -3, -118
"c:\Users\brian\Desktop\Code\My Game\build\_deps\glm-src\doc\api\a00088.html", "HTML", 0, 0, 0, 0, 0, 0, 0, 0, 0, 0, -107, 0, 0, 0, -5, -6, -118
"c:\Users\brian\Desktop\Code\My Game\build\_deps\glm-src\doc\api\a00088_source.html", "HTML", 0, 0, 0, 0, 0, 0, 0, 0, 0, 0, -104, 0, 0, 0, -5, -3, -112
"c:\Users\brian\Desktop\Code\My Game\build\_deps\glm-src\doc\api\a00089.html", "HTML", 0, 0, 0, 0, 0, 0, 0, 0, 0, 0, -113, 0, 0, 0, -5, -6, -124
"c:\Users\brian\Desktop\Code\My Game\build\_deps\glm-src\doc\api\a00089_source.html", "HTML", 0, 0, 0, 0, 0, 0, 0, 0, 0, 0, 92, 0, 0, 0, 0, 0, 92
"c:\Users\brian\Desktop\Code\My Game\build\_deps\glm-src\doc\api\a00090.html", "HTML", 0, 0, 0, 0, 0, 0, 0, 0, 0, 0, -110, 0, 0, 0, -5, -6, -121
"c:\Users\brian\Desktop\Code\My Game\build\_deps\glm-src\doc\api\a00090_source.html", "HTML", 0, 0, 0, 0, 0, 0, 0, 0, 0, 0, -107, 0, 0, 0, -5, -3, -115
"c:\Users\brian\Desktop\Code\My Game\build\_deps\glm-src\doc\api\a00091.html", "HTML", 0, 0, 0, 0, 0, 0, 0, 0, 0, 0, -122, 0, 0, 0, -5, -6, -133
"c:\Users\brian\Desktop\Code\My Game\build\_deps\glm-src\doc\api\a00091_source.html", "HTML", 0, 0, 0, 0, 0, 0, 0, 0, 0, 0, -119, 0, 0, 0, -5, -3, -127
"c:\Users\brian\Desktop\Code\My Game\build\_deps\glm-src\doc\api\a00092.html", "HTML", 0, 0, 0, 0, 0, 0, 0, 0, 0, 0, 163, 0, 0, 0, 0, 0, 163
"c:\Users\brian\Desktop\Code\My Game\build\_deps\glm-src\doc\api\a00092_source.html", "HTML", 0, 0, 0, 0, 0, 0, 0, 0, 0, 0, 217, 0, 0, 0, 0, 0, 217
"c:\Users\brian\Desktop\Code\My Game\build\_deps\glm-src\doc\api\a00093.html", "HTML", 0, 0, 0, 0, 0, 0, 0, 0, 0, 0, -113, 0, 0, 0, -5, -6, -124
"c:\Users\brian\Desktop\Code\My Game\build\_deps\glm-src\doc\api\a00093_source.html", "HTML", 0, 0, 0, 0, 0, 0, 0, 0, 0, 0, -110, 0, 0, 0, -5, -3, -118
"c:\Users\brian\Desktop\Code\My Game\build\_deps\glm-src\doc\api\a00094.html", "HTML", 0, 0, 0, 0, 0, 0, 0, 0, 0, 0, -107, 0, 0, 0, -5, -6, -118
"c:\Users\brian\Desktop\Code\My Game\build\_deps\glm-src\doc\api\a00094_source.html", "HTML", 0, 0, 0, 0, 0, 0, 0, 0, 0, 0, -104, 0, 0, 0, -5, -3, -112
"c:\Users\brian\Desktop\Code\My Game\build\_deps\glm-src\doc\api\a00095.html", "HTML", 0, 0, 0, 0, 0, 0, 0, 0, 0, 0, 80, 0, 0, 0, 5, 6, 91
"c:\Users\brian\Desktop\Code\My Game\build\_deps\glm-src\doc\api\a00095_source.html", "HTML", 0, 0, 0, 0, 0, 0, 0, 0, 0, 0, -9, 0, 0, 0, 0, 0, -9
"c:\Users\brian\Desktop\Code\My Game\build\_deps\glm-src\doc\api\a00096.html", "HTML", 0, 0, 0, 0, 0, 0, 0, 0, 0, 0, -107, 0, 0, 0, -5, -6, -118
"c:\Users\brian\Desktop\Code\My Game\build\_deps\glm-src\doc\api\a00096_source.html", "HTML", 0, 0, 0, 0, 0, 0, 0, 0, 0, 0, -104, 0, 0, 0, -5, -3, -112
"c:\Users\brian\Desktop\Code\My Game\build\_deps\glm-src\doc\api\a00097.html", "HTML", 0, 0, 0, 0, 0, 0, 0, 0, 0, 0, -113, 0, 0, 0, -5, -6, -124
"c:\Users\brian\Desktop\Code\My Game\build\_deps\glm-src\doc\api\a00097_source.html", "HTML", 0, 0, 0, 0, 0, 0, 0, 0, 0, 0, -110, 0, 0, 0, -5, -3, -118
"c:\Users\brian\Desktop\Code\My Game\build\_deps\glm-src\doc\api\a00098.html", "HTML", 0, 0, 0, 0, 0, 0, 0, 0, 0, 0, -14, 0, 0, 0, 0, 0, -14
"c:\Users\brian\Desktop\Code\My Game\build\_deps\glm-src\doc\api\a00098_source.html", "HTML", 0, 0, 0, 0, 0, 0, 0, 0, 0, 0, -19, 0, 0, 0, 0, 0, -19
"c:\Users\brian\Desktop\Code\My Game\build\_deps\glm-src\doc\api\a00099.html", "HTML", 0, 0, 0, 0, 0, 0, 0, 0, 0, 0, -122, 0, 0, 0, -5, -6, -133
"c:\Users\brian\Desktop\Code\My Game\build\_deps\glm-src\doc\api\a00099_source.html", "HTML", 0, 0, 0, 0, 0, 0, 0, 0, 0, 0, -119, 0, 0, 0, -5, -3, -127
"c:\Users\brian\Desktop\Code\My Game\build\_deps\glm-src\doc\api\a00100.html", "HTML", 0, 0, 0, 0, 0, 0, 0, 0, 0, 0, -393, 0, 0, 0, -5, -6, -404
"c:\Users\brian\Desktop\Code\My Game\build\_deps\glm-src\doc\api\a00100_source.html", "HTML", 0, 0, 0, 0, 0, 0, 0, 0, 0, 0, -470, 0, 0, 0, -5, -3, -478
"c:\Users\brian\Desktop\Code\My Game\build\_deps\glm-src\doc\api\a00101.html", "HTML", 0, 0, 0, 0, 0, 0, 0, 0, 0, 0, -18, 0, 0, 0, 0, 0, -18
"c:\Users\brian\Desktop\Code\My Game\build\_deps\glm-src\doc\api\a00101_source.html", "HTML", 0, 0, 0, 0, 0, 0, 0, 0, 0, 0, -33, 0, 0, 0, 0, 0, -33
"c:\Users\brian\Desktop\Code\My Game\build\_deps\glm-src\doc\api\a00102.html", "HTML", 0, 0, 0, 0, 0, 0, 0, 0, 0, 0, -113, 0, 0, 0, -5, -6, -124
"c:\Users\brian\Desktop\Code\My Game\build\_deps\glm-src\doc\api\a00102_source.html", "HTML", 0, 0, 0, 0, 0, 0, 0, 0, 0, 0, -121, 0, 0, 0, -5, -3, -129
"c:\Users\brian\Desktop\Code\My Game\build\_deps\glm-src\doc\api\a00103.html", "HTML", 0, 0, 0, 0, 0, 0, 0, 0, 0, 0, -155, 0, 0, 0, -5, -6, -166
"c:\Users\brian\Desktop\Code\My Game\build\_deps\glm-src\doc\api\a00103_source.html", "HTML", 0, 0, 0, 0, 0, 0, 0, 0, 0, 0, -179, 0, 0, 0, -5, -3, -187
"c:\Users\brian\Desktop\Code\My Game\build\_deps\glm-src\doc\api\a00104.html", "HTML", 0, 0, 0, 0, 0, 0, 0, 0, 0, 0, -64, 0, 0, 0, 0, 0, -64
"c:\Users\brian\Desktop\Code\My Game\build\_deps\glm-src\doc\api\a00104_source.html", "HTML", 0, 0, 0, 0, 0, 0, 0, 0, 0, 0, -83, 0, 0, 0, 0, 0, -83
"c:\Users\brian\Desktop\Code\My Game\build\_deps\glm-src\doc\api\a00105.html", "HTML", 0, 0, 0, 0, 0, 0, 0, 0, 0, 0, -132, 0, 0, 0, -5, -6, -143
"c:\Users\brian\Desktop\Code\My Game\build\_deps\glm-src\doc\api\a00105_source.html", "HTML", 0, 0, 0, 0, 0, 0, 0, 0, 0, 0, -148, 0, 0, 0, -5, -3, -156
"c:\Users\brian\Desktop\Code\My Game\build\_deps\glm-src\doc\api\a00106.html", "HTML", 0, 0, 0, 0, 0, 0, 0, 0, 0, 0, -139, 0, 0, 0, -5, -6, -150
"c:\Users\brian\Desktop\Code\My Game\build\_deps\glm-src\doc\api\a00106_source.html", "HTML", 0, 0, 0, 0, 0, 0, 0, 0, 0, 0, -144, 0, 0, 0, -5, -3, -152
"c:\Users\brian\Desktop\Code\My Game\build\_deps\glm-src\doc\api\a00107.html", "HTML", 0, 0, 0, 0, 0, 0, 0, 0, 0, 0, -49, 0, 0, 0, 0, 0, -49
"c:\Users\brian\Desktop\Code\My Game\build\_deps\glm-src\doc\api\a00107_source.html", "HTML", 0, 0, 0, 0, 0, 0, 0, 0, 0, 0, -51, 0, 0, 0, 0, 0, -51
"c:\Users\brian\Desktop\Code\My Game\build\_deps\glm-src\doc\api\a00108.html", "HTML", 0, 0, 0, 0, 0, 0, 0, 0, 0, 0, -133, 0, 0, 0, -5, -6, -144
"c:\Users\brian\Desktop\Code\My Game\build\_deps\glm-src\doc\api\a00108_source.html", "HTML", 0, 0, 0, 0, 0, 0, 0, 0, 0, 0, -148, 0, 0, 0, -5, -3, -156
"c:\Users\brian\Desktop\Code\My Game\build\_deps\glm-src\doc\api\a00109.html", "HTML", 0, 0, 0, 0, 0, 0, 0, 0, 0, 0, -103, 0, 0, 0, -5, -6, -114
"c:\Users\brian\Desktop\Code\My Game\build\_deps\glm-src\doc\api\a00109_source.html", "HTML", 0, 0, 0, 0, 0, 0, 0, 0, 0, 0, -109, 0, 0, 0, -5, -3, -117
"c:\Users\brian\Desktop\Code\My Game\build\_deps\glm-src\doc\api\a00110.html", "HTML", 0, 0, 0, 0, 0, 0, 0, 0, 0, 0, -37, 0, 0, 0, 0, 0, -37
"c:\Users\brian\Desktop\Code\My Game\build\_deps\glm-src\doc\api\a00110_source.html", "HTML", 0, 0, 0, 0, 0, 0, 0, 0, 0, 0, -60, 0, 0, 0, 0, 0, -60
"c:\Users\brian\Desktop\Code\My Game\build\_deps\glm-src\doc\api\a00111.html", "HTML", 0, 0, 0, 0, 0, 0, 0, 0, 0, 0, -110, 0, 0, 0, -5, -6, -121
"c:\Users\brian\Desktop\Code\My Game\build\_deps\glm-src\doc\api\a00111_source.html", "HTML", 0, 0, 0, 0, 0, 0, 0, 0, 0, 0, -120, 0, 0, 0, -5, -3, -128
"c:\Users\brian\Desktop\Code\My Game\build\_deps\glm-src\doc\api\a00112.html", "HTML", 0, 0, 0, 0, 0, 0, 0, 0, 0, 0, -117, 0, 0, 0, -5, -6, -128
"c:\Users\brian\Desktop\Code\My Game\build\_deps\glm-src\doc\api\a00112_source.html", "HTML", 0, 0, 0, 0, 0, 0, 0, 0, 0, 0, -132, 0, 0, 0, -5, -3, -140
"c:\Users\brian\Desktop\Code\My Game\build\_deps\glm-src\doc\api\a00113.html", "HTML", 0, 0, 0, 0, 0, 0, 0, 0, 0, 0, -54, 0, 0, 0, 0, 0, -54
"c:\Users\brian\Desktop\Code\My Game\build\_deps\glm-src\doc\api\a00113_source.html", "HTML", 0, 0, 0, 0, 0, 0, 0, 0, 0, 0, -60, 0, 0, 0, 0, 0, -60
"c:\Users\brian\Desktop\Code\My Game\build\_deps\glm-src\doc\api\a00114.html", "HTML", 0, 0, 0, 0, 0, 0, 0, 0, 0, 0, -111, 0, 0, 0, -5, -6, -122
"c:\Users\brian\Desktop\Code\My Game\build\_deps\glm-src\doc\api\a00114_source.html", "HTML", 0, 0, 0, 0, 0, 0, 0, 0, 0, 0, -117, 0, 0, 0, -5, -3, -125
"c:\Users\brian\Desktop\Code\My Game\build\_deps\glm-src\doc\api\a00115.html", "HTML", 0, 0, 0, 0, 0, 0, 0, 0, 0, 0, -115, 0, 0, 0, -5, -6, -126
"c:\Users\brian\Desktop\Code\My Game\build\_deps\glm-src\doc\api\a00115_source.html", "HTML", 0, 0, 0, 0, 0, 0, 0, 0, 0, 0, -121, 0, 0, 0, -5, -3, -129
"c:\Users\brian\Desktop\Code\My Game\build\_deps\glm-src\doc\api\a00116.html", "HTML", 0, 0, 0, 0, 0, 0, 0, 0, 0, 0, -60, 0, 0, 0, 0, 0, -60
"c:\Users\brian\Desktop\Code\My Game\build\_deps\glm-src\doc\api\a00116_source.html", "HTML", 0, 0, 0, 0, 0, 0, 0, 0, 0, 0, -66, 0, 0, 0, 0, 0, -66
"c:\Users\brian\Desktop\Code\My Game\build\_deps\glm-src\doc\api\a00117.html", "HTML", 0, 0, 0, 0, 0, 0, 0, 0, 0, 0, -117, 0, 0, 0, -5, -6, -128
"c:\Users\brian\Desktop\Code\My Game\build\_deps\glm-src\doc\api\a00117_source.html", "HTML", 0, 0, 0, 0, 0, 0, 0, 0, 0, 0, -127, 0, 0, 0, -5, -3, -135
"c:\Users\brian\Desktop\Code\My Game\build\_deps\glm-src\doc\api\a00118.html", "HTML", 0, 0, 0, 0, 0, 0, 0, 0, 0, 0, -115, 0, 0, 0, -5, -6, -126
"c:\Users\brian\Desktop\Code\My Game\build\_deps\glm-src\doc\api\a00118_source.html", "HTML", 0, 0, 0, 0, 0, 0, 0, 0, 0, 0, -122, 0, 0, 0, -5, -3, -130
"c:\Users\brian\Desktop\Code\My Game\build\_deps\glm-src\doc\api\a00119.html", "HTML", 0, 0, 0, 0, 0, 0, 0, 0, 0, 0, -228, 0, 0, 0, 0, 0, -228
"c:\Users\brian\Desktop\Code\My Game\build\_deps\glm-src\doc\api\a00119_source.html", "HTML", 0, 0, 0, 0, 0, 0, 0, 0, 0, 0, -258, 0, 0, 0, 0, 0, -258
"c:\Users\brian\Desktop\Code\My Game\build\_deps\glm-src\doc\api\a00120.html", "HTML", 0, 0, 0, 0, 0, 0, 0, 0, 0, 0, -143, 0, 0, 0, -5, -6, -154
"c:\Users\brian\Desktop\Code\My Game\build\_deps\glm-src\doc\api\a00120_source.html", "HTML", 0, 0, 0, 0, 0, 0, 0, 0, 0, 0, -148, 0, 0, 0, -5, -3, -156
"c:\Users\brian\Desktop\Code\My Game\build\_deps\glm-src\doc\api\a00121.html", "HTML", 0, 0, 0, 0, 0, 0, 0, 0, 0, 0, -111, 0, 0, 0, -5, -6, -122
"c:\Users\brian\Desktop\Code\My Game\build\_deps\glm-src\doc\api\a00121_source.html", "HTML", 0, 0, 0, 0, 0, 0, 0, 0, 0, 0, -118, 0, 0, 0, -5, -3, -126
"c:\Users\brian\Desktop\Code\My Game\build\_deps\glm-src\doc\api\a00122.html", "HTML", 0, 0, 0, 0, 0, 0, 0, 0, 0, 0, -21, 0, 0, 0, 0, 0, -21
"c:\Users\brian\Desktop\Code\My Game\build\_deps\glm-src\doc\api\a00122_source.html", "HTML", 0, 0, 0, 0, 0, 0, 0, 0, 0, 0, -35, 0, 0, 0, 0, 0, -35
"c:\Users\brian\Desktop\Code\My Game\build\_deps\glm-src\doc\api\a00123.html", "HTML", 0, 0, 0, 0, 0, 0, 0, 0, 0, 0, -109, 0, 0, 0, -5, -6, -120
"c:\Users\brian\Desktop\Code\My Game\build\_deps\glm-src\doc\api\a00123_source.html", "HTML", 0, 0, 0, 0, 0, 0, 0, 0, 0, 0, -117, 0, 0, 0, -5, -3, -125
"c:\Users\brian\Desktop\Code\My Game\build\_deps\glm-src\doc\api\a00124_source.html", "HTML", 0, 0, 0, 0, 0, 0, 0, 0, 0, 0, -325, 0, 0, 0, -5, -3, -333
"c:\Users\brian\Desktop\Code\My Game\build\_deps\glm-src\doc\api\a00125.html", "HTML", 0, 0, 0, 0, 0, 0, 0, 0, 0, 0, -63, 0, 0, 0, 0, 0, -63
"c:\Users\brian\Desktop\Code\My Game\build\_deps\glm-src\doc\api\a00125_source.html", "HTML", 0, 0, 0, 0, 0, 0, 0, 0, 0, 0, -88, 0, 0, 0, 0, 0, -88
"c:\Users\brian\Desktop\Code\My Game\build\_deps\glm-src\doc\api\a00126.html", "HTML", 0, 0, 0, 0, 0, 0, 0, 0, 0, 0, -171, 0, 0, 0, -5, -6, -182
"c:\Users\brian\Desktop\Code\My Game\build\_deps\glm-src\doc\api\a00126_source.html", "HTML", 0, 0, 0, 0, 0, 0, 0, 0, 0, 0, -214, 0, 0, 0, -5, -3, -222
"c:\Users\brian\Desktop\Code\My Game\build\_deps\glm-src\doc\api\a00127.html", "HTML", 0, 0, 0, 0, 0, 0, 0, 0, 0, 0, -132, 0, 0, 0, -5, -6, -143
"c:\Users\brian\Desktop\Code\My Game\build\_deps\glm-src\doc\api\a00127_source.html", "HTML", 0, 0, 0, 0, 0, 0, 0, 0, 0, 0, -142, 0, 0, 0, -5, -3, -150
"c:\Users\brian\Desktop\Code\My Game\build\_deps\glm-src\doc\api\a00128.html", "HTML", 0, 0, 0, 0, 0, 0, 0, 0, 0, 0, -19, 0, 0, 0, 0, 0, -19
"c:\Users\brian\Desktop\Code\My Game\build\_deps\glm-src\doc\api\a00128_source.html", "HTML", 0, 0, 0, 0, 0, 0, 0, 0, 0, 0, -26, 0, 0, 0, 0, 0, -26
"c:\Users\brian\Desktop\Code\My Game\build\_deps\glm-src\doc\api\a00129.html", "HTML", 0, 0, 0, 0, 0, 0, 0, 0, 0, 0, -113, 0, 0, 0, -5, -6, -124
"c:\Users\brian\Desktop\Code\My Game\build\_deps\glm-src\doc\api\a00129_source.html", "HTML", 0, 0, 0, 0, 0, 0, 0, 0, 0, 0, -117, 0, 0, 0, -5, -3, -125
"c:\Users\brian\Desktop\Code\My Game\build\_deps\glm-src\doc\api\a00130.html", "HTML", 0, 0, 0, 0, 0, 0, 0, 0, 0, 0, -120, 0, 0, 0, -5, -6, -131
"c:\Users\brian\Desktop\Code\My Game\build\_deps\glm-src\doc\api\a00130_source.html", "HTML", 0, 0, 0, 0, 0, 0, 0, 0, 0, 0, -128, 0, 0, 0, -5, -3, -136
"c:\Users\brian\Desktop\Code\My Game\build\_deps\glm-src\doc\api\a00131.html", "HTML", 0, 0, 0, 0, 0, 0, 0, 0, 0, 0, -13, 0, 0, 0, 0, 0, -13
"c:\Users\brian\Desktop\Code\My Game\build\_deps\glm-src\doc\api\a00131_source.html", "HTML", 0, 0, 0, 0, 0, 0, 0, 0, 0, 0, -20, 0, 0, 0, 0, 0, -20
"c:\Users\brian\Desktop\Code\My Game\build\_deps\glm-src\doc\api\a00132.html", "HTML", 0, 0, 0, 0, 0, 0, 0, 0, 0, 0, -116, 0, 0, 0, -5, -6, -127
"c:\Users\brian\Desktop\Code\My Game\build\_deps\glm-src\doc\api\a00132_source.html", "HTML", 0, 0, 0, 0, 0, 0, 0, 0, 0, 0, -117, 0, 0, 0, -5, -3, -125
"c:\Users\brian\Desktop\Code\My Game\build\_deps\glm-src\doc\api\a00133.html", "HTML", 0, 0, 0, 0, 0, 0, 0, 0, 0, 0, -120, 0, 0, 0, -5, -6, -131
"c:\Users\brian\Desktop\Code\My Game\build\_deps\glm-src\doc\api\a00133_source.html", "HTML", 0, 0, 0, 0, 0, 0, 0, 0, 0, 0, -127, 0, 0, 0, -5, -3, -135
"c:\Users\brian\Desktop\Code\My Game\build\_deps\glm-src\doc\api\a00134.html", "HTML", 0, 0, 0, 0, 0, 0, 0, 0, 0, 0, -31, 0, 0, 0, 0, 0, -31
"c:\Users\brian\Desktop\Code\My Game\build\_deps\glm-src\doc\api\a00134_source.html", "HTML", 0, 0, 0, 0, 0, 0, 0, 0, 0, 0, -39, 0, 0, 0, 0, 0, -39
"c:\Users\brian\Desktop\Code\My Game\build\_deps\glm-src\doc\api\a00135.html", "HTML", 0, 0, 0, 0, 0, 0, 0, 0, 0, 0, -108, 0, 0, 0, -5, -6, -119
"c:\Users\brian\Desktop\Code\My Game\build\_deps\glm-src\doc\api\a00135_source.html", "HTML", 0, 0, 0, 0, 0, 0, 0, 0, 0, 0, -116, 0, 0, 0, -5, -3, -124
"c:\Users\brian\Desktop\Code\My Game\build\_deps\glm-src\doc\api\a00136.html", "HTML", 0, 0, 0, 0, 0, 0, 0, 0, 0, 0, -116, 0, 0, 0, -5, -6, -127
"c:\Users\brian\Desktop\Code\My Game\build\_deps\glm-src\doc\api\a00136_source.html", "HTML", 0, 0, 0, 0, 0, 0, 0, 0, 0, 0, -127, 0, 0, 0, -5, -3, -135
"c:\Users\brian\Desktop\Code\My Game\build\_deps\glm-src\doc\api\a00137.html", "HTML", 0, 0, 0, 0, 0, 0, 0, 0, 0, 0, -40, 0, 0, 0, 0, 0, -40
"c:\Users\brian\Desktop\Code\My Game\build\_deps\glm-src\doc\api\a00137_source.html", "HTML", 0, 0, 0, 0, 0, 0, 0, 0, 0, 0, -47, 0, 0, 0, 0, 0, -47
"c:\Users\brian\Desktop\Code\My Game\build\_deps\glm-src\doc\api\a00138.html", "HTML", 0, 0, 0, 0, 0, 0, 0, 0, 0, 0, -99, 0, 0, 0, -5, -6, -110
"c:\Users\brian\Desktop\Code\My Game\build\_deps\glm-src\doc\api\a00138_source.html", "HTML", 0, 0, 0, 0, 0, 0, 0, 0, 0, 0, -178, 0, 0, 0, -5, -3, -186
"c:\Users\brian\Desktop\Code\My Game\build\_deps\glm-src\doc\api\a00139.html", "HTML", 0, 0, 0, 0, 0, 0, 0, 0, 0, 0, -117, 0, 0, 0, -5, -6, -128
"c:\Users\brian\Desktop\Code\My Game\build\_deps\glm-src\doc\api\a00139_source.html", "HTML", 0, 0, 0, 0, 0, 0, 0, 0, 0, 0, -126, 0, 0, 0, -5, -3, -134
"c:\Users\brian\Desktop\Code\My Game\build\_deps\glm-src\doc\api\a00140.html", "HTML", 0, 0, 0, 0, 0, 0, 0, 0, 0, 0, -64, 0, 0, 0, 0, 0, -64
"c:\Users\brian\Desktop\Code\My Game\build\_deps\glm-src\doc\api\a00140_source.html", "HTML", 0, 0, 0, 0, 0, 0, 0, 0, 0, 0, -73, 0, 0, 0, 0, 0, -73
"c:\Users\brian\Desktop\Code\My Game\build\_deps\glm-src\doc\api\a00141.html", "HTML", 0, 0, 0, 0, 0, 0, 0, 0, 0, 0, -117, 0, 0, 0, -5, -6, -128
"c:\Users\brian\Desktop\Code\My Game\build\_deps\glm-src\doc\api\a00141_source.html", "HTML", 0, 0, 0, 0, 0, 0, 0, 0, 0, 0, -130, 0, 0, 0, -5, -3, -138
"c:\Users\brian\Desktop\Code\My Game\build\_deps\glm-src\doc\api\a00142.html", "HTML", 0, 0, 0, 0, 0, 0, 0, 0, 0, 0, -151, 0, 0, 0, -5, -6, -162
"c:\Users\brian\Desktop\Code\My Game\build\_deps\glm-src\doc\api\a00142_source.html", "HTML", 0, 0, 0, 0, 0, 0, 0, 0, 0, 0, -181, 0, 0, 0, -5, -3, -189
"c:\Users\brian\Desktop\Code\My Game\build\_deps\glm-src\doc\api\a00143.html", "HTML", 0, 0, 0, 0, 0, 0, 0, 0, 0, 0, -60, 0, 0, 0, 0, 0, -60
"c:\Users\brian\Desktop\Code\My Game\build\_deps\glm-src\doc\api\a00143_source.html", "HTML", 0, 0, 0, 0, 0, 0, 0, 0, 0, 0, -65, 0, 0, 0, 0, 0, -65
"c:\Users\brian\Desktop\Code\My Game\build\_deps\glm-src\doc\api\a00144.html", "HTML", 0, 0, 0, 0, 0, 0, 0, 0, 0, 0, -144, 0, 0, 0, -5, -6, -155
"c:\Users\brian\Desktop\Code\My Game\build\_deps\glm-src\doc\api\a00144_source.html", "HTML", 0, 0, 0, 0, 0, 0, 0, 0, 0, 0, -143, 0, 0, 0, -5, -3, -151
"c:\Users\brian\Desktop\Code\My Game\build\_deps\glm-src\doc\api\a00145.html", "HTML", 0, 0, 0, 0, 0, 0, 0, 0, 0, 0, -114, 0, 0, 0, -5, -6, -125
"c:\Users\brian\Desktop\Code\My Game\build\_deps\glm-src\doc\api\a00145_source.html", "HTML", 0, 0, 0, 0, 0, 0, 0, 0, 0, 0, -117, 0, 0, 0, -5, -3, -125
"c:\Users\brian\Desktop\Code\My Game\build\_deps\glm-src\doc\api\a00146.html", "HTML", 0, 0, 0, 0, 0, 0, 0, 0, 0, 0, -28, 0, 0, 0, 0, 0, -28
"c:\Users\brian\Desktop\Code\My Game\build\_deps\glm-src\doc\api\a00146_source.html", "HTML", 0, 0, 0, 0, 0, 0, 0, 0, 0, 0, -64, 0, 0, 0, 0, 0, -64
"c:\Users\brian\Desktop\Code\My Game\build\_deps\glm-src\doc\api\a00147.html", "HTML", 0, 0, 0, 0, 0, 0, 0, 0, 0, 0, -133, 0, 0, 0, -5, -6, -144
"c:\Users\brian\Desktop\Code\My Game\build\_deps\glm-src\doc\api\a00147_source.html", "HTML", 0, 0, 0, 0, 0, 0, 0, 0, 0, 0, -143, 0, 0, 0, -5, -3, -151
"c:\Users\brian\Desktop\Code\My Game\build\_deps\glm-src\doc\api\a00148.html", "HTML", 0, 0, 0, 0, 0, 0, 0, 0, 0, 0, -102, 0, 0, 0, -5, -6, -113
"c:\Users\brian\Desktop\Code\My Game\build\_deps\glm-src\doc\api\a00148_source.html", "HTML", 0, 0, 0, 0, 0, 0, 0, 0, 0, 0, -167, 0, 0, 0, -5, -3, -175
"c:\Users\brian\Desktop\Code\My Game\build\_deps\glm-src\doc\api\a00149.html", "HTML", 0, 0, 0, 0, 0, 0, 0, 0, 0, 0, -16, 0, 0, 0, 0, 0, -16
"c:\Users\brian\Desktop\Code\My Game\build\_deps\glm-src\doc\api\a00149_source.html", "HTML", 0, 0, 0, 0, 0, 0, 0, 0, 0, 0, -23, 0, 0, 0, 0, 0, -23
"c:\Users\brian\Desktop\Code\My Game\build\_deps\glm-src\doc\api\a00150.html", "HTML", 0, 0, 0, 0, 0, 0, 0, 0, 0, 0, -99, 0, 0, 0, -5, -6, -110
"c:\Users\brian\Desktop\Code\My Game\build\_deps\glm-src\doc\api\a00150_source.html", "HTML", 0, 0, 0, 0, 0, 0, 0, 0, 0, 0, -115, 0, 0, 0, -5, -3, -123
"c:\Users\brian\Desktop\Code\My Game\build\_deps\glm-src\doc\api\a00151.html", "HTML", 0, 0, 0, 0, 0, 0, 0, 0, 0, 0, -120, 0, 0, 0, -5, -6, -131
"c:\Users\brian\Desktop\Code\My Game\build\_deps\glm-src\doc\api\a00151_source.html", "HTML", 0, 0, 0, 0, 0, 0, 0, 0, 0, 0, -152, 0, 0, 0, -5, -3, -160
"c:\Users\brian\Desktop\Code\My Game\build\_deps\glm-src\doc\api\a00152.html", "HTML", 0, 0, 0, 0, 0, 0, 0, 0, 0, 0, -34, 0, 0, 0, 0, 0, -34
"c:\Users\brian\Desktop\Code\My Game\build\_deps\glm-src\doc\api\a00152_source.html", "HTML", 0, 0, 0, 0, 0, 0, 0, 0, 0, 0, -39, 0, 0, 0, 0, 0, -39
"c:\Users\brian\Desktop\Code\My Game\build\_deps\glm-src\doc\api\a00153_source.html", "HTML", 0, 0, 0, 0, 0, 0, 0, 0, 0, 0, -1205, 0, 0, 0, -5, -3, -1213
"c:\Users\brian\Desktop\Code\My Game\build\_deps\glm-src\doc\api\a00154.html", "HTML", 0, 0, 0, 0, 0, 0, 0, 0, 0, 0, -117, 0, 0, 0, -5, -6, -128
"c:\Users\brian\Desktop\Code\My Game\build\_deps\glm-src\doc\api\a00154_source.html", "HTML", 0, 0, 0, 0, 0, 0, 0, 0, 0, 0, -141, 0, 0, 0, -5, -3, -149
"c:\Users\brian\Desktop\Code\My Game\build\_deps\glm-src\doc\api\a00155.html", "HTML", 0, 0, 0, 0, 0, 0, 0, 0, 0, 0, -27, 0, 0, 0, 0, 0, -27
"c:\Users\brian\Desktop\Code\My Game\build\_deps\glm-src\doc\api\a00155_source.html", "HTML", 0, 0, 0, 0, 0, 0, 0, 0, 0, 0, -38, 0, 0, 0, 0, 0, -38
"c:\Users\brian\Desktop\Code\My Game\build\_deps\glm-src\doc\api\a00156.html", "HTML", 0, 0, 0, 0, 0, 0, 0, 0, 0, 0, -113, 0, 0, 0, -5, -6, -124
"c:\Users\brian\Desktop\Code\My Game\build\_deps\glm-src\doc\api\a00156_source.html", "HTML", 0, 0, 0, 0, 0, 0, 0, 0, 0, 0, -126, 0, 0, 0, -5, -3, -134
"c:\Users\brian\Desktop\Code\My Game\build\_deps\glm-src\doc\api\a00157.html", "HTML", 0, 0, 0, 0, 0, 0, 0, 0, 0, 0, -109, 0, 0, 0, -5, -6, -120
"c:\Users\brian\Desktop\Code\My Game\build\_deps\glm-src\doc\api\a00157_source.html", "HTML", 0, 0, 0, 0, 0, 0, 0, 0, 0, 0, -120, 0, 0, 0, -5, -3, -128
"c:\Users\brian\Desktop\Code\My Game\build\_deps\glm-src\doc\api\a00158.html", "HTML", 0, 0, 0, 0, 0, 0, 0, 0, 0, 0, -34, 0, 0, 0, 0, 0, -34
"c:\Users\brian\Desktop\Code\My Game\build\_deps\glm-src\doc\api\a00158_source.html", "HTML", 0, 0, 0, 0, 0, 0, 0, 0, 0, 0, -46, 0, 0, 0, 0, 0, -46
"c:\Users\brian\Desktop\Code\My Game\build\_deps\glm-src\doc\api\a00159.html", "HTML", 0, 0, 0, 0, 0, 0, 0, 0, 0, 0, -143, 0, 0, 0, -5, -6, -154
"c:\Users\brian\Desktop\Code\My Game\build\_deps\glm-src\doc\api\a00159_source.html", "HTML", 0, 0, 0, 0, 0, 0, 0, 0, 0, 0, -158, 0, 0, 0, -5, -3, -166
"c:\Users\brian\Desktop\Code\My Game\build\_deps\glm-src\doc\api\a00160.html", "HTML", 0, 0, 0, 0, 0, 0, 0, 0, 0, 0, -165, 0, 0, 0, -5, -6, -176
"c:\Users\brian\Desktop\Code\My Game\build\_deps\glm-src\doc\api\a00160_source.html", "HTML", 0, 0, 0, 0, 0, 0, 0, 0, 0, 0, -165, 0, 0, 0, -5, -3, -173
"c:\Users\brian\Desktop\Code\My Game\build\_deps\glm-src\doc\api\a00161.html", "HTML", 0, 0, 0, 0, 0, 0, 0, 0, 0, 0, -1418, 0, 0, 0, 0, 0, -1418
"c:\Users\brian\Desktop\Code\My Game\build\_deps\glm-src\doc\api\a00161_source.html", "HTML", 0, 0, 0, 0, 0, 0, 0, 0, 0, 0, -1303, 0, 0, 0, 0, 0, -1303
"c:\Users\brian\Desktop\Code\My Game\build\_deps\glm-src\doc\api\a00162.html", "HTML", 0, 0, 0, 0, 0, 0, 0, 0, 0, 0, -725, 0, 0, 0, -5, -6, -736
"c:\Users\brian\Desktop\Code\My Game\build\_deps\glm-src\doc\api\a00162_source.html", "HTML", 0, 0, 0, 0, 0, 0, 0, 0, 0, 0, -835, 0, 0, 0, -5, -3, -843
"c:\Users\brian\Desktop\Code\My Game\build\_deps\glm-src\doc\api\a00163_source.html", "HTML", 0, 0, 0, 0, 0, 0, 0, 0, 0, 0, -162, 0, 0, 0, -5, -3, -170
"c:\Users\brian\Desktop\Code\My Game\build\_deps\glm-src\doc\api\a00164.html", "HTML", 0, 0, 0, 0, 0, 0, 0, 0, 0, 0, 89, 0, 0, 0, 5, 6, 100
"c:\Users\brian\Desktop\Code\My Game\build\_deps\glm-src\doc\api\a00164_source.html", "HTML", 0, 0, 0, 0, 0, 0, 0, 0, 0, 0, -24, 0, 0, 0, 0, 0, -24
"c:\Users\brian\Desktop\Code\My Game\build\_deps\glm-src\doc\api\a00165.html", "HTML", 0, 0, 0, 0, 0, 0, 0, 0, 0, 0, -98, 0, 0, 0, -5, -6, -109
"c:\Users\brian\Desktop\Code\My Game\build\_deps\glm-src\doc\api\a00165_source.html", "HTML", 0, 0, 0, 0, 0, 0, 0, 0, 0, 0, -270, 0, 0, 0, -5, -3, -278
"c:\Users\brian\Desktop\Code\My Game\build\_deps\glm-src\doc\api\a00166.html", "HTML", 0, 0, 0, 0, 0, 0, 0, 0, 0, 0, -98, 0, 0, 0, -5, -6, -109
"c:\Users\brian\Desktop\Code\My Game\build\_deps\glm-src\doc\api\a00166_source.html", "HTML", 0, 0, 0, 0, 0, 0, 0, 0, 0, 0, -253, 0, 0, 0, -5, -3, -261
"c:\Users\brian\Desktop\Code\My Game\build\_deps\glm-src\doc\api\a00167.html", "HTML", 0, 0, 0, 0, 0, 0, 0, 0, 0, 0, -3, 0, 0, 0, 0, 0, -3
"c:\Users\brian\Desktop\Code\My Game\build\_deps\glm-src\doc\api\a00167_source.html", "HTML", 0, 0, 0, 0, 0, 0, 0, 0, 0, 0, -164, 0, 0, 0, 0, 0, -164
"c:\Users\brian\Desktop\Code\My Game\build\_deps\glm-src\doc\api\a00168.html", "HTML", 0, 0, 0, 0, 0, 0, 0, 0, 0, 0, -98, 0, 0, 0, -5, -6, -109
"c:\Users\brian\Desktop\Code\My Game\build\_deps\glm-src\doc\api\a00168_source.html", "HTML", 0, 0, 0, 0, 0, 0, 0, 0, 0, 0, -261, 0, 0, 0, -5, -3, -269
"c:\Users\brian\Desktop\Code\My Game\build\_deps\glm-src\doc\api\a00169.html", "HTML", 0, 0, 0, 0, 0, 0, 0, 0, 0, 0, -98, 0, 0, 0, -5, -6, -109
"c:\Users\brian\Desktop\Code\My Game\build\_deps\glm-src\doc\api\a00169_source.html", "HTML", 0, 0, 0, 0, 0, 0, 0, 0, 0, 0, -277, 0, 0, 0, -5, -3, -285
"c:\Users\brian\Desktop\Code\My Game\build\_deps\glm-src\doc\api\a00170.html", "HTML", 0, 0, 0, 0, 0, 0, 0, 0, 0, 0, -9, 0, 0, 0, 0, 0, -9
"c:\Users\brian\Desktop\Code\My Game\build\_deps\glm-src\doc\api\a00170_source.html", "HTML", 0, 0, 0, 0, 0, 0, 0, 0, 0, 0, -175, 0, 0, 0, 0, 0, -175
"c:\Users\brian\Desktop\Code\My Game\build\_deps\glm-src\doc\api\a00171.html", "HTML", 0, 0, 0, 0, 0, 0, 0, 0, 0, 0, -98, 0, 0, 0, -5, -6, -109
"c:\Users\brian\Desktop\Code\My Game\build\_deps\glm-src\doc\api\a00171_source.html", "HTML", 0, 0, 0, 0, 0, 0, 0, 0, 0, 0, -265, 0, 0, 0, -5, -3, -273
"c:\Users\brian\Desktop\Code\My Game\build\_deps\glm-src\doc\api\a00172.html", "HTML", 0, 0, 0, 0, 0, 0, 0, 0, 0, 0, -98, 0, 0, 0, -5, -6, -109
"c:\Users\brian\Desktop\Code\My Game\build\_deps\glm-src\doc\api\a00172_source.html", "HTML", 0, 0, 0, 0, 0, 0, 0, 0, 0, 0, -265, 0, 0, 0, -5, -3, -273
"c:\Users\brian\Desktop\Code\My Game\build\_deps\glm-src\doc\api\a00173.html", "HTML", 0, 0, 0, 0, 0, 0, 0, 0, 0, 0, -3, 0, 0, 0, 0, 0, -3
"c:\Users\brian\Desktop\Code\My Game\build\_deps\glm-src\doc\api\a00173_source.html", "HTML", 0, 0, 0, 0, 0, 0, 0, 0, 0, 0, -191, 0, 0, 0, 0, 0, -191
"c:\Users\brian\Desktop\Code\My Game\build\_deps\glm-src\doc\api\a00174.html", "HTML", 0, 0, 0, 0, 0, 0, 0, 0, 0, 0, -101, 0, 0, 0, -5, -6, -112
"c:\Users\brian\Desktop\Code\My Game\build\_deps\glm-src\doc\api\a00174_source.html", "HTML", 0, 0, 0, 0, 0, 0, 0, 0, 0, 0, -1675, 0, 0, 0, -5, -3, -1683
"c:\Users\brian\Desktop\Code\My Game\build\_deps\glm-src\doc\api\a00175.html", "HTML", 0, 0, 0, 0, 0, 0, 0, 0, 0, 0, -239, 0, 0, 0, -5, -6, -250
"c:\Users\brian\Desktop\Code\My Game\build\_deps\glm-src\doc\api\a00175_source.html", "HTML", 0, 0, 0, 0, 0, 0, 0, 0, 0, 0, -240, 0, 0, 0, -5, -3, -248
"c:\Users\brian\Desktop\Code\My Game\build\_deps\glm-src\doc\api\a00176.html", "HTML", 0, 0, 0, 0, 0, 0, 0, 0, 0, 0, -6, 0, 0, 0, 0, 0, -6
"c:\Users\brian\Desktop\Code\My Game\build\_deps\glm-src\doc\api\a00176_source.html", "HTML", 0, 0, 0, 0, 0, 0, 0, 0, 0, 0, -174, 0, 0, 0, 0, 0, -174
"c:\Users\brian\Desktop\Code\My Game\build\_deps\glm-src\doc\api\a00177.html", "HTML", 0, 0, 0, 0, 0, 0, 0, 0, 0, 0, -99, 0, 0, 0, -5, -6, -110
"c:\Users\brian\Desktop\Code\My Game\build\_deps\glm-src\doc\api\a00177_source.html", "HTML", 0, 0, 0, 0, 0, 0, 0, 0, 0, 0, -164, 0, 0, 0, -5, -3, -172
"c:\Users\brian\Desktop\Code\My Game\build\_deps\glm-src\doc\api\a00178.html", "HTML", 0, 0, 0, 0, 0, 0, 0, 0, 0, 0, -98, 0, 0, 0, -5, -6, -109
"c:\Users\brian\Desktop\Code\My Game\build\_deps\glm-src\doc\api\a00178_source.html", "HTML", 0, 0, 0, 0, 0, 0, 0, 0, 0, 0, -395, 0, 0, 0, -5, -3, -403
"c:\Users\brian\Desktop\Code\My Game\build\_deps\glm-src\doc\api\a00179.html", "HTML", 0, 0, 0, 0, 0, 0, 0, 0, 0, 0, 6, 0, 0, 0, 0, 0, 6
"c:\Users\brian\Desktop\Code\My Game\build\_deps\glm-src\doc\api\a00179_source.html", "HTML", 0, 0, 0, 0, 0, 0, 0, 0, 0, 0, -386, 0, 0, 0, 0, 0, -386
"c:\Users\brian\Desktop\Code\My Game\build\_deps\glm-src\doc\api\a00180.html", "HTML", 0, 0, 0, 0, 0, 0, 0, 0, 0, 0, -98, 0, 0, 0, -5, -6, -109
"c:\Users\brian\Desktop\Code\My Game\build\_deps\glm-src\doc\api\a00180_source.html", "HTML", 0, 0, 0, 0, 0, 0, 0, 0, 0, 0, -516, 0, 0, 0, -5, -3, -524
"c:\Users\brian\Desktop\Code\My Game\build\_deps\glm-src\doc\api\a00181.html", "HTML", 0, 0, 0, 0, 0, 0, 0, 0, 0, 0, -98, 0, 0, 0, -5, -6, -109
"c:\Users\brian\Desktop\Code\My Game\build\_deps\glm-src\doc\api\a00181_source.html", "HTML", 0, 0, 0, 0, 0, 0, 0, 0, 0, 0, -577, 0, 0, 0, -5, -3, -585
"c:\Users\brian\Desktop\Code\My Game\build\_deps\glm-src\doc\api\a00182.html", "HTML", 0, 0, 0, 0, 0, 0, 0, 0, 0, 0, -70, 0, 0, 0, 0, 0, -70
"c:\Users\brian\Desktop\Code\My Game\build\_deps\glm-src\doc\api\a00182_source.html", "HTML", 0, 0, 0, 0, 0, 0, 0, 0, 0, 0, -67, 0, 0, 0, 0, 0, -67
"c:\Users\brian\Desktop\Code\My Game\build\_deps\glm-src\doc\api\a00183.html", "HTML", 0, 0, 0, 0, 0, 0, 0, 0, 0, 0, -99, 0, 0, 0, -5, -6, -110
"c:\Users\brian\Desktop\Code\My Game\build\_deps\glm-src\doc\api\a00183_source.html", "HTML", 0, 0, 0, 0, 0, 0, 0, 0, 0, 0, -111, 0, 0, 0, -5, -3, -119
"c:\Users\brian\Desktop\Code\My Game\build\_deps\glm-src\doc\api\a00184.html", "HTML", 0, 0, 0, 0, 0, 0, 0, 0, 0, 0, -98, 0, 0, 0, -5, -6, -109
"c:\Users\brian\Desktop\Code\My Game\build\_deps\glm-src\doc\api\a00184_source.html", "HTML", 0, 0, 0, 0, 0, 0, 0, 0, 0, 0, -114, 0, 0, 0, -5, -3, -122
"c:\Users\brian\Desktop\Code\My Game\build\_deps\glm-src\doc\api\a00185.html", "HTML", 0, 0, 0, 0, 0, 0, 0, 0, 0, 0, -3, 0, 0, 0, 0, 0, -3
"c:\Users\brian\Desktop\Code\My Game\build\_deps\glm-src\doc\api\a00185_source.html", "HTML", 0, 0, 0, 0, 0, 0, 0, 0, 0, 0, -23, 0, 0, 0, 0, 0, -23
"c:\Users\brian\Desktop\Code\My Game\build\_deps\glm-src\doc\api\a00186.html", "HTML", 0, 0, 0, 0, 0, 0, 0, 0, 0, 0, -98, 0, 0, 0, -5, -6, -109
"c:\Users\brian\Desktop\Code\My Game\build\_deps\glm-src\doc\api\a00186_source.html", "HTML", 0, 0, 0, 0, 0, 0, 0, 0, 0, 0, -115, 0, 0, 0, -5, -3, -123
"c:\Users\brian\Desktop\Code\My Game\build\_deps\glm-src\doc\api\a00187.html", "HTML", 0, 0, 0, 0, 0, 0, 0, 0, 0, 0, -99, 0, 0, 0, -5, -6, -110
"c:\Users\brian\Desktop\Code\My Game\build\_deps\glm-src\doc\api\a00187_source.html", "HTML", 0, 0, 0, 0, 0, 0, 0, 0, 0, 0, -2864, 0, 0, 0, -5, -3, -2872
"c:\Users\brian\Desktop\Code\My Game\build\_deps\glm-src\doc\api\a00188.html", "HTML", 0, 0, 0, 0, 0, 0, 0, 0, 0, 0, -32, 0, 0, 0, 0, 0, -32
"c:\Users\brian\Desktop\Code\My Game\build\_deps\glm-src\doc\api\a00188_source.html", "HTML", 0, 0, 0, 0, 0, 0, 0, 0, 0, 0, -42, 0, 0, 0, 0, 0, -42
"c:\Users\brian\Desktop\Code\My Game\build\_deps\glm-src\doc\api\a00189.html", "HTML", 0, 0, 0, 0, 0, 0, 0, 0, 0, 0, -108, 0, 0, 0, -5, -6, -119
"c:\Users\brian\Desktop\Code\My Game\build\_deps\glm-src\doc\api\a00189_source.html", "HTML", 0, 0, 0, 0, 0, 0, 0, 0, 0, 0, -109, 0, 0, 0, -5, -3, -117
"c:\Users\brian\Desktop\Code\My Game\build\_deps\glm-src\doc\api\a00190.html", "HTML", 0, 0, 0, 0, 0, 0, 0, 0, 0, 0, -116, 0, 0, 0, -5, -6, -127
"c:\Users\brian\Desktop\Code\My Game\build\_deps\glm-src\doc\api\a00190_source.html", "HTML", 0, 0, 0, 0, 0, 0, 0, 0, 0, 0, -115, 0, 0, 0, -5, -3, -123
"c:\Users\brian\Desktop\Code\My Game\build\_deps\glm-src\doc\api\a00191.html", "HTML", 0, 0, 0, 0, 0, 0, 0, 0, 0, 0, -107, 0, 0, 0, -5, -6, -118
"c:\Users\brian\Desktop\Code\My Game\build\_deps\glm-src\doc\api\a00191_source.html", "HTML", 0, 0, 0, 0, 0, 0, 0, 0, 0, 0, -13, 0, 0, 0, 0, 0, -13
"c:\Users\brian\Desktop\Code\My Game\build\_deps\glm-src\doc\api\a00192.html", "HTML", 0, 0, 0, 0, 0, 0, 0, 0, 0, 0, -113, 0, 0, 0, -5, -6, -124
"c:\Users\brian\Desktop\Code\My Game\build\_deps\glm-src\doc\api\a00192_source.html", "HTML", 0, 0, 0, 0, 0, 0, 0, 0, 0, 0, -110, 0, 0, 0, -5, -3, -118
"c:\Users\brian\Desktop\Code\My Game\build\_deps\glm-src\doc\api\a00193.html", "HTML", 0, 0, 0, 0, 0, 0, 0, 0, 0, 0, -107, 0, 0, 0, -5, -6, -118
"c:\Users\brian\Desktop\Code\My Game\build\_deps\glm-src\doc\api\a00193_source.html", "HTML", 0, 0, 0, 0, 0, 0, 0, 0, 0, 0, -104, 0, 0, 0, -5, -3, -112
"c:\Users\brian\Desktop\Code\My Game\build\_deps\glm-src\doc\api\a00194.html", "HTML", 0, 0, 0, 0, 0, 0, 0, 0, 0, 0, -24, 0, 0, 0, 0, 0, -24
"c:\Users\brian\Desktop\Code\My Game\build\_deps\glm-src\doc\api\a00194_source.html", "HTML", 0, 0, 0, 0, 0, 0, 0, 0, 0, 0, -25, 0, 0, 0, 0, 0, -25
"c:\Users\brian\Desktop\Code\My Game\build\_deps\glm-src\doc\api\a00195.html", "HTML", 0, 0, 0, 0, 0, 0, 0, 0, 0, 0, -107, 0, 0, 0, -5, -6, -118
"c:\Users\brian\Desktop\Code\My Game\build\_deps\glm-src\doc\api\a00195_source.html", "HTML", 0, 0, 0, 0, 0, 0, 0, 0, 0, 0, -104, 0, 0, 0, -5, -3, -112
"c:\Users\brian\Desktop\Code\My Game\build\_deps\glm-src\doc\api\a00196.html", "HTML", 0, 0, 0, 0, 0, 0, 0, 0, 0, 0, -113, 0, 0, 0, -5, -6, -124
"c:\Users\brian\Desktop\Code\My Game\build\_deps\glm-src\doc\api\a00196_source.html", "HTML", 0, 0, 0, 0, 0, 0, 0, 0, 0, 0, -110, 0, 0, 0, -5, -3, -118
"c:\Users\brian\Desktop\Code\My Game\build\_deps\glm-src\doc\api\a00197.html", "HTML", 0, 0, 0, 0, 0, 0, 0, 0, 0, 0, -57, 0, 0, 0, 0, 0, -57
"c:\Users\brian\Desktop\Code\My Game\build\_deps\glm-src\doc\api\a00197_source.html", "HTML", 0, 0, 0, 0, 0, 0, 0, 0, 0, 0, -59, 0, 0, 0, 0, 0, -59
"c:\Users\brian\Desktop\Code\My Game\build\_deps\glm-src\doc\api\a00198.html", "HTML", 0, 0, 0, 0, 0, 0, 0, 0, 0, 0, -108, 0, 0, 0, -5, -6, -119
"c:\Users\brian\Desktop\Code\My Game\build\_deps\glm-src\doc\api\a00198_source.html", "HTML", 0, 0, 0, 0, 0, 0, 0, 0, 0, 0, -109, 0, 0, 0, -5, -3, -117
"c:\Users\brian\Desktop\Code\My Game\build\_deps\glm-src\doc\api\a00199.html", "HTML", 0, 0, 0, 0, 0, 0, 0, 0, 0, 0, -116, 0, 0, 0, -5, -6, -127
"c:\Users\brian\Desktop\Code\My Game\build\_deps\glm-src\doc\api\a00199_source.html", "HTML", 0, 0, 0, 0, 0, 0, 0, 0, 0, 0, -115, 0, 0, 0, -5, -3, -123
"c:\Users\brian\Desktop\Code\My Game\build\_deps\glm-src\doc\api\a00200.html", "HTML", 0, 0, 0, 0, 0, 0, 0, 0, 0, 0, -19, 0, 0, 0, 0, 0, -19
"c:\Users\brian\Desktop\Code\My Game\build\_deps\glm-src\doc\api\a00200_source.html", "HTML", 0, 0, 0, 0, 0, 0, 0, 0, 0, 0, -16, 0, 0, 0, 0, 0, -16
"c:\Users\brian\Desktop\Code\My Game\build\_deps\glm-src\doc\api\a00201.html", "HTML", 0, 0, 0, 0, 0, 0, 0, 0, 0, 0, -113, 0, 0, 0, -5, -6, -124
"c:\Users\brian\Desktop\Code\My Game\build\_deps\glm-src\doc\api\a00201_source.html", "HTML", 0, 0, 0, 0, 0, 0, 0, 0, 0, 0, -110, 0, 0, 0, -5, -3, -118
"c:\Users\brian\Desktop\Code\My Game\build\_deps\glm-src\doc\api\a00202.html", "HTML", 0, 0, 0, 0, 0, 0, 0, 0, 0, 0, -107, 0, 0, 0, -5, -6, -118
"c:\Users\brian\Desktop\Code\My Game\build\_deps\glm-src\doc\api\a00202_source.html", "HTML", 0, 0, 0, 0, 0, 0, 0, 0, 0, 0, -104, 0, 0, 0, -5, -3, -112
"c:\Users\brian\Desktop\Code\My Game\build\_deps\glm-src\doc\api\a00203.html", "HTML", 0, 0, 0, 0, 0, 0, 0, 0, 0, 0, -9, 0, 0, 0, 0, 0, -9
"c:\Users\brian\Desktop\Code\My Game\build\_deps\glm-src\doc\api\a00203_source.html", "HTML", 0, 0, 0, 0, 0, 0, 0, 0, 0, 0, -10, 0, 0, 0, 0, 0, -10
"c:\Users\brian\Desktop\Code\My Game\build\_deps\glm-src\doc\api\a00204.html", "HTML", 0, 0, 0, 0, 0, 0, 0, 0, 0, 0, -107, 0, 0, 0, -5, -6, -118
"c:\Users\brian\Desktop\Code\My Game\build\_deps\glm-src\doc\api\a00204_source.html", "HTML", 0, 0, 0, 0, 0, 0, 0, 0, 0, 0, -104, 0, 0, 0, -5, -3, -112
"c:\Users\brian\Desktop\Code\My Game\build\_deps\glm-src\doc\api\a00205.html", "HTML", 0, 0, 0, 0, 0, 0, 0, 0, 0, 0, -113, 0, 0, 0, -5, -6, -124
"c:\Users\brian\Desktop\Code\My Game\build\_deps\glm-src\doc\api\a00205_source.html", "HTML", 0, 0, 0, 0, 0, 0, 0, 0, 0, 0, -111, 0, 0, 0, -5, -3, -119
"c:\Users\brian\Desktop\Code\My Game\build\_deps\glm-src\doc\api\a00206.html", "HTML", 0, 0, 0, 0, 0, 0, 0, 0, 0, 0, -15, 0, 0, 0, 0, 0, -15
"c:\Users\brian\Desktop\Code\My Game\build\_deps\glm-src\doc\api\a00206_source.html", "HTML", 0, 0, 0, 0, 0, 0, 0, 0, 0, 0, -15, 0, 0, 0, 0, 0, -15
"c:\Users\brian\Desktop\Code\My Game\build\_deps\glm-src\doc\api\a00207.html", "HTML", 0, 0, 0, 0, 0, 0, 0, 0, 0, 0, -116, 0, 0, 0, -5, -6, -127
"c:\Users\brian\Desktop\Code\My Game\build\_deps\glm-src\doc\api\a00207_source.html", "HTML", 0, 0, 0, 0, 0, 0, 0, 0, 0, 0, -115, 0, 0, 0, -5, -3, -123
"c:\Users\brian\Desktop\Code\My Game\build\_deps\glm-src\doc\api\a00208.html", "HTML", 0, 0, 0, 0, 0, 0, 0, 0, 0, 0, -107, 0, 0, 0, -5, -6, -118
"c:\Users\brian\Desktop\Code\My Game\build\_deps\glm-src\doc\api\a00208_source.html", "HTML", 0, 0, 0, 0, 0, 0, 0, 0, 0, 0, -104, 0, 0, 0, -5, -3, -112
"c:\Users\brian\Desktop\Code\My Game\build\_deps\glm-src\doc\api\a00209.html", "HTML", 0, 0, 0, 0, 0, 0, 0, 0, 0, 0, -2, 0, 0, 0, 0, 0, -2
"c:\Users\brian\Desktop\Code\My Game\build\_deps\glm-src\doc\api\a00209_source.html", "HTML", 0, 0, 0, 0, 0, 0, 0, 0, 0, 0, 4, 0, 0, 0, 0, 0, 4
"c:\Users\brian\Desktop\Code\My Game\build\_deps\glm-src\doc\api\a00210.html", "HTML", 0, 0, 0, 0, 0, 0, 0, 0, 0, 0, -107, 0, 0, 0, -5, -6, -118
"c:\Users\brian\Desktop\Code\My Game\build\_deps\glm-src\doc\api\a00210_source.html", "HTML", 0, 0, 0, 0, 0, 0, 0, 0, 0, 0, -104, 0, 0, 0, -5, -3, -112
"c:\Users\brian\Desktop\Code\My Game\build\_deps\glm-src\doc\api\a00211.html", "HTML", 0, 0, 0, 0, 0, 0, 0, 0, 0, 0, -113, 0, 0, 0, -5, -6, -124
"c:\Users\brian\Desktop\Code\My Game\build\_deps\glm-src\doc\api\a00211_source.html", "HTML", 0, 0, 0, 0, 0, 0, 0, 0, 0, 0, -110, 0, 0, 0, -5, -3, -118
"c:\Users\brian\Desktop\Code\My Game\build\_deps\glm-src\doc\api\a00212.html", "HTML", 0, 0, 0, 0, 0, 0, 0, 0, 0, 0, -17, 0, 0, 0, 0, 0, -17
"c:\Users\brian\Desktop\Code\My Game\build\_deps\glm-src\doc\api\a00212_source.html", "HTML", 0, 0, 0, 0, 0, 0, 0, 0, 0, 0, -13, 0, 0, 0, 0, 0, -13
"c:\Users\brian\Desktop\Code\My Game\build\_deps\glm-src\doc\api\a00213.html", "HTML", 0, 0, 0, 0, 0, 0, 0, 0, 0, 0, -113, 0, 0, 0, -5, -6, -124
"c:\Users\brian\Desktop\Code\My Game\build\_deps\glm-src\doc\api\a00213_source.html", "HTML", 0, 0, 0, 0, 0, 0, 0, 0, 0, 0, -110, 0, 0, 0, -5, -3, -118
"c:\Users\brian\Desktop\Code\My Game\build\_deps\glm-src\doc\api\a00214.html", "HTML", 0, 0, 0, 0, 0, 0, 0, 0, 0, 0, -108, 0, 0, 0, -5, -6, -119
"c:\Users\brian\Desktop\Code\My Game\build\_deps\glm-src\doc\api\a00214_source.html", "HTML", 0, 0, 0, 0, 0, 0, 0, 0, 0, 0, -110, 0, 0, 0, -5, -3, -118
"c:\Users\brian\Desktop\Code\My Game\build\_deps\glm-src\doc\api\a00215.html", "HTML", 0, 0, 0, 0, 0, 0, 0, 0, 0, 0, -17, 0, 0, 0, 0, 0, -17
"c:\Users\brian\Desktop\Code\My Game\build\_deps\glm-src\doc\api\a00215_source.html", "HTML", 0, 0, 0, 0, 0, 0, 0, 0, 0, 0, -14, 0, 0, 0, 0, 0, -14
"c:\Users\brian\Desktop\Code\My Game\build\_deps\glm-src\doc\api\a00216.html", "HTML", 0, 0, 0, 0, 0, 0, 0, 0, 0, 0, -107, 0, 0, 0, -5, -6, -118
"c:\Users\brian\Desktop\Code\My Game\build\_deps\glm-src\doc\api\a00216_source.html", "HTML", 0, 0, 0, 0, 0, 0, 0, 0, 0, 0, -104, 0, 0, 0, -5, -3, -112
"c:\Users\brian\Desktop\Code\My Game\build\_deps\glm-src\doc\api\a00217.html", "HTML", 0, 0, 0, 0, 0, 0, 0, 0, 0, 0, -113, 0, 0, 0, -5, -6, -124
"c:\Users\brian\Desktop\Code\My Game\build\_deps\glm-src\doc\api\a00217_source.html", "HTML", 0, 0, 0, 0, 0, 0, 0, 0, 0, 0, -110, 0, 0, 0, -5, -3, -118
"c:\Users\brian\Desktop\Code\My Game\build\_deps\glm-src\doc\api\a00218.html", "HTML", 0, 0, 0, 0, 0, 0, 0, 0, 0, 0, -17, 0, 0, 0, 0, 0, -17
"c:\Users\brian\Desktop\Code\My Game\build\_deps\glm-src\doc\api\a00218_source.html", "HTML", 0, 0, 0, 0, 0, 0, 0, 0, 0, 0, -13, 0, 0, 0, 0, 0, -13
"c:\Users\brian\Desktop\Code\My Game\build\_deps\glm-src\doc\api\a00219.html", "HTML", 0, 0, 0, 0, 0, 0, 0, 0, 0, 0, -113, 0, 0, 0, -5, -6, -124
"c:\Users\brian\Desktop\Code\My Game\build\_deps\glm-src\doc\api\a00219_source.html", "HTML", 0, 0, 0, 0, 0, 0, 0, 0, 0, 0, -110, 0, 0, 0, -5, -3, -118
"c:\Users\brian\Desktop\Code\My Game\build\_deps\glm-src\doc\api\a00220.html", "HTML", 0, 0, 0, 0, 0, 0, 0, 0, 0, 0, -107, 0, 0, 0, -5, -6, -118
"c:\Users\brian\Desktop\Code\My Game\build\_deps\glm-src\doc\api\a00220_source.html", "HTML", 0, 0, 0, 0, 0, 0, 0, 0, 0, 0, -104, 0, 0, 0, -5, -3, -112
"c:\Users\brian\Desktop\Code\My Game\build\_deps\glm-src\doc\api\a00221.html", "HTML", 0, 0, 0, 0, 0, 0, 0, 0, 0, 0, -14, 0, 0, 0, 0, 0, -14
"c:\Users\brian\Desktop\Code\My Game\build\_deps\glm-src\doc\api\a00221_source.html", "HTML", 0, 0, 0, 0, 0, 0, 0, 0, 0, 0, -9, 0, 0, 0, 0, 0, -9
"c:\Users\brian\Desktop\Code\My Game\build\_deps\glm-src\doc\api\a00222.html", "HTML", 0, 0, 0, 0, 0, 0, 0, 0, 0, 0, -147, 0, 0, 0, -5, -6, -158
"c:\Users\brian\Desktop\Code\My Game\build\_deps\glm-src\doc\api\a00222_source.html", "HTML", 0, 0, 0, 0, 0, 0, 0, 0, 0, 0, -151, 0, 0, 0, -5, -3, -159
"c:\Users\brian\Desktop\Code\My Game\build\_deps\glm-src\doc\api\a00223.html", "HTML", 0, 0, 0, 0, 0, 0, 0, 0, 0, 0, -129, 0, 0, 0, -5, -6, -140
"c:\Users\brian\Desktop\Code\My Game\build\_deps\glm-src\doc\api\a00223_source.html", "HTML", 0, 0, 0, 0, 0, 0, 0, 0, 0, 0, -140, 0, 0, 0, -5, -3, -148
"c:\Users\brian\Desktop\Code\My Game\build\_deps\glm-src\doc\api\a00224.html", "HTML", 0, 0, 0, 0, 0, 0, 0, 0, 0, 0, -49, 0, 0, 0, 0, 0, -49
"c:\Users\brian\Desktop\Code\My Game\build\_deps\glm-src\doc\api\a00224_source.html", "HTML", 0, 0, 0, 0, 0, 0, 0, 0, 0, 0, -45, 0, 0, 0, 0, 0, -45
"c:\Users\brian\Desktop\Code\My Game\build\_deps\glm-src\doc\api\a00225.html", "HTML", 0, 0, 0, 0, 0, 0, 0, 0, 0, 0, -141, 0, 0, 0, -5, -6, -152
"c:\Users\brian\Desktop\Code\My Game\build\_deps\glm-src\doc\api\a00225_source.html", "HTML", 0, 0, 0, 0, 0, 0, 0, 0, 0, 0, -141, 0, 0, 0, -5, -3, -149
"c:\Users\brian\Desktop\Code\My Game\build\_deps\glm-src\doc\api\a00226.html", "HTML", 0, 0, 0, 0, 0, 0, 0, 0, 0, 0, -108, 0, 0, 0, -5, -6, -119
"c:\Users\brian\Desktop\Code\My Game\build\_deps\glm-src\doc\api\a00226_source.html", "HTML", 0, 0, 0, 0, 0, 0, 0, 0, 0, 0, -110, 0, 0, 0, -5, -3, -118
"c:\Users\brian\Desktop\Code\My Game\build\_deps\glm-src\doc\api\a00227.html", "HTML", 0, 0, 0, 0, 0, 0, 0, 0, 0, 0, -13, 0, 0, 0, 0, 0, -13
"c:\Users\brian\Desktop\Code\My Game\build\_deps\glm-src\doc\api\a00227_source.html", "HTML", 0, 0, 0, 0, 0, 0, 0, 0, 0, 0, -14, 0, 0, 0, 0, 0, -14
"c:\Users\brian\Desktop\Code\My Game\build\_deps\glm-src\doc\api\a00228.html", "HTML", 0, 0, 0, 0, 0, 0, 0, 0, 0, 0, -107, 0, 0, 0, -5, -6, -118
"c:\Users\brian\Desktop\Code\My Game\build\_deps\glm-src\doc\api\a00228_source.html", "HTML", 0, 0, 0, 0, 0, 0, 0, 0, 0, 0, -104, 0, 0, 0, -5, -3, -112
"c:\Users\brian\Desktop\Code\My Game\build\_deps\glm-src\doc\api\a00229.html", "HTML", 0, 0, 0, 0, 0, 0, 0, 0, 0, 0, -113, 0, 0, 0, -5, -6, -124
"c:\Users\brian\Desktop\Code\My Game\build\_deps\glm-src\doc\api\a00229_source.html", "HTML", 0, 0, 0, 0, 0, 0, 0, 0, 0, 0, -110, 0, 0, 0, -5, -3, -118
"c:\Users\brian\Desktop\Code\My Game\build\_deps\glm-src\doc\api\a00230.html", "HTML", 0, 0, 0, 0, 0, 0, 0, 0, 0, 0, -14, 0, 0, 0, 0, 0, -14
"c:\Users\brian\Desktop\Code\My Game\build\_deps\glm-src\doc\api\a00230_source.html", "HTML", 0, 0, 0, 0, 0, 0, 0, 0, 0, 0, -10, 0, 0, 0, 0, 0, -10
"c:\Users\brian\Desktop\Code\My Game\build\_deps\glm-src\doc\api\a00231.html", "HTML", 0, 0, 0, 0, 0, 0, 0, 0, 0, 0, -113, 0, 0, 0, -5, -6, -124
"c:\Users\brian\Desktop\Code\My Game\build\_deps\glm-src\doc\api\a00231_source.html", "HTML", 0, 0, 0, 0, 0, 0, 0, 0, 0, 0, -110, 0, 0, 0, -5, -3, -118
"c:\Users\brian\Desktop\Code\My Game\build\_deps\glm-src\doc\api\a00232.html", "HTML", 0, 0, 0, 0, 0, 0, 0, 0, 0, 0, -107, 0, 0, 0, -5, -6, -118
"c:\Users\brian\Desktop\Code\My Game\build\_deps\glm-src\doc\api\a00232_source.html", "HTML", 0, 0, 0, 0, 0, 0, 0, 0, 0, 0, -104, 0, 0, 0, -5, -3, -112
"c:\Users\brian\Desktop\Code\My Game\build\_deps\glm-src\doc\api\a00233.html", "HTML", 0, 0, 0, 0, 0, 0, 0, 0, 0, 0, -2, 0, 0, 0, 0, 0, -2
"c:\Users\brian\Desktop\Code\My Game\build\_deps\glm-src\doc\api\a00233_source.html", "HTML", 0, 0, 0, 0, 0, 0, 0, 0, 0, 0, 4, 0, 0, 0, 0, 0, 4
"c:\Users\brian\Desktop\Code\My Game\build\_deps\glm-src\doc\api\a00234.html", "HTML", 0, 0, 0, 0, 0, 0, 0, 0, 0, 0, -136, 0, 0, 0, -5, -6, -147
"c:\Users\brian\Desktop\Code\My Game\build\_deps\glm-src\doc\api\a00234_source.html", "HTML", 0, 0, 0, 0, 0, 0, 0, 0, 0, 0, -132, 0, 0, 0, -5, -3, -140
"c:\Users\brian\Desktop\Code\My Game\build\_deps\glm-src\doc\api\a00235.html", "HTML", 0, 0, 0, 0, 0, 0, 0, 0, 0, 0, -121, 0, 0, 0, -5, -6, -132
"c:\Users\brian\Desktop\Code\My Game\build\_deps\glm-src\doc\api\a00235_source.html", "HTML", 0, 0, 0, 0, 0, 0, 0, 0, 0, 0, -130, 0, 0, 0, -5, -3, -138
"c:\Users\brian\Desktop\Code\My Game\build\_deps\glm-src\doc\api\a00236.html", "HTML", 0, 0, 0, 0, 0, 0, 0, 0, 0, 0, 90, 0, 0, 0, 5, 6, 101
"c:\Users\brian\Desktop\Code\My Game\build\_deps\glm-src\doc\api\a00236_source.html", "HTML", 0, 0, 0, 0, 0, 0, 0, 0, 0, 0, 91, 0, 0, 0, 5, 3, 99
"c:\Users\brian\Desktop\Code\My Game\build\_deps\glm-src\doc\api\a00239_source.html", "HTML", 0, 0, 0, 0, 0, 0, 0, 0, 0, 0, 101, 0, 0, 0, 5, 3, 109
"c:\Users\brian\Desktop\Code\My Game\build\_deps\glm-src\doc\api\a00241.html", "HTML", 0, 0, 0, 0, 0, 0, 0, 0, 0, 0, -1508, 0, 0, 0, -5, -83, -1596
"c:\Users\brian\Desktop\Code\My Game\build\_deps\glm-src\doc\api\a00242.html", "HTML", 0, 0, 0, 0, 0, 0, 0, 0, 0, 0, -263, 0, 0, 0, 0, -12, -275
"c:\Users\brian\Desktop\Code\My Game\build\_deps\glm-src\doc\api\a00242_source.html", "HTML", 0, 0, 0, 0, 0, 0, 0, 0, 0, 0, 91, 0, 0, 0, 5, 3, 99
"c:\Users\brian\Desktop\Code\My Game\build\_deps\glm-src\doc\api\a00243.html", "HTML", 0, 0, 0, 0, 0, 0, 0, 0, 0, 0, -2625, 0, 0, 0, -5, -88, -2718
"c:\Users\brian\Desktop\Code\My Game\build\_deps\glm-src\doc\api\a00244.html", "HTML", 0, 0, 0, 0, 0, 0, 0, 0, 0, 0, -89, 0, 0, 0, -5, -4, -98
"c:\Users\brian\Desktop\Code\My Game\build\_deps\glm-src\doc\api\a00245.html", "HTML", 0, 0, 0, 0, 0, 0, 0, 0, 0, 0, -418, 0, 0, 0, 0, -12, -430
"c:\Users\brian\Desktop\Code\My Game\build\_deps\glm-src\doc\api\a00245_source.html", "HTML", 0, 0, 0, 0, 0, 0, 0, 0, 0, 0, 101, 0, 0, 0, 5, 3, 109
"c:\Users\brian\Desktop\Code\My Game\build\_deps\glm-src\doc\api\a00246.html", "HTML", 0, 0, 0, 0, 0, 0, 0, 0, 0, 0, -548, 0, 0, 0, -5, -24, -577
"c:\Users\brian\Desktop\Code\My Game\build\_deps\glm-src\doc\api\a00247.html", "HTML", 0, 0, 0, 0, 0, 0, 0, 0, 0, 0, -424, 0, 0, 0, -5, -16, -445
"c:\Users\brian\Desktop\Code\My Game\build\_deps\glm-src\doc\api\a00248.html", "HTML", 0, 0, 0, 0, 0, 0, 0, 0, 0, 0, -290, 0, 0, 0, 0, -12, -302
"c:\Users\brian\Desktop\Code\My Game\build\_deps\glm-src\doc\api\a00248_source.html", "HTML", 0, 0, 0, 0, 0, 0, 0, 0, 0, 0, 91, 0, 0, 0, 5, 3, 99
"c:\Users\brian\Desktop\Code\My Game\build\_deps\glm-src\doc\api\a00249.html", "HTML", 0, 0, 0, 0, 0, 0, 0, 0, 0, 0, -113, 0, 0, 0, -5, -4, -122
"c:\Users\brian\Desktop\Code\My Game\build\_deps\glm-src\doc\api\a00250.html", "HTML", 0, 0, 0, 0, 0, 0, 0, 0, 0, 0, -146, 0, 0, 0, -5, -13, -164
"c:\Users\brian\Desktop\Code\My Game\build\_deps\glm-src\doc\api\a00251.html", "HTML", 0, 0, 0, 0, 0, 0, 0, 0, 0, 0, 7, 0, 0, 0, 0, 2, 9
"c:\Users\brian\Desktop\Code\My Game\build\_deps\glm-src\doc\api\a00251_source.html", "HTML", 0, 0, 0, 0, 0, 0, 0, 0, 0, 0, 101, 0, 0, 0, 5, 3, 109
"c:\Users\brian\Desktop\Code\My Game\build\_deps\glm-src\doc\api\a00252.html", "HTML", 0, 0, 0, 0, 0, 0, 0, 0, 0, 0, -113, 0, 0, 0, -5, -4, -122
"c:\Users\brian\Desktop\Code\My Game\build\_deps\glm-src\doc\api\a00253.html", "HTML", 0, 0, 0, 0, 0, 0, 0, 0, 0, 0, -106, 0, 0, 0, -5, -4, -115
"c:\Users\brian\Desktop\Code\My Game\build\_deps\glm-src\doc\api\a00254.html", "HTML", 0, 0, 0, 0, 0, 0, 0, 0, 0, 0, -139, 0, 0, 0, 0, -6, -145
"c:\Users\brian\Desktop\Code\My Game\build\_deps\glm-src\doc\api\a00254_source.html", "HTML", 0, 0, 0, 0, 0, 0, 0, 0, 0, 0, 94, 0, 0, 0, 5, 3, 102
"c:\Users\brian\Desktop\Code\My Game\build\_deps\glm-src\doc\api\a00255.html", "HTML", 0, 0, 0, 0, 0, 0, 0, 0, 0, 0, -264, 0, 0, 0, -5, -12, -281
"c:\Users\brian\Desktop\Code\My Game\build\_deps\glm-src\doc\api\a00256.html", "HTML", 0, 0, 0, 0, 0, 0, 0, 0, 0, 0, -275, 0, 0, 0, -5, -14, -294
"c:\Users\brian\Desktop\Code\My Game\build\_deps\glm-src\doc\api\a00257.html", "HTML", 0, 0, 0, 0, 0, 0, 0, 0, 0, 0, -93, 0, 0, 0, 0, -4, -97
"c:\Users\brian\Desktop\Code\My Game\build\_deps\glm-src\doc\api\a00257_source.html", "HTML", 0, 0, 0, 0, 0, 0, 0, 0, 0, 0, 114, 0, 0, 0, 5, 3, 122
"c:\Users\brian\Desktop\Code\My Game\build\_deps\glm-src\doc\api\a00258.html", "HTML", 0, 0, 0, 0, 0, 0, 0, 0, 0, 0, -542, 0, 0, 0, -5, -24, -571
"c:\Users\brian\Desktop\Code\My Game\build\_deps\glm-src\doc\api\a00259.html", "HTML", 0, 0, 0, 0, 0, 0, 0, 0, 0, 0, -104, 0, 0, 0, -5, -4, -113
"c:\Users\brian\Desktop\Code\My Game\build\_deps\glm-src\doc\api\a00260.html", "HTML", 0, 0, 0, 0, 0, 0, 0, 0, 0, 0, -111, 0, 0, 0, -5, -4, -120
"c:\Users\brian\Desktop\Code\My Game\build\_deps\glm-src\doc\api\a00261.html", "HTML", 0, 0, 0, 0, 0, 0, 0, 0, 0, 0, -314, 0, 0, 0, -5, -18, -337
"c:\Users\brian\Desktop\Code\My Game\build\_deps\glm-src\doc\api\a00262.html", "HTML", 0, 0, 0, 0, 0, 0, 0, 0, 0, 0, -92, 0, 0, 0, -5, -4, -101
"c:\Users\brian\Desktop\Code\My Game\build\_deps\glm-src\doc\api\a00263.html", "HTML", 0, 0, 0, 0, 0, 0, 0, 0, 0, 0, 3, 0, 0, 0, 0, 2, 5
"c:\Users\brian\Desktop\Code\My Game\build\_deps\glm-src\doc\api\a00263_source.html", "HTML", 0, 0, 0, 0, 0, 0, 0, 0, 0, 0, 129, 0, 0, 0, 5, 3, 137
"c:\Users\brian\Desktop\Code\My Game\build\_deps\glm-src\doc\api\a00264.html", "HTML", 0, 0, 0, 0, 0, 0, 0, 0, 0, 0, -91, 0, 0, 0, -5, -4, -100
"c:\Users\brian\Desktop\Code\My Game\build\_deps\glm-src\doc\api\a00265.html", "HTML", 0, 0, 0, 0, 0, 0, 0, 0, 0, 0, -99, 0, 0, 0, -5, -4, -108
"c:\Users\brian\Desktop\Code\My Game\build\_deps\glm-src\doc\api\a00266.html", "HTML", 0, 0, 0, 0, 0, 0, 0, 0, 0, 0, 20, 0, 0, 0, 0, 2, 22
"c:\Users\brian\Desktop\Code\My Game\build\_deps\glm-src\doc\api\a00266_source.html", "HTML", 0, 0, 0, 0, 0, 0, 0, 0, 0, 0, 123, 0, 0, 0, 5, 3, 131
"c:\Users\brian\Desktop\Code\My Game\build\_deps\glm-src\doc\api\a00267.html", "HTML", 0, 0, 0, 0, 0, 0, 0, 0, 0, 0, -642, 0, 0, 0, -5, -28, -675
"c:\Users\brian\Desktop\Code\My Game\build\_deps\glm-src\doc\api\a00268.html", "HTML", 0, 0, 0, 0, 0, 0, 0, 0, 0, 0, -101, 0, 0, 0, -5, -4, -110
"c:\Users\brian\Desktop\Code\My Game\build\_deps\glm-src\doc\api\a00269.html", "HTML", 0, 0, 0, 0, 0, 0, 0, 0, 0, 0, -107, 0, 0, 0, -5, -4, -116
"c:\Users\brian\Desktop\Code\My Game\build\_deps\glm-src\doc\api\a00270.html", "HTML", 0, 0, 0, 0, 0, 0, 0, 0, 0, 0, -101, 0, 0, 0, -5, -4, -110
"c:\Users\brian\Desktop\Code\My Game\build\_deps\glm-src\doc\api\a00271.html", "HTML", 0, 0, 0, 0, 0, 0, 0, 0, 0, 0, -107, 0, 0, 0, -5, -4, -116
"c:\Users\brian\Desktop\Code\My Game\build\_deps\glm-src\doc\api\a00272.html", "HTML", 0, 0, 0, 0, 0, 0, 0, 0, 0, 0, -8, 0, 0, 0, 0, 2, -6
"c:\Users\brian\Desktop\Code\My Game\build\_deps\glm-src\doc\api\a00272_source.html", "HTML", 0, 0, 0, 0, 0, 0, 0, 0, 0, 0, 94, 0, 0, 0, 5, 3, 102
"c:\Users\brian\Desktop\Code\My Game\build\_deps\glm-src\doc\api\a00273.html", "HTML", 0, 0, 0, 0, 0, 0, 0, 0, 0, 0, -106, 0, 0, 0, -5, -4, -115
"c:\Users\brian\Desktop\Code\My Game\build\_deps\glm-src\doc\api\a00274.html", "HTML", 0, 0, 0, 0, 0, 0, 0, 0, 0, 0, -482, 0, 0, 0, -5, -24, -511
"c:\Users\brian\Desktop\Code\My Game\build\_deps\glm-src\doc\api\a00275.html", "HTML", 0, 0, 0, 0, 0, 0, 0, 0, 0, 0, -349, 0, 0, 0, 0, -14, -363
"c:\Users\brian\Desktop\Code\My Game\build\_deps\glm-src\doc\api\a00275_source.html", "HTML", 0, 0, 0, 0, 0, 0, 0, 0, 0, 0, 114, 0, 0, 0, 5, 3, 122
"c:\Users\brian\Desktop\Code\My Game\build\_deps\glm-src\doc\api\a00276.html", "HTML", 0, 0, 0, 0, 0, 0, 0, 0, 0, 0, -101, 0, 0, 0, -5, -4, -110
"c:\Users\brian\Desktop\Code\My Game\build\_deps\glm-src\doc\api\a00277.html", "HTML", 0, 0, 0, 0, 0, 0, 0, 0, 0, 0, -146, 0, 0, 0, -5, -13, -164
"c:\Users\brian\Desktop\Code\My Game\build\_deps\glm-src\doc\api\a00278.html", "HTML", 0, 0, 0, 0, 0, 0, 0, 0, 0, 0, -3, 0, 0, 0, 0, 2, -1
"c:\Users\brian\Desktop\Code\My Game\build\_deps\glm-src\doc\api\a00278_source.html", "HTML", 0, 0, 0, 0, 0, 0, 0, 0, 0, 0, 91, 0, 0, 0, 5, 3, 99
"c:\Users\brian\Desktop\Code\My Game\build\_deps\glm-src\doc\api\a00279.html", "HTML", 0, 0, 0, 0, 0, 0, 0, 0, 0, 0, -407, 0, 0, 0, -5, -20, -432
"c:\Users\brian\Desktop\Code\My Game\build\_deps\glm-src\doc\api\a00280.html", "HTML", 0, 0, 0, 0, 0, 0, 0, 0, 0, 0, -154, 0, 0, 0, -5, -7, -166
"c:\Users\brian\Desktop\Code\My Game\build\_deps\glm-src\doc\api\a00281.html", "HTML", 0, 0, 0, 0, 0, 0, 0, 0, 0, 0, -250, 0, 0, 0, 0, -43, -293
"c:\Users\brian\Desktop\Code\My Game\build\_deps\glm-src\doc\api\a00281_source.html", "HTML", 0, 0, 0, 0, 0, 0, 0, 0, 0, 0, 101, 0, 0, 0, 5, 3, 109
"c:\Users\brian\Desktop\Code\My Game\build\_deps\glm-src\doc\api\a00282.html", "HTML", 0, 0, 0, 0, 0, 0, 0, 0, 0, 0, -958, 0, 0, 0, -5, -139, -1102
"c:\Users\brian\Desktop\Code\My Game\build\_deps\glm-src\doc\api\a00283.html", "HTML", 0, 0, 0, 0, 0, 0, 0, 0, 0, 0, -486, 0, 0, 0, -5, -73, -564
"c:\Users\brian\Desktop\Code\My Game\build\_deps\glm-src\doc\api\a00284.html", "HTML", 0, 0, 0, 0, 0, 0, 0, 0, 0, 0, -1375, 0, 0, 0, 0, -214, -1589
"c:\Users\brian\Desktop\Code\My Game\build\_deps\glm-src\doc\api\a00284_source.html", "HTML", 0, 0, 0, 0, 0, 0, 0, 0, 0, 0, 91, 0, 0, 0, 5, 3, 99
"c:\Users\brian\Desktop\Code\My Game\build\_deps\glm-src\doc\api\a00285.html", "HTML", 0, 0, 0, 0, 0, 0, 0, 0, 0, 0, -203, 0, 0, 0, -5, -4, -212
"c:\Users\brian\Desktop\Code\My Game\build\_deps\glm-src\doc\api\a00286.html", "HTML", 0, 0, 0, 0, 0, 0, 0, 0, 0, 0, -155, 0, 0, 0, -5, -4, -164
"c:\Users\brian\Desktop\Code\My Game\build\_deps\glm-src\doc\api\a00287.html", "HTML", 0, 0, 0, 0, 0, 0, 0, 0, 0, 0, -182, 0, 0, 0, 0, 2, -180
"c:\Users\brian\Desktop\Code\My Game\build\_deps\glm-src\doc\api\a00287_source.html", "HTML", 0, 0, 0, 0, 0, 0, 0, 0, 0, 0, 101, 0, 0, 0, 5, 3, 109
"c:\Users\brian\Desktop\Code\My Game\build\_deps\glm-src\doc\api\a00288.html", "HTML", 0, 0, 0, 0, 0, 0, 0, 0, 0, 0, -1156, 0, 0, 0, -5, -68, -1229
"c:\Users\brian\Desktop\Code\My Game\build\_deps\glm-src\doc\api\a00289.html", "HTML", 0, 0, 0, 0, 0, 0, 0, 0, 0, 0, -173, 0, 0, 0, -5, -10, -188
"c:\Users\brian\Desktop\Code\My Game\build\_deps\glm-src\doc\api\a00290.html", "HTML", 0, 0, 0, 0, 0, 0, 0, 0, 0, 0, -545, 0, 0, 0, 0, -52, -597
"c:\Users\brian\Desktop\Code\My Game\build\_deps\glm-src\doc\api\a00290_source.html", "HTML", 0, 0, 0, 0, 0, 0, 0, 0, 0, 0, 91, 0, 0, 0, 5, 3, 99
"c:\Users\brian\Desktop\Code\My Game\build\_deps\glm-src\doc\api\a00291.html", "HTML", 0, 0, 0, 0, 0, 0, 0, 0, 0, 0, -247, 0, 0, 0, -5, -12, -264
"c:\Users\brian\Desktop\Code\My Game\build\_deps\glm-src\doc\api\a00292.html", "HTML", 0, 0, 0, 0, 0, 0, 0, 0, 0, 0, -188, 0, 0, 0, -5, -10, -203
"c:\Users\brian\Desktop\Code\My Game\build\_deps\glm-src\doc\api\a00293.html", "HTML", 0, 0, 0, 0, 0, 0, 0, 0, 0, 0, -131, 0, 0, 0, 0, -6, -137
"c:\Users\brian\Desktop\Code\My Game\build\_deps\glm-src\doc\api\a00293_source.html", "HTML", 0, 0, 0, 0, 0, 0, 0, 0, 0, 0, 101, 0, 0, 0, 5, 3, 109
"c:\Users\brian\Desktop\Code\My Game\build\_deps\glm-src\doc\api\a00294.html", "HTML", 0, 0, 0, 0, 0, 0, 0, 0, 0, 0, -1727, 0, 0, 0, -5, -292, -2024
"c:\Users\brian\Desktop\Code\My Game\build\_deps\glm-src\doc\api\a00295.html", "HTML", 0, 0, 0, 0, 0, 0, 0, 0, 0, 0, -161, 0, 0, 0, -5, -8, -174
"c:\Users\brian\Desktop\Code\My Game\build\_deps\glm-src\doc\api\a00296.html", "HTML", 0, 0, 0, 0, 0, 0, 0, 0, 0, 0, 5, 0, 0, 0, 0, 2, 7
"c:\Users\brian\Desktop\Code\My Game\build\_deps\glm-src\doc\api\a00296_source.html", "HTML", 0, 0, 0, 0, 0, 0, 0, 0, 0, 0, 94, 0, 0, 0, 5, 3, 102
"c:\Users\brian\Desktop\Code\My Game\build\_deps\glm-src\doc\api\a00297.html", "HTML", 0, 0, 0, 0, 0, 0, 0, 0, 0, 0, -168, 0, 0, 0, -5, -10, -183
"c:\Users\brian\Desktop\Code\My Game\build\_deps\glm-src\doc\api\a00298.html", "HTML", 0, 0, 0, 0, 0, 0, 0, 0, 0, 0, -1886, 0, 0, 0, -5, -144, -2035
"c:\Users\brian\Desktop\Code\My Game\build\_deps\glm-src\doc\api\a00299.html", "HTML", 0, 0, 0, 0, 0, 0, 0, 0, 0, 0, -467, 0, 0, 0, 0, -31, -498
"c:\Users\brian\Desktop\Code\My Game\build\_deps\glm-src\doc\api\a00299_source.html", "HTML", 0, 0, 0, 0, 0, 0, 0, 0, 0, 0, 114, 0, 0, 0, 5, 3, 122
"c:\Users\brian\Desktop\Code\My Game\build\_deps\glm-src\doc\api\a00300.html", "HTML", 0, 0, 0, 0, 0, 0, 0, 0, 0, 0, -298, 0, 0, 0, -5, -18, -321
"c:\Users\brian\Desktop\Code\My Game\build\_deps\glm-src\doc\api\a00301.html", "HTML", 0, 0, 0, 0, 0, 0, 0, 0, 0, 0, -428, 0, 0, 0, -5, -28, -461
"c:\Users\brian\Desktop\Code\My Game\build\_deps\glm-src\doc\api\a00302.html", "HTML", 0, 0, 0, 0, 0, 0, 0, 0, 0, 0, -425, 0, 0, 0, 0, -22, -447
"c:\Users\brian\Desktop\Code\My Game\build\_deps\glm-src\doc\api\a00302_source.html", "HTML", 0, 0, 0, 0, 0, 0, 0, 0, 0, 0, 91, 0, 0, 0, 5, 3, 99
"c:\Users\brian\Desktop\Code\My Game\build\_deps\glm-src\doc\api\a00303.html", "HTML", 0, 0, 0, 0, 0, 0, 0, 0, 0, 0, -1502, 0, 0, 0, -5, -4, -1511
"c:\Users\brian\Desktop\Code\My Game\build\_deps\glm-src\doc\api\a00304.html", "HTML", 0, 0, 0, 0, 0, 0, 0, 0, 0, 0, -7627, 0, 0, 0, -5, -1324, -8956
"c:\Users\brian\Desktop\Code\My Game\build\_deps\glm-src\doc\api\a00305.html", "HTML", 0, 0, 0, 0, 0, 0, 0, 0, 0, 0, -799, 0, 0, 0, -5, -70, -874
"c:\Users\brian\Desktop\Code\My Game\build\_deps\glm-src\doc\api\a00305_source.html", "HTML", 0, 0, 0, 0, 0, 0, 0, 0, 0, 0, 101, 0, 0, 0, 5, 3, 109
"c:\Users\brian\Desktop\Code\My Game\build\_deps\glm-src\doc\api\a00306.html", "HTML", 0, 0, 0, 0, 0, 0, 0, 0, 0, 0, -87, 0, 0, 0, -5, -4, -96
"c:\Users\brian\Desktop\Code\My Game\build\_deps\glm-src\doc\api\a00307.html", "HTML", 0, 0, 0, 0, 0, 0, 0, 0, 0, 0, -87, 0, 0, 0, -5, -4, -96
"c:\Users\brian\Desktop\Code\My Game\build\_deps\glm-src\doc\api\a00308.html", "HTML", 0, 0, 0, 0, 0, 0, 0, 0, 0, 0, -1215, 0, 0, 0, 0, -42, -1257
"c:\Users\brian\Desktop\Code\My Game\build\_deps\glm-src\doc\api\a00308_source.html", "HTML", 0, 0, 0, 0, 0, 0, 0, 0, 0, 0, 91, 0, 0, 0, 5, 3, 99
"c:\Users\brian\Desktop\Code\My Game\build\_deps\glm-src\doc\api\a00309.html", "HTML", 0, 0, 0, 0, 0, 0, 0, 0, 0, 0, -298, 0, 0, 0, -5, -20, -323
"c:\Users\brian\Desktop\Code\My Game\build\_deps\glm-src\doc\api\a00310.html", "HTML", 0, 0, 0, 0, 0, 0, 0, 0, 0, 0, -137, 0, 0, 0, -5, -6, -148
"c:\Users\brian\Desktop\Code\My Game\build\_deps\glm-src\doc\api\a00311.html", "HTML", 0, 0, 0, 0, 0, 0, 0, 0, 0, 0, -15, 0, 0, 0, 0, 2, -13
"c:\Users\brian\Desktop\Code\My Game\build\_deps\glm-src\doc\api\a00311_source.html", "HTML", 0, 0, 0, 0, 0, 0, 0, 0, 0, 0, 101, 0, 0, 0, 5, 3, 109
"c:\Users\brian\Desktop\Code\My Game\build\_deps\glm-src\doc\api\a00312.html", "HTML", 0, 0, 0, 0, 0, 0, 0, 0, 0, 0, -241, 0, 0, 0, -5, -16, -262
"c:\Users\brian\Desktop\Code\My Game\build\_deps\glm-src\doc\api\a00313.html", "HTML", 0, 0, 0, 0, 0, 0, 0, 0, 0, 0, -183, 0, 0, 0, -5, -12, -200
"c:\Users\brian\Desktop\Code\My Game\build\_deps\glm-src\doc\api\a00314.html", "HTML", 0, 0, 0, 0, 0, 0, 0, 0, 0, 0, -151, 0, 0, 0, 0, -6, -157
"c:\Users\brian\Desktop\Code\My Game\build\_deps\glm-src\doc\api\a00314_source.html", "HTML", 0, 0, 0, 0, 0, 0, 0, 0, 0, 0, 91, 0, 0, 0, 5, 3, 99
"c:\Users\brian\Desktop\Code\My Game\build\_deps\glm-src\doc\api\a00315.html", "HTML", 0, 0, 0, 0, 0, 0, 0, 0, 0, 0, -422, 0, 0, 0, -5, -4, -431
"c:\Users\brian\Desktop\Code\My Game\build\_deps\glm-src\doc\api\a00316.html", "HTML", 0, 0, 0, 0, 0, 0, 0, 0, 0, 0, -221, 0, 0, 0, -5, -16, -242
"c:\Users\brian\Desktop\Code\My Game\build\_deps\glm-src\doc\api\a00317.html", "HTML", 0, 0, 0, 0, 0, 0, 0, 0, 0, 0, -388, 0, 0, 0, 0, -50, -438
"c:\Users\brian\Desktop\Code\My Game\build\_deps\glm-src\doc\api\a00317_source.html", "HTML", 0, 0, 0, 0, 0, 0, 0, 0, 0, 0, 101, 0, 0, 0, 5, 3, 109
"c:\Users\brian\Desktop\Code\My Game\build\_deps\glm-src\doc\api\a00318.html", "HTML", 0, 0, 0, 0, 0, 0, 0, 0, 0, 0, -827, 0, 0, 0, -5, -61, -893
"c:\Users\brian\Desktop\Code\My Game\build\_deps\glm-src\doc\api\a00319.html", "HTML", 0, 0, 0, 0, 0, 0, 0, 0, 0, 0, -1519, 0, 0, 0, -5, -86, -1610
"c:\Users\brian\Desktop\Code\My Game\build\_deps\glm-src\doc\api\a00320.html", "HTML", 0, 0, 0, 0, 0, 0, 0, 0, 0, 0, -39, 0, 0, 0, 0, 0, -39
"c:\Users\brian\Desktop\Code\My Game\build\_deps\glm-src\doc\api\a00320_source.html", "HTML", 0, 0, 0, 0, 0, 0, 0, 0, 0, 0, 94, 0, 0, 0, 5, 3, 102
"c:\Users\brian\Desktop\Code\My Game\build\_deps\glm-src\doc\api\a00321.html", "HTML", 0, 0, 0, 0, 0, 0, 0, 0, 0, 0, -789, 0, 0, 0, -5, -38, -832
"c:\Users\brian\Desktop\Code\My Game\build\_deps\glm-src\doc\api\a00322.html", "HTML", 0, 0, 0, 0, 0, 0, 0, 0, 0, 0, -133, 0, 0, 0, -5, -6, -144
"c:\Users\brian\Desktop\Code\My Game\build\_deps\glm-src\doc\api\a00323.html", "HTML", 0, 0, 0, 0, 0, 0, 0, 0, 0, 0, -266, 0, 0, 0, 0, -22, -288
"c:\Users\brian\Desktop\Code\My Game\build\_deps\glm-src\doc\api\a00323_source.html", "HTML", 0, 0, 0, 0, 0, 0, 0, 0, 0, 0, 114, 0, 0, 0, 5, 3, 122
"c:\Users\brian\Desktop\Code\My Game\build\_deps\glm-src\doc\api\a00324.html", "HTML", 0, 0, 0, 0, 0, 0, 0, 0, 0, 0, -306, 0, 0, 0, -5, -22, -333
"c:\Users\brian\Desktop\Code\My Game\build\_deps\glm-src\doc\api\a00325.html", "HTML", 0, 0, 0, 0, 0, 0, 0, 0, 0, 0, -272, 0, 0, 0, -5, -20, -297
"c:\Users\brian\Desktop\Code\My Game\build\_deps\glm-src\doc\api\a00326.html", "HTML", 0, 0, 0, 0, 0, 0, 0, 0, 0, 0, -51, 0, 0, 0, 0, -2, -53
"c:\Users\brian\Desktop\Code\My Game\build\_deps\glm-src\doc\api\a00326_source.html", "HTML", 0, 0, 0, 0, 0, 0, 0, 0, 0, 0, 126, 0, 0, 0, 5, 3, 134
"c:\Users\brian\Desktop\Code\My Game\build\_deps\glm-src\doc\api\a00327.html", "HTML", 0, 0, 0, 0, 0, 0, 0, 0, 0, 0, -175, 0, 0, 0, -5, -8, -188
"c:\Users\brian\Desktop\Code\My Game\build\_deps\glm-src\doc\api\a00328.html", "HTML", 0, 0, 0, 0, 0, 0, 0, 0, 0, 0, -169, 0, 0, 0, -5, -8, -182
"c:\Users\brian\Desktop\Code\My Game\build\_deps\glm-src\doc\api\a00329.html", "HTML", 0, 0, 0, 0, 0, 0, 0, 0, 0, 0, 3, 0, 0, 0, 0, 2, 5
"c:\Users\brian\Desktop\Code\My Game\build\_deps\glm-src\doc\api\a00329_source.html", "HTML", 0, 0, 0, 0, 0, 0, 0, 0, 0, 0, 92, 0, 0, 0, 5, 3, 100
"c:\Users\brian\Desktop\Code\My Game\build\_deps\glm-src\doc\api\a00330.html", "HTML", 0, 0, 0, 0, 0, 0, 0, 0, 0, 0, -337, 0, 0, 0, -5, -25, -367
"c:\Users\brian\Desktop\Code\My Game\build\_deps\glm-src\doc\api\a00331.html", "HTML", 0, 0, 0, 0, 0, 0, 0, 0, 0, 0, -431, 0, 0, 0, -5, -16, -452
"c:\Users\brian\Desktop\Code\My Game\build\_deps\glm-src\doc\api\a00332.html", "HTML", 0, 0, 0, 0, 0, 0, 0, 0, 0, 0, 6, 0, 0, 0, 0, 2, 8
"c:\Users\brian\Desktop\Code\My Game\build\_deps\glm-src\doc\api\a00332_source.html", "HTML", 0, 0, 0, 0, 0, 0, 0, 0, 0, 0, 98, 0, 0, 0, 5, 3, 106
"c:\Users\brian\Desktop\Code\My Game\build\_deps\glm-src\doc\api\a00333.html", "HTML", 0, 0, 0, 0, 0, 0, 0, 0, 0, 0, -157, 0, 0, 0, -5, -8, -170
"c:\Users\brian\Desktop\Code\My Game\build\_deps\glm-src\doc\api\a00334.html", "HTML", 0, 0, 0, 0, 0, 0, 0, 0, 0, 0, -137, 0, 0, 0, -5, -8, -150
"c:\Users\brian\Desktop\Code\My Game\build\_deps\glm-src\doc\api\a00335.html", "HTML", 0, 0, 0, 0, 0, 0, 0, 0, 0, 0, -48, 0, 0, 0, 0, 0, -48
"c:\Users\brian\Desktop\Code\My Game\build\_deps\glm-src\doc\api\a00335_source.html", "HTML", 0, 0, 0, 0, 0, 0, 0, 0, 0, 0, 109, 0, 0, 0, 5, 3, 117
"c:\Users\brian\Desktop\Code\My Game\build\_deps\glm-src\doc\api\a00336.html", "HTML", 0, 0, 0, 0, 0, 0, 0, 0, 0, 0, -181, 0, 0, 0, -5, -12, -198
"c:\Users\brian\Desktop\Code\My Game\build\_deps\glm-src\doc\api\a00337.html", "HTML", 0, 0, 0, 0, 0, 0, 0, 0, 0, 0, -221, 0, 0, 0, -5, -12, -238
"c:\Users\brian\Desktop\Code\My Game\build\_deps\glm-src\doc\api\a00338.html", "HTML", 0, 0, 0, 0, 0, 0, 0, 0, 0, 0, -353, 0, 0, 0, 0, -22, -375
"c:\Users\brian\Desktop\Code\My Game\build\_deps\glm-src\doc\api\a00338_source.html", "HTML", 0, 0, 0, 0, 0, 0, 0, 0, 0, 0, 92, 0, 0, 0, 5, 3, 100
"c:\Users\brian\Desktop\Code\My Game\build\_deps\glm-src\doc\api\a00339.html", "HTML", 0, 0, 0, 0, 0, 0, 0, 0, 0, 0, -347, 0, 0, 0, -5, -28, -380
"c:\Users\brian\Desktop\Code\My Game\build\_deps\glm-src\doc\api\a00340.html", "HTML", 0, 0, 0, 0, 0, 0, 0, 0, 0, 0, -343, 0, 0, 0, -5, -20, -368
"c:\Users\brian\Desktop\Code\My Game\build\_deps\glm-src\doc\api\a00341.html", "HTML", 0, 0, 0, 0, 0, 0, 0, 0, 0, 0, -182, 0, 0, 0, 0, -8, -190
"c:\Users\brian\Desktop\Code\My Game\build\_deps\glm-src\doc\api\a00341_source.html", "HTML", 0, 0, 0, 0, 0, 0, 0, 0, 0, 0, 98, 0, 0, 0, 5, 3, 106
"c:\Users\brian\Desktop\Code\My Game\build\_deps\glm-src\doc\api\a00342.html", "HTML", 0, 0, 0, 0, 0, 0, 0, 0, 0, 0, -99, 0, 0, 0, -5, -4, -108
"c:\Users\brian\Desktop\Code\My Game\build\_deps\glm-src\doc\api\a00343.html", "HTML", 0, 0, 0, 0, 0, 0, 0, 0, 0, 0, -371, 0, 0, 0, -5, -24, -400
"c:\Users\brian\Desktop\Code\My Game\build\_deps\glm-src\doc\api\a00344.html", "HTML", 0, 0, 0, 0, 0, 0, 0, 0, 0, 0, -30, 0, 0, 0, 0, 0, -30
"c:\Users\brian\Desktop\Code\My Game\build\_deps\glm-src\doc\api\a00344_source.html", "HTML", 0, 0, 0, 0, 0, 0, 0, 0, 0, 0, 108, 0, 0, 0, 5, 3, 116
"c:\Users\brian\Desktop\Code\My Game\build\_deps\glm-src\doc\api\a00345.html", "HTML", 0, 0, 0, 0, 0, 0, 0, 0, 0, 0, -159, 0, 0, 0, -5, -8, -172
"c:\Users\brian\Desktop\Code\My Game\build\_deps\glm-src\doc\api\a00346.html", "HTML", 0, 0, 0, 0, 0, 0, 0, 0, 0, 0, -134, 0, 0, 0, -5, -4, -143
"c:\Users\brian\Desktop\Code\My Game\build\_deps\glm-src\doc\api\a00347.html", "HTML", 0, 0, 0, 0, 0, 0, 0, 0, 0, 0, -56, 0, 0, 0, 0, -4, -60
"c:\Users\brian\Desktop\Code\My Game\build\_deps\glm-src\doc\api\a00347_source.html", "HTML", 0, 0, 0, 0, 0, 0, 0, 0, 0, 0, 105, 0, 0, 0, 5, 3, 113
"c:\Users\brian\Desktop\Code\My Game\build\_deps\glm-src\doc\api\a00348.html", "HTML", 0, 0, 0, 0, 0, 0, 0, 0, 0, 0, -147, 0, 0, 0, -5, -8, -160
"c:\Users\brian\Desktop\Code\My Game\build\_deps\glm-src\doc\api\a00349.html", "HTML", 0, 0, 0, 0, 0, 0, 0, 0, 0, 0, -126, 0, 0, 0, -5, -6, -137
"c:\Users\brian\Desktop\Code\My Game\build\_deps\glm-src\doc\api\a00350.html", "HTML", 0, 0, 0, 0, 0, 0, 0, 0, 0, 0, -47, 0, 0, 0, 0, -2, -49
"c:\Users\brian\Desktop\Code\My Game\build\_deps\glm-src\doc\api\a00350_source.html", "HTML", 0, 0, 0, 0, 0, 0, 0, 0, 0, 0, 97, 0, 0, 0, 5, 3, 105
"c:\Users\brian\Desktop\Code\My Game\build\_deps\glm-src\doc\api\a00351.html", "HTML", 0, 0, 0, 0, 0, 0, 0, 0, 0, 0, -133, 0, 0, 0, -5, -6, -144
"c:\Users\brian\Desktop\Code\My Game\build\_deps\glm-src\doc\api\a00352.html", "HTML", 0, 0, 0, 0, 0, 0, 0, 0, 0, 0, -574, 0, 0, 0, -5, -44, -623
"c:\Users\brian\Desktop\Code\My Game\build\_deps\glm-src\doc\api\a00353.html", "HTML", 0, 0, 0, 0, 0, 0, 0, 0, 0, 0, 10, 0, 0, 0, 0, 2, 12
"c:\Users\brian\Desktop\Code\My Game\build\_deps\glm-src\doc\api\a00353_source.html", "HTML", 0, 0, 0, 0, 0, 0, 0, 0, 0, 0, 108, 0, 0, 0, 5, 3, 116
"c:\Users\brian\Desktop\Code\My Game\build\_deps\glm-src\doc\api\a00354.html", "HTML", 0, 0, 0, 0, 0, 0, 0, 0, 0, 0, -163, 0, 0, 0, -5, -16, -184
"c:\Users\brian\Desktop\Code\My Game\build\_deps\glm-src\doc\api\a00355.html", "HTML", 0, 0, 0, 0, 0, 0, 0, 0, 0, 0, -197, 0, 0, 0, -5, -8, -210
"c:\Users\brian\Desktop\Code\My Game\build\_deps\glm-src\doc\api\a00356.html", "HTML", 0, 0, 0, 0, 0, 0, 0, 0, 0, 0, -308, 0, 0, 0, 0, -20, -328
"c:\Users\brian\Desktop\Code\My Game\build\_deps\glm-src\doc\api\a00356_source.html", "HTML", 0, 0, 0, 0, 0, 0, 0, 0, 0, 0, 152, 0, 0, 0, 5, 3, 160
"c:\Users\brian\Desktop\Code\My Game\build\_deps\glm-src\doc\api\a00357.html", "HTML", 0, 0, 0, 0, 0, 0, 0, 0, 0, 0, -87, 0, 0, 0, -5, -4, -96
"c:\Users\brian\Desktop\Code\My Game\build\_deps\glm-src\doc\api\a00358.html", "HTML", 0, 0, 0, 0, 0, 0, 0, 0, 0, 0, -242, 0, 0, 0, -5, -10, -257
"c:\Users\brian\Desktop\Code\My Game\build\_deps\glm-src\doc\api\a00359.html", "HTML", 0, 0, 0, 0, 0, 0, 0, 0, 0, 0, -130, 0, 0, 0, 0, -22, -152
"c:\Users\brian\Desktop\Code\My Game\build\_deps\glm-src\doc\api\a00359_source.html", "HTML", 0, 0, 0, 0, 0, 0, 0, 0, 0, 0, 102, 0, 0, 0, 5, 3, 110
"c:\Users\brian\Desktop\Code\My Game\build\_deps\glm-src\doc\api\a00360.html", "HTML", 0, 0, 0, 0, 0, 0, 0, 0, 0, 0, -117, 0, 0, 0, -5, -6, -128
"c:\Users\brian\Desktop\Code\My Game\build\_deps\glm-src\doc\api\a00361.html", "HTML", 0, 0, 0, 0, 0, 0, 0, 0, 0, 0, -129, 0, 0, 0, -5, -6, -140
"c:\Users\brian\Desktop\Code\My Game\build\_deps\glm-src\doc\api\a00362.html", "HTML", 0, 0, 0, 0, 0, 0, 0, 0, 0, 0, -72, 0, 0, 0, 0, -4, -76
"c:\Users\brian\Desktop\Code\My Game\build\_deps\glm-src\doc\api\a00362_source.html", "HTML", 0, 0, 0, 0, 0, 0, 0, 0, 0, 0, 133, 0, 0, 0, 5, 3, 141
"c:\Users\brian\Desktop\Code\My Game\build\_deps\glm-src\doc\api\a00363.html", "HTML", 0, 0, 0, 0, 0, 0, 0, 0, 0, 0, -397, 0, 0, 0, -5, -22, -424
"c:\Users\brian\Desktop\Code\My Game\build\_deps\glm-src\doc\api\a00364.html", "HTML", 0, 0, 0, 0, 0, 0, 0, 0, 0, 0, -7525, 0, 0, 0, -5, -416, -7946
"c:\Users\brian\Desktop\Code\My Game\build\_deps\glm-src\doc\api\a00365.html", "HTML", 0, 0, 0, 0, 0, 0, 0, 0, 0, 0, 27, 0, 0, 0, 0, 2, 29
"c:\Users\brian\Desktop\Code\My Game\build\_deps\glm-src\doc\api\a00365_source.html", "HTML", 0, 0, 0, 0, 0, 0, 0, 0, 0, 0, 124, 0, 0, 0, 5, 3, 132
"c:\Users\brian\Desktop\Code\My Game\build\_deps\glm-src\doc\api\a00366.html", "HTML", 0, 0, 0, 0, 0, 0, 0, 0, 0, 0, -87, 0, 0, 0, -5, -4, -96
"c:\Users\brian\Desktop\Code\My Game\build\_deps\glm-src\doc\api\a00367.html", "HTML", 0, 0, 0, 0, 0, 0, 0, 0, 0, 0, -194, 0, 0, 0, -5, -10, -209
"c:\Users\brian\Desktop\Code\My Game\build\_deps\glm-src\doc\api\a00368.html", "HTML", 0, 0, 0, 0, 0, 0, 0, 0, 0, 0, -218, 0, 0, 0, 0, -10, -228
"c:\Users\brian\Desktop\Code\My Game\build\_deps\glm-src\doc\api\a00368_source.html", "HTML", 0, 0, 0, 0, 0, 0, 0, 0, 0, 0, 91, 0, 0, 0, 5, 3, 99
"c:\Users\brian\Desktop\Code\My Game\build\_deps\glm-src\doc\api\a00369.html", "HTML", 0, 0, 0, 0, 0, 0, 0, 0, 0, 0, -179, 0, 0, 0, -5, -12, -196
"c:\Users\brian\Desktop\Code\My Game\build\_deps\glm-src\doc\api\a00370.html", "HTML", 0, 0, 0, 0, 0, 0, 0, 0, 0, 0, -605, 0, 0, 0, -5, -30, -640
"c:\Users\brian\Desktop\Code\My Game\build\_deps\glm-src\doc\api\a00371.html", "HTML", 0, 0, 0, 0, 0, 0, 0, 0, 0, 0, -140, 0, 0, 0, 0, -8, -148
"c:\Users\brian\Desktop\Code\My Game\build\_deps\glm-src\doc\api\a00371_source.html", "HTML", 0, 0, 0, 0, 0, 0, 0, 0, 0, 0, 139, 0, 0, 0, 5, 3, 147
"c:\Users\brian\Desktop\Code\My Game\build\_deps\glm-src\doc\api\a00372.html", "HTML", 0, 0, 0, 0, 0, 0, 0, 0, 0, 0, -388, 0, 0, 0, -5, -28, -421
"c:\Users\brian\Desktop\Code\My Game\build\_deps\glm-src\doc\api\a00373.html", "HTML", 0, 0, 0, 0, 0, 0, 0, 0, 0, 0, -582, 0, 0, 0, -5, -35, -622
"c:\Users\brian\Desktop\Code\My Game\build\_deps\glm-src\doc\api\a00374.html", "HTML", 0, 0, 0, 0, 0, 0, 0, 0, 0, 0, -426, 0, 0, 0, -5, -22, -453
"c:\Users\brian\Desktop\Code\My Game\build\_deps\glm-src\doc\api\a00377.html", "HTML", 0, 0, 0, 0, 0, 0, 0, 0, 0, 0, 102, 0, 0, 0, 5, 6, 113
"c:\Users\brian\Desktop\Code\My Game\build\_deps\glm-src\doc\api\a00377_source.html", "HTML", 0, 0, 0, 0, 0, 0, 0, 0, 0, 0, 133, 0, 0, 0, 5, 3, 141
"c:\Users\brian\Desktop\Code\My Game\build\_deps\glm-src\doc\api\a00380.html", "HTML", 0, 0, 0, 0, 0, 0, 0, 0, 0, 0, 108, 0, 0, 0, 5, 6, 119
"c:\Users\brian\Desktop\Code\My Game\build\_deps\glm-src\doc\api\a00380_source.html", "HTML", 0, 0, 0, 0, 0, 0, 0, 0, 0, 0, 112, 0, 0, 0, 5, 3, 120
"c:\Users\brian\Desktop\Code\My Game\build\_deps\glm-src\doc\api\a00383.html", "HTML", 0, 0, 0, 0, 0, 0, 0, 0, 0, 0, 90, 0, 0, 0, 5, 6, 101
"c:\Users\brian\Desktop\Code\My Game\build\_deps\glm-src\doc\api\a00383_source.html", "HTML", 0, 0, 0, 0, 0, 0, 0, 0, 0, 0, 90, 0, 0, 0, 5, 3, 98
"c:\Users\brian\Desktop\Code\My Game\build\_deps\glm-src\doc\api\a00386.html", "HTML", 0, 0, 0, 0, 0, 0, 0, 0, 0, 0, 98, 0, 0, 0, 5, 6, 109
"c:\Users\brian\Desktop\Code\My Game\build\_deps\glm-src\doc\api\a00386_source.html", "HTML", 0, 0, 0, 0, 0, 0, 0, 0, 0, 0, 96, 0, 0, 0, 5, 3, 104
"c:\Users\brian\Desktop\Code\My Game\build\_deps\glm-src\doc\api\a00389.html", "HTML", 0, 0, 0, 0, 0, 0, 0, 0, 0, 0, 89, 0, 0, 0, 5, 6, 100
"c:\Users\brian\Desktop\Code\My Game\build\_deps\glm-src\doc\api\a00389_source.html", "HTML", 0, 0, 0, 0, 0, 0, 0, 0, 0, 0, 85, 0, 0, 0, 5, 3, 93
"c:\Users\brian\Desktop\Code\My Game\build\_deps\glm-src\doc\api\a00392.html", "HTML", 0, 0, 0, 0, 0, 0, 0, 0, 0, 0, 95, 0, 0, 0, 5, 6, 106
"c:\Users\brian\Desktop\Code\My Game\build\_deps\glm-src\doc\api\a00392_source.html", "HTML", 0, 0, 0, 0, 0, 0, 0, 0, 0, 0, 91, 0, 0, 0, 5, 3, 99
"c:\Users\brian\Desktop\Code\My Game\build\_deps\glm-src\doc\api\a00395.html", "HTML", 0, 0, 0, 0, 0, 0, 0, 0, 0, 0, 89, 0, 0, 0, 5, 6, 100
"c:\Users\brian\Desktop\Code\My Game\build\_deps\glm-src\doc\api\a00395_source.html", "HTML", 0, 0, 0, 0, 0, 0, 0, 0, 0, 0, 85, 0, 0, 0, 5, 3, 93
"c:\Users\brian\Desktop\Code\My Game\build\_deps\glm-src\doc\api\a00398.html", "HTML", 0, 0, 0, 0, 0, 0, 0, 0, 0, 0, 95, 0, 0, 0, 5, 6, 106
"c:\Users\brian\Desktop\Code\My Game\build\_deps\glm-src\doc\api\a00398_source.html", "HTML", 0, 0, 0, 0, 0, 0, 0, 0, 0, 0, 91, 0, 0, 0, 5, 3, 99
"c:\Users\brian\Desktop\Code\My Game\build\_deps\glm-src\doc\api\a00401.html", "HTML", 0, 0, 0, 0, 0, 0, 0, 0, 0, 0, 89, 0, 0, 0, 5, 6, 100
"c:\Users\brian\Desktop\Code\My Game\build\_deps\glm-src\doc\api\a00401_source.html", "HTML", 0, 0, 0, 0, 0, 0, 0, 0, 0, 0, 85, 0, 0, 0, 5, 3, 93
"c:\Users\brian\Desktop\Code\My Game\build\_deps\glm-src\doc\api\a00404.html", "HTML", 0, 0, 0, 0, 0, 0, 0, 0, 0, 0, 95, 0, 0, 0, 5, 6, 106
"c:\Users\brian\Desktop\Code\My Game\build\_deps\glm-src\doc\api\a00404_source.html", "HTML", 0, 0, 0, 0, 0, 0, 0, 0, 0, 0, 91, 0, 0, 0, 5, 3, 99
"c:\Users\brian\Desktop\Code\My Game\build\_deps\glm-src\doc\api\a00407.html", "HTML", 0, 0, 0, 0, 0, 0, 0, 0, 0, 0, 166, 0, 0, 0, 5, 6, 177
"c:\Users\brian\Desktop\Code\My Game\build\_deps\glm-src\doc\api\a00407_source.html", "HTML", 0, 0, 0, 0, 0, 0, 0, 0, 0, 0, 162, 0, 0, 0, 5, 3, 170
"c:\Users\brian\Desktop\Code\My Game\build\_deps\glm-src\doc\api\a00410.html", "HTML", 0, 0, 0, 0, 0, 0, 0, 0, 0, 0, 90, 0, 0, 0, 5, 6, 101
"c:\Users\brian\Desktop\Code\My Game\build\_deps\glm-src\doc\api\a00410_source.html", "HTML", 0, 0, 0, 0, 0, 0, 0, 0, 0, 0, 90, 0, 0, 0, 5, 3, 98
"c:\Users\brian\Desktop\Code\My Game\build\_deps\glm-src\doc\api\a00413.html", "HTML", 0, 0, 0, 0, 0, 0, 0, 0, 0, 0, 98, 0, 0, 0, 5, 6, 109
"c:\Users\brian\Desktop\Code\My Game\build\_deps\glm-src\doc\api\a00413_source.html", "HTML", 0, 0, 0, 0, 0, 0, 0, 0, 0, 0, 96, 0, 0, 0, 5, 3, 104
"c:\Users\brian\Desktop\Code\My Game\build\_deps\glm-src\doc\api\a00416.html", "HTML", 0, 0, 0, 0, 0, 0, 0, 0, 0, 0, 89, 0, 0, 0, 5, 6, 100
"c:\Users\brian\Desktop\Code\My Game\build\_deps\glm-src\doc\api\a00416_source.html", "HTML", 0, 0, 0, 0, 0, 0, 0, 0, 0, 0, 85, 0, 0, 0, 5, 3, 93
"c:\Users\brian\Desktop\Code\My Game\build\_deps\glm-src\doc\api\a00419.html", "HTML", 0, 0, 0, 0, 0, 0, 0, 0, 0, 0, 95, 0, 0, 0, 5, 6, 106
"c:\Users\brian\Desktop\Code\My Game\build\_deps\glm-src\doc\api\a00419_source.html", "HTML", 0, 0, 0, 0, 0, 0, 0, 0, 0, 0, 91, 0, 0, 0, 5, 3, 99
"c:\Users\brian\Desktop\Code\My Game\build\_deps\glm-src\doc\api\a00422.html", "HTML", 0, 0, 0, 0, 0, 0, 0, 0, 0, 0, 89, 0, 0, 0, 5, 6, 100
"c:\Users\brian\Desktop\Code\My Game\build\_deps\glm-src\doc\api\a00422_source.html", "HTML", 0, 0, 0, 0, 0, 0, 0, 0, 0, 0, 85, 0, 0, 0, 5, 3, 93
"c:\Users\brian\Desktop\Code\My Game\build\_deps\glm-src\doc\api\a00425.html", "HTML", 0, 0, 0, 0, 0, 0, 0, 0, 0, 0, 95, 0, 0, 0, 5, 6, 106
"c:\Users\brian\Desktop\Code\My Game\build\_deps\glm-src\doc\api\a00425_source.html", "HTML", 0, 0, 0, 0, 0, 0, 0, 0, 0, 0, 91, 0, 0, 0, 5, 3, 99
"c:\Users\brian\Desktop\Code\My Game\build\_deps\glm-src\doc\api\a00428.html", "HTML", 0, 0, 0, 0, 0, 0, 0, 0, 0, 0, 89, 0, 0, 0, 5, 6, 100
"c:\Users\brian\Desktop\Code\My Game\build\_deps\glm-src\doc\api\a00428_source.html", "HTML", 0, 0, 0, 0, 0, 0, 0, 0, 0, 0, 85, 0, 0, 0, 5, 3, 93
"c:\Users\brian\Desktop\Code\My Game\build\_deps\glm-src\doc\api\a00431.html", "HTML", 0, 0, 0, 0, 0, 0, 0, 0, 0, 0, 95, 0, 0, 0, 5, 6, 106
"c:\Users\brian\Desktop\Code\My Game\build\_deps\glm-src\doc\api\a00431_source.html", "HTML", 0, 0, 0, 0, 0, 0, 0, 0, 0, 0, 92, 0, 0, 0, 5, 3, 100
"c:\Users\brian\Desktop\Code\My Game\build\_deps\glm-src\doc\api\a00434.html", "HTML", 0, 0, 0, 0, 0, 0, 0, 0, 0, 0, 90, 0, 0, 0, 5, 6, 101
"c:\Users\brian\Desktop\Code\My Game\build\_deps\glm-src\doc\api\a00434_source.html", "HTML", 0, 0, 0, 0, 0, 0, 0, 0, 0, 0, 90, 0, 0, 0, 5, 3, 98
"c:\Users\brian\Desktop\Code\My Game\build\_deps\glm-src\doc\api\a00437.html", "HTML", 0, 0, 0, 0, 0, 0, 0, 0, 0, 0, 98, 0, 0, 0, 5, 6, 109
"c:\Users\brian\Desktop\Code\My Game\build\_deps\glm-src\doc\api\a00437_source.html", "HTML", 0, 0, 0, 0, 0, 0, 0, 0, 0, 0, 96, 0, 0, 0, 5, 3, 104
"c:\Users\brian\Desktop\Code\My Game\build\_deps\glm-src\doc\api\a00440.html", "HTML", 0, 0, 0, 0, 0, 0, 0, 0, 0, 0, 89, 0, 0, 0, 5, 6, 100
"c:\Users\brian\Desktop\Code\My Game\build\_deps\glm-src\doc\api\a00440_source.html", "HTML", 0, 0, 0, 0, 0, 0, 0, 0, 0, 0, 85, 0, 0, 0, 5, 3, 93
"c:\Users\brian\Desktop\Code\My Game\build\_deps\glm-src\doc\api\a00443.html", "HTML", 0, 0, 0, 0, 0, 0, 0, 0, 0, 0, 95, 0, 0, 0, 5, 6, 106
"c:\Users\brian\Desktop\Code\My Game\build\_deps\glm-src\doc\api\a00443_source.html", "HTML", 0, 0, 0, 0, 0, 0, 0, 0, 0, 0, 91, 0, 0, 0, 5, 3, 99
"c:\Users\brian\Desktop\Code\My Game\build\_deps\glm-src\doc\api\a00446.html", "HTML", 0, 0, 0, 0, 0, 0, 0, 0, 0, 0, 89, 0, 0, 0, 5, 6, 100
"c:\Users\brian\Desktop\Code\My Game\build\_deps\glm-src\doc\api\a00446_source.html", "HTML", 0, 0, 0, 0, 0, 0, 0, 0, 0, 0, 85, 0, 0, 0, 5, 3, 93
"c:\Users\brian\Desktop\Code\My Game\build\_deps\glm-src\doc\api\a00449.html", "HTML", 0, 0, 0, 0, 0, 0, 0, 0, 0, 0, 95, 0, 0, 0, 5, 6, 106
"c:\Users\brian\Desktop\Code\My Game\build\_deps\glm-src\doc\api\a00449_source.html", "HTML", 0, 0, 0, 0, 0, 0, 0, 0, 0, 0, 91, 0, 0, 0, 5, 3, 99
"c:\Users\brian\Desktop\Code\My Game\build\_deps\glm-src\doc\api\a00452.html", "HTML", 0, 0, 0, 0, 0, 0, 0, 0, 0, 0, 89, 0, 0, 0, 5, 6, 100
"c:\Users\brian\Desktop\Code\My Game\build\_deps\glm-src\doc\api\a00452_source.html", "HTML", 0, 0, 0, 0, 0, 0, 0, 0, 0, 0, 85, 0, 0, 0, 5, 3, 93
"c:\Users\brian\Desktop\Code\My Game\build\_deps\glm-src\doc\api\a00455.html", "HTML", 0, 0, 0, 0, 0, 0, 0, 0, 0, 0, 95, 0, 0, 0, 5, 6, 106
"c:\Users\brian\Desktop\Code\My Game\build\_deps\glm-src\doc\api\a00455_source.html", "HTML", 0, 0, 0, 0, 0, 0, 0, 0, 0, 0, 91, 0, 0, 0, 5, 3, 99
"c:\Users\brian\Desktop\Code\My Game\build\_deps\glm-src\doc\api\a00458.html", "HTML", 0, 0, 0, 0, 0, 0, 0, 0, 0, 0, 90, 0, 0, 0, 5, 6, 101
"c:\Users\brian\Desktop\Code\My Game\build\_deps\glm-src\doc\api\a00458_source.html", "HTML", 0, 0, 0, 0, 0, 0, 0, 0, 0, 0, 91, 0, 0, 0, 5, 3, 99
"c:\Users\brian\Desktop\Code\My Game\build\_deps\glm-src\doc\api\a00461.html", "HTML", 0, 0, 0, 0, 0, 0, 0, 0, 0, 0, 98, 0, 0, 0, 5, 6, 109
"c:\Users\brian\Desktop\Code\My Game\build\_deps\glm-src\doc\api\a00461_source.html", "HTML", 0, 0, 0, 0, 0, 0, 0, 0, 0, 0, 100, 0, 0, 0, 5, 3, 108
"c:\Users\brian\Desktop\Code\My Game\build\_deps\glm-src\doc\api\a00464.html", "HTML", 0, 0, 0, 0, 0, 0, 0, 0, 0, 0, 89, 0, 0, 0, 5, 6, 100
"c:\Users\brian\Desktop\Code\My Game\build\_deps\glm-src\doc\api\a00464_source.html", "HTML", 0, 0, 0, 0, 0, 0, 0, 0, 0, 0, 85, 0, 0, 0, 5, 3, 93
"c:\Users\brian\Desktop\Code\My Game\build\_deps\glm-src\doc\api\a00467.html", "HTML", 0, 0, 0, 0, 0, 0, 0, 0, 0, 0, 98, 0, 0, 0, 5, 6, 109
"c:\Users\brian\Desktop\Code\My Game\build\_deps\glm-src\doc\api\a00467_source.html", "HTML", 0, 0, 0, 0, 0, 0, 0, 0, 0, 0, 100, 0, 0, 0, 5, 3, 108
"c:\Users\brian\Desktop\Code\My Game\build\_deps\glm-src\doc\api\a00470.html", "HTML", 0, 0, 0, 0, 0, 0, 0, 0, 0, 0, 89, 0, 0, 0, 5, 6, 100
"c:\Users\brian\Desktop\Code\My Game\build\_deps\glm-src\doc\api\a00470_source.html", "HTML", 0, 0, 0, 0, 0, 0, 0, 0, 0, 0, 85, 0, 0, 0, 5, 3, 93
"c:\Users\brian\Desktop\Code\My Game\build\_deps\glm-src\doc\api\a00473.html", "HTML", 0, 0, 0, 0, 0, 0, 0, 0, 0, 0, 98, 0, 0, 0, 5, 6, 109
"c:\Users\brian\Desktop\Code\My Game\build\_deps\glm-src\doc\api\a00473_source.html", "HTML", 0, 0, 0, 0, 0, 0, 0, 0, 0, 0, 100, 0, 0, 0, 5, 3, 108
"c:\Users\brian\Desktop\Code\My Game\build\_deps\glm-src\doc\api\a00476.html", "HTML", 0, 0, 0, 0, 0, 0, 0, 0, 0, 0, 89, 0, 0, 0, 5, 6, 100
"c:\Users\brian\Desktop\Code\My Game\build\_deps\glm-src\doc\api\a00476_source.html", "HTML", 0, 0, 0, 0, 0, 0, 0, 0, 0, 0, 85, 0, 0, 0, 5, 3, 93
"c:\Users\brian\Desktop\Code\My Game\build\_deps\glm-src\doc\api\a00479.html", "HTML", 0, 0, 0, 0, 0, 0, 0, 0, 0, 0, 98, 0, 0, 0, 5, 6, 109
"c:\Users\brian\Desktop\Code\My Game\build\_deps\glm-src\doc\api\a00479_source.html", "HTML", 0, 0, 0, 0, 0, 0, 0, 0, 0, 0, 100, 0, 0, 0, 5, 3, 108
"c:\Users\brian\Desktop\Code\My Game\build\_deps\glm-src\doc\api\a00482.html", "HTML", 0, 0, 0, 0, 0, 0, 0, 0, 0, 0, 129, 0, 0, 0, 5, 6, 140
"c:\Users\brian\Desktop\Code\My Game\build\_deps\glm-src\doc\api\a00482_source.html", "HTML", 0, 0, 0, 0, 0, 0, 0, 0, 0, 0, 132, 0, 0, 0, 5, 3, 140
"c:\Users\brian\Desktop\Code\My Game\build\_deps\glm-src\doc\api\a00485.html", "HTML", 0, 0, 0, 0, 0, 0, 0, 0, 0, 0, 81, 0, 0, 0, 5, 6, 92
"c:\Users\brian\Desktop\Code\My Game\build\_deps\glm-src\doc\api\a00485_source.html", "HTML", 0, 0, 0, 0, 0, 0, 0, 0, 0, 0, 91, 0, 0, 0, 5, 3, 99
"c:\Users\brian\Desktop\Code\My Game\build\_deps\glm-src\doc\api\a00488.html", "HTML", 0, 0, 0, 0, 0, 0, 0, 0, 0, 0, 135, 0, 0, 0, 5, 6, 146
"c:\Users\brian\Desktop\Code\My Game\build\_deps\glm-src\doc\api\a00488_source.html", "HTML", 0, 0, 0, 0, 0, 0, 0, 0, 0, 0, 139, 0, 0, 0, 5, 3, 147
"c:\Users\brian\Desktop\Code\My Game\build\_deps\glm-src\doc\api\a00491.html", "HTML", 0, 0, 0, 0, 0, 0, 0, 0, 0, 0, 123, 0, 0, 0, 5, 6, 134
"c:\Users\brian\Desktop\Code\My Game\build\_deps\glm-src\doc\api\a00491_source.html", "HTML", 0, 0, 0, 0, 0, 0, 0, 0, 0, 0, 122, 0, 0, 0, 5, 3, 130
"c:\Users\brian\Desktop\Code\My Game\build\_deps\glm-src\doc\api\a00494.html", "HTML", 0, 0, 0, 0, 0, 0, 0, 0, 0, 0, 90, 0, 0, 0, 5, 6, 101
"c:\Users\brian\Desktop\Code\My Game\build\_deps\glm-src\doc\api\a00494_source.html", "HTML", 0, 0, 0, 0, 0, 0, 0, 0, 0, 0, 91, 0, 0, 0, 5, 3, 99
"c:\Users\brian\Desktop\Code\My Game\build\_deps\glm-src\doc\api\a00497.html", "HTML", 0, 0, 0, 0, 0, 0, 0, 0, 0, 0, 98, 0, 0, 0, 5, 6, 109
"c:\Users\brian\Desktop\Code\My Game\build\_deps\glm-src\doc\api\a00497_source.html", "HTML", 0, 0, 0, 0, 0, 0, 0, 0, 0, 0, 100, 0, 0, 0, 5, 3, 108
"c:\Users\brian\Desktop\Code\My Game\build\_deps\glm-src\doc\api\a00500.html", "HTML", 0, 0, 0, 0, 0, 0, 0, 0, 0, 0, 89, 0, 0, 0, 5, 6, 100
"c:\Users\brian\Desktop\Code\My Game\build\_deps\glm-src\doc\api\a00500_source.html", "HTML", 0, 0, 0, 0, 0, 0, 0, 0, 0, 0, 85, 0, 0, 0, 5, 3, 93
"c:\Users\brian\Desktop\Code\My Game\build\_deps\glm-src\doc\api\a00503.html", "HTML", 0, 0, 0, 0, 0, 0, 0, 0, 0, 0, 98, 0, 0, 0, 5, 6, 109
"c:\Users\brian\Desktop\Code\My Game\build\_deps\glm-src\doc\api\a00503_source.html", "HTML", 0, 0, 0, 0, 0, 0, 0, 0, 0, 0, 100, 0, 0, 0, 5, 3, 108
"c:\Users\brian\Desktop\Code\My Game\build\_deps\glm-src\doc\api\a00506.html", "HTML", 0, 0, 0, 0, 0, 0, 0, 0, 0, 0, 89, 0, 0, 0, 5, 6, 100
"c:\Users\brian\Desktop\Code\My Game\build\_deps\glm-src\doc\api\a00506_source.html", "HTML", 0, 0, 0, 0, 0, 0, 0, 0, 0, 0, 85, 0, 0, 0, 5, 3, 93
"c:\Users\brian\Desktop\Code\My Game\build\_deps\glm-src\doc\api\a00509.html", "HTML", 0, 0, 0, 0, 0, 0, 0, 0, 0, 0, 98, 0, 0, 0, 5, 6, 109
"c:\Users\brian\Desktop\Code\My Game\build\_deps\glm-src\doc\api\a00509_source.html", "HTML", 0, 0, 0, 0, 0, 0, 0, 0, 0, 0, 100, 0, 0, 0, 5, 3, 108
"c:\Users\brian\Desktop\Code\My Game\build\_deps\glm-src\doc\api\a00512.html", "HTML", 0, 0, 0, 0, 0, 0, 0, 0, 0, 0, 89, 0, 0, 0, 5, 6, 100
"c:\Users\brian\Desktop\Code\My Game\build\_deps\glm-src\doc\api\a00512_source.html", "HTML", 0, 0, 0, 0, 0, 0, 0, 0, 0, 0, 85, 0, 0, 0, 5, 3, 93
"c:\Users\brian\Desktop\Code\My Game\build\_deps\glm-src\doc\api\a00515.html", "HTML", 0, 0, 0, 0, 0, 0, 0, 0, 0, 0, 98, 0, 0, 0, 5, 6, 109
"c:\Users\brian\Desktop\Code\My Game\build\_deps\glm-src\doc\api\a00515_source.html", "HTML", 0, 0, 0, 0, 0, 0, 0, 0, 0, 0, 100, 0, 0, 0, 5, 3, 108
"c:\Users\brian\Desktop\Code\My Game\build\_deps\glm-src\doc\api\a00518.html", "HTML", 0, 0, 0, 0, 0, 0, 0, 0, 0, 0, 118, 0, 0, 0, 5, 6, 129
"c:\Users\brian\Desktop\Code\My Game\build\_deps\glm-src\doc\api\a00518_source.html", "HTML", 0, 0, 0, 0, 0, 0, 0, 0, 0, 0, 117, 0, 0, 0, 5, 3, 125
"c:\Users\brian\Desktop\Code\My Game\build\_deps\glm-src\doc\api\a00521.html", "HTML", 0, 0, 0, 0, 0, 0, 0, 0, 0, 0, 78, 0, 0, 0, 5, 5, 88
"c:\Users\brian\Desktop\Code\My Game\build\_deps\glm-src\doc\api\a00521_source.html", "HTML", 0, 0, 0, 0, 0, 0, 0, 0, 0, 0, 555, 0, 0, 0, 5, 3, 563
"c:\Users\brian\Desktop\Code\My Game\build\_deps\glm-src\doc\api\a00524_source.html", "HTML", 0, 0, 0, 0, 0, 0, 0, 0, 0, 0, 2083, 0, 0, 0, 5, 3, 2091
"c:\Users\brian\Desktop\Code\My Game\build\_deps\glm-src\doc\api\a00527.html", "HTML", 0, 0, 0, 0, 0, 0, 0, 0, 0, 0, 119, 0, 0, 0, 5, 6, 130
"c:\Users\brian\Desktop\Code\My Game\build\_deps\glm-src\doc\api\a00527_source.html", "HTML", 0, 0, 0, 0, 0, 0, 0, 0, 0, 0, 126, 0, 0, 0, 5, 3, 134
"c:\Users\brian\Desktop\Code\My Game\build\_deps\glm-src\doc\api\a00530_source.html", "HTML", 0, 0, 0, 0, 0, 0, 0, 0, 0, 0, 129, 0, 0, 0, 5, 3, 137
"c:\Users\brian\Desktop\Code\My Game\build\_deps\glm-src\doc\api\a00533.html", "HTML", 0, 0, 0, 0, 0, 0, 0, 0, 0, 0, 195, 0, 0, 0, 5, 6, 206
"c:\Users\brian\Desktop\Code\My Game\build\_deps\glm-src\doc\api\a00533_source.html", "HTML", 0, 0, 0, 0, 0, 0, 0, 0, 0, 0, 190, 0, 0, 0, 5, 3, 198
"c:\Users\brian\Desktop\Code\My Game\build\_deps\glm-src\doc\api\a00539.html", "HTML", 0, 0, 0, 0, 0, 0, 0, 0, 0, 0, 199, 0, 0, 0, 5, 6, 210
"c:\Users\brian\Desktop\Code\My Game\build\_deps\glm-src\doc\api\a00539_source.html", "HTML", 0, 0, 0, 0, 0, 0, 0, 0, 0, 0, 202, 0, 0, 0, 5, 3, 210
"c:\Users\brian\Desktop\Code\My Game\build\_deps\glm-src\doc\api\a00542.html", "HTML", 0, 0, 0, 0, 0, 0, 0, 0, 0, 0, 105, 0, 0, 0, 5, 6, 116
"c:\Users\brian\Desktop\Code\My Game\build\_deps\glm-src\doc\api\a00542_source.html", "HTML", 0, 0, 0, 0, 0, 0, 0, 0, 0, 0, 106, 0, 0, 0, 5, 3, 114
"c:\Users\brian\Desktop\Code\My Game\build\_deps\glm-src\doc\api\a00545.html", "HTML", 0, 0, 0, 0, 0, 0, 0, 0, 0, 0, 139, 0, 0, 0, 5, 6, 150
"c:\Users\brian\Desktop\Code\My Game\build\_deps\glm-src\doc\api\a00545_source.html", "HTML", 0, 0, 0, 0, 0, 0, 0, 0, 0, 0, 159, 0, 0, 0, 5, 3, 167
"c:\Users\brian\Desktop\Code\My Game\build\_deps\glm-src\doc\api\a00548.html", "HTML", 0, 0, 0, 0, 0, 0, 0, 0, 0, 0, 103, 0, 0, 0, 5, 6, 114
"c:\Users\brian\Desktop\Code\My Game\build\_deps\glm-src\doc\api\a00548_source.html", "HTML", 0, 0, 0, 0, 0, 0, 0, 0, 0, 0, 114, 0, 0, 0, 5, 3, 122
"c:\Users\brian\Desktop\Code\My Game\build\_deps\glm-src\doc\api\a00551.html", "HTML", 0, 0, 0, 0, 0, 0, 0, 0, 0, 0, 95, 0, 0, 0, 5, 6, 106
"c:\Users\brian\Desktop\Code\My Game\build\_deps\glm-src\doc\api\a00551_source.html", "HTML", 0, 0, 0, 0, 0, 0, 0, 0, 0, 0, 102, 0, 0, 0, 5, 3, 110
"c:\Users\brian\Desktop\Code\My Game\build\_deps\glm-src\doc\api\a00554.html", "HTML", 0, 0, 0, 0, 0, 0, 0, 0, 0, 0, 99, 0, 0, 0, 5, 6, 110
"c:\Users\brian\Desktop\Code\My Game\build\_deps\glm-src\doc\api\a00554_source.html", "HTML", 0, 0, 0, 0, 0, 0, 0, 0, 0, 0, 113, 0, 0, 0, 5, 3, 121
"c:\Users\brian\Desktop\Code\My Game\build\_deps\glm-src\doc\api\a00557.html", "HTML", 0, 0, 0, 0, 0, 0, 0, 0, 0, 0, 125, 0, 0, 0, 5, 6, 136
"c:\Users\brian\Desktop\Code\My Game\build\_deps\glm-src\doc\api\a00557_source.html", "HTML", 0, 0, 0, 0, 0, 0, 0, 0, 0, 0, 129, 0, 0, 0, 5, 3, 137
"c:\Users\brian\Desktop\Code\My Game\build\_deps\glm-src\doc\api\a00563.html", "HTML", 0, 0, 0, 0, 0, 0, 0, 0, 0, 0, 117, 0, 0, 0, 5, 6, 128
"c:\Users\brian\Desktop\Code\My Game\build\_deps\glm-src\doc\api\a00563_source.html", "HTML", 0, 0, 0, 0, 0, 0, 0, 0, 0, 0, 119, 0, 0, 0, 5, 3, 127
"c:\Users\brian\Desktop\Code\My Game\build\_deps\glm-src\doc\api\a00566.html", "HTML", 0, 0, 0, 0, 0, 0, 0, 0, 0, 0, 81, 0, 0, 0, 5, 6, 92
"c:\Users\brian\Desktop\Code\My Game\build\_deps\glm-src\doc\api\a00566_source.html", "HTML", 0, 0, 0, 0, 0, 0, 0, 0, 0, 0, 87, 0, 0, 0, 5, 3, 95
"c:\Users\brian\Desktop\Code\My Game\build\_deps\glm-src\doc\api\a00569.html", "HTML", 0, 0, 0, 0, 0, 0, 0, 0, 0, 0, 137, 0, 0, 0, 5, 6, 148
"c:\Users\brian\Desktop\Code\My Game\build\_deps\glm-src\doc\api\a00569_source.html", "HTML", 0, 0, 0, 0, 0, 0, 0, 0, 0, 0, 137, 0, 0, 0, 5, 3, 145
"c:\Users\brian\Desktop\Code\My Game\build\_deps\glm-src\doc\api\a00575.html", "HTML", 0, 0, 0, 0, 0, 0, 0, 0, 0, 0, 83, 0, 0, 0, 5, 6, 94
"c:\Users\brian\Desktop\Code\My Game\build\_deps\glm-src\doc\api\a00575_source.html", "HTML", 0, 0, 0, 0, 0, 0, 0, 0, 0, 0, 1618, 0, 0, 0, 5, 3, 1626
"c:\Users\brian\Desktop\Code\My Game\build\_deps\glm-src\doc\api\a00578.html", "HTML", 0, 0, 0, 0, 0, 0, 0, 0, 0, 0, 221, 0, 0, 0, 5, 6, 232
"c:\Users\brian\Desktop\Code\My Game\build\_deps\glm-src\doc\api\a00578_source.html", "HTML", 0, 0, 0, 0, 0, 0, 0, 0, 0, 0, 221, 0, 0, 0, 5, 3, 229
"c:\Users\brian\Desktop\Code\My Game\build\_deps\glm-src\doc\api\a00581.html", "HTML", 0, 0, 0, 0, 0, 0, 0, 0, 0, 0, 141, 0, 0, 0, 5, 6, 152
"c:\Users\brian\Desktop\Code\My Game\build\_deps\glm-src\doc\api\a00581_source.html", "HTML", 0, 0, 0, 0, 0, 0, 0, 0, 0, 0, 137, 0, 0, 0, 5, 3, 145
"c:\Users\brian\Desktop\Code\My Game\build\_deps\glm-src\doc\api\a00584.html", "HTML", 0, 0, 0, 0, 0, 0, 0, 0, 0, 0, 81, 0, 0, 0, 5, 6, 92
"c:\Users\brian\Desktop\Code\My Game\build\_deps\glm-src\doc\api\a00584_source.html", "HTML", 0, 0, 0, 0, 0, 0, 0, 0, 0, 0, 93, 0, 0, 0, 5, 3, 101
"c:\Users\brian\Desktop\Code\My Game\build\_deps\glm-src\doc\api\a00587.html", "HTML", 0, 0, 0, 0, 0, 0, 0, 0, 0, 0, 177, 0, 0, 0, 5, 6, 188
"c:\Users\brian\Desktop\Code\My Game\build\_deps\glm-src\doc\api\a00587_source.html", "HTML", 0, 0, 0, 0, 0, 0, 0, 0, 0, 0, 222, 0, 0, 0, 5, 3, 230
"c:\Users\brian\Desktop\Code\My Game\build\_deps\glm-src\doc\api\a00590.html", "HTML", 0, 0, 0, 0, 0, 0, 0, 0, 0, 0, 121, 0, 0, 0, 5, 6, 132
"c:\Users\brian\Desktop\Code\My Game\build\_deps\glm-src\doc\api\a00590_source.html", "HTML", 0, 0, 0, 0, 0, 0, 0, 0, 0, 0, 126, 0, 0, 0, 5, 3, 134
"c:\Users\brian\Desktop\Code\My Game\build\_deps\glm-src\doc\api\a00593.html", "HTML", 0, 0, 0, 0, 0, 0, 0, 0, 0, 0, 96, 0, 0, 0, 5, 6, 107
"c:\Users\brian\Desktop\Code\My Game\build\_deps\glm-src\doc\api\a00593_source.html", "HTML", 0, 0, 0, 0, 0, 0, 0, 0, 0, 0, 105, 0, 0, 0, 5, 3, 113
"c:\Users\brian\Desktop\Code\My Game\build\_deps\glm-src\doc\api\a00596.html", "HTML", 0, 0, 0, 0, 0, 0, 0, 0, 0, 0, 109, 0, 0, 0, 5, 6, 120
"c:\Users\brian\Desktop\Code\My Game\build\_deps\glm-src\doc\api\a00596_source.html", "HTML", 0, 0, 0, 0, 0, 0, 0, 0, 0, 0, 111, 0, 0, 0, 5, 3, 119
"c:\Users\brian\Desktop\Code\My Game\build\_deps\glm-src\doc\api\a00599.html", "HTML", 0, 0, 0, 0, 0, 0, 0, 0, 0, 0, 103, 0, 0, 0, 5, 6, 114
"c:\Users\brian\Desktop\Code\My Game\build\_deps\glm-src\doc\api\a00599_source.html", "HTML", 0, 0, 0, 0, 0, 0, 0, 0, 0, 0, 113, 0, 0, 0, 5, 3, 121
"c:\Users\brian\Desktop\Code\My Game\build\_deps\glm-src\doc\api\a00602.html", "HTML", 0, 0, 0, 0, 0, 0, 0, 0, 0, 0, 420, 0, 0, 0, 5, 6, 431
"c:\Users\brian\Desktop\Code\My Game\build\_deps\glm-src\doc\api\a00602_source.html", "HTML", 0, 0, 0, 0, 0, 0, 0, 0, 0, 0, 255, 0, 0, 0, 5, 3, 263
"c:\Users\brian\Desktop\Code\My Game\build\_deps\glm-src\doc\api\a00605.html", "HTML", 0, 0, 0, 0, 0, 0, 0, 0, 0, 0, 121, 0, 0, 0, 5, 6, 132
"c:\Users\brian\Desktop\Code\My Game\build\_deps\glm-src\doc\api\a00605_source.html", "HTML", 0, 0, 0, 0, 0, 0, 0, 0, 0, 0, 125, 0, 0, 0, 5, 3, 133
"c:\Users\brian\Desktop\Code\My Game\build\_deps\glm-src\doc\api\a00608.html", "HTML", 0, 0, 0, 0, 0, 0, 0, 0, 0, 0, 164, 0, 0, 0, 5, 6, 175
"c:\Users\brian\Desktop\Code\My Game\build\_deps\glm-src\doc\api\a00608_source.html", "HTML", 0, 0, 0, 0, 0, 0, 0, 0, 0, 0, 289, 0, 0, 0, 5, 3, 297
"c:\Users\brian\Desktop\Code\My Game\build\_deps\glm-src\doc\api\a00611.html", "HTML", 0, 0, 0, 0, 0, 0, 0, 0, 0, 0, 216, 0, 0, 0, 5, 6, 227
"c:\Users\brian\Desktop\Code\My Game\build\_deps\glm-src\doc\api\a00611_source.html", "HTML", 0, 0, 0, 0, 0, 0, 0, 0, 0, 0, 226, 0, 0, 0, 5, 3, 234
"c:\Users\brian\Desktop\Code\My Game\build\_deps\glm-src\doc\api\a00614.html", "HTML", 0, 0, 0, 0, 0, 0, 0, 0, 0, 0, 251, 0, 0, 0, 5, 6, 262
"c:\Users\brian\Desktop\Code\My Game\build\_deps\glm-src\doc\api\a00614_source.html", "HTML", 0, 0, 0, 0, 0, 0, 0, 0, 0, 0, 352, 0, 0, 0, 5, 3, 360
"c:\Users\brian\Desktop\Code\My Game\build\_deps\glm-src\doc\api\a00617.html", "HTML", 0, 0, 0, 0, 0, 0, 0, 0, 0, 0, 91, 0, 0, 0, 5, 6, 102
"c:\Users\brian\Desktop\Code\My Game\build\_deps\glm-src\doc\api\a00617_source.html", "HTML", 0, 0, 0, 0, 0, 0, 0, 0, 0, 0, 99, 0, 0, 0, 5, 3, 107
"c:\Users\brian\Desktop\Code\My Game\build\_deps\glm-src\doc\api\a00620.html", "HTML", 0, 0, 0, 0, 0, 0, 0, 0, 0, 0, 135, 0, 0, 0, 5, 6, 146
"c:\Users\brian\Desktop\Code\My Game\build\_deps\glm-src\doc\api\a00620_source.html", "HTML", 0, 0, 0, 0, 0, 0, 0, 0, 0, 0, 173, 0, 0, 0, 5, 3, 181
"c:\Users\brian\Desktop\Code\My Game\build\_deps\glm-src\doc\api\a00623.html", "HTML", 0, 0, 0, 0, 0, 0, 0, 0, 0, 0, 93, 0, 0, 0, 5, 6, 104
"c:\Users\brian\Desktop\Code\My Game\build\_deps\glm-src\doc\api\a00623_source.html", "HTML", 0, 0, 0, 0, 0, 0, 0, 0, 0, 0, 97, 0, 0, 0, 5, 3, 105
"c:\Users\brian\Desktop\Code\My Game\build\_deps\glm-src\doc\api\a00626.html", "HTML", 0, 0, 0, 0, 0, 0, 0, 0, 0, 0, 137, 0, 0, 0, 5, 6, 148
"c:\Users\brian\Desktop\Code\My Game\build\_deps\glm-src\doc\api\a00626_source.html", "HTML", 0, 0, 0, 0, 0, 0, 0, 0, 0, 0, 133, 0, 0, 0, 5, 3, 141
"c:\Users\brian\Desktop\Code\My Game\build\_deps\glm-src\doc\api\a00629.html", "HTML", 0, 0, 0, 0, 0, 0, 0, 0, 0, 0, 127, 0, 0, 0, 5, 6, 138
"c:\Users\brian\Desktop\Code\My Game\build\_deps\glm-src\doc\api\a00629_source.html", "HTML", 0, 0, 0, 0, 0, 0, 0, 0, 0, 0, 129, 0, 0, 0, 5, 3, 137
"c:\Users\brian\Desktop\Code\My Game\build\_deps\glm-src\doc\api\a00632.html", "HTML", 0, 0, 0, 0, 0, 0, 0, 0, 0, 0, 120, 0, 0, 0, 5, 6, 131
"c:\Users\brian\Desktop\Code\My Game\build\_deps\glm-src\doc\api\a00632_source.html", "HTML", 0, 0, 0, 0, 0, 0, 0, 0, 0, 0, 124, 0, 0, 0, 5, 3, 132
"c:\Users\brian\Desktop\Code\My Game\build\_deps\glm-src\doc\api\a00635.html", "HTML", 0, 0, 0, 0, 0, 0, 0, 0, 0, 0, 97, 0, 0, 0, 5, 6, 108
"c:\Users\brian\Desktop\Code\My Game\build\_deps\glm-src\doc\api\a00635_source.html", "HTML", 0, 0, 0, 0, 0, 0, 0, 0, 0, 0, 108, 0, 0, 0, 5, 3, 116
"c:\Users\brian\Desktop\Code\My Game\build\_deps\glm-src\doc\api\a00638.html", "HTML", 0, 0, 0, 0, 0, 0, 0, 0, 0, 0, 97, 0, 0, 0, 5, 6, 108
"c:\Users\brian\Desktop\Code\My Game\build\_deps\glm-src\doc\api\a00638_source.html", "HTML", 0, 0, 0, 0, 0, 0, 0, 0, 0, 0, 108, 0, 0, 0, 5, 3, 116
"c:\Users\brian\Desktop\Code\My Game\build\_deps\glm-src\doc\api\a00641.html", "HTML", 0, 0, 0, 0, 0, 0, 0, 0, 0, 0, 95, 0, 0, 0, 5, 6, 106
"c:\Users\brian\Desktop\Code\My Game\build\_deps\glm-src\doc\api\a00641_source.html", "HTML", 0, 0, 0, 0, 0, 0, 0, 0, 0, 0, 106, 0, 0, 0, 5, 3, 114
"c:\Users\brian\Desktop\Code\My Game\build\_deps\glm-src\doc\api\a00644.html", "HTML", 0, 0, 0, 0, 0, 0, 0, 0, 0, 0, 81, 0, 0, 0, 5, 6, 92
"c:\Users\brian\Desktop\Code\My Game\build\_deps\glm-src\doc\api\a00644_source.html", "HTML", 0, 0, 0, 0, 0, 0, 0, 0, 0, 0, 219, 0, 0, 0, 5, 3, 227
"c:\Users\brian\Desktop\Code\My Game\build\_deps\glm-src\doc\api\a00647.html", "HTML", 0, 0, 0, 0, 0, 0, 0, 0, 0, 0, 113, 0, 0, 0, 5, 6, 124
"c:\Users\brian\Desktop\Code\My Game\build\_deps\glm-src\doc\api\a00647_source.html", "HTML", 0, 0, 0, 0, 0, 0, 0, 0, 0, 0, 140, 0, 0, 0, 5, 3, 148
"c:\Users\brian\Desktop\Code\My Game\build\_deps\glm-src\doc\api\a00650.html", "HTML", 0, 0, 0, 0, 0, 0, 0, 0, 0, 0, 86, 0, 0, 0, 5, 6, 97
"c:\Users\brian\Desktop\Code\My Game\build\_deps\glm-src\doc\api\a00650_source.html", "HTML", 0, 0, 0, 0, 0, 0, 0, 0, 0, 0, 263, 0, 0, 0, 5, 3, 271
"c:\Users\brian\Desktop\Code\My Game\build\_deps\glm-src\doc\api\a00653.html", "HTML", 0, 0, 0, 0, 0, 0, 0, 0, 0, 0, 80, 0, 0, 0, 5, 6, 91
"c:\Users\brian\Desktop\Code\My Game\build\_deps\glm-src\doc\api\a00653_source.html", "HTML", 0, 0, 0, 0, 0, 0, 0, 0, 0, 0, 149, 0, 0, 0, 5, 3, 157
"c:\Users\brian\Desktop\Code\My Game\build\_deps\glm-src\doc\api\a00656.html", "HTML", 0, 0, 0, 0, 0, 0, 0, 0, 0, 0, 95, 0, 0, 0, 5, 6, 106
"c:\Users\brian\Desktop\Code\My Game\build\_deps\glm-src\doc\api\a00656_source.html", "HTML", 0, 0, 0, 0, 0, 0, 0, 0, 0, 0, 104, 0, 0, 0, 5, 3, 112
"c:\Users\brian\Desktop\Code\My Game\build\_deps\glm-src\doc\api\a00659.html", "HTML", 0, 0, 0, 0, 0, 0, 0, 0, 0, 0, 97, 0, 0, 0, 5, 6, 108
"c:\Users\brian\Desktop\Code\My Game\build\_deps\glm-src\doc\api\a00659_source.html", "HTML", 0, 0, 0, 0, 0, 0, 0, 0, 0, 0, 102, 0, 0, 0, 5, 3, 110
"c:\Users\brian\Desktop\Code\My Game\build\_deps\glm-src\doc\api\a00662.html", "HTML", 0, 0, 0, 0, 0, 0, 0, 0, 0, 0, 91, 0, 0, 0, 5, 6, 102
"c:\Users\brian\Desktop\Code\My Game\build\_deps\glm-src\doc\api\a00662_source.html", "HTML", 0, 0, 0, 0, 0, 0, 0, 0, 0, 0, 112, 0, 0, 0, 5, 3, 120
"c:\Users\brian\Desktop\Code\My Game\build\_deps\glm-src\doc\api\a00665.html", "HTML", 0, 0, 0, 0, 0, 0, 0, 0, 0, 0, 103, 0, 0, 0, 5, 6, 114
"c:\Users\brian\Desktop\Code\My Game\build\_deps\glm-src\doc\api\a00665_source.html", "HTML", 0, 0, 0, 0, 0, 0, 0, 0, 0, 0, 114, 0, 0, 0, 5, 3, 122
"c:\Users\brian\Desktop\Code\My Game\build\_deps\glm-src\doc\api\a00668.html", "HTML", 0, 0, 0, 0, 0, 0, 0, 0, 0, 0, 104, 0, 0, 0, 5, 6, 115
"c:\Users\brian\Desktop\Code\My Game\build\_deps\glm-src\doc\api\a00668_source.html", "HTML", 0, 0, 0, 0, 0, 0, 0, 0, 0, 0, 112, 0, 0, 0, 5, 3, 120
"c:\Users\brian\Desktop\Code\My Game\build\_deps\glm-src\doc\api\a00671.html", "HTML", 0, 0, 0, 0, 0, 0, 0, 0, 0, 0, 137, 0, 0, 0, 5, 6, 148
"c:\Users\brian\Desktop\Code\My Game\build\_deps\glm-src\doc\api\a00671_source.html", "HTML", 0, 0, 0, 0, 0, 0, 0, 0, 0, 0, 158, 0, 0, 0, 5, 3, 166
"c:\Users\brian\Desktop\Code\My Game\build\_deps\glm-src\doc\api\a00674.html", "HTML", 0, 0, 0, 0, 0, 0, 0, 0, 0, 0, 135, 0, 0, 0, 5, 6, 146
"c:\Users\brian\Desktop\Code\My Game\build\_deps\glm-src\doc\api\a00674_source.html", "HTML", 0, 0, 0, 0, 0, 0, 0, 0, 0, 0, 147, 0, 0, 0, 5, 3, 155
"c:\Users\brian\Desktop\Code\My Game\build\_deps\glm-src\doc\api\a00677.html", "HTML", 0, 0, 0, 0, 0, 0, 0, 0, 0, 0, 121, 0, 0, 0, 5, 6, 132
"c:\Users\brian\Desktop\Code\My Game\build\_deps\glm-src\doc\api\a00677_source.html", "HTML", 0, 0, 0, 0, 0, 0, 0, 0, 0, 0, 123, 0, 0, 0, 5, 3, 131
"c:\Users\brian\Desktop\Code\My Game\build\_deps\glm-src\doc\api\a00680.html", "HTML", 0, 0, 0, 0, 0, 0, 0, 0, 0, 0, 108, 0, 0, 0, 5, 6, 119
"c:\Users\brian\Desktop\Code\My Game\build\_deps\glm-src\doc\api\a00680_source.html", "HTML", 0, 0, 0, 0, 0, 0, 0, 0, 0, 0, 124, 0, 0, 0, 5, 3, 132
"c:\Users\brian\Desktop\Code\My Game\build\_deps\glm-src\doc\api\a00683.html", "HTML", 0, 0, 0, 0, 0, 0, 0, 0, 0, 0, 92, 0, 0, 0, 5, 6, 103
"c:\Users\brian\Desktop\Code\My Game\build\_deps\glm-src\doc\api\a00683_source.html", "HTML", 0, 0, 0, 0, 0, 0, 0, 0, 0, 0, 99, 0, 0, 0, 5, 3, 107
"c:\Users\brian\Desktop\Code\My Game\build\_deps\glm-src\doc\api\a00686.html", "HTML", 0, 0, 0, 0, 0, 0, 0, 0, 0, 0, 131, 0, 0, 0, 5, 6, 142
"c:\Users\brian\Desktop\Code\My Game\build\_deps\glm-src\doc\api\a00686_source.html", "HTML", 0, 0, 0, 0, 0, 0, 0, 0, 0, 0, 129, 0, 0, 0, 5, 3, 137
"c:\Users\brian\Desktop\Code\My Game\build\_deps\glm-src\doc\api\a00689.html", "HTML", 0, 0, 0, 0, 0, 0, 0, 0, 0, 0, 93, 0, 0, 0, 5, 6, 104
"c:\Users\brian\Desktop\Code\My Game\build\_deps\glm-src\doc\api\a00689_source.html", "HTML", 0, 0, 0, 0, 0, 0, 0, 0, 0, 0, 96, 0, 0, 0, 5, 3, 104
"c:\Users\brian\Desktop\Code\My Game\build\_deps\glm-src\doc\api\a00692.html", "HTML", 0, 0, 0, 0, 0, 0, 0, 0, 0, 0, 97, 0, 0, 0, 5, 6, 108
"c:\Users\brian\Desktop\Code\My Game\build\_deps\glm-src\doc\api\a00692_source.html", "HTML", 0, 0, 0, 0, 0, 0, 0, 0, 0, 0, 100, 0, 0, 0, 5, 3, 108
"c:\Users\brian\Desktop\Code\My Game\build\_deps\glm-src\doc\api\a00695.html", "HTML", 0, 0, 0, 0, 0, 0, 0, 0, 0, 0, 107, 0, 0, 0, 5, 6, 118
"c:\Users\brian\Desktop\Code\My Game\build\_deps\glm-src\doc\api\a00695_source.html", "HTML", 0, 0, 0, 0, 0, 0, 0, 0, 0, 0, 106, 0, 0, 0, 5, 3, 114
"c:\Users\brian\Desktop\Code\My Game\build\_deps\glm-src\doc\api\a00698.html", "HTML", 0, 0, 0, 0, 0, 0, 0, 0, 0, 0, 99, 0, 0, 0, 5, 6, 110
"c:\Users\brian\Desktop\Code\My Game\build\_deps\glm-src\doc\api\a00698_source.html", "HTML", 0, 0, 0, 0, 0, 0, 0, 0, 0, 0, 104, 0, 0, 0, 5, 3, 112
"c:\Users\brian\Desktop\Code\My Game\build\_deps\glm-src\doc\api\a00701.html", "HTML", 0, 0, 0, 0, 0, 0, 0, 0, 0, 0, 97, 0, 0, 0, 5, 6, 108
"c:\Users\brian\Desktop\Code\My Game\build\_deps\glm-src\doc\api\a00701_source.html", "HTML", 0, 0, 0, 0, 0, 0, 0, 0, 0, 0, 101, 0, 0, 0, 5, 3, 109
"c:\Users\brian\Desktop\Code\My Game\build\_deps\glm-src\doc\api\a00704.html", "HTML", 0, 0, 0, 0, 0, 0, 0, 0, 0, 0, 123, 0, 0, 0, 5, 6, 134
"c:\Users\brian\Desktop\Code\My Game\build\_deps\glm-src\doc\api\a00704_source.html", "HTML", 0, 0, 0, 0, 0, 0, 0, 0, 0, 0, 125, 0, 0, 0, 5, 3, 133
"c:\Users\brian\Desktop\Code\My Game\build\_deps\glm-src\doc\api\a00707.html", "HTML", 0, 0, 0, 0, 0, 0, 0, 0, 0, 0, 93, 0, 0, 0, 5, 6, 104
"c:\Users\brian\Desktop\Code\My Game\build\_deps\glm-src\doc\api\a00707_source.html", "HTML", 0, 0, 0, 0, 0, 0, 0, 0, 0, 0, 97, 0, 0, 0, 5, 3, 105
"c:\Users\brian\Desktop\Code\My Game\build\_deps\glm-src\doc\api\a00710.html", "HTML", 0, 0, 0, 0, 0, 0, 0, 0, 0, 0, 95, 0, 0, 0, 5, 6, 106
"c:\Users\brian\Desktop\Code\My Game\build\_deps\glm-src\doc\api\a00710_source.html", "HTML", 0, 0, 0, 0, 0, 0, 0, 0, 0, 0, 102, 0, 0, 0, 5, 3, 110
"c:\Users\brian\Desktop\Code\My Game\build\_deps\glm-src\doc\api\a00713.html", "HTML", 0, 0, 0, 0, 0, 0, 0, 0, 0, 0, 91, 0, 0, 0, 5, 6, 102
"c:\Users\brian\Desktop\Code\My Game\build\_deps\glm-src\doc\api\a00713_source.html", "HTML", 0, 0, 0, 0, 0, 0, 0, 0, 0, 0, 96, 0, 0, 0, 5, 3, 104
"c:\Users\brian\Desktop\Code\My Game\build\_deps\glm-src\doc\api\a00716.html", "HTML", 0, 0, 0, 0, 0, 0, 0, 0, 0, 0, 81, 0, 0, 0, 5, 6, 92
"c:\Users\brian\Desktop\Code\My Game\build\_deps\glm-src\doc\api\a00716_source.html", "HTML", 0, 0, 0, 0, 0, 0, 0, 0, 0, 0, 157, 0, 0, 0, 5, 3, 165
"c:\Users\brian\Desktop\Code\My Game\build\_deps\glm-src\doc\api\a00719.html", "HTML", 0, 0, 0, 0, 0, 0, 0, 0, 0, 0, 99, 0, 0, 0, 5, 6, 110
"c:\Users\brian\Desktop\Code\My Game\build\_deps\glm-src\doc\api\a00719_source.html", "HTML", 0, 0, 0, 0, 0, 0, 0, 0, 0, 0, 105, 0, 0, 0, 5, 3, 113
"c:\Users\brian\Desktop\Code\My Game\build\_deps\glm-src\doc\api\a00722.html", "HTML", 0, 0, 0, 0, 0, 0, 0, 0, 0, 0, 99, 0, 0, 0, 5, 6, 110
"c:\Users\brian\Desktop\Code\My Game\build\_deps\glm-src\doc\api\a00722_source.html", "HTML", 0, 0, 0, 0, 0, 0, 0, 0, 0, 0, 109, 0, 0, 0, 5, 3, 117
"c:\Users\brian\Desktop\Code\My Game\build\_deps\glm-src\doc\api\a00725.html", "HTML", 0, 0, 0, 0, 0, 0, 0, 0, 0, 0, 133, 0, 0, 0, 5, 6, 144
"c:\Users\brian\Desktop\Code\My Game\build\_deps\glm-src\doc\api\a00725_source.html", "HTML", 0, 0, 0, 0, 0, 0, 0, 0, 0, 0, 160, 0, 0, 0, 5, 3, 168
"c:\Users\brian\Desktop\Code\My Game\build\_deps\glm-src\doc\api\a00728.html", "HTML", 0, 0, 0, 0, 0, 0, 0, 0, 0, 0, 81, 0, 0, 0, 5, 6, 92
"c:\Users\brian\Desktop\Code\My Game\build\_deps\glm-src\doc\api\a00728_source.html", "HTML", 0, 0, 0, 0, 0, 0, 0, 0, 0, 0, 147, 0, 0, 0, 5, 3, 155
"c:\Users\brian\Desktop\Code\My Game\build\_deps\glm-src\doc\api\a00731.html", "HTML", 0, 0, 0, 0, 0, 0, 0, 0, 0, 0, 99, 0, 0, 0, 5, 6, 110
"c:\Users\brian\Desktop\Code\My Game\build\_deps\glm-src\doc\api\a00731_source.html", "HTML", 0, 0, 0, 0, 0, 0, 0, 0, 0, 0, 120, 0, 0, 0, 5, 3, 128
"c:\Users\brian\Desktop\Code\My Game\build\_deps\glm-src\doc\api\a00734.html", "HTML", 0, 0, 0, 0, 0, 0, 0, 0, 0, 0, 113, 0, 0, 0, 5, 6, 124
"c:\Users\brian\Desktop\Code\My Game\build\_deps\glm-src\doc\api\a00734_source.html", "HTML", 0, 0, 0, 0, 0, 0, 0, 0, 0, 0, 117, 0, 0, 0, 5, 3, 125
"c:\Users\brian\Desktop\Code\My Game\build\_deps\glm-src\doc\api\a00737.html", "HTML", 0, 0, 0, 0, 0, 0, 0, 0, 0, 0, 95, 0, 0, 0, 5, 6, 106
"c:\Users\brian\Desktop\Code\My Game\build\_deps\glm-src\doc\api\a00737_source.html", "HTML", 0, 0, 0, 0, 0, 0, 0, 0, 0, 0, 102, 0, 0, 0, 5, 3, 110
"c:\Users\brian\Desktop\Code\My Game\build\_deps\glm-src\doc\api\a00740.html", "HTML", 0, 0, 0, 0, 0, 0, 0, 0, 0, 0, 80, 0, 0, 0, 5, 6, 91
"c:\Users\brian\Desktop\Code\My Game\build\_deps\glm-src\doc\api\a00740_source.html", "HTML", 0, 0, 0, 0, 0, 0, 0, 0, 0, 0, 156, 0, 0, 0, 5, 3, 164
"c:\Users\brian\Desktop\Code\My Game\build\_deps\glm-src\doc\api\a00743.html", "HTML", 0, 0, 0, 0, 0, 0, 0, 0, 0, 0, 91, 0, 0, 0, 5, 6, 102
"c:\Users\brian\Desktop\Code\My Game\build\_deps\glm-src\doc\api\a00743_source.html", "HTML", 0, 0, 0, 0, 0, 0, 0, 0, 0, 0, 99, 0, 0, 0, 5, 3, 107
"c:\Users\brian\Desktop\Code\My Game\build\_deps\glm-src\doc\api\a00746.html", "HTML", 0, 0, 0, 0, 0, 0, 0, 0, 0, 0, 105, 0, 0, 0, 5, 6, 116
"c:\Users\brian\Desktop\Code\My Game\build\_deps\glm-src\doc\api\a00746_source.html", "HTML", 0, 0, 0, 0, 0, 0, 0, 0, 0, 0, 110, 0, 0, 0, 5, 3, 118
"c:\Users\brian\Desktop\Code\My Game\build\_deps\glm-src\doc\api\a00749.html", "HTML", 0, 0, 0, 0, 0, 0, 0, 0, 0, 0, 126, 0, 0, 0, 5, 6, 137
"c:\Users\brian\Desktop\Code\My Game\build\_deps\glm-src\doc\api\a00749_source.html", "HTML", 0, 0, 0, 0, 0, 0, 0, 0, 0, 0, 137, 0, 0, 0, 5, 3, 145
"c:\Users\brian\Desktop\Code\My Game\build\_deps\glm-src\doc\api\a00752.html", "HTML", 0, 0, 0, 0, 0, 0, 0, 0, 0, 0, 81, 0, 0, 0, 5, 6, 92
"c:\Users\brian\Desktop\Code\My Game\build\_deps\glm-src\doc\api\a00752_source.html", "HTML", 0, 0, 0, 0, 0, 0, 0, 0, 0, 0, 143, 0, 0, 0, 5, 3, 151
"c:\Users\brian\Desktop\Code\My Game\build\_deps\glm-src\doc\api\a00755.html", "HTML", 0, 0, 0, 0, 0, 0, 0, 0, 0, 0, 81, 0, 0, 0, 5, 6, 92
"c:\Users\brian\Desktop\Code\My Game\build\_deps\glm-src\doc\api\a00755_source.html", "HTML", 0, 0, 0, 0, 0, 0, 0, 0, 0, 0, 2829, 0, 0, 0, 5, 3, 2837
"c:\Users\brian\Desktop\Code\My Game\build\_deps\glm-src\doc\api\a00758.html", "HTML", 0, 0, 0, 0, 0, 0, 0, 0, 0, 0, 103, 0, 0, 0, 5, 6, 114
"c:\Users\brian\Desktop\Code\My Game\build\_deps\glm-src\doc\api\a00758_source.html", "HTML", 0, 0, 0, 0, 0, 0, 0, 0, 0, 0, 106, 0, 0, 0, 5, 3, 114
"c:\Users\brian\Desktop\Code\My Game\build\_deps\glm-src\doc\api\a00761.html", "HTML", 0, 0, 0, 0, 0, 0, 0, 0, 0, 0, 111, 0, 0, 0, 5, 6, 122
"c:\Users\brian\Desktop\Code\My Game\build\_deps\glm-src\doc\api\a00761_source.html", "HTML", 0, 0, 0, 0, 0, 0, 0, 0, 0, 0, 119, 0, 0, 0, 5, 3, 127
"c:\Users\brian\Desktop\Code\My Game\build\_deps\glm-src\doc\api\a00764.html", "HTML", 0, 0, 0, 0, 0, 0, 0, 0, 0, 0, 81, 0, 0, 0, 5, 6, 92
"c:\Users\brian\Desktop\Code\My Game\build\_deps\glm-src\doc\api\a00764_source.html", "HTML", 0, 0, 0, 0, 0, 0, 0, 0, 0, 0, 95, 0, 0, 0, 5, 3, 103
"c:\Users\brian\Desktop\Code\My Game\build\_deps\glm-src\doc\api\a00767.html", "HTML", 0, 0, 0, 0, 0, 0, 0, 0, 0, 0, 80, 0, 0, 0, 5, 6, 91
"c:\Users\brian\Desktop\Code\My Game\build\_deps\glm-src\doc\api\a00767_source.html", "HTML", 0, 0, 0, 0, 0, 0, 0, 0, 0, 0, 85, 0, 0, 0, 5, 3, 93
"c:\Users\brian\Desktop\Code\My Game\build\_deps\glm-src\doc\api\a00770.html", "HTML", 0, 0, 0, 0, 0, 0, 0, 0, 0, 0, 80, 0, 0, 0, 5, 6, 91
"c:\Users\brian\Desktop\Code\My Game\build\_deps\glm-src\doc\api\a00770_source.html", "HTML", 0, 0, 0, 0, 0, 0, 0, 0, 0, 0, 85, 0, 0, 0, 5, 3, 93
"c:\Users\brian\Desktop\Code\My Game\build\_deps\glm-src\doc\api\a00773.html", "HTML", 0, 0, 0, 0, 0, 0, 0, 0, 0, 0, 80, 0, 0, 0, 5, 6, 91
"c:\Users\brian\Desktop\Code\My Game\build\_deps\glm-src\doc\api\a00773_source.html", "HTML", 0, 0, 0, 0, 0, 0, 0, 0, 0, 0, 85, 0, 0, 0, 5, 3, 93
"c:\Users\brian\Desktop\Code\My Game\build\_deps\glm-src\doc\api\a00776.html", "HTML", 0, 0, 0, 0, 0, 0, 0, 0, 0, 0, 80, 0, 0, 0, 5, 6, 91
"c:\Users\brian\Desktop\Code\My Game\build\_deps\glm-src\doc\api\a00776_source.html", "HTML", 0, 0, 0, 0, 0, 0, 0, 0, 0, 0, 85, 0, 0, 0, 5, 3, 93
"c:\Users\brian\Desktop\Code\My Game\build\_deps\glm-src\doc\api\a00779.html", "HTML", 0, 0, 0, 0, 0, 0, 0, 0, 0, 0, 80, 0, 0, 0, 5, 6, 91
"c:\Users\brian\Desktop\Code\My Game\build\_deps\glm-src\doc\api\a00779_source.html", "HTML", 0, 0, 0, 0, 0, 0, 0, 0, 0, 0, 84, 0, 0, 0, 5, 3, 92
"c:\Users\brian\Desktop\Code\My Game\build\_deps\glm-src\doc\api\a00782.html", "HTML", 0, 0, 0, 0, 0, 0, 0, 0, 0, 0, 80, 0, 0, 0, 5, 6, 91
"c:\Users\brian\Desktop\Code\My Game\build\_deps\glm-src\doc\api\a00782_source.html", "HTML", 0, 0, 0, 0, 0, 0, 0, 0, 0, 0, 84, 0, 0, 0, 5, 3, 92
"c:\Users\brian\Desktop\Code\My Game\build\_deps\glm-src\doc\api\a00785.html", "HTML", 0, 0, 0, 0, 0, 0, 0, 0, 0, 0, 80, 0, 0, 0, 5, 6, 91
"c:\Users\brian\Desktop\Code\My Game\build\_deps\glm-src\doc\api\a00785_source.html", "HTML", 0, 0, 0, 0, 0, 0, 0, 0, 0, 0, 84, 0, 0, 0, 5, 3, 92
"c:\Users\brian\Desktop\Code\My Game\build\_deps\glm-src\doc\api\a00788.html", "HTML", 0, 0, 0, 0, 0, 0, 0, 0, 0, 0, 80, 0, 0, 0, 5, 6, 91
"c:\Users\brian\Desktop\Code\My Game\build\_deps\glm-src\doc\api\a00788_source.html", "HTML", 0, 0, 0, 0, 0, 0, 0, 0, 0, 0, 84, 0, 0, 0, 5, 3, 92
"c:\Users\brian\Desktop\Code\My Game\build\_deps\glm-src\doc\api\a00791.html", "HTML", 0, 0, 0, 0, 0, 0, 0, 0, 0, 0, 80, 0, 0, 0, 5, 6, 91
"c:\Users\brian\Desktop\Code\My Game\build\_deps\glm-src\doc\api\a00791_source.html", "HTML", 0, 0, 0, 0, 0, 0, 0, 0, 0, 0, 85, 0, 0, 0, 5, 3, 93
"c:\Users\brian\Desktop\Code\My Game\build\_deps\glm-src\doc\api\a00794.html", "HTML", 0, 0, 0, 0, 0, 0, 0, 0, 0, 0, 107, 0, 0, 0, 5, 6, 118
"c:\Users\brian\Desktop\Code\My Game\build\_deps\glm-src\doc\api\a00794_source.html", "HTML", 0, 0, 0, 0, 0, 0, 0, 0, 0, 0, 190, 0, 0, 0, 5, 3, 198
"c:\Users\brian\Desktop\Code\My Game\build\_deps\glm-src\doc\api\a00797.html", "HTML", 0, 0, 0, 0, 0, 0, 0, 0, 0, 0, 147, 0, 0, 0, 5, 6, 158
"c:\Users\brian\Desktop\Code\My Game\build\_deps\glm-src\doc\api\a00797_source.html", "HTML", 0, 0, 0, 0, 0, 0, 0, 0, 0, 0, 146, 0, 0, 0, 5, 3, 154
"c:\Users\brian\Desktop\Code\My Game\build\_deps\glm-src\doc\api\a00800.html", "HTML", 0, 0, 0, 0, 0, 0, 0, 0, 0, 0, 80, 0, 0, 0, 5, 6, 91
"c:\Users\brian\Desktop\Code\My Game\build\_deps\glm-src\doc\api\a00800_source.html", "HTML", 0, 0, 0, 0, 0, 0, 0, 0, 0, 0, 96, 0, 0, 0, 5, 3, 104
"c:\Users\brian\Desktop\Code\My Game\build\_deps\glm-src\doc\api\a00803.html", "HTML", 0, 0, 0, 0, 0, 0, 0, 0, 0, 0, 80, 0, 0, 0, 5, 6, 91
"c:\Users\brian\Desktop\Code\My Game\build\_deps\glm-src\doc\api\a00803_source.html", "HTML", 0, 0, 0, 0, 0, 0, 0, 0, 0, 0, 96, 0, 0, 0, 5, 3, 104
"c:\Users\brian\Desktop\Code\My Game\build\_deps\glm-src\doc\api\a00806.html", "HTML", 0, 0, 0, 0, 0, 0, 0, 0, 0, 0, 80, 0, 0, 0, 5, 6, 91
"c:\Users\brian\Desktop\Code\My Game\build\_deps\glm-src\doc\api\a00806_source.html", "HTML", 0, 0, 0, 0, 0, 0, 0, 0, 0, 0, 97, 0, 0, 0, 5, 3, 105
"c:\Users\brian\Desktop\Code\My Game\build\_deps\glm-src\doc\api\a00809_source.html", "HTML", 0, 0, 0, 0, 0, 0, 0, 0, 0, 0, 2612, 0, 0, 0, 5, 3, 2620
"c:\Users\brian\Desktop\Code\My Game\build\_deps\glm-src\doc\api\a00812.html", "HTML", 0, 0, 0, 0, 0, 0, 0, 0, 0, 0, 1536, 0, 0, 0, 5, 121, 1662
"c:\Users\brian\Desktop\Code\My Game\build\_deps\glm-src\doc\api\a00813.html", "HTML", 0, 0, 0, 0, 0, 0, 0, 0, 0, 0, 347, 0, 0, 0, 5, 24, 376
"c:\Users\brian\Desktop\Code\My Game\build\_deps\glm-src\doc\api\a00814.html", "HTML", 0, 0, 0, 0, 0, 0, 0, 0, 0, 0, 2863, 0, 0, 0, 5, 141, 3009
"c:\Users\brian\Desktop\Code\My Game\build\_deps\glm-src\doc\api\a00815.html", "HTML", 0, 0, 0, 0, 0, 0, 0, 0, 0, 0, 74, 0, 0, 0, 5, 3, 82
"c:\Users\brian\Desktop\Code\My Game\build\_deps\glm-src\doc\api\a00816.html", "HTML", 0, 0, 0, 0, 0, 0, 0, 0, 0, 0, 120, 0, 0, 0, 5, 11, 136
"c:\Users\brian\Desktop\Code\My Game\build\_deps\glm-src\doc\api\a00817.html", "HTML", 0, 0, 0, 0, 0, 0, 0, 0, 0, 0, 224, 0, 0, 0, 5, 35, 264
"c:\Users\brian\Desktop\Code\My Game\build\_deps\glm-src\doc\api\a00818.html", "HTML", 0, 0, 0, 0, 0, 0, 0, 0, 0, 0, 100, 0, 0, 0, 5, 7, 112
"c:\Users\brian\Desktop\Code\My Game\build\_deps\glm-src\doc\api\a00819.html", "HTML", 0, 0, 0, 0, 0, 0, 0, 0, 0, 0, 152, 0, 0, 0, 5, 19, 176
"c:\Users\brian\Desktop\Code\My Game\build\_deps\glm-src\doc\api\a00820.html", "HTML", 0, 0, 0, 0, 0, 0, 0, 0, 0, 0, 100, 0, 0, 0, 5, 7, 112
"c:\Users\brian\Desktop\Code\My Game\build\_deps\glm-src\doc\api\a00821.html", "HTML", 0, 0, 0, 0, 0, 0, 0, 0, 0, 0, 152, 0, 0, 0, 5, 19, 176
"c:\Users\brian\Desktop\Code\My Game\build\_deps\glm-src\doc\api\a00822.html", "HTML", 0, 0, 0, 0, 0, 0, 0, 0, 0, 0, 100, 0, 0, 0, 5, 7, 112
"c:\Users\brian\Desktop\Code\My Game\build\_deps\glm-src\doc\api\a00823.html", "HTML", 0, 0, 0, 0, 0, 0, 0, 0, 0, 0, 152, 0, 0, 0, 5, 19, 176
"c:\Users\brian\Desktop\Code\My Game\build\_deps\glm-src\doc\api\a00824.html", "HTML", 0, 0, 0, 0, 0, 0, 0, 0, 0, 0, 120, 0, 0, 0, 5, 11, 136
"c:\Users\brian\Desktop\Code\My Game\build\_deps\glm-src\doc\api\a00825.html", "HTML", 0, 0, 0, 0, 0, 0, 0, 0, 0, 0, 224, 0, 0, 0, 5, 35, 264
"c:\Users\brian\Desktop\Code\My Game\build\_deps\glm-src\doc\api\a00826.html", "HTML", 0, 0, 0, 0, 0, 0, 0, 0, 0, 0, 100, 0, 0, 0, 5, 7, 112
"c:\Users\brian\Desktop\Code\My Game\build\_deps\glm-src\doc\api\a00827.html", "HTML", 0, 0, 0, 0, 0, 0, 0, 0, 0, 0, 152, 0, 0, 0, 5, 19, 176
"c:\Users\brian\Desktop\Code\My Game\build\_deps\glm-src\doc\api\a00828.html", "HTML", 0, 0, 0, 0, 0, 0, 0, 0, 0, 0, 100, 0, 0, 0, 5, 7, 112
"c:\Users\brian\Desktop\Code\My Game\build\_deps\glm-src\doc\api\a00829.html", "HTML", 0, 0, 0, 0, 0, 0, 0, 0, 0, 0, 152, 0, 0, 0, 5, 19, 176
"c:\Users\brian\Desktop\Code\My Game\build\_deps\glm-src\doc\api\a00830.html", "HTML", 0, 0, 0, 0, 0, 0, 0, 0, 0, 0, 100, 0, 0, 0, 5, 7, 112
"c:\Users\brian\Desktop\Code\My Game\build\_deps\glm-src\doc\api\a00831.html", "HTML", 0, 0, 0, 0, 0, 0, 0, 0, 0, 0, 152, 0, 0, 0, 5, 19, 176
"c:\Users\brian\Desktop\Code\My Game\build\_deps\glm-src\doc\api\a00832.html", "HTML", 0, 0, 0, 0, 0, 0, 0, 0, 0, 0, 120, 0, 0, 0, 5, 11, 136
"c:\Users\brian\Desktop\Code\My Game\build\_deps\glm-src\doc\api\a00833.html", "HTML", 0, 0, 0, 0, 0, 0, 0, 0, 0, 0, 224, 0, 0, 0, 5, 35, 264
"c:\Users\brian\Desktop\Code\My Game\build\_deps\glm-src\doc\api\a00834.html", "HTML", 0, 0, 0, 0, 0, 0, 0, 0, 0, 0, 284, 0, 0, 0, 5, 15, 304
"c:\Users\brian\Desktop\Code\My Game\build\_deps\glm-src\doc\api\a00835.html", "HTML", 0, 0, 0, 0, 0, 0, 0, 0, 0, 0, 509, 0, 0, 0, 5, 24, 538
"c:\Users\brian\Desktop\Code\My Game\build\_deps\glm-src\doc\api\a00836.html", "HTML", 0, 0, 0, 0, 0, 0, 0, 0, 0, 0, 543, 0, 0, 0, 5, 33, 581
"c:\Users\brian\Desktop\Code\My Game\build\_deps\glm-src\doc\api\a00837.html", "HTML", 0, 0, 0, 0, 0, 0, 0, 0, 0, 0, 497, 0, 0, 0, 5, 24, 526
"c:\Users\brian\Desktop\Code\My Game\build\_deps\glm-src\doc\api\a00838.html", "HTML", 0, 0, 0, 0, 0, 0, 0, 0, 0, 0, 120, 0, 0, 0, 5, 11, 136
"c:\Users\brian\Desktop\Code\My Game\build\_deps\glm-src\doc\api\a00839.html", "HTML", 0, 0, 0, 0, 0, 0, 0, 0, 0, 0, 224, 0, 0, 0, 5, 35, 264
"c:\Users\brian\Desktop\Code\My Game\build\_deps\glm-src\doc\api\a00840.html", "HTML", 0, 0, 0, 0, 0, 0, 0, 0, 0, 0, 100, 0, 0, 0, 5, 7, 112
"c:\Users\brian\Desktop\Code\My Game\build\_deps\glm-src\doc\api\a00841.html", "HTML", 0, 0, 0, 0, 0, 0, 0, 0, 0, 0, 152, 0, 0, 0, 5, 19, 176
"c:\Users\brian\Desktop\Code\My Game\build\_deps\glm-src\doc\api\a00842.html", "HTML", 0, 0, 0, 0, 0, 0, 0, 0, 0, 0, 100, 0, 0, 0, 5, 7, 112
"c:\Users\brian\Desktop\Code\My Game\build\_deps\glm-src\doc\api\a00843.html", "HTML", 0, 0, 0, 0, 0, 0, 0, 0, 0, 0, 152, 0, 0, 0, 5, 19, 176
"c:\Users\brian\Desktop\Code\My Game\build\_deps\glm-src\doc\api\a00844.html", "HTML", 0, 0, 0, 0, 0, 0, 0, 0, 0, 0, 100, 0, 0, 0, 5, 7, 112
"c:\Users\brian\Desktop\Code\My Game\build\_deps\glm-src\doc\api\a00845.html", "HTML", 0, 0, 0, 0, 0, 0, 0, 0, 0, 0, 152, 0, 0, 0, 5, 19, 176
"c:\Users\brian\Desktop\Code\My Game\build\_deps\glm-src\doc\api\a00846.html", "HTML", 0, 0, 0, 0, 0, 0, 0, 0, 0, 0, 120, 0, 0, 0, 5, 11, 136
"c:\Users\brian\Desktop\Code\My Game\build\_deps\glm-src\doc\api\a00847.html", "HTML", 0, 0, 0, 0, 0, 0, 0, 0, 0, 0, 224, 0, 0, 0, 5, 35, 264
"c:\Users\brian\Desktop\Code\My Game\build\_deps\glm-src\doc\api\a00848.html", "HTML", 0, 0, 0, 0, 0, 0, 0, 0, 0, 0, 101, 0, 0, 0, 5, 7, 113
"c:\Users\brian\Desktop\Code\My Game\build\_deps\glm-src\doc\api\a00849.html", "HTML", 0, 0, 0, 0, 0, 0, 0, 0, 0, 0, 152, 0, 0, 0, 5, 19, 176
"c:\Users\brian\Desktop\Code\My Game\build\_deps\glm-src\doc\api\a00850.html", "HTML", 0, 0, 0, 0, 0, 0, 0, 0, 0, 0, 100, 0, 0, 0, 5, 7, 112
"c:\Users\brian\Desktop\Code\My Game\build\_deps\glm-src\doc\api\a00851.html", "HTML", 0, 0, 0, 0, 0, 0, 0, 0, 0, 0, 152, 0, 0, 0, 5, 19, 176
"c:\Users\brian\Desktop\Code\My Game\build\_deps\glm-src\doc\api\a00852.html", "HTML", 0, 0, 0, 0, 0, 0, 0, 0, 0, 0, 100, 0, 0, 0, 5, 7, 112
"c:\Users\brian\Desktop\Code\My Game\build\_deps\glm-src\doc\api\a00853.html", "HTML", 0, 0, 0, 0, 0, 0, 0, 0, 0, 0, 152, 0, 0, 0, 5, 19, 176
"c:\Users\brian\Desktop\Code\My Game\build\_deps\glm-src\doc\api\a00854.html", "HTML", 0, 0, 0, 0, 0, 0, 0, 0, 0, 0, 120, 0, 0, 0, 5, 11, 136
"c:\Users\brian\Desktop\Code\My Game\build\_deps\glm-src\doc\api\a00855.html", "HTML", 0, 0, 0, 0, 0, 0, 0, 0, 0, 0, 224, 0, 0, 0, 5, 35, 264
"c:\Users\brian\Desktop\Code\My Game\build\_deps\glm-src\doc\api\a00856.html", "HTML", 0, 0, 0, 0, 0, 0, 0, 0, 0, 0, 433, 0, 0, 0, 5, 27, 465
"c:\Users\brian\Desktop\Code\My Game\build\_deps\glm-src\doc\api\a00857.html", "HTML", 0, 0, 0, 0, 0, 0, 0, 0, 0, 0, 98, 0, 0, 0, 5, 3, 106
"c:\Users\brian\Desktop\Code\My Game\build\_deps\glm-src\doc\api\a00858.html", "HTML", 0, 0, 0, 0, 0, 0, 0, 0, 0, 0, 134, 0, 0, 0, 5, 15, 154
"c:\Users\brian\Desktop\Code\My Game\build\_deps\glm-src\doc\api\a00859.html", "HTML", 0, 0, 0, 0, 0, 0, 0, 0, 0, 0, 77, 0, 0, 0, 5, 3, 85
"c:\Users\brian\Desktop\Code\My Game\build\_deps\glm-src\doc\api\a00860.html", "HTML", 0, 0, 0, 0, 0, 0, 0, 0, 0, 0, 98, 0, 0, 0, 5, 3, 106
"c:\Users\brian\Desktop\Code\My Game\build\_deps\glm-src\doc\api\a00861.html", "HTML", 0, 0, 0, 0, 0, 0, 0, 0, 0, 0, 91, 0, 0, 0, 5, 3, 99
"c:\Users\brian\Desktop\Code\My Game\build\_deps\glm-src\doc\api\a00862.html", "HTML", 0, 0, 0, 0, 0, 0, 0, 0, 0, 0, 221, 0, 0, 0, 5, 15, 241
"c:\Users\brian\Desktop\Code\My Game\build\_deps\glm-src\doc\api\a00863.html", "HTML", 0, 0, 0, 0, 0, 0, 0, 0, 0, 0, 253, 0, 0, 0, 5, 15, 273
"c:\Users\brian\Desktop\Code\My Game\build\_deps\glm-src\doc\api\a00864.html", "HTML", 0, 0, 0, 0, 0, 0, 0, 0, 0, 0, 265, 0, 0, 0, 5, 18, 288
"c:\Users\brian\Desktop\Code\My Game\build\_deps\glm-src\doc\api\a00865.html", "HTML", 0, 0, 0, 0, 0, 0, 0, 0, 0, 0, 198, 0, 0, 0, 5, 12, 215
"c:\Users\brian\Desktop\Code\My Game\build\_deps\glm-src\doc\api\a00866.html", "HTML", 0, 0, 0, 0, 0, 0, 0, 0, 0, 0, 784, 0, 0, 0, 5, 54, 843
"c:\Users\brian\Desktop\Code\My Game\build\_deps\glm-src\doc\api\a00867.html", "HTML", 0, 0, 0, 0, 0, 0, 0, 0, 0, 0, 94, 0, 0, 0, 5, 3, 102
"c:\Users\brian\Desktop\Code\My Game\build\_deps\glm-src\doc\api\a00868.html", "HTML", 0, 0, 0, 0, 0, 0, 0, 0, 0, 0, 96, 0, 0, 0, 5, 3, 104
"c:\Users\brian\Desktop\Code\My Game\build\_deps\glm-src\doc\api\a00869.html", "HTML", 0, 0, 0, 0, 0, 0, 0, 0, 0, 0, 306, 0, 0, 0, 5, 24, 335
"c:\Users\brian\Desktop\Code\My Game\build\_deps\glm-src\doc\api\a00870.html", "HTML", 0, 0, 0, 0, 0, 0, 0, 0, 0, 0, 72, 0, 0, 0, 5, 3, 80
"c:\Users\brian\Desktop\Code\My Game\build\_deps\glm-src\doc\api\a00871.html", "HTML", 0, 0, 0, 0, 0, 0, 0, 0, 0, 0, 518, 0, 0, 0, 5, 39, 562
"c:\Users\brian\Desktop\Code\My Game\build\_deps\glm-src\doc\api\a00872.html", "HTML", 0, 0, 0, 0, 0, 0, 0, 0, 0, 0, 277, 0, 0, 0, 5, 15, 297
"c:\Users\brian\Desktop\Code\My Game\build\_deps\glm-src\doc\api\a00873.html", "HTML", 0, 0, 0, 0, 0, 0, 0, 0, 0, 0, 96, 0, 0, 0, 5, 3, 104
"c:\Users\brian\Desktop\Code\My Game\build\_deps\glm-src\doc\api\a00874.html", "HTML", 0, 0, 0, 0, 0, 0, 0, 0, 0, 0, 277, 0, 0, 0, 5, 21, 303
"c:\Users\brian\Desktop\Code\My Game\build\_deps\glm-src\doc\api\a00875.html", "HTML", 0, 0, 0, 0, 0, 0, 0, 0, 0, 0, 84, 0, 0, 0, 5, 3, 92
"c:\Users\brian\Desktop\Code\My Game\build\_deps\glm-src\doc\api\a00876.html", "HTML", 0, 0, 0, 0, 0, 0, 0, 0, 0, 0, 91, 0, 0, 0, 5, 3, 99
"c:\Users\brian\Desktop\Code\My Game\build\_deps\glm-src\doc\api\a00877.html", "HTML", 0, 0, 0, 0, 0, 0, 0, 0, 0, 0, 927, 0, 0, 0, 5, 63, 995
"c:\Users\brian\Desktop\Code\My Game\build\_deps\glm-src\doc\api\a00878.html", "HTML", 0, 0, 0, 0, 0, 0, 0, 0, 0, 0, 86, 0, 0, 0, 5, 3, 94
"c:\Users\brian\Desktop\Code\My Game\build\_deps\glm-src\doc\api\a00879.html", "HTML", 0, 0, 0, 0, 0, 0, 0, 0, 0, 0, 92, 0, 0, 0, 5, 3, 100
"c:\Users\brian\Desktop\Code\My Game\build\_deps\glm-src\doc\api\a00880.html", "HTML", 0, 0, 0, 0, 0, 0, 0, 0, 0, 0, 86, 0, 0, 0, 5, 3, 94
"c:\Users\brian\Desktop\Code\My Game\build\_deps\glm-src\doc\api\a00881.html", "HTML", 0, 0, 0, 0, 0, 0, 0, 0, 0, 0, 92, 0, 0, 0, 5, 3, 100
"c:\Users\brian\Desktop\Code\My Game\build\_deps\glm-src\doc\api\a00882.html", "HTML", 0, 0, 0, 0, 0, 0, 0, 0, 0, 0, 86, 0, 0, 0, 5, 3, 94
"c:\Users\brian\Desktop\Code\My Game\build\_deps\glm-src\doc\api\a00883.html", "HTML", 0, 0, 0, 0, 0, 0, 0, 0, 0, 0, 155, 0, 0, 0, 5, 19, 179
"c:\Users\brian\Desktop\Code\My Game\build\_deps\glm-src\doc\api\a00884.html", "HTML", 0, 0, 0, 0, 0, 0, 0, 0, 0, 0, 155, 0, 0, 0, 5, 19, 179
"c:\Users\brian\Desktop\Code\My Game\build\_deps\glm-src\doc\api\a00885.html", "HTML", 0, 0, 0, 0, 0, 0, 0, 0, 0, 0, 155, 0, 0, 0, 5, 19, 179
"c:\Users\brian\Desktop\Code\My Game\build\_deps\glm-src\doc\api\a00886.html", "HTML", 0, 0, 0, 0, 0, 0, 0, 0, 0, 0, 155, 0, 0, 0, 5, 19, 179
"c:\Users\brian\Desktop\Code\My Game\build\_deps\glm-src\doc\api\a00887.html", "HTML", 0, 0, 0, 0, 0, 0, 0, 0, 0, 0, 477, 0, 0, 0, 5, 33, 515
"c:\Users\brian\Desktop\Code\My Game\build\_deps\glm-src\doc\api\a00888.html", "HTML", 0, 0, 0, 0, 0, 0, 0, 0, 0, 0, 72, 0, 0, 0, 5, 3, 80
"c:\Users\brian\Desktop\Code\My Game\build\_deps\glm-src\doc\api\a00889.html", "HTML", 0, 0, 0, 0, 0, 0, 0, 0, 0, 0, 72, 0, 0, 0, 5, 3, 80
"c:\Users\brian\Desktop\Code\My Game\build\_deps\glm-src\doc\api\a00890.html", "HTML", 0, 0, 0, 0, 0, 0, 0, 0, 0, 0, 453, 0, 0, 0, 5, 27, 485
"c:\Users\brian\Desktop\Code\My Game\build\_deps\glm-src\doc\api\a00891.html", "HTML", 0, 0, 0, 0, 0, 0, 0, 0, 0, 0, 86, 0, 0, 0, 5, 3, 94
"c:\Users\brian\Desktop\Code\My Game\build\_deps\glm-src\doc\api\a00892.html", "HTML", 0, 0, 0, 0, 0, 0, 0, 0, 0, 0, 155, 0, 0, 0, 5, 19, 179
"c:\Users\brian\Desktop\Code\My Game\build\_deps\glm-src\doc\api\a00893.html", "HTML", 0, 0, 0, 0, 0, 0, 0, 0, 0, 0, 155, 0, 0, 0, 5, 19, 179
"c:\Users\brian\Desktop\Code\My Game\build\_deps\glm-src\doc\api\a00894.html", "HTML", 0, 0, 0, 0, 0, 0, 0, 0, 0, 0, 155, 0, 0, 0, 5, 19, 179
"c:\Users\brian\Desktop\Code\My Game\build\_deps\glm-src\doc\api\a00895.html", "HTML", 0, 0, 0, 0, 0, 0, 0, 0, 0, 0, 155, 0, 0, 0, 5, 19, 179
"c:\Users\brian\Desktop\Code\My Game\build\_deps\glm-src\doc\api\a00896.html", "HTML", 0, 0, 0, 0, 0, 0, 0, 0, 0, 0, 383, 0, 0, 0, 5, 27, 415
"c:\Users\brian\Desktop\Code\My Game\build\_deps\glm-src\doc\api\a00897.html", "HTML", 0, 0, 0, 0, 0, 0, 0, 0, 0, 0, 400, 0, 0, 0, 5, 27, 432
"c:\Users\brian\Desktop\Code\My Game\build\_deps\glm-src\doc\api\a00898.html", "HTML", 0, 0, 0, 0, 0, 0, 0, 0, 0, 0, 111, 0, 0, 0, 5, 4, 120
"c:\Users\brian\Desktop\Code\My Game\build\_deps\glm-src\doc\api\a00899.html", "HTML", 0, 0, 0, 0, 0, 0, 0, 0, 0, 0, 351, 0, 0, 0, 5, 64, 420
"c:\Users\brian\Desktop\Code\My Game\build\_deps\glm-src\doc\api\a00900.html", "HTML", 0, 0, 0, 0, 0, 0, 0, 0, 0, 0, 630, 0, 0, 0, 5, 112, 747
"c:\Users\brian\Desktop\Code\My Game\build\_deps\glm-src\doc\api\a00901.html", "HTML", 0, 0, 0, 0, 0, 0, 0, 0, 0, 0, 513, 0, 0, 0, 5, 100, 618
"c:\Users\brian\Desktop\Code\My Game\build\_deps\glm-src\doc\api\a00902.html", "HTML", 0, 0, 0, 0, 0, 0, 0, 0, 0, 0, 1524, 0, 0, 0, 5, 292, 1821
"c:\Users\brian\Desktop\Code\My Game\build\_deps\glm-src\doc\api\a00903.html", "HTML", 0, 0, 0, 0, 0, 0, 0, 0, 0, 0, 248, 0, 0, 0, 5, 4, 257
"c:\Users\brian\Desktop\Code\My Game\build\_deps\glm-src\doc\api\a00904.html", "HTML", 0, 0, 0, 0, 0, 0, 0, 0, 0, 0, 123, 0, 0, 0, 5, 4, 132
"c:\Users\brian\Desktop\Code\My Game\build\_deps\glm-src\doc\api\a00905.html", "HTML", 0, 0, 0, 0, 0, 0, 0, 0, 0, 0, 218, 0, 0, 0, 5, 4, 227
"c:\Users\brian\Desktop\Code\My Game\build\_deps\glm-src\doc\api\a00906.html", "HTML", 0, 0, 0, 0, 0, 0, 0, 0, 0, 0, 1173, 0, 0, 0, 5, 99, 1277
"c:\Users\brian\Desktop\Code\My Game\build\_deps\glm-src\doc\api\a00907.html", "HTML", 0, 0, 0, 0, 0, 0, 0, 0, 0, 0, 161, 0, 0, 0, 5, 12, 178
"c:\Users\brian\Desktop\Code\My Game\build\_deps\glm-src\doc\api\a00908.html", "HTML", 0, 0, 0, 0, 0, 0, 0, 0, 0, 0, 668, 0, 0, 0, 5, 87, 760
"c:\Users\brian\Desktop\Code\My Game\build\_deps\glm-src\doc\api\a00909.html", "HTML", 0, 0, 0, 0, 0, 0, 0, 0, 0, 0, 236, 0, 0, 0, 5, 15, 256
"c:\Users\brian\Desktop\Code\My Game\build\_deps\glm-src\doc\api\a00910.html", "HTML", 0, 0, 0, 0, 0, 0, 0, 0, 0, 0, 74, 0, 0, 0, 5, 4, 83
"c:\Users\brian\Desktop\Code\My Game\build\_deps\glm-src\doc\api\a00911.html", "HTML", 0, 0, 0, 0, 0, 0, 0, 0, 0, 0, 220, 0, 0, 0, 5, 15, 240
"c:\Users\brian\Desktop\Code\My Game\build\_deps\glm-src\doc\api\a00912.html", "HTML", 0, 0, 0, 0, 0, 0, 0, 0, 0, 0, 1376, 0, 0, 0, 5, 291, 1672
"c:\Users\brian\Desktop\Code\My Game\build\_deps\glm-src\doc\api\a00913.html", "HTML", 0, 0, 0, 0, 0, 0, 0, 0, 0, 0, 148, 0, 0, 0, 5, 9, 162
"c:\Users\brian\Desktop\Code\My Game\build\_deps\glm-src\doc\api\a00914.html", "HTML", 0, 0, 0, 0, 0, 0, 0, 0, 0, 0, 73, 0, 0, 0, 5, 3, 81
"c:\Users\brian\Desktop\Code\My Game\build\_deps\glm-src\doc\api\a00915.html", "HTML", 0, 0, 0, 0, 0, 0, 0, 0, 0, 0, 156, 0, 0, 0, 5, 12, 173
"c:\Users\brian\Desktop\Code\My Game\build\_deps\glm-src\doc\api\a00916.html", "HTML", 0, 0, 0, 0, 0, 0, 0, 0, 0, 0, 1941, 0, 0, 0, 5, 213, 2159
"c:\Users\brian\Desktop\Code\My Game\build\_deps\glm-src\doc\api\a00917.html", "HTML", 0, 0, 0, 0, 0, 0, 0, 0, 0, 0, 578, 0, 0, 0, 5, 51, 634
"c:\Users\brian\Desktop\Code\My Game\build\_deps\glm-src\doc\api\a00918.html", "HTML", 0, 0, 0, 0, 0, 0, 0, 0, 0, 0, 290, 0, 0, 0, 5, 24, 319
"c:\Users\brian\Desktop\Code\My Game\build\_deps\glm-src\doc\api\a00919.html", "HTML", 0, 0, 0, 0, 0, 0, 0, 0, 0, 0, 72, 0, 0, 0, 5, 3, 80
"c:\Users\brian\Desktop\Code\My Game\build\_deps\glm-src\doc\api\a00920.html", "HTML", 0, 0, 0, 0, 0, 0, 0, 0, 0, 0, 512, 0, 0, 0, 5, 39, 556
"c:\Users\brian\Desktop\Code\My Game\build\_deps\glm-src\doc\api\a00921.html", "HTML", 0, 0, 0, 0, 0, 0, 0, 0, 0, 0, 1551, 0, 0, 0, 5, 3, 1559
"c:\Users\brian\Desktop\Code\My Game\build\_deps\glm-src\doc\api\a00922.html", "HTML", 0, 0, 0, 0, 0, 0, 0, 0, 0, 0, 7908, 0, 0, 0, 5, 1731, 9644
"c:\Users\brian\Desktop\Code\My Game\build\_deps\glm-src\doc\api\a00923.html", "HTML", 0, 0, 0, 0, 0, 0, 0, 0, 0, 0, 821, 0, 0, 0, 5, 102, 928
"c:\Users\brian\Desktop\Code\My Game\build\_deps\glm-src\doc\api\a00924.html", "HTML", 0, 0, 0, 0, 0, 0, 0, 0, 0, 0, 572, 0, 0, 0, 5, 45, 622
"c:\Users\brian\Desktop\Code\My Game\build\_deps\glm-src\doc\api\a00925.html", "HTML", 0, 0, 0, 0, 0, 0, 0, 0, 0, 0, 72, 0, 0, 0, 5, 3, 80
"c:\Users\brian\Desktop\Code\My Game\build\_deps\glm-src\doc\api\a00926.html", "HTML", 0, 0, 0, 0, 0, 0, 0, 0, 0, 0, 1314, 0, 0, 0, 5, 70, 1389
"c:\Users\brian\Desktop\Code\My Game\build\_deps\glm-src\doc\api\a00927.html", "HTML", 0, 0, 0, 0, 0, 0, 0, 0, 0, 0, 292, 0, 0, 0, 5, 28, 325
"c:\Users\brian\Desktop\Code\My Game\build\_deps\glm-src\doc\api\a00928.html", "HTML", 0, 0, 0, 0, 0, 0, 0, 0, 0, 0, 123, 0, 0, 0, 5, 6, 134
"c:\Users\brian\Desktop\Code\My Game\build\_deps\glm-src\doc\api\a00929.html", "HTML", 0, 0, 0, 0, 0, 0, 0, 0, 0, 0, 101, 0, 0, 0, 5, 4, 110
"c:\Users\brian\Desktop\Code\My Game\build\_deps\glm-src\doc\api\a00930.html", "HTML", 0, 0, 0, 0, 0, 0, 0, 0, 0, 0, 232, 0, 0, 0, 5, 21, 258
"c:\Users\brian\Desktop\Code\My Game\build\_deps\glm-src\doc\api\a00931.html", "HTML", 0, 0, 0, 0, 0, 0, 0, 0, 0, 0, 172, 0, 0, 0, 5, 15, 192
"c:\Users\brian\Desktop\Code\My Game\build\_deps\glm-src\doc\api\a00932.html", "HTML", 0, 0, 0, 0, 0, 0, 0, 0, 0, 0, 232, 0, 0, 0, 5, 16, 253
"c:\Users\brian\Desktop\Code\My Game\build\_deps\glm-src\doc\api\a00933.html", "HTML", 0, 0, 0, 0, 0, 0, 0, 0, 0, 0, 412, 0, 0, 0, 5, 3, 420
"c:\Users\brian\Desktop\Code\My Game\build\_deps\glm-src\doc\api\a00934.html", "HTML", 0, 0, 0, 0, 0, 0, 0, 0, 0, 0, 256, 0, 0, 0, 5, 27, 288
"c:\Users\brian\Desktop\Code\My Game\build\_deps\glm-src\doc\api\a00935.html", "HTML", 0, 0, 0, 0, 0, 0, 0, 0, 0, 0, 492, 0, 0, 0, 5, 75, 572
"c:\Users\brian\Desktop\Code\My Game\build\_deps\glm-src\doc\api\a00936.html", "HTML", 0, 0, 0, 0, 0, 0, 0, 0, 0, 0, 845, 0, 0, 0, 5, 93, 943
"c:\Users\brian\Desktop\Code\My Game\build\_deps\glm-src\doc\api\a00937.html", "HTML", 0, 0, 0, 0, 0, 0, 0, 0, 0, 0, 1545, 0, 0, 0, 5, 126, 1676
"c:\Users\brian\Desktop\Code\My Game\build\_deps\glm-src\doc\api\a00938.html", "HTML", 0, 0, 0, 0, 0, 0, 0, 0, 0, 0, 118, 0, 0, 0, 5, 6, 129
"c:\Users\brian\Desktop\Code\My Game\build\_deps\glm-src\doc\api\a00939.html", "HTML", 0, 0, 0, 0, 0, 0, 0, 0, 0, 0, 572, 0, 0, 0, 5, 39, 616
"c:\Users\brian\Desktop\Code\My Game\build\_deps\glm-src\doc\api\a00940.html", "HTML", 0, 0, 0, 0, 0, 0, 0, 0, 0, 0, 121, 0, 0, 0, 5, 7, 133
"c:\Users\brian\Desktop\Code\My Game\build\_deps\glm-src\doc\api\a00941.html", "HTML", 0, 0, 0, 0, 0, 0, 0, 0, 0, 0, 374, 0, 0, 0, 5, 39, 418
"c:\Users\brian\Desktop\Code\My Game\build\_deps\glm-src\doc\api\a00942.html", "HTML", 0, 0, 0, 0, 0, 0, 0, 0, 0, 0, 322, 0, 0, 0, 5, 33, 360
"c:\Users\brian\Desktop\Code\My Game\build\_deps\glm-src\doc\api\a00943.html", "HTML", 0, 0, 0, 0, 0, 0, 0, 0, 0, 0, 249, 0, 0, 0, 5, 24, 278
"c:\Users\brian\Desktop\Code\My Game\build\_deps\glm-src\doc\api\a00944.html", "HTML", 0, 0, 0, 0, 0, 0, 0, 0, 0, 0, 156, 0, 0, 0, 5, 9, 170
"c:\Users\brian\Desktop\Code\My Game\build\_deps\glm-src\doc\api\a00945.html", "HTML", 0, 0, 0, 0, 0, 0, 0, 0, 0, 0, 162, 0, 0, 0, 5, 9, 176
"c:\Users\brian\Desktop\Code\My Game\build\_deps\glm-src\doc\api\a00946.html", "HTML", 0, 0, 0, 0, 0, 0, 0, 0, 0, 0, 156, 0, 0, 0, 5, 9, 170
"c:\Users\brian\Desktop\Code\My Game\build\_deps\glm-src\doc\api\a00947.html", "HTML", 0, 0, 0, 0, 0, 0, 0, 0, 0, 0, 72, 0, 0, 0, 5, 3, 80
"c:\Users\brian\Desktop\Code\My Game\build\_deps\glm-src\doc\api\a00948.html", "HTML", 0, 0, 0, 0, 0, 0, 0, 0, 0, 0, 316, 0, 0, 0, 5, 31, 352
"c:\Users\brian\Desktop\Code\My Game\build\_deps\glm-src\doc\api\a00949.html", "HTML", 0, 0, 0, 0, 0, 0, 0, 0, 0, 0, 422, 0, 0, 0, 5, 21, 448
"c:\Users\brian\Desktop\Code\My Game\build\_deps\glm-src\doc\api\a00950.html", "HTML", 0, 0, 0, 0, 0, 0, 0, 0, 0, 0, 74, 0, 0, 0, 5, 3, 82
"c:\Users\brian\Desktop\Code\My Game\build\_deps\glm-src\doc\api\a00951.html", "HTML", 0, 0, 0, 0, 0, 0, 0, 0, 0, 0, 73, 0, 0, 0, 5, 3, 81
"c:\Users\brian\Desktop\Code\My Game\build\_deps\glm-src\doc\api\a00952.html", "HTML", 0, 0, 0, 0, 0, 0, 0, 0, 0, 0, 144, 0, 0, 0, 5, 9, 158
"c:\Users\brian\Desktop\Code\My Game\build\_deps\glm-src\doc\api\a00953.html", "HTML", 0, 0, 0, 0, 0, 0, 0, 0, 0, 0, 124, 0, 0, 0, 5, 9, 138
"c:\Users\brian\Desktop\Code\My Game\build\_deps\glm-src\doc\api\a00954.html", "HTML", 0, 0, 0, 0, 0, 0, 0, 0, 0, 0, 136, 0, 0, 0, 5, 6, 147
"c:\Users\brian\Desktop\Code\My Game\build\_deps\glm-src\doc\api\a00955.html", "HTML", 0, 0, 0, 0, 0, 0, 0, 0, 0, 0, 202, 0, 0, 0, 5, 15, 222
"c:\Users\brian\Desktop\Code\My Game\build\_deps\glm-src\doc\api\a00956.html", "HTML", 0, 0, 0, 0, 0, 0, 0, 0, 0, 0, 210, 0, 0, 0, 5, 15, 230
"c:\Users\brian\Desktop\Code\My Game\build\_deps\glm-src\doc\api\a00957.html", "HTML", 0, 0, 0, 0, 0, 0, 0, 0, 0, 0, 440, 0, 0, 0, 5, 39, 484
"c:\Users\brian\Desktop\Code\My Game\build\_deps\glm-src\doc\api\a00958.html", "HTML", 0, 0, 0, 0, 0, 0, 0, 0, 0, 0, 344, 0, 0, 0, 5, 39, 388
"c:\Users\brian\Desktop\Code\My Game\build\_deps\glm-src\doc\api\a00959.html", "HTML", 0, 0, 0, 0, 0, 0, 0, 0, 0, 0, 336, 0, 0, 0, 5, 27, 368
"c:\Users\brian\Desktop\Code\My Game\build\_deps\glm-src\doc\api\a00960.html", "HTML", 0, 0, 0, 0, 0, 0, 0, 0, 0, 0, 270, 0, 0, 0, 5, 18, 293
"c:\Users\brian\Desktop\Code\My Game\build\_deps\glm-src\doc\api\a00961.html", "HTML", 0, 0, 0, 0, 0, 0, 0, 0, 0, 0, 84, 0, 0, 0, 5, 3, 92
"c:\Users\brian\Desktop\Code\My Game\build\_deps\glm-src\doc\api\a00962.html", "HTML", 0, 0, 0, 0, 0, 0, 0, 0, 0, 0, 366, 0, 0, 0, 5, 33, 404
"c:\Users\brian\Desktop\Code\My Game\build\_deps\glm-src\doc\api\a00963.html", "HTML", 0, 0, 0, 0, 0, 0, 0, 0, 0, 0, 118, 0, 0, 0, 5, 6, 129
"c:\Users\brian\Desktop\Code\My Game\build\_deps\glm-src\doc\api\a00964.html", "HTML", 0, 0, 0, 0, 0, 0, 0, 0, 0, 0, 146, 0, 0, 0, 5, 9, 160
"c:\Users\brian\Desktop\Code\My Game\build\_deps\glm-src\doc\api\a00965.html", "HTML", 0, 0, 0, 0, 0, 0, 0, 0, 0, 0, 95, 0, 0, 0, 5, 3, 103
"c:\Users\brian\Desktop\Code\My Game\build\_deps\glm-src\doc\api\a00966.html", "HTML", 0, 0, 0, 0, 0, 0, 0, 0, 0, 0, 146, 0, 0, 0, 5, 12, 163
"c:\Users\brian\Desktop\Code\My Game\build\_deps\glm-src\doc\api\a00967.html", "HTML", 0, 0, 0, 0, 0, 0, 0, 0, 0, 0, 134, 0, 0, 0, 5, 9, 148
"c:\Users\brian\Desktop\Code\My Game\build\_deps\glm-src\doc\api\a00968.html", "HTML", 0, 0, 0, 0, 0, 0, 0, 0, 0, 0, 338, 0, 0, 0, 5, 21, 364
"c:\Users\brian\Desktop\Code\My Game\build\_deps\glm-src\doc\api\a00969.html", "HTML", 0, 0, 0, 0, 0, 0, 0, 0, 0, 0, 112, 0, 0, 0, 5, 6, 123
"c:\Users\brian\Desktop\Code\My Game\build\_deps\glm-src\doc\api\a00970.html", "HTML", 0, 0, 0, 0, 0, 0, 0, 0, 0, 0, 124, 0, 0, 0, 5, 9, 138
"c:\Users\brian\Desktop\Code\My Game\build\_deps\glm-src\doc\api\a00971.html", "HTML", 0, 0, 0, 0, 0, 0, 0, 0, 0, 0, 119, 0, 0, 0, 5, 6, 130
"c:\Users\brian\Desktop\Code\My Game\build\_deps\glm-src\doc\api\a00972.html", "HTML", 0, 0, 0, 0, 0, 0, 0, 0, 0, 0, 575, 0, 0, 0, 5, 59, 639
"c:\Users\brian\Desktop\Code\My Game\build\_deps\glm-src\doc\api\a00973.html", "HTML", 0, 0, 0, 0, 0, 0, 0, 0, 0, 0, 73, 0, 0, 0, 5, 3, 81
"c:\Users\brian\Desktop\Code\My Game\build\_deps\glm-src\doc\api\a00974.html", "HTML", 0, 0, 0, 0, 0, 0, 0, 0, 0, 0, 152, 0, 0, 0, 5, 19, 176
"c:\Users\brian\Desktop\Code\My Game\build\_deps\glm-src\doc\api\a00975.html", "HTML", 0, 0, 0, 0, 0, 0, 0, 0, 0, 0, 184, 0, 0, 0, 5, 9, 198
"c:\Users\brian\Desktop\Code\My Game\build\_deps\glm-src\doc\api\a00976.html", "HTML", 0, 0, 0, 0, 0, 0, 0, 0, 0, 0, 458, 0, 0, 0, 5, 36, 499
"c:\Users\brian\Desktop\Code\My Game\build\_deps\glm-src\doc\api\a00977.html", "HTML", 0, 0, 0, 0, 0, 0, 0, 0, 0, 0, 74, 0, 0, 0, 5, 3, 82
"c:\Users\brian\Desktop\Code\My Game\build\_deps\glm-src\doc\api\a00978.html", "HTML", 0, 0, 0, 0, 0, 0, 0, 0, 0, 0, 72, 0, 0, 0, 5, 3, 80
"c:\Users\brian\Desktop\Code\My Game\build\_deps\glm-src\doc\api\a00979.html", "HTML", 0, 0, 0, 0, 0, 0, 0, 0, 0, 0, 230, 0, 0, 0, 5, 12, 247
"c:\Users\brian\Desktop\Code\My Game\build\_deps\glm-src\doc\api\a00980.html", "HTML", 0, 0, 0, 0, 0, 0, 0, 0, 0, 0, 224, 0, 0, 0, 5, 35, 264
"c:\Users\brian\Desktop\Code\My Game\build\_deps\glm-src\doc\api\a00981.html", "HTML", 0, 0, 0, 0, 0, 0, 0, 0, 0, 0, 102, 0, 0, 0, 5, 6, 113
"c:\Users\brian\Desktop\Code\My Game\build\_deps\glm-src\doc\api\a00982.html", "HTML", 0, 0, 0, 0, 0, 0, 0, 0, 0, 0, 72, 0, 0, 0, 5, 3, 80
"c:\Users\brian\Desktop\Code\My Game\build\_deps\glm-src\doc\api\a00983.html", "HTML", 0, 0, 0, 0, 0, 0, 0, 0, 0, 0, 115, 0, 0, 0, 5, 6, 126
"c:\Users\brian\Desktop\Code\My Game\build\_deps\glm-src\doc\api\a00984.html", "HTML", 0, 0, 0, 0, 0, 0, 0, 0, 0, 0, 162, 0, 0, 0, 5, 12, 179
"c:\Users\brian\Desktop\Code\My Game\build\_deps\glm-src\doc\api\a00985.html", "HTML", 0, 0, 0, 0, 0, 0, 0, 0, 0, 0, 359, 0, 0, 0, 5, 27, 391
"c:\Users\brian\Desktop\Code\My Game\build\_deps\glm-src\doc\api\a00986.html", "HTML", 0, 0, 0, 0, 0, 0, 0, 0, 0, 0, 7716, 0, 0, 0, 5, 621, 8342
"c:\Users\brian\Desktop\Code\My Game\build\_deps\glm-src\doc\api\a00987.html", "HTML", 0, 0, 0, 0, 0, 0, 0, 0, 0, 0, 73, 0, 0, 0, 5, 3, 81
"c:\Users\brian\Desktop\Code\My Game\build\_deps\glm-src\doc\api\a00988.html", "HTML", 0, 0, 0, 0, 0, 0, 0, 0, 0, 0, 73, 0, 0, 0, 5, 3, 81
"c:\Users\brian\Desktop\Code\My Game\build\_deps\glm-src\doc\api\a00989.html", "HTML", 0, 0, 0, 0, 0, 0, 0, 0, 0, 0, 182, 0, 0, 0, 5, 12, 199
"c:\Users\brian\Desktop\Code\My Game\build\_deps\glm-src\doc\api\a00990.html", "HTML", 0, 0, 0, 0, 0, 0, 0, 0, 0, 0, 290, 0, 0, 0, 5, 21, 316
"c:\Users\brian\Desktop\Code\My Game\build\_deps\glm-src\doc\api\a00991.html", "HTML", 0, 0, 0, 0, 0, 0, 0, 0, 0, 0, 72, 0, 0, 0, 5, 3, 80
"c:\Users\brian\Desktop\Code\My Game\build\_deps\glm-src\doc\api\a00992.html", "HTML", 0, 0, 0, 0, 0, 0, 0, 0, 0, 0, 603, 0, 0, 0, 5, 42, 650
"c:\Users\brian\Desktop\Code\My Game\build\_deps\glm-src\doc\api\a00993.html", "HTML", 0, 0, 0, 0, 0, 0, 0, 0, 0, 0, 113, 0, 0, 0, 5, 6, 124
"c:\Users\brian\Desktop\Code\My Game\build\_deps\glm-src\doc\api\a00994.html", "HTML", 0, 0, 0, 0, 0, 0, 0, 0, 0, 0, 385, 0, 0, 0, 5, 39, 429
"c:\Users\brian\Desktop\Code\My Game\build\_deps\glm-src\doc\api\a00995.html", "HTML", 0, 0, 0, 0, 0, 0, 0, 0, 0, 0, 581, 0, 0, 0, 5, 49, 635
"c:\Users\brian\Desktop\Code\My Game\build\_deps\glm-src\doc\api\a00996.html", "HTML", 0, 0, 0, 0, 0, 0, 0, 0, 0, 0, 419, 0, 0, 0, 5, 30, 454
"c:\Users\brian\Desktop\Code\My Game\build\_deps\glm-src\doc\api\a01681.html", "HTML", 0, 0, 0, 0, 0, 0, 0, 0, 0, 0, 106, 0, 0, 0, 5, 6, 117
"c:\Users\brian\Desktop\Code\My Game\build\_deps\glm-src\doc\api\a01681_source.html", "HTML", 0, 0, 0, 0, 0, 0, 0, 0, 0, 0, 110, 0, 0, 0, 5, 3, 118
"c:\Users\brian\Desktop\Code\My Game\build\_deps\glm-src\doc\api\a01684.html", "HTML", 0, 0, 0, 0, 0, 0, 0, 0, 0, 0, 111, 0, 0, 0, 5, 6, 122
"c:\Users\brian\Desktop\Code\My Game\build\_deps\glm-src\doc\api\a01684_source.html", "HTML", 0, 0, 0, 0, 0, 0, 0, 0, 0, 0, 122, 0, 0, 0, 5, 3, 130
"c:\Users\brian\Desktop\Code\My Game\build\_deps\glm-src\doc\api\a01687.html", "HTML", 0, 0, 0, 0, 0, 0, 0, 0, 0, 0, 103, 0, 0, 0, 5, 6, 114
"c:\Users\brian\Desktop\Code\My Game\build\_deps\glm-src\doc\api\a01687_source.html", "HTML", 0, 0, 0, 0, 0, 0, 0, 0, 0, 0, 111, 0, 0, 0, 5, 3, 119
"c:\Users\brian\Desktop\Code\My Game\build\_deps\glm-src\doc\api\a01690.html", "HTML", 0, 0, 0, 0, 0, 0, 0, 0, 0, 0, 93, 0, 0, 0, 5, 6, 104
"c:\Users\brian\Desktop\Code\My Game\build\_deps\glm-src\doc\api\a01690_source.html", "HTML", 0, 0, 0, 0, 0, 0, 0, 0, 0, 0, 101, 0, 0, 0, 5, 3, 109
"c:\Users\brian\Desktop\Code\My Game\build\_deps\glm-src\doc\api\a01693.html", "HTML", 0, 0, 0, 0, 0, 0, 0, 0, 0, 0, 123, 0, 0, 0, 5, 6, 134
"c:\Users\brian\Desktop\Code\My Game\build\_deps\glm-src\doc\api\a01693_source.html", "HTML", 0, 0, 0, 0, 0, 0, 0, 0, 0, 0, 121, 0, 0, 0, 5, 3, 129
"c:\Users\brian\Desktop\Code\My Game\build\_deps\glm-src\doc\api\a01696.html", "HTML", 0, 0, 0, 0, 0, 0, 0, 0, 0, 0, 102, 0, 0, 0, 5, 6, 113
"c:\Users\brian\Desktop\Code\My Game\build\_deps\glm-src\doc\api\a01696_source.html", "HTML", 0, 0, 0, 0, 0, 0, 0, 0, 0, 0, 109, 0, 0, 0, 5, 3, 117
"c:\Users\brian\Desktop\Code\My Game\build\_deps\glm-src\doc\api\a01699.html", "HTML", 0, 0, 0, 0, 0, 0, 0, 0, 0, 0, 141, 0, 0, 0, 5, 6, 152
"c:\Users\brian\Desktop\Code\My Game\build\_deps\glm-src\doc\api\a01699_source.html", "HTML", 0, 0, 0, 0, 0, 0, 0, 0, 0, 0, 397, 0, 0, 0, 5, 3, 405
"c:\Users\brian\Desktop\Code\My Game\build\_deps\glm-src\doc\api\a01702.html", "HTML", 0, 0, 0, 0, 0, 0, 0, 0, 0, 0, 119, 0, 0, 0, 5, 6, 130
"c:\Users\brian\Desktop\Code\My Game\build\_deps\glm-src\doc\api\a01702_source.html", "HTML", 0, 0, 0, 0, 0, 0, 0, 0, 0, 0, 134, 0, 0, 0, 5, 3, 142
"c:\Users\brian\Desktop\Code\My Game\build\_deps\glm-src\doc\api\a01705.html", "HTML", 0, 0, 0, 0, 0, 0, 0, 0, 0, 0, 85, 0, 0, 0, 5, 6, 96
"c:\Users\brian\Desktop\Code\My Game\build\_deps\glm-src\doc\api\a01705_source.html", "HTML", 0, 0, 0, 0, 0, 0, 0, 0, 0, 0, 91, 0, 0, 0, 5, 3, 99
"c:\Users\brian\Desktop\Code\My Game\build\_deps\glm-src\doc\api\a01708.html", "HTML", 0, 0, 0, 0, 0, 0, 0, 0, 0, 0, 305, 0, 0, 0, 5, 6, 316
"c:\Users\brian\Desktop\Code\My Game\build\_deps\glm-src\doc\api\a01708_source.html", "HTML", 0, 0, 0, 0, 0, 0, 0, 0, 0, 0, 335, 0, 0, 0, 5, 3, 343
"c:\Users\brian\Desktop\Code\My Game\build\_deps\glm-src\doc\api\a01711.html", "HTML", 0, 0, 0, 0, 0, 0, 0, 0, 0, 0, 149, 0, 0, 0, 5, 6, 160
"c:\Users\brian\Desktop\Code\My Game\build\_deps\glm-src\doc\api\a01711_source.html", "HTML", 0, 0, 0, 0, 0, 0, 0, 0, 0, 0, 169, 0, 0, 0, 5, 3, 177
"c:\Users\brian\Desktop\Code\My Game\build\_deps\glm-src\doc\api\a01714.html", "HTML", 0, 0, 0, 0, 0, 0, 0, 0, 0, 0, 153, 0, 0, 0, 5, 6, 164
"c:\Users\brian\Desktop\Code\My Game\build\_deps\glm-src\doc\api\a01714_source.html", "HTML", 0, 0, 0, 0, 0, 0, 0, 0, 0, 0, 193, 0, 0, 0, 5, 3, 201
"c:\Users\brian\Desktop\Code\My Game\build\_deps\glm-src\doc\api\a01717.html", "HTML", 0, 0, 0, 0, 0, 0, 0, 0, 0, 0, 102, 0, 0, 0, 5, 6, 113
"c:\Users\brian\Desktop\Code\My Game\build\_deps\glm-src\doc\api\a01717_source.html", "HTML", 0, 0, 0, 0, 0, 0, 0, 0, 0, 0, 105, 0, 0, 0, 5, 3, 113
"c:\Users\brian\Desktop\Code\My Game\build\_deps\glm-src\doc\api\a01720.html", "HTML", 0, 0, 0, 0, 0, 0, 0, 0, 0, 0, 81, 0, 0, 0, 5, 6, 92
"c:\Users\brian\Desktop\Code\My Game\build\_deps\glm-src\doc\api\a01720_source.html", "HTML", 0, 0, 0, 0, 0, 0, 0, 0, 0, 0, 94, 0, 0, 0, 5, 3, 102
"c:\Users\brian\Desktop\Code\My Game\build\_deps\glm-src\doc\api\a01723.html", "HTML", 0, 0, 0, 0, 0, 0, 0, 0, 0, 0, 1559, 0, 0, 0, 5, 6, 1570
"c:\Users\brian\Desktop\Code\My Game\build\_deps\glm-src\doc\api\a01723_source.html", "HTML", 0, 0, 0, 0, 0, 0, 0, 0, 0, 0, 1438, 0, 0, 0, 5, 3, 1446
"c:\Users\brian\Desktop\Code\My Game\build\_deps\glm-src\doc\api\a01726.html", "HTML", 0, 0, 0, 0, 0, 0, 0, 0, 0, 0, 707, 0, 0, 0, 5, 6, 718
"c:\Users\brian\Desktop\Code\My Game\build\_deps\glm-src\doc\api\a01726_source.html", "HTML", 0, 0, 0, 0, 0, 0, 0, 0, 0, 0, 822, 0, 0, 0, 5, 3, 830
"c:\Users\brian\Desktop\Code\My Game\build\_deps\glm-src\doc\api\a01729.html", "HTML", 0, 0, 0, 0, 0, 0, 0, 0, 0, 0, 121, 0, 0, 0, 5, 6, 132
"c:\Users\brian\Desktop\Code\My Game\build\_deps\glm-src\doc\api\a01729_source.html", "HTML", 0, 0, 0, 0, 0, 0, 0, 0, 0, 0, 117, 0, 0, 0, 5, 3, 125
"c:\Users\brian\Desktop\Code\My Game\build\_deps\glm-src\doc\api\dir_033f5edb0915b828d2c46ed4804e5503.html", "HTML", 0, 0, 0, 0, 0, 0, 0, 0, 0, 0, -157, 0, 0, 0, -5, -3, -165
"c:\Users\brian\Desktop\Code\My Game\build\_deps\glm-src\doc\api\dir_382f4fd018b81be8753cb53c0a41a09a.html", "HTML", 0, 0, 0, 0, 0, 0, 0, 0, 0, 0, 120, 0, 0, 0, 5, 3, 128
"c:\Users\brian\Desktop\Code\My Game\build\_deps\glm-src\doc\api\dir_3a581ba30d25676e4b797b1f96d53b45.html", "HTML", 0, 0, 0, 0, 0, 0, 0, 0, 0, 0, -93, 0, 0, 0, -5, -3, -101
"c:\Users\brian\Desktop\Code\My Game\build\_deps\glm-src\doc\api\dir_44e5e654415abd9ca6fdeaddaff8565e.html", "HTML", 0, 0, 0, 0, 0, 0, 0, 0, 0, 0, -95, 0, 0, 0, -5, -3, -103
"c:\Users\brian\Desktop\Code\My Game\build\_deps\glm-src\doc\api\dir_4c6bd29c73fa4e5a2509e1c15f846751.html", "HTML", 0, 0, 0, 0, 0, 0, 0, 0, 0, 0, -151, 0, 0, 0, -5, -3, -159
"c:\Users\brian\Desktop\Code\My Game\build\_deps\glm-src\doc\api\dir_50f12b6ceb23d7f6adfb377a1ae8b006.html", "HTML", 0, 0, 0, 0, 0, 0, 0, 0, 0, 0, 78, 0, 0, 0, 5, 3, 86
"c:\Users\brian\Desktop\Code\My Game\build\_deps\glm-src\doc\api\dir_5189610d3ba09ec39b766fb99b34cd93.html", "HTML", 0, 0, 0, 0, 0, 0, 0, 0, 0, 0, -93, 0, 0, 0, -5, -3, -101
"c:\Users\brian\Desktop\Code\My Game\build\_deps\glm-src\doc\api\dir_628fd60eb37daf5aa9a81e3983c640b7.html", "HTML", 0, 0, 0, 0, 0, 0, 0, 0, 0, 0, 276, 0, 0, 0, 5, 3, 284
"c:\Users\brian\Desktop\Code\My Game\build\_deps\glm-src\doc\api\dir_63ed049134a778d525e06b63afc2c979.html", "HTML", 0, 0, 0, 0, 0, 0, 0, 0, 0, 0, 74, 0, 0, 0, 5, 3, 82
"c:\Users\brian\Desktop\Code\My Game\build\_deps\glm-src\doc\api\dir_6b66465792d005310484819a0eb0b0d3.html", "HTML", 0, 0, 0, 0, 0, 0, 0, 0, 0, 0, -396, 0, 0, 0, -5, -3, -404
"c:\Users\brian\Desktop\Code\My Game\build\_deps\glm-src\doc\api\dir_885cc87fac2d91e269af0a5a959fa5f6.html", "HTML", 0, 0, 0, 0, 0, 0, 0, 0, 0, 0, 74, 0, 0, 0, 5, 3, 82
"c:\Users\brian\Desktop\Code\My Game\build\_deps\glm-src\doc\api\dir_9e5fe034a00e89334fd5186c3e7db156.html", "HTML", 0, 0, 0, 0, 0, 0, 0, 0, 0, 0, -93, 0, 0, 0, -5, -3, -101
"c:\Users\brian\Desktop\Code\My Game\build\_deps\glm-src\doc\api\dir_a8bee7be44182a33f3820393ae0b105d.html", "HTML", 0, 0, 0, 0, 0, 0, 0, 0, 0, 0, -93, 0, 0, 0, -5, -3, -101
"c:\Users\brian\Desktop\Code\My Game\build\_deps\glm-src\doc\api\dir_b11711034def6a4ce452fe9c451dd3d0.html", "HTML", 0, 0, 0, 0, 0, 0, 0, 0, 0, 0, 74, 0, 0, 0, 5, 3, 82
"c:\Users\brian\Desktop\Code\My Game\build\_deps\glm-src\doc\api\dir_b171cecbb853a9ee4caace490047c53f.html", "HTML", 0, 0, 0, 0, 0, 0, 0, 0, 0, 0, 498, 0, 0, 0, 5, 3, 506
"c:\Users\brian\Desktop\Code\My Game\build\_deps\glm-src\doc\api\dir_c98a9ac98258ab9f831b188d66361a70.html", "HTML", 0, 0, 0, 0, 0, 0, 0, 0, 0, 0, 74, 0, 0, 0, 5, 3, 82
"c:\Users\brian\Desktop\Code\My Game\build\_deps\glm-src\doc\api\dir_cef2d71d502cb69a9252bca2297d9549.html", "HTML", 0, 0, 0, 0, 0, 0, 0, 0, 0, 0, -170, 0, 0, 0, -5, -3, -178
"c:\Users\brian\Desktop\Code\My Game\build\_deps\glm-src\doc\api\dir_d9496f0844b48bc7e53b5af8c99b9ab2.html", "HTML", 0, 0, 0, 0, 0, 0, 0, 0, 0, 0, -93, 0, 0, 0, -5, -3, -101
"c:\Users\brian\Desktop\Code\My Game\build\_deps\glm-src\doc\api\dir_d9678a6a9012da969e0b059b39347945.html", "HTML", 0, 0, 0, 0, 0, 0, 0, 0, 0, 0, 138, 0, 0, 0, 5, 3, 146
"c:\Users\brian\Desktop\Code\My Game\build\_deps\glm-src\doc\api\dir_f35778ec600a1b9bbc4524e62e226aa2.html", "HTML", 0, 0, 0, 0, 0, 0, 0, 0, 0, 0, -280, 0, 0, 0, -5, -3, -288
"c:\Users\brian\Desktop\Code\My Game\build\_deps\glm-src\doc\api\dir_fca33f1b5115d46f42c670590789c0d2.html", "HTML", 0, 0, 0, 0, 0, 0, 0, 0, 0, 0, 143, 0, 0, 0, 5, 3, 151
"c:\Users\brian\Desktop\Code\My Game\build\_deps\glm-src\doc\api\dynsections.js", "JavaScript", 0, 0, 0, 0, 0, 0, 0, 0, 0, 0, 0, 0, 0, 0, 25, -1, 24
"c:\Users\brian\Desktop\Code\My Game\build\_deps\glm-src\doc\api\files.html", "HTML", 0, 0, 0, 0, 0, 0, 0, 0, 0, 0, 28, 0, 0, 0, 0, 0, 28
"c:\Users\brian\Desktop\Code\My Game\build\_deps\glm-src\doc\api\index.html", "HTML", 0, 0, 0, 0, 0, 0, 0, 0, 0, 0, -12, 0, 0, 0, 0, 0, -12
"c:\Users\brian\Desktop\Code\My Game\build\_deps\glm-src\doc\api\jquery.js", "JavaScript", 0, 0, 0, 0, 0, 0, 0, 0, 0, 0, 0, -25, 0, 0, -9, 1, -33
"c:\Users\brian\Desktop\Code\My Game\build\_deps\glm-src\doc\api\menu.js", "JavaScript", 0, 0, 0, 0, 0, 0, 0, 0, 0, 0, 0, 25, 0, 0, 25, 2, 52
"c:\Users\brian\Desktop\Code\My Game\build\_deps\glm-src\doc\api\menudata.js", "JavaScript", 0, 0, 0, 0, 0, 0, 0, 0, 0, 0, 0, 5, 0, 0, 24, 1, 30
"c:\Users\brian\Desktop\Code\My Game\build\_deps\glm-src\doc\api\modules.html", "HTML", 0, 0, 0, 0, 0, 0, 0, 0, 0, 0, 38, 0, 0, 0, 0, 0, 38
"c:\Users\brian\Desktop\Code\My Game\build\_deps\glm-src\doc\api\search\all_0.html", "HTML", 0, 0, 0, 0, 0, 0, 0, 0, 0, 0, 10, 0, 0, 0, 0, 0, 10
"c:\Users\brian\Desktop\Code\My Game\build\_deps\glm-src\doc\api\search\all_0.js", "JavaScript", 0, 0, 0, 0, 0, 0, 0, 0, 0, 0, 0, 8, 0, 0, 0, 0, 8
"c:\Users\brian\Desktop\Code\My Game\build\_deps\glm-src\doc\api\search\all_1.html", "HTML", 0, 0, 0, 0, 0, 0, 0, 0, 0, 0, 10, 0, 0, 0, 0, 0, 10
"c:\Users\brian\Desktop\Code\My Game\build\_deps\glm-src\doc\api\search\all_10.html", "HTML", 0, 0, 0, 0, 0, 0, 0, 0, 0, 0, 10, 0, 0, 0, 0, 0, 10
"c:\Users\brian\Desktop\Code\My Game\build\_deps\glm-src\doc\api\search\all_10.js", "JavaScript", 0, 0, 0, 0, 0, 0, 0, 0, 0, 0, 0, 5, 0, 0, 0, 0, 5
"c:\Users\brian\Desktop\Code\My Game\build\_deps\glm-src\doc\api\search\all_11.html", "HTML", 0, 0, 0, 0, 0, 0, 0, 0, 0, 0, 10, 0, 0, 0, 0, 0, 10
"c:\Users\brian\Desktop\Code\My Game\build\_deps\glm-src\doc\api\search\all_11.js", "JavaScript", 0, 0, 0, 0, 0, 0, 0, 0, 0, 0, 0, 1, 0, 0, 0, 0, 1
"c:\Users\brian\Desktop\Code\My Game\build\_deps\glm-src\doc\api\search\all_12.html", "HTML", 0, 0, 0, 0, 0, 0, 0, 0, 0, 0, 10, 0, 0, 0, 0, 0, 10
"c:\Users\brian\Desktop\Code\My Game\build\_deps\glm-src\doc\api\search\all_12.js", "JavaScript", 0, 0, 0, 0, 0, 0, 0, 0, 0, 0, 0, 48, 0, 0, 0, 0, 48
"c:\Users\brian\Desktop\Code\My Game\build\_deps\glm-src\doc\api\search\all_13.html", "HTML", 0, 0, 0, 0, 0, 0, 0, 0, 0, 0, 10, 0, 0, 0, 0, 0, 10
"c:\Users\brian\Desktop\Code\My Game\build\_deps\glm-src\doc\api\search\all_13.js", "JavaScript", 0, 0, 0, 0, 0, 0, 0, 0, 0, 0, 0, 2, 0, 0, 0, 0, 2
"c:\Users\brian\Desktop\Code\My Game\build\_deps\glm-src\doc\api\search\all_14.html", "HTML", 0, 0, 0, 0, 0, 0, 0, 0, 0, 0, 10, 0, 0, 0, 0, 0, 10
"c:\Users\brian\Desktop\Code\My Game\build\_deps\glm-src\doc\api\search\all_15.html", "HTML", 0, 0, 0, 0, 0, 0, 0, 0, 0, 0, 10, 0, 0, 0, 0, 0, 10
"c:\Users\brian\Desktop\Code\My Game\build\_deps\glm-src\doc\api\search\all_16.html", "HTML", 0, 0, 0, 0, 0, 0, 0, 0, 0, 0, 10, 0, 0, 0, 0, 0, 10
"c:\Users\brian\Desktop\Code\My Game\build\_deps\glm-src\doc\api\search\all_2.html", "HTML", 0, 0, 0, 0, 0, 0, 0, 0, 0, 0, 10, 0, 0, 0, 0, 0, 10
"c:\Users\brian\Desktop\Code\My Game\build\_deps\glm-src\doc\api\search\all_2.js", "JavaScript", 0, 0, 0, 0, 0, 0, 0, 0, 0, 0, 0, 2, 0, 0, 0, 0, 2
"c:\Users\brian\Desktop\Code\My Game\build\_deps\glm-src\doc\api\search\all_3.html", "HTML", 0, 0, 0, 0, 0, 0, 0, 0, 0, 0, 10, 0, 0, 0, 0, 0, 10
"c:\Users\brian\Desktop\Code\My Game\build\_deps\glm-src\doc\api\search\all_4.html", "HTML", 0, 0, 0, 0, 0, 0, 0, 0, 0, 0, 10, 0, 0, 0, 0, 0, 10
"c:\Users\brian\Desktop\Code\My Game\build\_deps\glm-src\doc\api\search\all_4.js", "JavaScript", 0, 0, 0, 0, 0, 0, 0, 0, 0, 0, 0, 1, 0, 0, 0, 0, 1
"c:\Users\brian\Desktop\Code\My Game\build\_deps\glm-src\doc\api\search\all_5.html", "HTML", 0, 0, 0, 0, 0, 0, 0, 0, 0, 0, 10, 0, 0, 0, 0, 0, 10
"c:\Users\brian\Desktop\Code\My Game\build\_deps\glm-src\doc\api\search\all_5.js", "JavaScript", 0, 0, 0, 0, 0, 0, 0, 0, 0, 0, 0, 5, 0, 0, 0, 0, 5
"c:\Users\brian\Desktop\Code\My Game\build\_deps\glm-src\doc\api\search\all_6.html", "HTML", 0, 0, 0, 0, 0, 0, 0, 0, 0, 0, 10, 0, 0, 0, 0, 0, 10
"c:\Users\brian\Desktop\Code\My Game\build\_deps\glm-src\doc\api\search\all_6.js", "JavaScript", 0, 0, 0, 0, 0, 0, 0, 0, 0, 0, 0, 47, 0, 0, 0, 0, 47
"c:\Users\brian\Desktop\Code\My Game\build\_deps\glm-src\doc\api\search\all_7.html", "HTML", 0, 0, 0, 0, 0, 0, 0, 0, 0, 0, 10, 0, 0, 0, 0, 0, 10
"c:\Users\brian\Desktop\Code\My Game\build\_deps\glm-src\doc\api\search\all_8.html", "HTML", 0, 0, 0, 0, 0, 0, 0, 0, 0, 0, 10, 0, 0, 0, 0, 0, 10
"c:\Users\brian\Desktop\Code\My Game\build\_deps\glm-src\doc\api\search\all_8.js", "JavaScript", 0, 0, 0, 0, 0, 0, 0, 0, 0, 0, 0, 53, 0, 0, 0, 0, 53
"c:\Users\brian\Desktop\Code\My Game\build\_deps\glm-src\doc\api\search\all_9.html", "HTML", 0, 0, 0, 0, 0, 0, 0, 0, 0, 0, 10, 0, 0, 0, 0, 0, 10
"c:\Users\brian\Desktop\Code\My Game\build\_deps\glm-src\doc\api\search\all_a.html", "HTML", 0, 0, 0, 0, 0, 0, 0, 0, 0, 0, 10, 0, 0, 0, 0, 0, 10
"c:\Users\brian\Desktop\Code\My Game\build\_deps\glm-src\doc\api\search\all_a.js", "JavaScript", 0, 0, 0, 0, 0, 0, 0, 0, 0, 0, 0, 33, 0, 0, 0, 0, 33
"c:\Users\brian\Desktop\Code\My Game\build\_deps\glm-src\doc\api\search\all_b.html", "HTML", 0, 0, 0, 0, 0, 0, 0, 0, 0, 0, 10, 0, 0, 0, 0, 0, 10
"c:\Users\brian\Desktop\Code\My Game\build\_deps\glm-src\doc\api\search\all_b.js", "JavaScript", 0, 0, 0, 0, 0, 0, 0, 0, 0, 0, 0, 2, 0, 0, 0, 0, 2
"c:\Users\brian\Desktop\Code\My Game\build\_deps\glm-src\doc\api\search\all_c.html", "HTML", 0, 0, 0, 0, 0, 0, 0, 0, 0, 0, 10, 0, 0, 0, 0, 0, 10
"c:\Users\brian\Desktop\Code\My Game\build\_deps\glm-src\doc\api\search\all_d.html", "HTML", 0, 0, 0, 0, 0, 0, 0, 0, 0, 0, 10, 0, 0, 0, 0, 0, 10
"c:\Users\brian\Desktop\Code\My Game\build\_deps\glm-src\doc\api\search\all_d.js", "JavaScript", 0, 0, 0, 0, 0, 0, 0, 0, 0, 0, 0, 11, 0, 0, 0, 0, 11
"c:\Users\brian\Desktop\Code\My Game\build\_deps\glm-src\doc\api\search\all_e.html", "HTML", 0, 0, 0, 0, 0, 0, 0, 0, 0, 0, 10, 0, 0, 0, 0, 0, 10
"c:\Users\brian\Desktop\Code\My Game\build\_deps\glm-src\doc\api\search\all_f.html", "HTML", 0, 0, 0, 0, 0, 0, 0, 0, 0, 0, 10, 0, 0, 0, 0, 0, 10
"c:\Users\brian\Desktop\Code\My Game\build\_deps\glm-src\doc\api\search\files_0.html", "HTML", 0, 0, 0, 0, 0, 0, 0, 0, 0, 0, 10, 0, 0, 0, 0, 0, 10
"c:\Users\brian\Desktop\Code\My Game\build\_deps\glm-src\doc\api\search\files_1.html", "HTML", 0, 0, 0, 0, 0, 0, 0, 0, 0, 0, 10, 0, 0, 0, 0, 0, 10
"c:\Users\brian\Desktop\Code\My Game\build\_deps\glm-src\doc\api\search\files_10.html", "HTML", 0, 0, 0, 0, 0, 0, 0, 0, 0, 0, 10, 0, 0, 0, 0, 0, 10
"c:\Users\brian\Desktop\Code\My Game\build\_deps\glm-src\doc\api\search\files_10.js", "JavaScript", 0, 0, 0, 0, 0, 0, 0, 0, 0, 0, 0, 3, 0, 0, 0, 0, 3
"c:\Users\brian\Desktop\Code\My Game\build\_deps\glm-src\doc\api\search\files_11.html", "HTML", 0, 0, 0, 0, 0, 0, 0, 0, 0, 0, 10, 0, 0, 0, 0, 0, 10
"c:\Users\brian\Desktop\Code\My Game\build\_deps\glm-src\doc\api\search\files_12.html", "HTML", 0, 0, 0, 0, 0, 0, 0, 0, 0, 0, 10, 0, 0, 0, 0, 0, 10
"c:\Users\brian\Desktop\Code\My Game\build\_deps\glm-src\doc\api\search\files_13.html", "HTML", 0, 0, 0, 0, 0, 0, 0, 0, 0, 0, 10, 0, 0, 0, 0, 0, 10
"c:\Users\brian\Desktop\Code\My Game\build\_deps\glm-src\doc\api\search\files_13.js", "JavaScript", 0, 0, 0, 0, 0, 0, 0, 0, 0, 0, 0, 2, 0, 0, 0, 0, 2
"c:\Users\brian\Desktop\Code\My Game\build\_deps\glm-src\doc\api\search\files_14.html", "HTML", 0, 0, 0, 0, 0, 0, 0, 0, 0, 0, 10, 0, 0, 0, 0, 0, 10
"c:\Users\brian\Desktop\Code\My Game\build\_deps\glm-src\doc\api\search\files_2.html", "HTML", 0, 0, 0, 0, 0, 0, 0, 0, 0, 0, 10, 0, 0, 0, 0, 0, 10
"c:\Users\brian\Desktop\Code\My Game\build\_deps\glm-src\doc\api\search\files_3.html", "HTML", 0, 0, 0, 0, 0, 0, 0, 0, 0, 0, 10, 0, 0, 0, 0, 0, 10
"c:\Users\brian\Desktop\Code\My Game\build\_deps\glm-src\doc\api\search\files_4.html", "HTML", 0, 0, 0, 0, 0, 0, 0, 0, 0, 0, 10, 0, 0, 0, 0, 0, 10
"c:\Users\brian\Desktop\Code\My Game\build\_deps\glm-src\doc\api\search\files_4.js", "JavaScript", 0, 0, 0, 0, 0, 0, 0, 0, 0, 0, 0, 1, 0, 0, 0, 0, 1
"c:\Users\brian\Desktop\Code\My Game\build\_deps\glm-src\doc\api\search\files_5.html", "HTML", 0, 0, 0, 0, 0, 0, 0, 0, 0, 0, 10, 0, 0, 0, 0, 0, 10
"c:\Users\brian\Desktop\Code\My Game\build\_deps\glm-src\doc\api\search\files_6.html", "HTML", 0, 0, 0, 0, 0, 0, 0, 0, 0, 0, 10, 0, 0, 0, 0, 0, 10
"c:\Users\brian\Desktop\Code\My Game\build\_deps\glm-src\doc\api\search\files_6.js", "JavaScript", 0, 0, 0, 0, 0, 0, 0, 0, 0, 0, 0, -4, 0, 0, 0, 0, -4
"c:\Users\brian\Desktop\Code\My Game\build\_deps\glm-src\doc\api\search\files_7.html", "HTML", 0, 0, 0, 0, 0, 0, 0, 0, 0, 0, 10, 0, 0, 0, 0, 0, 10
"c:\Users\brian\Desktop\Code\My Game\build\_deps\glm-src\doc\api\search\files_8.html", "HTML", 0, 0, 0, 0, 0, 0, 0, 0, 0, 0, 10, 0, 0, 0, 0, 0, 10
"c:\Users\brian\Desktop\Code\My Game\build\_deps\glm-src\doc\api\search\files_8.js", "JavaScript", 0, 0, 0, 0, 0, 0, 0, 0, 0, 0, 0, 1, 0, 0, 0, 0, 1
"c:\Users\brian\Desktop\Code\My Game\build\_deps\glm-src\doc\api\search\files_9.html", "HTML", 0, 0, 0, 0, 0, 0, 0, 0, 0, 0, 10, 0, 0, 0, 0, 0, 10
"c:\Users\brian\Desktop\Code\My Game\build\_deps\glm-src\doc\api\search\files_a.html", "HTML", 0, 0, 0, 0, 0, 0, 0, 0, 0, 0, 10, 0, 0, 0, 0, 0, 10
"c:\Users\brian\Desktop\Code\My Game\build\_deps\glm-src\doc\api\search\files_a.js", "JavaScript", 0, 0, 0, 0, 0, 0, 0, 0, 0, 0, 0, 33, 0, 0, 0, 0, 33
"c:\Users\brian\Desktop\Code\My Game\build\_deps\glm-src\doc\api\search\files_b.html", "HTML", 0, 0, 0, 0, 0, 0, 0, 0, 0, 0, 10, 0, 0, 0, 0, 0, 10
"c:\Users\brian\Desktop\Code\My Game\build\_deps\glm-src\doc\api\search\files_c.html", "HTML", 0, 0, 0, 0, 0, 0, 0, 0, 0, 0, 10, 0, 0, 0, 0, 0, 10
"c:\Users\brian\Desktop\Code\My Game\build\_deps\glm-src\doc\api\search\files_d.html", "HTML", 0, 0, 0, 0, 0, 0, 0, 0, 0, 0, 10, 0, 0, 0, 0, 0, 10
"c:\Users\brian\Desktop\Code\My Game\build\_deps\glm-src\doc\api\search\files_d.js", "JavaScript", 0, 0, 0, 0, 0, 0, 0, 0, 0, 0, 0, 1, 0, 0, 0, 0, 1
"c:\Users\brian\Desktop\Code\My Game\build\_deps\glm-src\doc\api\search\files_e.html", "HTML", 0, 0, 0, 0, 0, 0, 0, 0, 0, 0, 10, 0, 0, 0, 0, 0, 10
"c:\Users\brian\Desktop\Code\My Game\build\_deps\glm-src\doc\api\search\files_f.html", "HTML", 0, 0, 0, 0, 0, 0, 0, 0, 0, 0, 10, 0, 0, 0, 0, 0, 10
"c:\Users\brian\Desktop\Code\My Game\build\_deps\glm-src\doc\api\search\functions_0.html", "HTML", 0, 0, 0, 0, 0, 0, 0, 0, 0, 0, 10, 0, 0, 0, 0, 0, 10
"c:\Users\brian\Desktop\Code\My Game\build\_deps\glm-src\doc\api\search\functions_1.html", "HTML", 0, 0, 0, 0, 0, 0, 0, 0, 0, 0, 10, 0, 0, 0, 0, 0, 10
"c:\Users\brian\Desktop\Code\My Game\build\_deps\glm-src\doc\api\search\functions_10.html", "HTML", 0, 0, 0, 0, 0, 0, 0, 0, 0, 0, 10, 0, 0, 0, 0, 0, 10
"c:\Users\brian\Desktop\Code\My Game\build\_deps\glm-src\doc\api\search\functions_10.js", "JavaScript", 0, 0, 0, 0, 0, 0, 0, 0, 0, 0, 0, 2, 0, 0, 0, 0, 2
"c:\Users\brian\Desktop\Code\My Game\build\_deps\glm-src\doc\api\search\functions_11.html", "HTML", 0, 0, 0, 0, 0, 0, 0, 0, 0, 0, 10, 0, 0, 0, 0, 0, 10
"c:\Users\brian\Desktop\Code\My Game\build\_deps\glm-src\doc\api\search\functions_11.js", "JavaScript", 0, 0, 0, 0, 0, 0, 0, 0, 0, 0, 0, 1, 0, 0, 0, 0, 1
"c:\Users\brian\Desktop\Code\My Game\build\_deps\glm-src\doc\api\search\functions_12.html", "HTML", 0, 0, 0, 0, 0, 0, 0, 0, 0, 0, 10, 0, 0, 0, 0, 0, 10
"c:\Users\brian\Desktop\Code\My Game\build\_deps\glm-src\doc\api\search\functions_13.html", "HTML", 0, 0, 0, 0, 0, 0, 0, 0, 0, 0, 10, 0, 0, 0, 0, 0, 10
"c:\Users\brian\Desktop\Code\My Game\build\_deps\glm-src\doc\api\search\functions_14.html", "HTML", 0, 0, 0, 0, 0, 0, 0, 0, 0, 0, 10, 0, 0, 0, 0, 0, 10
"c:\Users\brian\Desktop\Code\My Game\build\_deps\glm-src\doc\api\search\functions_15.html", "HTML", 0, 0, 0, 0, 0, 0, 0, 0, 0, 0, 10, 0, 0, 0, 0, 0, 10
"c:\Users\brian\Desktop\Code\My Game\build\_deps\glm-src\doc\api\search\functions_16.html", "HTML", 0, 0, 0, 0, 0, 0, 0, 0, 0, 0, 10, 0, 0, 0, 0, 0, 10
"c:\Users\brian\Desktop\Code\My Game\build\_deps\glm-src\doc\api\search\functions_2.html", "HTML", 0, 0, 0, 0, 0, 0, 0, 0, 0, 0, 10, 0, 0, 0, 0, 0, 10
"c:\Users\brian\Desktop\Code\My Game\build\_deps\glm-src\doc\api\search\functions_2.js", "JavaScript", 0, 0, 0, 0, 0, 0, 0, 0, 0, 0, 0, 2, 0, 0, 0, 0, 2
"c:\Users\brian\Desktop\Code\My Game\build\_deps\glm-src\doc\api\search\functions_3.html", "HTML", 0, 0, 0, 0, 0, 0, 0, 0, 0, 0, 10, 0, 0, 0, 0, 0, 10
"c:\Users\brian\Desktop\Code\My Game\build\_deps\glm-src\doc\api\search\functions_4.html", "HTML", 0, 0, 0, 0, 0, 0, 0, 0, 0, 0, 10, 0, 0, 0, 0, 0, 10
"c:\Users\brian\Desktop\Code\My Game\build\_deps\glm-src\doc\api\search\functions_5.html", "HTML", 0, 0, 0, 0, 0, 0, 0, 0, 0, 0, 10, 0, 0, 0, 0, 0, 10
"c:\Users\brian\Desktop\Code\My Game\build\_deps\glm-src\doc\api\search\functions_5.js", "JavaScript", 0, 0, 0, 0, 0, 0, 0, 0, 0, 0, 0, 5, 0, 0, 0, 0, 5
"c:\Users\brian\Desktop\Code\My Game\build\_deps\glm-src\doc\api\search\functions_6.html", "HTML", 0, 0, 0, 0, 0, 0, 0, 0, 0, 0, 10, 0, 0, 0, 0, 0, 10
"c:\Users\brian\Desktop\Code\My Game\build\_deps\glm-src\doc\api\search\functions_7.html", "HTML", 0, 0, 0, 0, 0, 0, 0, 0, 0, 0, 10, 0, 0, 0, 0, 0, 10
"c:\Users\brian\Desktop\Code\My Game\build\_deps\glm-src\doc\api\search\functions_8.html", "HTML", 0, 0, 0, 0, 0, 0, 0, 0, 0, 0, 10, 0, 0, 0, 0, 0, 10
"c:\Users\brian\Desktop\Code\My Game\build\_deps\glm-src\doc\api\search\functions_8.js", "JavaScript", 0, 0, 0, 0, 0, 0, 0, 0, 0, 0, 0, 4, 0, 0, 0, 0, 4
"c:\Users\brian\Desktop\Code\My Game\build\_deps\glm-src\doc\api\search\functions_9.html", "HTML", 0, 0, 0, 0, 0, 0, 0, 0, 0, 0, 10, 0, 0, 0, 0, 0, 10
"c:\Users\brian\Desktop\Code\My Game\build\_deps\glm-src\doc\api\search\functions_a.html", "HTML", 0, 0, 0, 0, 0, 0, 0, 0, 0, 0, 10, 0, 0, 0, 0, 0, 10
"c:\Users\brian\Desktop\Code\My Game\build\_deps\glm-src\doc\api\search\functions_b.html", "HTML", 0, 0, 0, 0, 0, 0, 0, 0, 0, 0, 10, 0, 0, 0, 0, 0, 10
"c:\Users\brian\Desktop\Code\My Game\build\_deps\glm-src\doc\api\search\functions_b.js", "JavaScript", 0, 0, 0, 0, 0, 0, 0, 0, 0, 0, 0, 2, 0, 0, 0, 0, 2
"c:\Users\brian\Desktop\Code\My Game\build\_deps\glm-src\doc\api\search\functions_c.html", "HTML", 0, 0, 0, 0, 0, 0, 0, 0, 0, 0, 10, 0, 0, 0, 0, 0, 10
"c:\Users\brian\Desktop\Code\My Game\build\_deps\glm-src\doc\api\search\functions_d.html", "HTML", 0, 0, 0, 0, 0, 0, 0, 0, 0, 0, 10, 0, 0, 0, 0, 0, 10
"c:\Users\brian\Desktop\Code\My Game\build\_deps\glm-src\doc\api\search\functions_d.js", "JavaScript", 0, 0, 0, 0, 0, 0, 0, 0, 0, 0, 0, 2, 0, 0, 0, 0, 2
"c:\Users\brian\Desktop\Code\My Game\build\_deps\glm-src\doc\api\search\functions_e.html", "HTML", 0, 0, 0, 0, 0, 0, 0, 0, 0, 0, 10, 0, 0, 0, 0, 0, 10
"c:\Users\brian\Desktop\Code\My Game\build\_deps\glm-src\doc\api\search\functions_f.html", "HTML", 0, 0, 0, 0, 0, 0, 0, 0, 0, 0, 10, 0, 0, 0, 0, 0, 10
"c:\Users\brian\Desktop\Code\My Game\build\_deps\glm-src\doc\api\search\groups_0.html", "HTML", 0, 0, 0, 0, 0, 0, 0, 0, 0, 0, 10, 0, 0, 0, 0, 0, 10
"c:\Users\brian\Desktop\Code\My Game\build\_deps\glm-src\doc\api\search\groups_1.html", "HTML", 0, 0, 0, 0, 0, 0, 0, 0, 0, 0, 10, 0, 0, 0, 0, 0, 10
"c:\Users\brian\Desktop\Code\My Game\build\_deps\glm-src\doc\api\search\groups_2.html", "HTML", 0, 0, 0, 0, 0, 0, 0, 0, 0, 0, 10, 0, 0, 0, 0, 0, 10
"c:\Users\brian\Desktop\Code\My Game\build\_deps\glm-src\doc\api\search\groups_3.html", "HTML", 0, 0, 0, 0, 0, 0, 0, 0, 0, 0, 10, 0, 0, 0, 0, 0, 10
"c:\Users\brian\Desktop\Code\My Game\build\_deps\glm-src\doc\api\search\groups_4.html", "HTML", 0, 0, 0, 0, 0, 0, 0, 0, 0, 0, 10, 0, 0, 0, 0, 0, 10
"c:\Users\brian\Desktop\Code\My Game\build\_deps\glm-src\doc\api\search\groups_4.js", "JavaScript", 0, 0, 0, 0, 0, 0, 0, 0, 0, 0, 0, 51, 0, 0, 0, 0, 51
"c:\Users\brian\Desktop\Code\My Game\build\_deps\glm-src\doc\api\search\groups_5.html", "HTML", 0, 0, 0, 0, 0, 0, 0, 0, 0, 0, 10, 0, 0, 0, 0, 0, 10
"c:\Users\brian\Desktop\Code\My Game\build\_deps\glm-src\doc\api\search\groups_6.html", "HTML", 0, 0, 0, 0, 0, 0, 0, 0, 0, 0, 10, 0, 0, 0, 0, 0, 10
"c:\Users\brian\Desktop\Code\My Game\build\_deps\glm-src\doc\api\search\groups_7.html", "HTML", 0, 0, 0, 0, 0, 0, 0, 0, 0, 0, 10, 0, 0, 0, 0, 0, 10
"c:\Users\brian\Desktop\Code\My Game\build\_deps\glm-src\doc\api\search\groups_8.html", "HTML", 0, 0, 0, 0, 0, 0, 0, 0, 0, 0, 10, 0, 0, 0, 0, 0, 10
"c:\Users\brian\Desktop\Code\My Game\build\_deps\glm-src\doc\api\search\groups_9.html", "HTML", 0, 0, 0, 0, 0, 0, 0, 0, 0, 0, 10, 0, 0, 0, 0, 0, 10
"c:\Users\brian\Desktop\Code\My Game\build\_deps\glm-src\doc\api\search\pages_0.html", "HTML", 0, 0, 0, 0, 0, 0, 0, 0, 0, 0, 10, 0, 0, 0, 0, 0, 10
"c:\Users\brian\Desktop\Code\My Game\build\_deps\glm-src\doc\api\search\search.js", "JavaScript", 0, 0, 0, 0, 0, 0, 0, 0, 0, 0, 0, -1, 0, 0, 25, -1, 23
"c:\Users\brian\Desktop\Code\My Game\build\_deps\glm-src\doc\api\search\typedefs_0.html", "HTML", 0, 0, 0, 0, 0, 0, 0, 0, 0, 0, 10, 0, 0, 0, 0, 0, 10
"c:\Users\brian\Desktop\Code\My Game\build\_deps\glm-src\doc\api\search\typedefs_0.js", "JavaScript", 0, 0, 0, 0, 0, 0, 0, 0, 0, 0, 0, 8, 0, 0, 0, 0, 8
"c:\Users\brian\Desktop\Code\My Game\build\_deps\glm-src\doc\api\search\typedefs_1.html", "HTML", 0, 0, 0, 0, 0, 0, 0, 0, 0, 0, 10, 0, 0, 0, 0, 0, 10
"c:\Users\brian\Desktop\Code\My Game\build\_deps\glm-src\doc\api\search\typedefs_2.html", "HTML", 0, 0, 0, 0, 0, 0, 0, 0, 0, 0, 10, 0, 0, 0, 0, 0, 10
"c:\Users\brian\Desktop\Code\My Game\build\_deps\glm-src\doc\api\search\typedefs_3.html", "HTML", 0, 0, 0, 0, 0, 0, 0, 0, 0, 0, 10, 0, 0, 0, 0, 0, 10
"c:\Users\brian\Desktop\Code\My Game\build\_deps\glm-src\doc\api\search\typedefs_4.html", "HTML", 0, 0, 0, 0, 0, 0, 0, 0, 0, 0, 10, 0, 0, 0, 0, 0, 10
"c:\Users\brian\Desktop\Code\My Game\build\_deps\glm-src\doc\api\search\typedefs_5.html", "HTML", 0, 0, 0, 0, 0, 0, 0, 0, 0, 0, 10, 0, 0, 0, 0, 0, 10
"c:\Users\brian\Desktop\Code\My Game\build\_deps\glm-src\doc\api\search\typedefs_5.js", "JavaScript", 0, 0, 0, 0, 0, 0, 0, 0, 0, 0, 0, 48, 0, 0, 0, 0, 48
"c:\Users\brian\Desktop\Code\My Game\build\_deps\glm-src\doc\api\search\typedefs_6.html", "HTML", 0, 0, 0, 0, 0, 0, 0, 0, 0, 0, 10, 0, 0, 0, 0, 0, 10
"c:\Users\brian\Desktop\Code\My Game\build\_deps\glm-src\doc\api\search\typedefs_7.html", "HTML", 0, 0, 0, 0, 0, 0, 0, 0, 0, 0, 10, 0, 0, 0, 0, 0, 10
"c:\Users\brian\Desktop\Code\My Game\build\_deps\glm-src\doc\api\search\typedefs_8.html", "HTML", 0, 0, 0, 0, 0, 0, 0, 0, 0, 0, 10, 0, 0, 0, 0, 0, 10
"c:\Users\brian\Desktop\Code\My Game\build\_deps\glm-src\doc\api\search\typedefs_8.js", "JavaScript", 0, 0, 0, 0, 0, 0, 0, 0, 0, 0, 0, 8, 0, 0, 0, 0, 8
"c:\Users\brian\Desktop\Code\My Game\build\_deps\glm-src\doc\api\search\typedefs_9.html", "HTML", 0, 0, 0, 0, 0, 0, 0, 0, 0, 0, 10, 0, 0, 0, 0, 0, 10
"c:\Users\brian\Desktop\Code\My Game\build\_deps\glm-src\doc\api\search\typedefs_a.html", "HTML", 0, 0, 0, 0, 0, 0, 0, 0, 0, 0, 10, 0, 0, 0, 0, 0, 10
"c:\Users\brian\Desktop\Code\My Game\build\_deps\glm-src\doc\api\search\typedefs_b.html", "HTML", 0, 0, 0, 0, 0, 0, 0, 0, 0, 0, 10, 0, 0, 0, 0, 0, 10
"c:\Users\brian\Desktop\Code\My Game\build\_deps\glm-src\doc\api\search\typedefs_b.js", "JavaScript", 0, 0, 0, 0, 0, 0, 0, 0, 0, 0, 0, 48, 0, 0, 0, 0, 48
"c:\Users\brian\Desktop\Code\My Game\build\_deps\glm-src\doc\api\search\typedefs_c.html", "HTML", 0, 0, 0, 0, 0, 0, 0, 0, 0, 0, 10, 0, 0, 0, 0, 0, 10
"c:\Users\brian\Desktop\Code\My Game\build\_deps\glm-src\doc\api\search\typedefs_d.html", "HTML", 0, 0, 0, 0, 0, 0, 0, 0, 0, 0, 10, 0, 0, 0, 0, 0, 10
"c:\Users\brian\Desktop\Code\My Game\build\_deps\glm-src\doc\api\tabs.css", "PostCSS", 0, 0, 0, 0, 0, 0, 0, 0, 0, 0, 0, 0, 0, -52, 0, -8, -60
"c:\Users\brian\Desktop\Code\My Game\build\_deps\glm-src\glm\CMakeLists.txt", "CMake", 0, 0, 0, -1, 0, 0, 0, 0, 0, 0, 0, 0, 0, 0, 0, 0, -1
"c:\Users\brian\Desktop\Code\My Game\build\_deps\glm-src\glm\detail\_swizzle.hpp", "C++", 4, 0, 0, 0, 0, 0, 0, 0, 0, 0, 0, 0, 0, 0, 0, 1, 5
"c:\Users\brian\Desktop\Code\My Game\build\_deps\glm-src\glm\detail\_vectorize.hpp", "C++", 60, 0, 0, 0, 0, 0, 0, 0, 0, 0, 0, 0, 0, 0, 0, 8, 68
"c:\Users\brian\Desktop\Code\My Game\build\_deps\glm-src\glm\detail\compute_vector_decl.hpp", "C++", 161, 0, 0, 0, 0, 0, 0, 0, 0, 0, 0, 0, 0, 0, 0, 30, 191
"c:\Users\brian\Desktop\Code\My Game\build\_deps\glm-src\glm\detail\func_common.inl", "C++", 120, 0, 0, 0, 0, 0, 0, 0, 0, 0, 0, 0, 0, 0, 0, 24, 144
"c:\Users\brian\Desktop\Code\My Game\build\_deps\glm-src\glm\detail\func_common_simd.inl", "C++", 304, 0, 0, 0, 0, 0, 0, 0, 0, 0, 0, 0, 0, 0, 51, 29, 384
"c:\Users\brian\Desktop\Code\My Game\build\_deps\glm-src\glm\detail\func_geometric.inl", "C++", 13, 0, 0, 0, 0, 0, 0, 0, 0, 0, 0, 0, 0, 0, 1, 2, 16
"c:\Users\brian\Desktop\Code\My Game\build\_deps\glm-src\glm\detail\func_geometric_simd.inl", "C++", 16, 0, 0, 0, 0, 0, 0, 0, 0, 0, 0, 0, 0, 0, 0, 2, 18
"c:\Users\brian\Desktop\Code\My Game\build\_deps\glm-src\glm\detail\func_integer.inl", "C++", 17, 0, 0, 0, 0, 0, 0, 0, 0, 0, 0, 0, 0, 0, 0, 3, 20
"c:\Users\brian\Desktop\Code\My Game\build\_deps\glm-src\glm\detail\func_matrix.inl", "C++", 72, 0, 0, 0, 0, 0, 0, 0, 0, 0, 0, 0, 0, 0, 1, 13, 86
"c:\Users\brian\Desktop\Code\My Game\build\_deps\glm-src\glm\detail\func_matrix_simd.inl", "C++", 13, 0, 0, 0, 0, 0, 0, 0, 0, 0, 0, 0, 0, 0, 0, 1, 14
"c:\Users\brian\Desktop\Code\My Game\build\_deps\glm-src\glm\detail\qualifier.hpp", "C++", 52, 0, 0, 0, 0, 0, 0, 0, 0, 0, 0, 0, 0, 0, 0, 13, 65
"c:\Users\brian\Desktop\Code\My Game\build\_deps\glm-src\glm\detail\setup.hpp", "C++", 57, 0, 0, 0, 0, 0, 0, 0, 0, 0, 0, 0, 0, 0, -5, 1, 53
"c:\Users\brian\Desktop\Code\My Game\build\_deps\glm-src\glm\detail\type_mat2x3.inl", "C++", -13, 0, 0, 0, 0, 0, 0, 0, 0, 0, 0, 0, 0, 0, 0, -2, -15
"c:\Users\brian\Desktop\Code\My Game\build\_deps\glm-src\glm\detail\type_mat2x4.inl", "C++", -17, 0, 0, 0, 0, 0, 0, 0, 0, 0, 0, 0, 0, 0, 0, -2, -19
"c:\Users\brian\Desktop\Code\My Game\build\_deps\glm-src\glm\detail\type_mat3x2.inl", "C++", -13, 0, 0, 0, 0, 0, 0, 0, 0, 0, 0, 0, 0, 0, 0, -2, -15
"c:\Users\brian\Desktop\Code\My Game\build\_deps\glm-src\glm\detail\type_mat3x3.inl", "C++", 19, 0, 0, 0, 0, 0, 0, 0, 0, 0, 0, 0, 0, 0, 4, 7, 30
"c:\Users\brian\Desktop\Code\My Game\build\_deps\glm-src\glm\detail\type_mat3x4.inl", "C++", -25, 0, 0, 0, 0, 0, 0, 0, 0, 0, 0, 0, 0, 0, 0, -2, -27
"c:\Users\brian\Desktop\Code\My Game\build\_deps\glm-src\glm\detail\type_mat4x2.inl", "C++", -17, 0, 0, 0, 0, 0, 0, 0, 0, 0, 0, 0, 0, 0, 0, -2, -19
"c:\Users\brian\Desktop\Code\My Game\build\_deps\glm-src\glm\detail\type_mat4x3.inl", "C++", -25, 0, 0, 0, 0, 0, 0, 0, 0, 0, 0, 0, 0, 0, 0, -2, -27
"c:\Users\brian\Desktop\Code\My Game\build\_deps\glm-src\glm\detail\type_mat4x4.inl", "C++", 45, 0, 0, 0, 0, 0, 0, 0, 0, 0, 0, 0, 0, 0, 5, 9, 59
"c:\Users\brian\Desktop\Code\My Game\build\_deps\glm-src\glm\detail\type_quat.hpp", "C++", 5, 0, 0, 0, 0, 0, 0, 0, 0, 0, 0, 0, 0, 0, 0, 2, 7
"c:\Users\brian\Desktop\Code\My Game\build\_deps\glm-src\glm\detail\type_quat.inl", "C++", 15, 0, 0, 0, 0, 0, 0, 0, 0, 0, 0, 0, 0, 0, 0, 1, 16
"c:\Users\brian\Desktop\Code\My Game\build\_deps\glm-src\glm\detail\type_quat_simd.inl", "C++", 18, 0, 0, 0, 0, 0, 0, 0, 0, 0, 0, 0, 0, 0, 0, 2, 20
"c:\Users\brian\Desktop\Code\My Game\build\_deps\glm-src\glm\detail\type_vec1.inl", "C++", 2, 0, 0, 0, 0, 0, 0, 0, 0, 0, 0, 0, 0, 0, 0, 0, 2
"c:\Users\brian\Desktop\Code\My Game\build\_deps\glm-src\glm\detail\type_vec2.hpp", "C++", 7, 0, 0, 0, 0, 0, 0, 0, 0, 0, 0, 0, 0, 0, 0, 0, 7
"c:\Users\brian\Desktop\Code\My Game\build\_deps\glm-src\glm\detail\type_vec2.inl", "C++", 2, 0, 0, 0, 0, 0, 0, 0, 0, 0, 0, 0, 0, 0, 0, 0, 2
"c:\Users\brian\Desktop\Code\My Game\build\_deps\glm-src\glm\detail\type_vec3.hpp", "C++", 8, 0, 0, 0, 0, 0, 0, 0, 0, 0, 0, 0, 0, 0, 0, 7, 15
"c:\Users\brian\Desktop\Code\My Game\build\_deps\glm-src\glm\detail\type_vec3.inl", "C++", -112, 0, 0, 0, 0, 0, 0, 0, 0, 0, 0, 0, 0, 0, 1, 28, -83
"c:\Users\brian\Desktop\Code\My Game\build\_deps\glm-src\glm\detail\type_vec4.hpp", "C++", 7, 0, 0, 0, 0, 0, 0, 0, 0, 0, 0, 0, 0, 0, 0, 2, 9
"c:\Users\brian\Desktop\Code\My Game\build\_deps\glm-src\glm\detail\type_vec4.inl", "C++", -15, 0, 0, 0, 0, 0, 0, 0, 0, 0, 0, 0, 0, 0, 0, 5, -10
"c:\Users\brian\Desktop\Code\My Game\build\_deps\glm-src\glm\detail\type_vec4_simd.inl", "C++", -681, 0, 0, 0, 0, 0, 0, 0, 0, 0, 0, 0, 0, 0, -2, -93, -776
"c:\Users\brian\Desktop\Code\My Game\build\_deps\glm-src\glm\detail\type_vec_simd.inl", "C++", 807, 0, 0, 0, 0, 0, 0, 0, 0, 0, 0, 0, 0, 0, 76, 150, 1033
"c:\Users\brian\Desktop\Code\My Game\build\_deps\glm-src\glm\ext.hpp", "C++", 12, 0, 0, 0, 0, 0, 0, 0, 0, 0, 0, 0, 0, 0, 0, 2, 14
"c:\Users\brian\Desktop\Code\My Game\build\_deps\glm-src\glm\ext\_matrix_vectorize.hpp", "C++", 98, 0, 0, 0, 0, 0, 0, 0, 0, 0, 0, 0, 0, 0, 0, 31, 129
"c:\Users\brian\Desktop\Code\My Game\build\_deps\glm-src\glm\ext\matrix_clip_space.hpp", "C++", 12, 0, 0, 0, 0, 0, 0, 0, 0, 0, 0, 0, 0, 0, 38, 4, 54
"c:\Users\brian\Desktop\Code\My Game\build\_deps\glm-src\glm\ext\matrix_clip_space.inl", "C++", 54, 0, 0, 0, 0, 0, 0, 0, 0, 0, 0, 0, 0, 0, 0, 6, 60
"c:\Users\brian\Desktop\Code\My Game\build\_deps\glm-src\glm\ext\matrix_common.hpp", "C++", 2, 0, 0, 0, 0, 0, 0, 0, 0, 0, 0, 0, 0, 0, 0, 1, 3
"c:\Users\brian\Desktop\Code\My Game\build\_deps\glm-src\glm\ext\matrix_common.inl", "C++", 14, 0, 0, 0, 0, 0, 0, 0, 0, 0, 0, 0, 0, 0, 0, 4, 18
"c:\Users\brian\Desktop\Code\My Game\build\_deps\glm-src\glm\ext\matrix_integer.hpp", "C++", 20, 0, 0, 0, 0, 0, 0, 0, 0, 0, 0, 0, 0, 0, 61, 11, 92
"c:\Users\brian\Desktop\Code\My Game\build\_deps\glm-src\glm\ext\matrix_integer.inl", "C++", 34, 0, 0, 0, 0, 0, 0, 0, 0, 0, 0, 0, 0, 0, 0, 5, 39
"c:\Users\brian\Desktop\Code\My Game\build\_deps\glm-src\glm\ext\matrix_relational.inl", "C++", 6, 0, 0, 0, 0, 0, 0, 0, 0, 0, 0, 0, 0, 0, 0, 0, 6
"c:\Users\brian\Desktop\Code\My Game\build\_deps\glm-src\glm\ext\matrix_transform.hpp", "C++", 3, 0, 0, 0, 0, 0, 0, 0, 0, 0, 0, 0, 0, 0, 23, 1, 27
"c:\Users\brian\Desktop\Code\My Game\build\_deps\glm-src\glm\ext\matrix_transform.inl", "C++", 48, 0, 0, 0, 0, 0, 0, 0, 0, 0, 0, 0, 0, 0, 0, 7, 55
"c:\Users\brian\Desktop\Code\My Game\build\_deps\glm-src\glm\ext\quaternion_exponential.inl", "C++", 0, 0, 0, 0, 0, 0, 0, 0, 0, 0, 0, 0, 0, 0, 4, 0, 4
"c:\Users\brian\Desktop\Code\My Game\build\_deps\glm-src\glm\ext\quaternion_trigonometric.hpp", "C++", 0, 0, 0, 0, 0, 0, 0, 0, 0, 0, 0, 0, 0, 0, 2, 0, 2
"c:\Users\brian\Desktop\Code\My Game\build\_deps\glm-src\glm\ext\quaternion_trigonometric.inl", "C++", 3, 0, 0, 0, 0, 0, 0, 0, 0, 0, 0, 0, 0, 0, 0, 0, 3
"c:\Users\brian\Desktop\Code\My Game\build\_deps\glm-src\glm\ext\scalar_common.hpp", "C++", 4, 0, 0, 0, 0, 0, 0, 0, 0, 0, 0, 0, 0, 0, 18, 2, 24
"c:\Users\brian\Desktop\Code\My Game\build\_deps\glm-src\glm\ext\scalar_common.inl", "C++", 14, 0, 0, 0, 0, 0, 0, 0, 0, 0, 0, 0, 0, 0, 0, 4, 18
"c:\Users\brian\Desktop\Code\My Game\build\_deps\glm-src\glm\ext\scalar_reciprocal.hpp", "C++", 33, 0, 0, 0, 0, 0, 0, 0, 0, 0, 0, 0, 0, 0, 84, 19, 136
"c:\Users\brian\Desktop\Code\My Game\build\_deps\glm-src\glm\ext\scalar_reciprocal.inl", "C++", 79, 0, 0, 0, 0, 0, 0, 0, 0, 0, 0, 0, 0, 0, 13, 16, 108
"c:\Users\brian\Desktop\Code\My Game\build\_deps\glm-src\glm\ext\scalar_relational.hpp", "C++", 0, 0, 0, 0, 0, 0, 0, 0, 0, 0, 0, 0, 0, 0, 2, 1, 3
"c:\Users\brian\Desktop\Code\My Game\build\_deps\glm-src\glm\ext\scalar_ulp.hpp", "C++", 0, 0, 0, 0, 0, 0, 0, 0, 0, 0, 0, 0, 0, 0, 2, 1, 3
"c:\Users\brian\Desktop\Code\My Game\build\_deps\glm-src\glm\ext\scalar_ulp.inl", "C++", 7, 0, 0, 0, 0, 0, 0, 0, 0, 0, 0, 0, 0, 0, 0, 0, 7
"c:\Users\brian\Desktop\Code\My Game\build\_deps\glm-src\glm\ext\vector_common.hpp", "C++", 4, 0, 0, 0, 0, 0, 0, 0, 0, 0, 0, 0, 0, 0, 18, 2, 24
"c:\Users\brian\Desktop\Code\My Game\build\_deps\glm-src\glm\ext\vector_common.inl", "C++", 14, 0, 0, 0, 0, 0, 0, 0, 0, 0, 0, 0, 0, 0, 0, 4, 18
"c:\Users\brian\Desktop\Code\My Game\build\_deps\glm-src\glm\ext\vector_reciprocal.hpp", "C++", 33, 0, 0, 0, 0, 0, 0, 0, 0, 0, 0, 0, 0, 0, 84, 19, 136
"c:\Users\brian\Desktop\Code\My Game\build\_deps\glm-src\glm\ext\vector_reciprocal.inl", "C++", 79, 0, 0, 0, 0, 0, 0, 0, 0, 0, 0, 0, 0, 0, 13, 14, 106
"c:\Users\brian\Desktop\Code\My Game\build\_deps\glm-src\glm\ext\vector_ulp.hpp", "C++", 0, 0, 0, 0, 0, 0, 0, 0, 0, 0, 0, 0, 0, 0, 2, 1, 3
"c:\Users\brian\Desktop\Code\My Game\build\_deps\glm-src\glm\glm.cppm", "C++", 2655, 0, 0, 0, 0, 0, 0, 0, 0, 0, 0, 0, 0, 0, 7, 17, 2679
"c:\Users\brian\Desktop\Code\My Game\build\_deps\glm-src\glm\glm.hpp", "C++", 0, 0, 0, 0, 0, 0, 0, 0, 0, 0, 0, 0, 0, 0, 1, 0, 1
"c:\Users\brian\Desktop\Code\My Game\build\_deps\glm-src\glm\gtc\bitfield.inl", "C++", 7, 0, 0, 0, 0, 0, 0, 0, 0, 0, 0, 0, 0, 0, 0, 2, 9
"c:\Users\brian\Desktop\Code\My Game\build\_deps\glm-src\glm\gtc\constants.hpp", "C++", 2, 0, 0, 0, 0, 0, 0, 0, 0, 0, 0, 0, 0, 0, 2, 1, 5
"c:\Users\brian\Desktop\Code\My Game\build\_deps\glm-src\glm\gtc\constants.inl", "C++", 5, 0, 0, 0, 0, 0, 0, 0, 0, 0, 0, 0, 0, 0, 0, 1, 6
"c:\Users\brian\Desktop\Code\My Game\build\_deps\glm-src\glm\gtc\integer.hpp", "C++", -2, 0, 0, 0, 0, 0, 0, 0, 0, 0, 0, 0, 0, 0, -18, -2, -22
"c:\Users\brian\Desktop\Code\My Game\build\_deps\glm-src\glm\gtc\integer.inl", "C++", -28, 0, 0, 0, 0, 0, 0, 0, 0, 0, 0, 0, 0, 0, 0, -7, -35
"c:\Users\brian\Desktop\Code\My Game\build\_deps\glm-src\glm\gtc\packing.inl", "C++", 12, 0, 0, 0, 0, 0, 0, 0, 0, 0, 0, 0, 0, 0, 0, 2, 14
"c:\Users\brian\Desktop\Code\My Game\build\_deps\glm-src\glm\gtc\quaternion.inl", "C++", 4, 0, 0, 0, 0, 0, 0, 0, 0, 0, 0, 0, 0, 0, 0, 2, 6
"c:\Users\brian\Desktop\Code\My Game\build\_deps\glm-src\glm\gtc\reciprocal.hpp", "C++", -26, 0, 0, 0, 0, 0, 0, 0, 0, 0, 0, 0, 0, 0, -72, -13, -111
"c:\Users\brian\Desktop\Code\My Game\build\_deps\glm-src\glm\gtc\reciprocal.inl", "C++", -151, 0, 0, 0, 0, 0, 0, 0, 0, 0, 0, 0, 0, 0, -13, -28, -192
"c:\Users\brian\Desktop\Code\My Game\build\_deps\glm-src\glm\gtc\type_aligned.hpp", "C++", 25, 0, 0, 0, 0, 0, 0, 0, 0, 0, 0, 0, 0, 0, 17, 21, 63
"c:\Users\brian\Desktop\Code\My Game\build\_deps\glm-src\glm\gtc\type_ptr.inl", "C++", 10, 0, 0, 0, 0, 0, 0, 0, 0, 0, 0, 0, 0, 0, 0, 2, 12
"c:\Users\brian\Desktop\Code\My Game\build\_deps\glm-src\glm\gtc\ulp.hpp", "C++", 0, 0, 0, 0, 0, 0, 0, 0, 0, 0, 0, 0, 0, 0, 2, 1, 3
"c:\Users\brian\Desktop\Code\My Game\build\_deps\glm-src\glm\gtx\associated_min_max.hpp", "C++", -2, 0, 0, 0, 0, 0, 0, 0, 0, 0, 0, 0, 0, 0, 0, 0, -2
"c:\Users\brian\Desktop\Code\My Game\build\_deps\glm-src\glm\gtx\bit.hpp", "C++", -2, 0, 0, 0, 0, 0, 0, 0, 0, 0, 0, 0, 0, 0, 0, 0, -2
"c:\Users\brian\Desktop\Code\My Game\build\_deps\glm-src\glm\gtx\closest_point.hpp", "C++", -2, 0, 0, 0, 0, 0, 0, 0, 0, 0, 0, 0, 0, 0, 0, 0, -2
"c:\Users\brian\Desktop\Code\My Game\build\_deps\glm-src\glm\gtx\color_encoding.hpp", "C++", -2, 0, 0, 0, 0, 0, 0, 0, 0, 0, 0, 0, 0, 0, 0, 0, -2
"c:\Users\brian\Desktop\Code\My Game\build\_deps\glm-src\glm\gtx\color_space.hpp", "C++", -2, 0, 0, 0, 0, 0, 0, 0, 0, 0, 0, 0, 0, 0, 0, 0, -2
"c:\Users\brian\Desktop\Code\My Game\build\_deps\glm-src\glm\gtx\color_space.inl", "C++", 2, 0, 0, 0, 0, 0, 0, 0, 0, 0, 0, 0, 0, 0, 0, 1, 3
"c:\Users\brian\Desktop\Code\My Game\build\_deps\glm-src\glm\gtx\color_space_YCoCg.hpp", "C++", -2, 0, 0, 0, 0, 0, 0, 0, 0, 0, 0, 0, 0, 0, 0, 0, -2
"c:\Users\brian\Desktop\Code\My Game\build\_deps\glm-src\glm\gtx\common.hpp", "C++", -2, 0, 0, 0, 0, 0, 0, 0, 0, 0, 0, 0, 0, 0, 0, 0, -2
"c:\Users\brian\Desktop\Code\My Game\build\_deps\glm-src\glm\gtx\compatibility.hpp", "C++", -1, 0, 0, 0, 0, 0, 0, 0, 0, 0, 0, 0, 0, 0, 0, 0, -1
"c:\Users\brian\Desktop\Code\My Game\build\_deps\glm-src\glm\gtx\compatibility.inl", "C++", 10, 0, 0, 0, 0, 0, 0, 0, 0, 0, 0, 0, 0, 0, 0, 1, 11
"c:\Users\brian\Desktop\Code\My Game\build\_deps\glm-src\glm\gtx\component_wise.hpp", "C++", 2, 0, 0, 0, 0, 0, 0, 0, 0, 0, 0, 0, 0, 0, 4, 2, 8
"c:\Users\brian\Desktop\Code\My Game\build\_deps\glm-src\glm\gtx\component_wise.inl", "C++", 18, 0, 0, 0, 0, 0, 0, 0, 0, 0, 0, 0, 0, 0, 0, 2, 20
"c:\Users\brian\Desktop\Code\My Game\build\_deps\glm-src\glm\gtx\dual_quaternion.hpp", "C++", -2, 0, 0, 0, 0, 0, 0, 0, 0, 0, 0, 0, 0, 0, 0, 0, -2
"c:\Users\brian\Desktop\Code\My Game\build\_deps\glm-src\glm\gtx\easing.hpp", "C++", -2, 0, 0, 0, 0, 0, 0, 0, 0, 0, 0, 0, 0, 0, 0, 0, -2
"c:\Users\brian\Desktop\Code\My Game\build\_deps\glm-src\glm\gtx\euler_angles.hpp", "C++", -2, 0, 0, 0, 0, 0, 0, 0, 0, 0, 0, 0, 0, 0, 0, 0, -2
"c:\Users\brian\Desktop\Code\My Game\build\_deps\glm-src\glm\gtx\extend.hpp", "C++", -2, 0, 0, 0, 0, 0, 0, 0, 0, 0, 0, 0, 0, 0, 0, 0, -2
"c:\Users\brian\Desktop\Code\My Game\build\_deps\glm-src\glm\gtx\extended_min_max.hpp", "C++", -2, 0, 0, 0, 0, 0, 0, 0, 0, 0, 0, 0, 0, 0, 0, 0, -2
"c:\Users\brian\Desktop\Code\My Game\build\_deps\glm-src\glm\gtx\exterior_product.hpp", "C++", -2, 0, 0, 0, 0, 0, 0, 0, 0, 0, 0, 0, 0, 0, 0, 0, -2
"c:\Users\brian\Desktop\Code\My Game\build\_deps\glm-src\glm\gtx\fast_exponential.hpp", "C++", -2, 0, 0, 0, 0, 0, 0, 0, 0, 0, 0, 0, 0, 0, 0, 0, -2
"c:\Users\brian\Desktop\Code\My Game\build\_deps\glm-src\glm\gtx\fast_square_root.hpp", "C++", 0, 0, 0, 0, 0, 0, 0, 0, 0, 0, 0, 0, 0, 0, 3, 1, 4
"c:\Users\brian\Desktop\Code\My Game\build\_deps\glm-src\glm\gtx\fast_trigonometry.hpp", "C++", -2, 0, 0, 0, 0, 0, 0, 0, 0, 0, 0, 0, 0, 0, 0, 0, -2
"c:\Users\brian\Desktop\Code\My Game\build\_deps\glm-src\glm\gtx\float_normalize.inl", "C++", 9, 0, 0, 0, 0, 0, 0, 0, 0, 0, 0, 0, 0, 0, 1, 4, 14
"c:\Users\brian\Desktop\Code\My Game\build\_deps\glm-src\glm\gtx\float_notmalize.inl", "C++", -9, 0, 0, 0, 0, 0, 0, 0, 0, 0, 0, 0, 0, 0, -1, -4, -14
"c:\Users\brian\Desktop\Code\My Game\build\_deps\glm-src\glm\gtx\functions.hpp", "C++", -2, 0, 0, 0, 0, 0, 0, 0, 0, 0, 0, 0, 0, 0, 0, 0, -2
"c:\Users\brian\Desktop\Code\My Game\build\_deps\glm-src\glm\gtx\gradient_paint.hpp", "C++", -2, 0, 0, 0, 0, 0, 0, 0, 0, 0, 0, 0, 0, 0, 0, 0, -2
"c:\Users\brian\Desktop\Code\My Game\build\_deps\glm-src\glm\gtx\handed_coordinate_space.hpp", "C++", -2, 0, 0, 0, 0, 0, 0, 0, 0, 0, 0, 0, 0, 0, 0, 0, -2
"c:\Users\brian\Desktop\Code\My Game\build\_deps\glm-src\glm\gtx\hash.hpp", "C++", 11, 0, 0, 0, 0, 0, 0, 0, 0, 0, 0, 0, 0, 0, 2, 1, 14
"c:\Users\brian\Desktop\Code\My Game\build\_deps\glm-src\glm\gtx\hash.inl", "C++", 0, 0, 0, 0, 0, 0, 0, 0, 0, 0, 0, 0, 0, 0, -9, 0, -9
"c:\Users\brian\Desktop\Code\My Game\build\_deps\glm-src\glm\gtx\integer.hpp", "C++", -2, 0, 0, 0, 0, 0, 0, 0, 0, 0, 0, 0, 0, 0, 0, 0, -2
"c:\Users\brian\Desktop\Code\My Game\build\_deps\glm-src\glm\gtx\integer.inl", "C++", -26, 0, 0, 0, 0, 0, 0, 0, 0, 0, 0, 0, 0, 0, 34, -8, 0
"c:\Users\brian\Desktop\Code\My Game\build\_deps\glm-src\glm\gtx\intersect.hpp", "C++", -2, 0, 0, 0, 0, 0, 0, 0, 0, 0, 0, 0, 0, 0, 0, 0, -2
"c:\Users\brian\Desktop\Code\My Game\build\_deps\glm-src\glm\gtx\io.hpp", "C++", 7, 0, 0, 0, 0, 0, 0, 0, 0, 0, 0, 0, 0, 0, 0, 2, 9
"c:\Users\brian\Desktop\Code\My Game\build\_deps\glm-src\glm\gtx\io.inl", "C++", 10, 0, 0, 0, 0, 0, 0, 0, 0, 0, 0, 0, 0, 0, 0, 3, 13
"c:\Users\brian\Desktop\Code\My Game\build\_deps\glm-src\glm\gtx\iteration.hpp", "C++", 61, 0, 0, 0, 0, 0, 0, 0, 0, 0, 0, 0, 0, 0, 15, 12, 88
"c:\Users\brian\Desktop\Code\My Game\build\_deps\glm-src\glm\gtx\iteration.inl", "C++", 99, 0, 0, 0, 0, 0, 0, 0, 0, 0, 0, 0, 0, 0, 11, 7, 117
"c:\Users\brian\Desktop\Code\My Game\build\_deps\glm-src\glm\gtx\log_base.hpp", "C++", -2, 0, 0, 0, 0, 0, 0, 0, 0, 0, 0, 0, 0, 0, 0, 0, -2
"c:\Users\brian\Desktop\Code\My Game\build\_deps\glm-src\glm\gtx\matrix_cross_product.hpp", "C++", -2, 0, 0, 0, 0, 0, 0, 0, 0, 0, 0, 0, 0, 0, 0, 0, -2
"c:\Users\brian\Desktop\Code\My Game\build\_deps\glm-src\glm\gtx\matrix_decompose.hpp", "C++", 2, 0, 0, 0, 0, 0, 0, 0, 0, 0, 0, 0, 0, 0, 1, 1, 4
"c:\Users\brian\Desktop\Code\My Game\build\_deps\glm-src\glm\gtx\matrix_decompose.inl", "C++", 36, 0, 0, 0, 0, 0, 0, 0, 0, 0, 0, 0, 0, 0, 3, 9, 48
"c:\Users\brian\Desktop\Code\My Game\build\_deps\glm-src\glm\gtx\matrix_factorisation.hpp", "C++", -2, 0, 0, 0, 0, 0, 0, 0, 0, 0, 0, 0, 0, 0, 0, 0, -2
"c:\Users\brian\Desktop\Code\My Game\build\_deps\glm-src\glm\gtx\matrix_interpolation.hpp", "C++", -2, 0, 0, 0, 0, 0, 0, 0, 0, 0, 0, 0, 0, 0, 0, 0, -2
"c:\Users\brian\Desktop\Code\My Game\build\_deps\glm-src\glm\gtx\matrix_interpolation.inl", "C++", 13, 0, 0, 0, 0, 0, 0, 0, 0, 0, 0, 0, 0, 0, 0, 4, 17
"c:\Users\brian\Desktop\Code\My Game\build\_deps\glm-src\glm\gtx\matrix_major_storage.hpp", "C++", -2, 0, 0, 0, 0, 0, 0, 0, 0, 0, 0, 0, 0, 0, 0, 0, -2
"c:\Users\brian\Desktop\Code\My Game\build\_deps\glm-src\glm\gtx\matrix_operation.hpp", "C++", -2, 0, 0, 0, 0, 0, 0, 0, 0, 0, 0, 0, 0, 0, 0, 0, -2
"c:\Users\brian\Desktop\Code\My Game\build\_deps\glm-src\glm\gtx\matrix_query.hpp", "C++", -2, 0, 0, 0, 0, 0, 0, 0, 0, 0, 0, 0, 0, 0, 0, 0, -2
"c:\Users\brian\Desktop\Code\My Game\build\_deps\glm-src\glm\gtx\matrix_query.inl", "C++", 6, 0, 0, 0, 0, 0, 0, 0, 0, 0, 0, 0, 0, 0, 0, 0, 6
"c:\Users\brian\Desktop\Code\My Game\build\_deps\glm-src\glm\gtx\matrix_transform_2d.hpp", "C++", -2, 0, 0, 0, 0, 0, 0, 0, 0, 0, 0, 0, 0, 0, 0, 0, -2
"c:\Users\brian\Desktop\Code\My Game\build\_deps\glm-src\glm\gtx\mixed_product.hpp", "C++", -2, 0, 0, 0, 0, 0, 0, 0, 0, 0, 0, 0, 0, 0, 0, 0, -2
"c:\Users\brian\Desktop\Code\My Game\build\_deps\glm-src\glm\gtx\norm.hpp", "C++", -3, 0, 0, 0, 0, 0, 0, 0, 0, 0, 0, 0, 0, 0, 0, 0, -3
"c:\Users\brian\Desktop\Code\My Game\build\_deps\glm-src\glm\gtx\normal.hpp", "C++", -2, 0, 0, 0, 0, 0, 0, 0, 0, 0, 0, 0, 0, 0, 0, 0, -2
"c:\Users\brian\Desktop\Code\My Game\build\_deps\glm-src\glm\gtx\normalize_dot.hpp", "C++", -2, 0, 0, 0, 0, 0, 0, 0, 0, 0, 0, 0, 0, 0, 0, 0, -2
"c:\Users\brian\Desktop\Code\My Game\build\_deps\glm-src\glm\gtx\number_precision.hpp", "C++", -12, 0, 0, 0, 0, 0, 0, 0, 0, 0, 0, 0, 0, 0, -2, -3, -17
"c:\Users\brian\Desktop\Code\My Game\build\_deps\glm-src\glm\gtx\number_precision.inl", "C++", -3, 0, 0, 0, 0, 0, 0, 0, 0, 0, 0, 0, 0, 0, -1, -3, -7
"c:\Users\brian\Desktop\Code\My Game\build\_deps\glm-src\glm\gtx\optimum_pow.hpp", "C++", -4, 0, 0, 0, 0, 0, 0, 0, 0, 0, 0, 0, 0, 0, 0, 0, -4
"c:\Users\brian\Desktop\Code\My Game\build\_deps\glm-src\glm\gtx\orthonormalize.hpp", "C++", -2, 0, 0, 0, 0, 0, 0, 0, 0, 0, 0, 0, 0, 0, 0, 0, -2
"c:\Users\brian\Desktop\Code\My Game\build\_deps\glm-src\glm\gtx\pca.hpp", "C++", 32, 0, 0, 0, 0, 0, 0, 0, 0, 0, 0, 0, 0, 0, 66, 15, 113
"c:\Users\brian\Desktop\Code\My Game\build\_deps\glm-src\glm\gtx\pca.inl", "C++", 306, 0, 0, 0, 0, 0, 0, 0, 0, 0, 0, 0, 0, 0, 4, 33, 343
"c:\Users\brian\Desktop\Code\My Game\build\_deps\glm-src\glm\gtx\perpendicular.hpp", "C++", -2, 0, 0, 0, 0, 0, 0, 0, 0, 0, 0, 0, 0, 0, 0, 0, -2
"c:\Users\brian\Desktop\Code\My Game\build\_deps\glm-src\glm\gtx\polar_coordinates.hpp", "C++", -2, 0, 0, 0, 0, 0, 0, 0, 0, 0, 0, 0, 0, 0, 0, 0, -2
"c:\Users\brian\Desktop\Code\My Game\build\_deps\glm-src\glm\gtx\projection.hpp", "C++", -2, 0, 0, 0, 0, 0, 0, 0, 0, 0, 0, 0, 0, 0, 0, 0, -2
"c:\Users\brian\Desktop\Code\My Game\build\_deps\glm-src\glm\gtx\quaternion.hpp", "C++", -2, 0, 0, 0, 0, 0, 0, 0, 0, 0, 0, 0, 0, 0, 0, 0, -2
"c:\Users\brian\Desktop\Code\My Game\build\_deps\glm-src\glm\gtx\range.hpp", "C++", -2, 0, 0, 0, 0, 0, 0, 0, 0, 0, 0, 0, 0, 0, 0, 0, -2
"c:\Users\brian\Desktop\Code\My Game\build\_deps\glm-src\glm\gtx\raw_data.hpp", "C++", -2, 0, 0, 0, 0, 0, 0, 0, 0, 0, 0, 0, 0, 0, 0, 0, -2
"c:\Users\brian\Desktop\Code\My Game\build\_deps\glm-src\glm\gtx\rotate_normalized_axis.hpp", "C++", -2, 0, 0, 0, 0, 0, 0, 0, 0, 0, 0, 0, 0, 0, 0, 0, -2
"c:\Users\brian\Desktop\Code\My Game\build\_deps\glm-src\glm\gtx\rotate_vector.hpp", "C++", -2, 0, 0, 0, 0, 0, 0, 0, 0, 0, 0, 0, 0, 0, 0, 0, -2
"c:\Users\brian\Desktop\Code\My Game\build\_deps\glm-src\glm\gtx\scalar_multiplication.hpp", "C++", -2, 0, 0, 0, 0, 0, 0, 0, 0, 0, 0, 0, 0, 0, 6, 1, 5
"c:\Users\brian\Desktop\Code\My Game\build\_deps\glm-src\glm\gtx\scalar_relational.hpp", "C++", -2, 0, 0, 0, 0, 0, 0, 0, 0, 0, 0, 0, 0, 0, 0, 0, -2
"c:\Users\brian\Desktop\Code\My Game\build\_deps\glm-src\glm\gtx\spline.hpp", "C++", -2, 0, 0, 0, 0, 0, 0, 0, 0, 0, 0, 0, 0, 0, 0, 0, -2
"c:\Users\brian\Desktop\Code\My Game\build\_deps\glm-src\glm\gtx\std_based_type.hpp", "C++", -2, 0, 0, 0, 0, 0, 0, 0, 0, 0, 0, 0, 0, 0, 0, 0, -2
"c:\Users\brian\Desktop\Code\My Game\build\_deps\glm-src\glm\gtx\string_cast.hpp", "C++", -4, 0, 0, 0, 0, 0, 0, 0, 0, 0, 0, 0, 0, 0, -2, -1, -7
"c:\Users\brian\Desktop\Code\My Game\build\_deps\glm-src\glm\gtx\string_cast.inl", "C++", 2, 0, 0, 0, 0, 0, 0, 0, 0, 0, 0, 0, 0, 0, 0, 3, 5
"c:\Users\brian\Desktop\Code\My Game\build\_deps\glm-src\glm\gtx\structured_bindings.hpp", "C++", 70, 0, 0, 0, 0, 0, 0, 0, 0, 0, 0, 0, 0, 0, 11, 12, 93
"c:\Users\brian\Desktop\Code\My Game\build\_deps\glm-src\glm\gtx\structured_bindings.inl", "C++", 51, 0, 0, 0, 0, 0, 0, 0, 0, 0, 0, 0, 0, 0, 0, 5, 56
"c:\Users\brian\Desktop\Code\My Game\build\_deps\glm-src\glm\gtx\texture.hpp", "C++", -2, 0, 0, 0, 0, 0, 0, 0, 0, 0, 0, 0, 0, 0, 0, 0, -2
"c:\Users\brian\Desktop\Code\My Game\build\_deps\glm-src\glm\gtx\transform.hpp", "C++", -2, 0, 0, 0, 0, 0, 0, 0, 0, 0, 0, 0, 0, 0, 0, 0, -2
"c:\Users\brian\Desktop\Code\My Game\build\_deps\glm-src\glm\gtx\transform2.hpp", "C++", 2, 0, 0, 0, 0, 0, 0, 0, 0, 0, 0, 0, 0, 0, 1, 1, 4
"c:\Users\brian\Desktop\Code\My Game\build\_deps\glm-src\glm\gtx\transform2.inl", "C++", 5, 0, 0, 0, 0, 0, 0, 0, 0, 0, 0, 0, 0, 0, 0, -2, 3
"c:\Users\brian\Desktop\Code\My Game\build\_deps\glm-src\glm\gtx\type_aligned.hpp", "C++", -2, 0, 0, 0, 0, 0, 0, 0, 0, 0, 0, 0, 0, 0, 0, 0, -2
"c:\Users\brian\Desktop\Code\My Game\build\_deps\glm-src\glm\gtx\type_trait.hpp", "C++", -2, 0, 0, 0, 0, 0, 0, 0, 0, 0, 0, 0, 0, 0, 0, 0, -2
"c:\Users\brian\Desktop\Code\My Game\build\_deps\glm-src\glm\gtx\vec_swizzle.hpp", "C++", -14, 0, 0, 0, 0, 0, 0, 0, 0, 0, 0, 0, 0, 0, 2, -1, -13
"c:\Users\brian\Desktop\Code\My Game\build\_deps\glm-src\glm\gtx\vector_angle.hpp", "C++", -2, 0, 0, 0, 0, 0, 0, 0, 0, 0, 0, 0, 0, 0, 0, 0, -2
"c:\Users\brian\Desktop\Code\My Game\build\_deps\glm-src\glm\gtx\vector_angle.inl", "C++", 1, 0, 0, 0, 0, 0, 0, 0, 0, 0, 0, 0, 0, 0, -1, 1, 1
"c:\Users\brian\Desktop\Code\My Game\build\_deps\glm-src\glm\gtx\vector_query.hpp", "C++", -2, 0, 0, 0, 0, 0, 0, 0, 0, 0, 0, 0, 0, 0, 0, 0, -2
"c:\Users\brian\Desktop\Code\My Game\build\_deps\glm-src\glm\gtx\wrap.hpp", "C++", -2, 0, 0, 0, 0, 0, 0, 0, 0, 0, 0, 0, 0, 0, 0, 0, -2
"c:\Users\brian\Desktop\Code\My Game\build\_deps\glm-src\glm\simd\common.h", "C++", 8, 0, 0, 0, 0, 0, 0, 0, 0, 0, 0, 0, 0, 0, 0, 1, 9
"c:\Users\brian\Desktop\Code\My Game\build\_deps\glm-src\glm\simd\geometric.h", "C++", 0, 0, 0, 0, 0, 0, 0, 0, 0, 0, 0, 0, 0, 0, 5, 1, 6
"c:\Users\brian\Desktop\Code\My Game\build\_deps\glm-src\glm\simd\matrix.h", "C++", 10, 0, 0, 0, 0, 0, 0, 0, 0, 0, 0, 0, 0, 0, 0, 2, 12
"c:\Users\brian\Desktop\Code\My Game\build\_deps\glm-src\glm\simd\platform.h", "C++", 71, 0, 0, 0, 0, 0, 0, 0, 0, 0, 0, 0, 0, 0, 0, 0, 71
"c:\Users\brian\Desktop\Code\My Game\build\_deps\glm-src\manual.md", "Markdown", 0, 0, 0, 0, 0, 16, 0, 0, 0, 0, 0, 0, 0, 0, 0, 23, 39
"c:\Users\brian\Desktop\Code\My Game\build\_deps\glm-src\readme.md", "Markdown", 0, 0, 0, 0, 0, 94, 0, 0, 0, 0, 0, 0, 0, 0, 0, 30, 124
"c:\Users\brian\Desktop\Code\My Game\build\_deps\glm-src\test\CMakeLists.txt", "CMake", 0, 0, 0, -129, 0, 0, 0, 0, 0, 0, 0, 0, 0, 0, 5, -29, -153
"c:\Users\brian\Desktop\Code\My Game\build\_deps\glm-src\test\bug\bug_ms_vec_static.cpp", "C++", 15, 0, 0, 0, 0, 0, 0, 0, 0, 0, 0, 0, 0, 0, 0, 2, 17
"c:\Users\brian\Desktop\Code\My Game\build\_deps\glm-src\test\cmake\CMakeLists.txt", "CMake", 0, 0, 0, 1, 0, 0, 0, 0, 0, 0, 0, 0, 0, 0, 0, 0, 1
"c:\Users\brian\Desktop\Code\My Game\build\_deps\glm-src\test\core\core_force_compiler_unknown.cpp", "C++", 22, 0, 0, 0, 0, 0, 0, 0, 0, 0, 0, 0, 0, 0, 0, 2, 24
"c:\Users\brian\Desktop\Code\My Game\build\_deps\glm-src\test\core\core_force_cxx03.cpp", "C++", -10, 0, 0, 0, 0, 0, 0, 0, 0, 0, 0, 0, 0, 0, 0, -5, -15
"c:\Users\brian\Desktop\Code\My Game\build\_deps\glm-src\test\core\core_force_cxx98.cpp", "C++", -10, 0, 0, 0, 0, 0, 0, 0, 0, 0, 0, 0, 0, 0, 0, -5, -15
"c:\Users\brian\Desktop\Code\My Game\build\_deps\glm-src\test\core\core_force_cxx_unknown.cpp", "C++", -10, 0, 0, 0, 0, 0, 0, 0, 0, 0, 0, 0, 0, 0, 0, -5, -15
"c:\Users\brian\Desktop\Code\My Game\build\_deps\glm-src\test\core\core_force_intrinsics.cpp", "C++", 357, 0, 0, 0, 0, 0, 0, 0, 0, 0, 0, 0, 0, 0, 2, 84, 443
"c:\Users\brian\Desktop\Code\My Game\build\_deps\glm-src\test\core\core_force_pure.cpp", "C++", 6, 0, 0, 0, 0, 0, 0, 0, 0, 0, 0, 0, 0, 0, 1, 2, 9
"c:\Users\brian\Desktop\Code\My Game\build\_deps\glm-src\test\core\core_func_common.cpp", "C++", 62, 0, 0, 0, 0, 0, 0, 0, 0, 0, 0, 0, 0, 0, 3, 17, 82
"c:\Users\brian\Desktop\Code\My Game\build\_deps\glm-src\test\core\core_func_geometric.cpp", "C++", 8, 0, 0, 0, 0, 0, 0, 0, 0, 0, 0, 0, 0, 0, 0, 2, 10
"c:\Users\brian\Desktop\Code\My Game\build\_deps\glm-src\test\core\core_func_integer.cpp", "C++", 24, 0, 0, 0, 0, 0, 0, 0, 0, 0, 0, 0, 0, 0, 0, 7, 31
"c:\Users\brian\Desktop\Code\My Game\build\_deps\glm-src\test\core\core_func_integer_bit_count.cpp", "C++", 20, 0, 0, 0, 0, 0, 0, 0, 0, 0, 0, 0, 0, 0, 0, 7, 27
"c:\Users\brian\Desktop\Code\My Game\build\_deps\glm-src\test\core\core_func_integer_find_lsb.cpp", "C++", 12, 0, 0, 0, 0, 0, 0, 0, 0, 0, 0, 0, 0, 0, 24, 3, 39
"c:\Users\brian\Desktop\Code\My Game\build\_deps\glm-src\test\core\core_func_integer_find_msb.cpp", "C++", 19, 0, 0, 0, 0, 0, 0, 0, 0, 0, 0, 0, 0, 0, 0, 6, 25
"c:\Users\brian\Desktop\Code\My Game\build\_deps\glm-src\test\core\core_func_matrix.cpp", "C++", 84, 0, 0, 0, 0, 0, 0, 0, 0, 0, 0, 0, 0, 0, 0, 13, 97
"c:\Users\brian\Desktop\Code\My Game\build\_deps\glm-src\test\core\core_setup_force_cxx03.cpp", "C++", 29, 0, 0, 0, 0, 0, 0, 0, 0, 0, 0, 0, 0, 0, 0, 6, 35
"c:\Users\brian\Desktop\Code\My Game\build\_deps\glm-src\test\core\core_setup_force_cxx98.cpp", "C++", 19, 0, 0, 0, 0, 0, 0, 0, 0, 0, 0, 0, 0, 0, 0, 2, 21
"c:\Users\brian\Desktop\Code\My Game\build\_deps\glm-src\test\core\core_setup_force_cxx_unknown.cpp", "C++", 10, 0, 0, 0, 0, 0, 0, 0, 0, 0, 0, 0, 0, 0, 0, 5, 15
"c:\Users\brian\Desktop\Code\My Game\build\_deps\glm-src\test\core\core_setup_message.cpp", "C++", 84, 0, 0, 0, 0, 0, 0, 0, 0, 0, 0, 0, 0, 0, 0, 1, 85
"c:\Users\brian\Desktop\Code\My Game\build\_deps\glm-src\test\core\core_setup_platform_unknown.cpp", "C++", 21, 0, 0, 0, 0, 0, 0, 0, 0, 0, 0, 0, 0, 0, 0, 3, 24
"c:\Users\brian\Desktop\Code\My Game\build\_deps\glm-src\test\core\core_type_aligned.cpp", "C++", 24, 0, 0, 0, 0, 0, 0, 0, 0, 0, 0, 0, 0, 0, 0, 8, 32
"c:\Users\brian\Desktop\Code\My Game\build\_deps\glm-src\test\core\core_type_cast.cpp", "C++", 6, 0, 0, 0, 0, 0, 0, 0, 0, 0, 0, 0, 0, 0, 0, 2, 8
"c:\Users\brian\Desktop\Code\My Game\build\_deps\glm-src\test\core\core_type_length.cpp", "C++", 0, 0, 0, 0, 0, 0, 0, 0, 0, 0, 0, 0, 0, 0, 0, -1, -1
"c:\Users\brian\Desktop\Code\My Game\build\_deps\glm-src\test\core\core_type_mat2x2.cpp", "C++", 11, 0, 0, 0, 0, 0, 0, 0, 0, 0, 0, 0, 0, 0, 0, 10, 21
"c:\Users\brian\Desktop\Code\My Game\build\_deps\glm-src\test\core\core_type_mat2x3.cpp", "C++", 11, 0, 0, 0, 0, 0, 0, 0, 0, 0, 0, 0, 0, 0, 0, 10, 21
"c:\Users\brian\Desktop\Code\My Game\build\_deps\glm-src\test\core\core_type_mat2x4.cpp", "C++", 11, 0, 0, 0, 0, 0, 0, 0, 0, 0, 0, 0, 0, 0, 0, 10, 21
"c:\Users\brian\Desktop\Code\My Game\build\_deps\glm-src\test\core\core_type_mat3x2.cpp", "C++", 11, 0, 0, 0, 0, 0, 0, 0, 0, 0, 0, 0, 0, 0, 0, 10, 21
"c:\Users\brian\Desktop\Code\My Game\build\_deps\glm-src\test\core\core_type_mat3x3.cpp", "C++", 10, 0, 0, 0, 0, 0, 0, 0, 0, 0, 0, 0, 0, 0, 0, 9, 19
"c:\Users\brian\Desktop\Code\My Game\build\_deps\glm-src\test\core\core_type_mat3x4.cpp", "C++", 11, 0, 0, 0, 0, 0, 0, 0, 0, 0, 0, 0, 0, 0, 0, 10, 21
"c:\Users\brian\Desktop\Code\My Game\build\_deps\glm-src\test\core\core_type_mat4x2.cpp", "C++", 11, 0, 0, 0, 0, 0, 0, 0, 0, 0, 0, 0, 0, 0, 0, 10, 21
"c:\Users\brian\Desktop\Code\My Game\build\_deps\glm-src\test\core\core_type_mat4x3.cpp", "C++", 11, 0, 0, 0, 0, 0, 0, 0, 0, 0, 0, 0, 0, 0, 0, 10, 21
"c:\Users\brian\Desktop\Code\My Game\build\_deps\glm-src\test\core\core_type_mat4x4.cpp", "C++", 3, 0, 0, 0, 0, 0, 0, 0, 0, 0, 0, 0, 0, 0, 0, 2, 5
"c:\Users\brian\Desktop\Code\My Game\build\_deps\glm-src\test\core\core_type_vec1.cpp", "C++", 15, 0, 0, 0, 0, 0, 0, 0, 0, 0, 0, 0, 0, 0, 1, 8, 24
"c:\Users\brian\Desktop\Code\My Game\build\_deps\glm-src\test\core\core_type_vec2.cpp", "C++", 24, 0, 0, 0, 0, 0, 0, 0, 0, 0, 0, 0, 0, 0, 1, 11, 36
"c:\Users\brian\Desktop\Code\My Game\build\_deps\glm-src\test\core\core_type_vec3.cpp", "C++", 15, 0, 0, 0, 0, 0, 0, 0, 0, 0, 0, 0, 0, 0, 1, 5, 21
"c:\Users\brian\Desktop\Code\My Game\build\_deps\glm-src\test\core\core_type_vec4.cpp", "C++", 7, 0, 0, 0, 0, 0, 0, 0, 0, 0, 0, 0, 0, 0, 1, 0, 8
"c:\Users\brian\Desktop\Code\My Game\build\_deps\glm-src\test\ext\CMakeLists.txt", "CMake", 0, 0, 0, 3, 0, 0, 0, 0, 0, 0, 0, 0, 0, 0, 0, 0, 3
"c:\Users\brian\Desktop\Code\My Game\build\_deps\glm-src\test\ext\ext_matrix_common.cpp", "C++", 169, 0, 0, 0, 0, 0, 0, 0, 0, 0, 0, 0, 0, 0, 9, 5, 183
"c:\Users\brian\Desktop\Code\My Game\build\_deps\glm-src\test\ext\ext_matrix_integer.cpp", "C++", 200, 0, 0, 0, 0, 0, 0, 0, 0, 0, 0, 0, 0, 0, 0, 38, 238
"c:\Users\brian\Desktop\Code\My Game\build\_deps\glm-src\test\ext\ext_quaternion_trigonometric.cpp", "C++", 5, 0, 0, 0, 0, 0, 0, 0, 0, 0, 0, 0, 0, 0, 0, 1, 6
"c:\Users\brian\Desktop\Code\My Game\build\_deps\glm-src\test\ext\ext_scalar_common.cpp", "C++", 25, 0, 0, 0, 0, 0, 0, 0, 0, 0, 0, 0, 0, 0, 0, 9, 34
"c:\Users\brian\Desktop\Code\My Game\build\_deps\glm-src\test\ext\ext_scalar_integer.cpp", "C++", 25, 0, 0, 0, 0, 0, 0, 0, 0, 0, 0, 0, 0, 0, 0, 4, 29
"c:\Users\brian\Desktop\Code\My Game\build\_deps\glm-src\test\ext\ext_scalar_reciprocal.cpp", "C++", 123, 0, 0, 0, 0, 0, 0, 0, 0, 0, 0, 0, 0, 0, 0, 49, 172
"c:\Users\brian\Desktop\Code\My Game\build\_deps\glm-src\test\ext\ext_vec1.cpp", "C++", 10, 0, 0, 0, 0, 0, 0, 0, 0, 0, 0, 0, 0, 0, 1, 3, 14
"c:\Users\brian\Desktop\Code\My Game\build\_deps\glm-src\test\ext\ext_vector_common.cpp", "C++", 25, 0, 0, 0, 0, 0, 0, 0, 0, 0, 0, 0, 0, 0, 0, 5, 30
"c:\Users\brian\Desktop\Code\My Game\build\_deps\glm-src\test\ext\ext_vector_integer.cpp", "C++", 159, 0, 0, 0, 0, 0, 0, 0, 0, 0, 0, 0, 0, 0, 8, 27, 194
"c:\Users\brian\Desktop\Code\My Game\build\_deps\glm-src\test\ext\ext_vector_integer_sized.cpp", "C++", -1, 0, 0, 0, 0, 0, 0, 0, 0, 0, 0, 0, 0, 0, 0, 0, -1
"c:\Users\brian\Desktop\Code\My Game\build\_deps\glm-src\test\ext\ext_vector_reciprocal.cpp", "C++", 131, 0, 0, 0, 0, 0, 0, 0, 0, 0, 0, 0, 0, 0, 0, 56, 187
"c:\Users\brian\Desktop\Code\My Game\build\_deps\glm-src\test\gtc\gtc_bitfield.cpp", "C++", -10, 0, 0, 0, 0, 0, 0, 0, 0, 0, 0, 0, 0, 0, 115, 20, 125
"c:\Users\brian\Desktop\Code\My Game\build\_deps\glm-src\test\gtc\gtc_color_space.cpp", "C++", -2, 0, 0, 0, 0, 0, 0, 0, 0, 0, 0, 0, 0, 0, 0, 0, -2
"c:\Users\brian\Desktop\Code\My Game\build\_deps\glm-src\test\gtc\gtc_epsilon.cpp", "C++", 1, 0, 0, 0, 0, 0, 0, 0, 0, 0, 0, 0, 0, 0, 0, 1, 2
"c:\Users\brian\Desktop\Code\My Game\build\_deps\glm-src\test\gtc\gtc_integer.cpp", "C++", 40, 0, 0, 0, 0, 0, 0, 0, 0, 0, 0, 0, 0, 0, 0, 8, 48
"c:\Users\brian\Desktop\Code\My Game\build\_deps\glm-src\test\gtc\gtc_matrix_transform.cpp", "C++", 91, 0, 0, 0, 0, 0, 0, 0, 0, 0, 0, 0, 0, 0, 0, 15, 106
"c:\Users\brian\Desktop\Code\My Game\build\_deps\glm-src\test\gtc\gtc_packing.cpp", "C++", -43, 0, 0, 0, 0, 0, 0, 0, 0, 0, 0, 0, 0, 0, 50, -6, 1
"c:\Users\brian\Desktop\Code\My Game\build\_deps\glm-src\test\gtc\gtc_quaternion.cpp", "C++", 3, 0, 0, 0, 0, 0, 0, 0, 0, 0, 0, 0, 0, 0, 0, 0, 3
"c:\Users\brian\Desktop\Code\My Game\build\_deps\glm-src\test\gtc\gtc_random.cpp", "C++", 2, 0, 0, 0, 0, 0, 0, 0, 0, 0, 0, 0, 0, 0, 0, 0, 2
"c:\Users\brian\Desktop\Code\My Game\build\_deps\glm-src\test\gtc\gtc_round.cpp", "C++", 7, 0, 0, 0, 0, 0, 0, 0, 0, 0, 0, 0, 0, 0, 0, 2, 9
"c:\Users\brian\Desktop\Code\My Game\build\_deps\glm-src\test\gtc\gtc_type_aligned.cpp", "C++", 335, 0, 0, 0, 0, 0, 0, 0, 0, 0, 0, 0, 0, 0, 1, 43, 379
"c:\Users\brian\Desktop\Code\My Game\build\_deps\glm-src\test\gtc\gtc_type_precision.cpp", "C++", 2, 0, 0, 0, 0, 0, 0, 0, 0, 0, 0, 0, 0, 0, 0, 1, 3
"c:\Users\brian\Desktop\Code\My Game\build\_deps\glm-src\test\gtc\gtc_type_ptr.cpp", "C++", 28, 0, 0, 0, 0, 0, 0, 0, 0, 0, 0, 0, 0, 0, 0, 24, 52
"c:\Users\brian\Desktop\Code\My Game\build\_deps\glm-src\test\gtx\CMakeLists.txt", "CMake", 0, 0, 0, 4, 0, 0, 0, 0, 0, 0, 0, 0, 0, 0, 0, 0, 4
"c:\Users\brian\Desktop\Code\My Game\build\_deps\glm-src\test\gtx\gtx_color_encoding.cpp", "C++", 1, 0, 0, 0, 0, 0, 0, 0, 0, 0, 0, 0, 0, 0, 0, 0, 1
"c:\Users\brian\Desktop\Code\My Game\build\_deps\glm-src\test\gtx\gtx_color_space.cpp", "C++", 11, 0, 0, 0, 0, 0, 0, 0, 0, 0, 0, 0, 0, 0, 0, 5, 16
"c:\Users\brian\Desktop\Code\My Game\build\_deps\glm-src\test\gtx\gtx_color_space_YCoCg.cpp", "C++", 5, 0, 0, 0, 0, 0, 0, 0, 0, 0, 0, 0, 0, 0, 0, 3, 8
"c:\Users\brian\Desktop\Code\My Game\build\_deps\glm-src\test\gtx\gtx_compatibility.cpp", "C++", 31, 0, 0, 0, 0, 0, 0, 0, 0, 0, 0, 0, 0, 0, 1, 7, 39
"c:\Users\brian\Desktop\Code\My Game\build\_deps\glm-src\test\gtx\gtx_component_wise.cpp", "C++", 48, 0, 0, 0, 0, 0, 0, 0, 0, 0, 0, 0, 0, 0, 0, 18, 66
"c:\Users\brian\Desktop\Code\My Game\build\_deps\glm-src\test\gtx\gtx_easing.cpp", "C++", 28, 0, 0, 0, 0, 0, 0, 0, 0, 0, 0, 0, 0, 0, 0, -2, 26
"c:\Users\brian\Desktop\Code\My Game\build\_deps\glm-src\test\gtx\gtx_euler_angle.cpp", "C++", -2, 0, 0, 0, 0, 0, 0, 0, 0, 0, 0, 0, 0, 0, 0, 0, -2
"c:\Users\brian\Desktop\Code\My Game\build\_deps\glm-src\test\gtx\gtx_exterior_product.cpp", "C++", 1, 0, 0, 0, 0, 0, 0, 0, 0, 0, 0, 0, 0, 0, 0, 0, 1
"c:\Users\brian\Desktop\Code\My Game\build\_deps\glm-src\test\gtx\gtx_fast_trigonometry.cpp", "C++", -24, 0, 0, 0, 0, 0, 0, 0, 0, 0, 0, 0, 0, 0, 54, -2, 28
"c:\Users\brian\Desktop\Code\My Game\build\_deps\glm-src\test\gtx\gtx_functions.cpp", "C++", 1, 0, 0, 0, 0, 0, 0, 0, 0, 0, 0, 0, 0, 0, 0, 0, 1
"c:\Users\brian\Desktop\Code\My Game\build\_deps\glm-src\test\gtx\gtx_hash.cpp", "C++", 59, 0, 0, 0, 0, 0, 0, 0, 0, 0, 0, 0, 0, 0, 3, 19, 81
"c:\Users\brian\Desktop\Code\My Game\build\_deps\glm-src\test\gtx\gtx_intersect.cpp", "C++", 4, 0, 0, 0, 0, 0, 0, 0, 0, 0, 0, 0, 0, 0, 0, 0, 4
"c:\Users\brian\Desktop\Code\My Game\build\_deps\glm-src\test\gtx\gtx_iteration.cpp", "C++", 172, 0, 0, 0, 0, 0, 0, 0, 0, 0, 0, 0, 0, 0, 3, 41, 216
"c:\Users\brian\Desktop\Code\My Game\build\_deps\glm-src\test\gtx\gtx_load.cpp", "C++", -1, 0, 0, 0, 0, 0, 0, 0, 0, 0, 0, 0, 0, 0, 1, 0, 0
"c:\Users\brian\Desktop\Code\My Game\build\_deps\glm-src\test\gtx\gtx_matrix_decompose.cpp", "C++", 26, 0, 0, 0, 0, 0, 0, 0, 0, 0, 0, 0, 0, 0, 0, 14, 40
"c:\Users\brian\Desktop\Code\My Game\build\_deps\glm-src\test\gtx\gtx_matrix_interpolation.cpp", "C++", 54, 0, 0, 0, 0, 0, 0, 0, 0, 0, 0, 0, 0, 0, 0, 9, 63
"c:\Users\brian\Desktop\Code\My Game\build\_deps\glm-src\test\gtx\gtx_matrix_operation.cpp", "C++", 58, 0, 0, 0, 0, 0, 0, 0, 0, 0, 0, 0, 0, 0, 3, 16, 77
"c:\Users\brian\Desktop\Code\My Game\build\_deps\glm-src\test\gtx\gtx_matrix_query.cpp", "C++", 6, 0, 0, 0, 0, 0, 0, 0, 0, 0, 0, 0, 0, 0, 0, 0, 6
"c:\Users\brian\Desktop\Code\My Game\build\_deps\glm-src\test\gtx\gtx_norm.cpp", "C++", 4, 0, 0, 0, 0, 0, 0, 0, 0, 0, 0, 0, 0, 0, 0, -1, 3
"c:\Users\brian\Desktop\Code\My Game\build\_deps\glm-src\test\gtx\gtx_number_precision.cpp", "C++", -7, 0, 0, 0, 0, 0, 0, 0, 0, 0, 0, 0, 0, 0, 0, -3, -10
"c:\Users\brian\Desktop\Code\My Game\build\_deps\glm-src\test\gtx\gtx_pca.cpp", "C++", 633, 0, 0, 0, 0, 0, 0, 0, 0, 0, 0, 0, 0, 0, 42, 59, 734
"c:\Users\brian\Desktop\Code\My Game\build\_deps\glm-src\test\gtx\gtx_quaternion.cpp", "C++", 3, 0, 0, 0, 0, 0, 0, 0, 0, 0, 0, 0, 0, 0, 0, 2, 5
"c:\Users\brian\Desktop\Code\My Game\build\_deps\glm-src\test\gtx\gtx_rotate_vector.cpp", "C++", 6, 0, 0, 0, 0, 0, 0, 0, 0, 0, 0, 0, 0, 0, 0, 5, 11
"c:\Users\brian\Desktop\Code\My Game\build\_deps\glm-src\test\gtx\gtx_scalar_multiplication.cpp", "C++", 0, 0, 0, 0, 0, 0, 0, 0, 0, 0, 0, 0, 0, 0, 0, 1, 1
"c:\Users\brian\Desktop\Code\My Game\build\_deps\glm-src\test\gtx\gtx_spline.cpp", "C++", 11, 0, 0, 0, 0, 0, 0, 0, 0, 0, 0, 0, 0, 0, 0, 10, 21
"c:\Users\brian\Desktop\Code\My Game\build\_deps\glm-src\test\gtx\gtx_string_cast.cpp", "C++", 0, 0, 0, 0, 0, 0, 0, 0, 0, 0, 0, 0, 0, 0, 0, 1, 1
"c:\Users\brian\Desktop\Code\My Game\build\_deps\glm-src\test\gtx\gtx_structured_bindings.cpp", "C++", 303, 0, 0, 0, 0, 0, 0, 0, 0, 0, 0, 0, 0, 0, 0, 64, 367
"c:\Users\brian\Desktop\Code\My Game\build\_deps\glm-src\test\gtx\gtx_texture.cpp", "C++", 0, 0, 0, 0, 0, 0, 0, 0, 0, 0, 0, 0, 0, 0, 0, 1, 1
"c:\Users\brian\Desktop\Code\My Game\build\_deps\glm-src\test\gtx\gtx_transform2.cpp", "C++", 111, 0, 0, 0, 0, 0, 0, 0, 0, 0, 0, 0, 0, 0, 0, 25, 136
"c:\Users\brian\Desktop\Code\My Game\build\_deps\glm-src\test\gtx\gtx_type_aligned.cpp", "C++", 28, 0, 0, 0, 0, 0, 0, 0, 0, 0, 0, 0, 0, 0, 0, 8, 36
"c:\Users\brian\Desktop\Code\My Game\build\_deps\glm-src\test\gtx\gtx_type_trait.cpp", "C++", 0, 0, 0, 0, 0, 0, 0, 0, 0, 0, 0, 0, 0, 0, 0, -2, -2
"c:\Users\brian\Desktop\Code\My Game\build\_deps\glm-src\test\perf\perf_matrix_inverse.cpp", "C++", 0, 0, 0, 0, 0, 0, 0, 0, 0, 0, 0, 0, 0, 0, 0, 1, 1
"c:\Users\brian\Desktop\Code\My Game\build\_deps\glm-src\test\perf\perf_matrix_mul.cpp", "C++", 43, 0, 0, 0, 0, 0, 0, 0, 0, 0, 0, 0, 0, 0, 0, 5, 48
"c:\Users\brian\Desktop\Code\My Game\build\_deps\glm-src\test\perf\perf_matrix_mul_vector.cpp", "C++", 6, 0, 0, 0, 0, 0, 0, 0, 0, 0, 0, 0, 0, 0, 0, -1, 5
"c:\Users\brian\Desktop\Code\My Game\build\_deps\glm-src\test\perf\perf_vector_mul_matrix.cpp", "C++", 28, 0, 0, 0, 0, 0, 0, 0, 0, 0, 0, 0, 0, 0, 0, 10, 38
"c:\Users\brian\Desktop\Code\My Game\build\_deps\vma-build\cmake_install.cmake", "CMake", 0, 0, 0, -33, 0, 0, 0, 0, 0, 0, 0, 0, 0, 0, -6, -7, -46
"c:\Users\brian\Desktop\Code\My Game\build\_deps\vma-src\.github\workflows\linux.yaml", "YAML", 0, 0, 0, 0, 0, 0, 0, 0, 0, -102, 0, 0, 0, 0, 0, -11, -113
"c:\Users\brian\Desktop\Code\My Game\build\_deps\vma-src\.github\workflows\static_code_analysis.yaml", "YAML", 0, 0, 0, 0, 0, 0, 0, 0, 0, -63, 0, 0, 0, 0, 0, -13, -76
"c:\Users\brian\Desktop\Code\My Game\build\_deps\vma-src\.github\workflows\windows.yaml", "YAML", 0, 0, 0, 0, 0, 0, 0, 0, 0, -61, 0, 0, 0, 0, 0, -9, -70
"c:\Users\brian\Desktop\Code\My Game\build\_deps\vma-src\AGENTS.md", "Markdown", 0, 0, 0, 0, 0, -67, 0, 0, 0, 0, 0, 0, 0, 0, 0, -31, -98
"c:\Users\brian\Desktop\Code\My Game\build\_deps\vma-src\CHANGELOG.md", "Markdown", 0, 0, 0, 0, 0, -194, 0, 0, 0, 0, 0, 0, 0, 0, 0, -63, -257
"c:\Users\brian\Desktop\Code\My Game\build\_deps\vma-src\CMakeLists.txt", "CMake", 0, 0, 0, -37, 0, 0, 0, 0, 0, 0, 0, 0, 0, 0, -25, -11, -73
"c:\Users\brian\Desktop\Code\My Game\build\_deps\vma-src\README.md", "Markdown", 0, 0, 0, 0, 0, -144, 0, 0, 0, 0, 0, 0, 0, 0, 0, -48, -192
"c:\Users\brian\Desktop\Code\My Game\build\_deps\vma-src\docs\html\allocation_annotation.html", "HTML", 0, 0, 0, 0, 0, 0, 0, 0, 0, 0, -147, 0, 0, 0, -5, -3, -155
"c:\Users\brian\Desktop\Code\My Game\build\_deps\vma-src\docs\html\annotated.html", "HTML", 0, 0, 0, 0, 0, 0, 0, 0, 0, 0, -133, 0, 0, 0, -5, -3, -141
"c:\Users\brian\Desktop\Code\My Game\build\_deps\vma-src\docs\html\choosing_memory_type.html", "HTML", 0, 0, 0, 0, 0, 0, 0, 0, 0, 0, -205, 0, 0, 0, -5, -3, -213
"c:\Users\brian\Desktop\Code\My Game\build\_deps\vma-src\docs\html\classes.html", "HTML", 0, 0, 0, 0, 0, 0, 0, 0, 0, 0, -110, 0, 0, 0, -5, -3, -118
"c:\Users\brian\Desktop\Code\My Game\build\_deps\vma-src\docs\html\clipboard.js", "JavaScript", 0, 0, 0, 0, 0, 0, 0, 0, 0, 0, 0, -29, 0, 0, -30, -3, -62
"c:\Users\brian\Desktop\Code\My Game\build\_deps\vma-src\docs\html\codefolding.js", "JavaScript", 0, 0, 0, 0, 0, 0, 0, 0, 0, 0, 0, -97, 0, 0, -40, -7, -144
"c:\Users\brian\Desktop\Code\My Game\build\_deps\vma-src\docs\html\configuration.html", "HTML", 0, 0, 0, 0, 0, 0, 0, 0, 0, 0, -136, 0, 0, 0, -5, -3, -144
"c:\Users\brian\Desktop\Code\My Game\build\_deps\vma-src\docs\html\cookie.js", "JavaScript", 0, 0, 0, 0, 0, 0, 0, 0, 0, 0, 0, -50, 0, 0, -5, -4, -59
"c:\Users\brian\Desktop\Code\My Game\build\_deps\vma-src\docs\html\custom_memory_pools.html", "HTML", 0, 0, 0, 0, 0, 0, 0, 0, 0, 0, -254, 0, 0, 0, -5, -3, -262
"c:\Users\brian\Desktop\Code\My Game\build\_deps\vma-src\docs\html\debugging_memory_usage.html", "HTML", 0, 0, 0, 0, 0, 0, 0, 0, 0, 0, -147, 0, 0, 0, -5, -3, -155
"c:\Users\brian\Desktop\Code\My Game\build\_deps\vma-src\docs\html\defragmentation.html", "HTML", 0, 0, 0, 0, 0, 0, 0, 0, 0, 0, -231, 0, 0, 0, -5, -3, -239
"c:\Users\brian\Desktop\Code\My Game\build\_deps\vma-src\docs\html\deprecated.html", "HTML", 0, 0, 0, 0, 0, 0, 0, 0, 0, 0, -121, 0, 0, 0, -5, -3, -129
"c:\Users\brian\Desktop\Code\My Game\build\_deps\vma-src\docs\html\dir_d44c64559bbebec7f509842c48db8b23.html", "HTML", 0, 0, 0, 0, 0, 0, 0, 0, 0, 0, -113, 0, 0, 0, -5, -3, -121
"c:\Users\brian\Desktop\Code\My Game\build\_deps\vma-src\docs\html\doc.svg", "XML", 0, 0, 0, 0, 0, 0, 0, 0, 0, 0, 0, 0, -12, 0, 0, -1, -13
"c:\Users\brian\Desktop\Code\My Game\build\_deps\vma-src\docs\html\docd.svg", "XML", 0, 0, 0, 0, 0, 0, 0, 0, 0, 0, 0, 0, -12, 0, 0, -1, -13
"c:\Users\brian\Desktop\Code\My Game\build\_deps\vma-src\docs\html\doxygen.css", "PostCSS", 0, 0, 0, 0, 0, 0, 0, 0, 0, 0, 0, 0, 0, -2113, -51, -397, -2561
"c:\Users\brian\Desktop\Code\My Game\build\_deps\vma-src\docs\html\doxygen.svg", "XML", 0, 0, 0, 0, 0, 0, 0, 0, 0, 0, 0, 0, -28, 0, 0, -1, -29
"c:\Users\brian\Desktop\Code\My Game\build\_deps\vma-src\docs\html\doxygen_crawl.html", "HTML", 0, 0, 0, 0, 0, 0, 0, 0, 0, 0, -463, 0, 0, 0, 0, -1, -464
"c:\Users\brian\Desktop\Code\My Game\build\_deps\vma-src\docs\html\dynsections.js", "JavaScript", 0, 0, 0, 0, 0, 0, 0, 0, 0, 0, 0, -128, 0, 0, -48, -16, -192
"c:\Users\brian\Desktop\Code\My Game\build\_deps\vma-src\docs\html\enabling_buffer_device_address.html", "HTML", 0, 0, 0, 0, 0, 0, 0, 0, 0, 0, -126, 0, 0, 0, -5, -3, -134
"c:\Users\brian\Desktop\Code\My Game\build\_deps\vma-src\docs\html\faq.html", "HTML", 0, 0, 0, 0, 0, 0, 0, 0, 0, 0, -182, 0, 0, 0, -5, -3, -190
"c:\Users\brian\Desktop\Code\My Game\build\_deps\vma-src\docs\html\files.html", "HTML", 0, 0, 0, 0, 0, 0, 0, 0, 0, 0, -110, 0, 0, 0, -5, -3, -118
"c:\Users\brian\Desktop\Code\My Game\build\_deps\vma-src\docs\html\folderclosed.svg", "XML", 0, 0, 0, 0, 0, 0, 0, 0, 0, 0, 0, 0, -11, 0, 0, -1, -12
"c:\Users\brian\Desktop\Code\My Game\build\_deps\vma-src\docs\html\folderclosedd.svg", "XML", 0, 0, 0, 0, 0, 0, 0, 0, 0, 0, 0, 0, -11, 0, 0, -1, -12
"c:\Users\brian\Desktop\Code\My Game\build\_deps\vma-src\docs\html\folderopen.svg", "XML", 0, 0, 0, 0, 0, 0, 0, 0, 0, 0, 0, 0, -17, 0, 0, -1, -18
"c:\Users\brian\Desktop\Code\My Game\build\_deps\vma-src\docs\html\folderopend.svg", "XML", 0, 0, 0, 0, 0, 0, 0, 0, 0, 0, 0, 0, -12, 0, 0, -1, -13
"c:\Users\brian\Desktop\Code\My Game\build\_deps\vma-src\docs\html\functions.html", "HTML", 0, 0, 0, 0, 0, 0, 0, 0, 0, 0, -217, 0, 0, 0, -5, -29, -251
"c:\Users\brian\Desktop\Code\My Game\build\_deps\vma-src\docs\html\functions_vars.html", "HTML", 0, 0, 0, 0, 0, 0, 0, 0, 0, 0, -217, 0, 0, 0, -5, -29, -251
"c:\Users\brian\Desktop\Code\My Game\build\_deps\vma-src\docs\html\general_considerations.html", "HTML", 0, 0, 0, 0, 0, 0, 0, 0, 0, 0, -162, 0, 0, 0, -5, -3, -170
"c:\Users\brian\Desktop\Code\My Game\build\_deps\vma-src\docs\html\globals.html", "HTML", 0, 0, 0, 0, 0, 0, 0, 0, 0, 0, -283, 0, 0, 0, -5, -7, -295
"c:\Users\brian\Desktop\Code\My Game\build\_deps\vma-src\docs\html\globals_defs.html", "HTML", 0, 0, 0, 0, 0, 0, 0, 0, 0, 0, -107, 0, 0, 0, -5, -3, -115
"c:\Users\brian\Desktop\Code\My Game\build\_deps\vma-src\docs\html\globals_enum.html", "HTML", 0, 0, 0, 0, 0, 0, 0, 0, 0, 0, -113, 0, 0, 0, -5, -3, -121
"c:\Users\brian\Desktop\Code\My Game\build\_deps\vma-src\docs\html\globals_eval.html", "HTML", 0, 0, 0, 0, 0, 0, 0, 0, 0, 0, -167, 0, 0, 0, -5, -5, -177
"c:\Users\brian\Desktop\Code\My Game\build\_deps\vma-src\docs\html\globals_func.html", "HTML", 0, 0, 0, 0, 0, 0, 0, 0, 0, 0, -181, 0, 0, 0, -5, -5, -191
"c:\Users\brian\Desktop\Code\My Game\build\_deps\vma-src\docs\html\globals_type.html", "HTML", 0, 0, 0, 0, 0, 0, 0, 0, 0, 0, -143, 0, 0, 0, -5, -7, -155
"c:\Users\brian\Desktop\Code\My Game\build\_deps\vma-src\docs\html\group__group__alloc.html", "HTML", 0, 0, 0, 0, 0, 0, 0, 0, 0, 0, -2651, 0, 0, 0, -5, -218, -2874
"c:\Users\brian\Desktop\Code\My Game\build\_deps\vma-src\docs\html\group__group__init.html", "HTML", 0, 0, 0, 0, 0, 0, 0, 0, 0, 0, -585, 0, 0, 0, -5, -53, -643
"c:\Users\brian\Desktop\Code\My Game\build\_deps\vma-src\docs\html\group__group__stats.html", "HTML", 0, 0, 0, 0, 0, 0, 0, 0, 0, 0, -440, 0, 0, 0, -5, -38, -483
"c:\Users\brian\Desktop\Code\My Game\build\_deps\vma-src\docs\html\group__group__virtual.html", "HTML", 0, 0, 0, 0, 0, 0, 0, 0, 0, 0, -562, 0, 0, 0, -5, -61, -628
"c:\Users\brian\Desktop\Code\My Game\build\_deps\vma-src\docs\html\index.html", "HTML", 0, 0, 0, 0, 0, 0, 0, 0, 0, 0, -208, 0, 0, 0, -5, -3, -216
"c:\Users\brian\Desktop\Code\My Game\build\_deps\vma-src\docs\html\jquery.js", "JavaScript", 0, 0, 0, 0, 0, 0, 0, 0, 0, 0, 0, -177, 0, 0, -27, -1, -205
"c:\Users\brian\Desktop\Code\My Game\build\_deps\vma-src\docs\html\memory_mapping.html", "HTML", 0, 0, 0, 0, 0, 0, 0, 0, 0, 0, -196, 0, 0, 0, -5, -3, -204
"c:\Users\brian\Desktop\Code\My Game\build\_deps\vma-src\docs\html\menu.js", "JavaScript", 0, 0, 0, 0, 0, 0, 0, 0, 0, 0, 0, -416, 0, 0, -78, -76, -570
"c:\Users\brian\Desktop\Code\My Game\build\_deps\vma-src\docs\html\menudata.js", "JavaScript", 0, 0, 0, 0, 0, 0, 0, 0, 0, 0, 0, -51, 0, 0, -24, -1, -76
"c:\Users\brian\Desktop\Code\My Game\build\_deps\vma-src\docs\html\minus.svg", "XML", 0, 0, 0, 0, 0, 0, 0, 0, 0, 0, 0, 0, -8, 0, 0, -1, -9
"c:\Users\brian\Desktop\Code\My Game\build\_deps\vma-src\docs\html\minusd.svg", "XML", 0, 0, 0, 0, 0, 0, 0, 0, 0, 0, 0, 0, -8, 0, 0, -1, -9
"c:\Users\brian\Desktop\Code\My Game\build\_deps\vma-src\docs\html\navtree.css", "PostCSS", 0, 0, 0, 0, 0, 0, 0, 0, 0, 0, 0, 0, 0, -279, -2, -47, -328
"c:\Users\brian\Desktop\Code\My Game\build\_deps\vma-src\docs\html\other_api_interop.html", "HTML", 0, 0, 0, 0, 0, 0, 0, 0, 0, 0, -264, 0, 0, 0, -5, -3, -272
"c:\Users\brian\Desktop\Code\My Game\build\_deps\vma-src\docs\html\pages.html", "HTML", 0, 0, 0, 0, 0, 0, 0, 0, 0, 0, -109, 0, 0, 0, -5, -3, -117
"c:\Users\brian\Desktop\Code\My Game\build\_deps\vma-src\docs\html\plus.svg", "XML", 0, 0, 0, 0, 0, 0, 0, 0, 0, 0, 0, 0, -9, 0, 0, -1, -10
"c:\Users\brian\Desktop\Code\My Game\build\_deps\vma-src\docs\html\plusd.svg", "XML", 0, 0, 0, 0, 0, 0, 0, 0, 0, 0, 0, 0, -9, 0, 0, -1, -10
"c:\Users\brian\Desktop\Code\My Game\build\_deps\vma-src\docs\html\quick_start.html", "HTML", 0, 0, 0, 0, 0, 0, 0, 0, 0, 0, -259, 0, 0, 0, -5, -3, -267
"c:\Users\brian\Desktop\Code\My Game\build\_deps\vma-src\docs\html\resize.js", "JavaScript", 0, 0, 0, 0, 0, 0, 0, 0, 0, 0, 0, -96, 0, 0, -45, -7, -148
"c:\Users\brian\Desktop\Code\My Game\build\_deps\vma-src\docs\html\resource_aliasing.html", "HTML", 0, 0, 0, 0, 0, 0, 0, 0, 0, 0, -191, 0, 0, 0, -5, -3, -199
"c:\Users\brian\Desktop\Code\My Game\build\_deps\vma-src\docs\html\search\all_0.js", "JavaScript", 0, 0, 0, 0, 0, 0, 0, 0, 0, 0, 0, -36, 0, 0, 0, -1, -37
"c:\Users\brian\Desktop\Code\My Game\build\_deps\vma-src\docs\html\search\all_1.js", "JavaScript", 0, 0, 0, 0, 0, 0, 0, 0, 0, 0, 0, -12, 0, 0, 0, -1, -13
"c:\Users\brian\Desktop\Code\My Game\build\_deps\vma-src\docs\html\search\all_10.js", "JavaScript", 0, 0, 0, 0, 0, 0, 0, 0, 0, 0, 0, -11, 0, 0, 0, -1, -12
"c:\Users\brian\Desktop\Code\My Game\build\_deps\vma-src\docs\html\search\all_11.js", "JavaScript", 0, 0, 0, 0, 0, 0, 0, 0, 0, 0, 0, -16, 0, 0, 0, -1, -17
"c:\Users\brian\Desktop\Code\My Game\build\_deps\vma-src\docs\html\search\all_12.js", "JavaScript", 0, 0, 0, 0, 0, 0, 0, 0, 0, 0, 0, -10, 0, 0, 0, -1, -11
"c:\Users\brian\Desktop\Code\My Game\build\_deps\vma-src\docs\html\search\all_13.js", "JavaScript", 0, 0, 0, 0, 0, 0, 0, 0, 0, 0, 0, -15, 0, 0, 0, -1, -16
"c:\Users\brian\Desktop\Code\My Game\build\_deps\vma-src\docs\html\search\all_14.js", "JavaScript", 0, 0, 0, 0, 0, 0, 0, 0, 0, 0, 0, -222, 0, 0, 0, -1, -223
"c:\Users\brian\Desktop\Code\My Game\build\_deps\vma-src\docs\html\search\all_15.js", "JavaScript", 0, 0, 0, 0, 0, 0, 0, 0, 0, 0, 0, -8, 0, 0, 0, -1, -9
"c:\Users\brian\Desktop\Code\My Game\build\_deps\vma-src\docs\html\search\all_2.js", "JavaScript", 0, 0, 0, 0, 0, 0, 0, 0, 0, 0, 0, -21, 0, 0, 0, -1, -22
"c:\Users\brian\Desktop\Code\My Game\build\_deps\vma-src\docs\html\search\all_3.js", "JavaScript", 0, 0, 0, 0, 0, 0, 0, 0, 0, 0, 0, -22, 0, 0, 0, -1, -23
"c:\Users\brian\Desktop\Code\My Game\build\_deps\vma-src\docs\html\search\all_4.js", "JavaScript", 0, 0, 0, 0, 0, 0, 0, 0, 0, 0, 0, -10, 0, 0, 0, -1, -11
"c:\Users\brian\Desktop\Code\My Game\build\_deps\vma-src\docs\html\search\all_5.js", "JavaScript", 0, 0, 0, 0, 0, 0, 0, 0, 0, 0, 0, -12, 0, 0, 0, -1, -13
"c:\Users\brian\Desktop\Code\My Game\build\_deps\vma-src\docs\html\search\all_6.js", "JavaScript", 0, 0, 0, 0, 0, 0, 0, 0, 0, 0, 0, -6, 0, 0, 0, -1, -7
"c:\Users\brian\Desktop\Code\My Game\build\_deps\vma-src\docs\html\search\all_7.js", "JavaScript", 0, 0, 0, 0, 0, 0, 0, 0, 0, 0, 0, -6, 0, 0, 0, -1, -7
"c:\Users\brian\Desktop\Code\My Game\build\_deps\vma-src\docs\html\search\all_8.js", "JavaScript", 0, 0, 0, 0, 0, 0, 0, 0, 0, 0, 0, -13, 0, 0, 0, -1, -14
"c:\Users\brian\Desktop\Code\My Game\build\_deps\vma-src\docs\html\search\all_9.js", "JavaScript", 0, 0, 0, 0, 0, 0, 0, 0, 0, 0, 0, -4, 0, 0, 0, -1, -5
"c:\Users\brian\Desktop\Code\My Game\build\_deps\vma-src\docs\html\search\all_a.js", "JavaScript", 0, 0, 0, 0, 0, 0, 0, 0, 0, 0, 0, -9, 0, 0, 0, -1, -10
"c:\Users\brian\Desktop\Code\My Game\build\_deps\vma-src\docs\html\search\all_b.js", "JavaScript", 0, 0, 0, 0, 0, 0, 0, 0, 0, 0, 0, -33, 0, 0, 0, -1, -34
"c:\Users\brian\Desktop\Code\My Game\build\_deps\vma-src\docs\html\search\all_c.js", "JavaScript", 0, 0, 0, 0, 0, 0, 0, 0, 0, 0, 0, -8, 0, 0, 0, -1, -9
"c:\Users\brian\Desktop\Code\My Game\build\_deps\vma-src\docs\html\search\all_d.js", "JavaScript", 0, 0, 0, 0, 0, 0, 0, 0, 0, 0, 0, -12, 0, 0, 0, -1, -13
"c:\Users\brian\Desktop\Code\My Game\build\_deps\vma-src\docs\html\search\all_e.js", "JavaScript", 0, 0, 0, 0, 0, 0, 0, 0, 0, 0, 0, -33, 0, 0, 0, -1, -34
"c:\Users\brian\Desktop\Code\My Game\build\_deps\vma-src\docs\html\search\all_f.js", "JavaScript", 0, 0, 0, 0, 0, 0, 0, 0, 0, 0, 0, -6, 0, 0, 0, -1, -7
"c:\Users\brian\Desktop\Code\My Game\build\_deps\vma-src\docs\html\search\classes_0.js", "JavaScript", 0, 0, 0, 0, 0, 0, 0, 0, 0, 0, 0, -28, 0, 0, 0, -1, -29
"c:\Users\brian\Desktop\Code\My Game\build\_deps\vma-src\docs\html\search\close.svg", "XML", 0, 0, 0, 0, 0, 0, 0, 0, 0, 0, 0, 0, -18, 0, 0, -1, -19
"c:\Users\brian\Desktop\Code\My Game\build\_deps\vma-src\docs\html\search\defines_0.js", "JavaScript", 0, 0, 0, 0, 0, 0, 0, 0, 0, 0, 0, -5, 0, 0, 0, -1, -6
"c:\Users\brian\Desktop\Code\My Game\build\_deps\vma-src\docs\html\search\enums_0.js", "JavaScript", 0, 0, 0, 0, 0, 0, 0, 0, 0, 0, 0, -11, 0, 0, 0, -1, -12
"c:\Users\brian\Desktop\Code\My Game\build\_deps\vma-src\docs\html\search\enumvalues_0.js", "JavaScript", 0, 0, 0, 0, 0, 0, 0, 0, 0, 0, 0, -65, 0, 0, 0, -1, -66
"c:\Users\brian\Desktop\Code\My Game\build\_deps\vma-src\docs\html\search\files_0.js", "JavaScript", 0, 0, 0, 0, 0, 0, 0, 0, 0, 0, 0, -4, 0, 0, 0, -1, -5
"c:\Users\brian\Desktop\Code\My Game\build\_deps\vma-src\docs\html\search\functions_0.js", "JavaScript", 0, 0, 0, 0, 0, 0, 0, 0, 0, 0, 0, -79, 0, 0, 0, -1, -80
"c:\Users\brian\Desktop\Code\My Game\build\_deps\vma-src\docs\html\search\groups_0.js", "JavaScript", 0, 0, 0, 0, 0, 0, 0, 0, 0, 0, 0, -5, 0, 0, 0, -1, -6
"c:\Users\brian\Desktop\Code\My Game\build\_deps\vma-src\docs\html\search\groups_1.js", "JavaScript", 0, 0, 0, 0, 0, 0, 0, 0, 0, 0, 0, -4, 0, 0, 0, -1, -5
"c:\Users\brian\Desktop\Code\My Game\build\_deps\vma-src\docs\html\search\groups_2.js", "JavaScript", 0, 0, 0, 0, 0, 0, 0, 0, 0, 0, 0, -4, 0, 0, 0, -1, -5
"c:\Users\brian\Desktop\Code\My Game\build\_deps\vma-src\docs\html\search\groups_3.js", "JavaScript", 0, 0, 0, 0, 0, 0, 0, 0, 0, 0, 0, -4, 0, 0, 0, -1, -5
"c:\Users\brian\Desktop\Code\My Game\build\_deps\vma-src\docs\html\search\groups_4.js", "JavaScript", 0, 0, 0, 0, 0, 0, 0, 0, 0, 0, 0, -4, 0, 0, 0, -1, -5
"c:\Users\brian\Desktop\Code\My Game\build\_deps\vma-src\docs\html\search\groups_5.js", "JavaScript", 0, 0, 0, 0, 0, 0, 0, 0, 0, 0, 0, -4, 0, 0, 0, -1, -5
"c:\Users\brian\Desktop\Code\My Game\build\_deps\vma-src\docs\html\search\mag.svg", "XML", 0, 0, 0, 0, 0, 0, 0, 0, 0, 0, 0, 0, -24, 0, 0, -1, -25
"c:\Users\brian\Desktop\Code\My Game\build\_deps\vma-src\docs\html\search\mag_d.svg", "XML", 0, 0, 0, 0, 0, 0, 0, 0, 0, 0, 0, 0, -24, 0, 0, -1, -25
"c:\Users\brian\Desktop\Code\My Game\build\_deps\vma-src\docs\html\search\mag_sel.svg", "XML", 0, 0, 0, 0, 0, 0, 0, 0, 0, 0, 0, 0, -30, 0, -1, -1, -32
"c:\Users\brian\Desktop\Code\My Game\build\_deps\vma-src\docs\html\search\mag_seld.svg", "XML", 0, 0, 0, 0, 0, 0, 0, 0, 0, 0, 0, 0, -30, 0, -1, -1, -32
"c:\Users\brian\Desktop\Code\My Game\build\_deps\vma-src\docs\html\search\pages_0.js", "JavaScript", 0, 0, 0, 0, 0, 0, 0, 0, 0, 0, 0, -30, 0, 0, 0, -1, -31
"c:\Users\brian\Desktop\Code\My Game\build\_deps\vma-src\docs\html\search\pages_1.js", "JavaScript", 0, 0, 0, 0, 0, 0, 0, 0, 0, 0, 0, -7, 0, 0, 0, -1, -8
"c:\Users\brian\Desktop\Code\My Game\build\_deps\vma-src\docs\html\search\pages_10.js", "JavaScript", 0, 0, 0, 0, 0, 0, 0, 0, 0, 0, 0, -10, 0, 0, 0, -1, -11
"c:\Users\brian\Desktop\Code\My Game\build\_deps\vma-src\docs\html\search\pages_11.js", "JavaScript", 0, 0, 0, 0, 0, 0, 0, 0, 0, 0, 0, -14, 0, 0, 0, -1, -15
"c:\Users\brian\Desktop\Code\My Game\build\_deps\vma-src\docs\html\search\pages_12.js", "JavaScript", 0, 0, 0, 0, 0, 0, 0, 0, 0, 0, 0, -9, 0, 0, 0, -1, -10
"c:\Users\brian\Desktop\Code\My Game\build\_deps\vma-src\docs\html\search\pages_13.js", "JavaScript", 0, 0, 0, 0, 0, 0, 0, 0, 0, 0, 0, -12, 0, 0, 0, -1, -13
"c:\Users\brian\Desktop\Code\My Game\build\_deps\vma-src\docs\html\search\pages_14.js", "JavaScript", 0, 0, 0, 0, 0, 0, 0, 0, 0, 0, 0, -15, 0, 0, 0, -1, -16
"c:\Users\brian\Desktop\Code\My Game\build\_deps\vma-src\docs\html\search\pages_15.js", "JavaScript", 0, 0, 0, 0, 0, 0, 0, 0, 0, 0, 0, -8, 0, 0, 0, -1, -9
"c:\Users\brian\Desktop\Code\My Game\build\_deps\vma-src\docs\html\search\pages_2.js", "JavaScript", 0, 0, 0, 0, 0, 0, 0, 0, 0, 0, 0, -21, 0, 0, 0, -1, -22
"c:\Users\brian\Desktop\Code\My Game\build\_deps\vma-src\docs\html\search\pages_3.js", "JavaScript", 0, 0, 0, 0, 0, 0, 0, 0, 0, 0, 0, -17, 0, 0, 0, -1, -18
"c:\Users\brian\Desktop\Code\My Game\build\_deps\vma-src\docs\html\search\pages_4.js", "JavaScript", 0, 0, 0, 0, 0, 0, 0, 0, 0, 0, 0, -10, 0, 0, 0, -1, -11
"c:\Users\brian\Desktop\Code\My Game\build\_deps\vma-src\docs\html\search\pages_5.js", "JavaScript", 0, 0, 0, 0, 0, 0, 0, 0, 0, 0, 0, -12, 0, 0, 0, -1, -13
"c:\Users\brian\Desktop\Code\My Game\build\_deps\vma-src\docs\html\search\pages_6.js", "JavaScript", 0, 0, 0, 0, 0, 0, 0, 0, 0, 0, 0, -6, 0, 0, 0, -1, -7
"c:\Users\brian\Desktop\Code\My Game\build\_deps\vma-src\docs\html\search\pages_7.js", "JavaScript", 0, 0, 0, 0, 0, 0, 0, 0, 0, 0, 0, -6, 0, 0, 0, -1, -7
"c:\Users\brian\Desktop\Code\My Game\build\_deps\vma-src\docs\html\search\pages_8.js", "JavaScript", 0, 0, 0, 0, 0, 0, 0, 0, 0, 0, 0, -12, 0, 0, 0, -1, -13
"c:\Users\brian\Desktop\Code\My Game\build\_deps\vma-src\docs\html\search\pages_9.js", "JavaScript", 0, 0, 0, 0, 0, 0, 0, 0, 0, 0, 0, -4, 0, 0, 0, -1, -5
"c:\Users\brian\Desktop\Code\My Game\build\_deps\vma-src\docs\html\search\pages_a.js", "JavaScript", 0, 0, 0, 0, 0, 0, 0, 0, 0, 0, 0, -8, 0, 0, 0, -1, -9
"c:\Users\brian\Desktop\Code\My Game\build\_deps\vma-src\docs\html\search\pages_b.js", "JavaScript", 0, 0, 0, 0, 0, 0, 0, 0, 0, 0, 0, -22, 0, 0, 0, -1, -23
"c:\Users\brian\Desktop\Code\My Game\build\_deps\vma-src\docs\html\search\pages_c.js", "JavaScript", 0, 0, 0, 0, 0, 0, 0, 0, 0, 0, 0, -8, 0, 0, 0, -1, -9
"c:\Users\brian\Desktop\Code\My Game\build\_deps\vma-src\docs\html\search\pages_d.js", "JavaScript", 0, 0, 0, 0, 0, 0, 0, 0, 0, 0, 0, -10, 0, 0, 0, -1, -11
"c:\Users\brian\Desktop\Code\My Game\build\_deps\vma-src\docs\html\search\pages_e.js", "JavaScript", 0, 0, 0, 0, 0, 0, 0, 0, 0, 0, 0, -11, 0, 0, 0, -1, -12
"c:\Users\brian\Desktop\Code\My Game\build\_deps\vma-src\docs\html\search\pages_f.js", "JavaScript", 0, 0, 0, 0, 0, 0, 0, 0, 0, 0, 0, -6, 0, 0, 0, -1, -7
"c:\Users\brian\Desktop\Code\My Game\build\_deps\vma-src\docs\html\search\search.css", "PostCSS", 0, 0, 0, 0, 0, 0, 0, 0, 0, 0, 0, 0, 0, -304, -9, -65, -378
"c:\Users\brian\Desktop\Code\My Game\build\_deps\vma-src\docs\html\search\search.js", "JavaScript", 0, 0, 0, 0, 0, 0, 0, 0, 0, 0, 0, -580, 0, 0, -60, -69, -709
"c:\Users\brian\Desktop\Code\My Game\build\_deps\vma-src\docs\html\search\searchdata.js", "JavaScript", 0, 0, 0, 0, 0, 0, 0, 0, 0, 0, 0, -42, 0, 0, 0, -4, -46
"c:\Users\brian\Desktop\Code\My Game\build\_deps\vma-src\docs\html\search\typedefs_0.js", "JavaScript", 0, 0, 0, 0, 0, 0, 0, 0, 0, 0, 0, -6, 0, 0, 0, -1, -7
"c:\Users\brian\Desktop\Code\My Game\build\_deps\vma-src\docs\html\search\typedefs_1.js", "JavaScript", 0, 0, 0, 0, 0, 0, 0, 0, 0, 0, 0, -36, 0, 0, 0, -1, -37
"c:\Users\brian\Desktop\Code\My Game\build\_deps\vma-src\docs\html\search\variables_0.js", "JavaScript", 0, 0, 0, 0, 0, 0, 0, 0, 0, 0, 0, -10, 0, 0, 0, -1, -11
"c:\Users\brian\Desktop\Code\My Game\build\_deps\vma-src\docs\html\search\variables_1.js", "JavaScript", 0, 0, 0, 0, 0, 0, 0, 0, 0, 0, 0, -9, 0, 0, 0, -1, -10
"c:\Users\brian\Desktop\Code\My Game\build\_deps\vma-src\docs\html\search\variables_2.js", "JavaScript", 0, 0, 0, 0, 0, 0, 0, 0, 0, 0, 0, -8, 0, 0, 0, -1, -9
"c:\Users\brian\Desktop\Code\My Game\build\_deps\vma-src\docs\html\search\variables_3.js", "JavaScript", 0, 0, 0, 0, 0, 0, 0, 0, 0, 0, 0, -4, 0, 0, 0, -1, -5
"c:\Users\brian\Desktop\Code\My Game\build\_deps\vma-src\docs\html\search\variables_4.js", "JavaScript", 0, 0, 0, 0, 0, 0, 0, 0, 0, 0, 0, -4, 0, 0, 0, -1, -5
"c:\Users\brian\Desktop\Code\My Game\build\_deps\vma-src\docs\html\search\variables_5.js", "JavaScript", 0, 0, 0, 0, 0, 0, 0, 0, 0, 0, 0, -14, 0, 0, 0, -1, -15
"c:\Users\brian\Desktop\Code\My Game\build\_deps\vma-src\docs\html\search\variables_6.js", "JavaScript", 0, 0, 0, 0, 0, 0, 0, 0, 0, 0, 0, -5, 0, 0, 0, -1, -6
"c:\Users\brian\Desktop\Code\My Game\build\_deps\vma-src\docs\html\search\variables_7.js", "JavaScript", 0, 0, 0, 0, 0, 0, 0, 0, 0, 0, 0, -22, 0, 0, 0, -1, -23
"c:\Users\brian\Desktop\Code\My Game\build\_deps\vma-src\docs\html\search\variables_8.js", "JavaScript", 0, 0, 0, 0, 0, 0, 0, 0, 0, 0, 0, -4, 0, 0, 0, -1, -5
"c:\Users\brian\Desktop\Code\My Game\build\_deps\vma-src\docs\html\search\variables_9.js", "JavaScript", 0, 0, 0, 0, 0, 0, 0, 0, 0, 0, 0, -6, 0, 0, 0, -1, -7
"c:\Users\brian\Desktop\Code\My Game\build\_deps\vma-src\docs\html\search\variables_a.js", "JavaScript", 0, 0, 0, 0, 0, 0, 0, 0, 0, 0, 0, -4, 0, 0, 0, -1, -5
"c:\Users\brian\Desktop\Code\My Game\build\_deps\vma-src\docs\html\search\variables_b.js", "JavaScript", 0, 0, 0, 0, 0, 0, 0, 0, 0, 0, 0, -7, 0, 0, 0, -1, -8
"c:\Users\brian\Desktop\Code\My Game\build\_deps\vma-src\docs\html\search\variables_c.js", "JavaScript", 0, 0, 0, 0, 0, 0, 0, 0, 0, 0, 0, -30, 0, 0, 0, -1, -31
"c:\Users\brian\Desktop\Code\My Game\build\_deps\vma-src\docs\html\statistics.html", "HTML", 0, 0, 0, 0, 0, 0, 0, 0, 0, 0, -136, 0, 0, 0, -5, -3, -144
"c:\Users\brian\Desktop\Code\My Game\build\_deps\vma-src\docs\html\staying_within_budget.html", "HTML", 0, 0, 0, 0, 0, 0, 0, 0, 0, 0, -135, 0, 0, 0, -5, -3, -143
"c:\Users\brian\Desktop\Code\My Game\build\_deps\vma-src\docs\html\struct_vma_allocation.html", "HTML", 0, 0, 0, 0, 0, 0, 0, 0, 0, 0, -115, 0, 0, 0, -5, -4, -124
"c:\Users\brian\Desktop\Code\My Game\build\_deps\vma-src\docs\html\struct_vma_allocation_create_info-members.html", "HTML", 0, 0, 0, 0, 0, 0, 0, 0, 0, 0, -115, 0, 0, 0, -5, -4, -124
"c:\Users\brian\Desktop\Code\My Game\build\_deps\vma-src\docs\html\struct_vma_allocation_create_info.html", "HTML", 0, 0, 0, 0, 0, 0, 0, 0, 0, 0, -268, 0, 0, 0, -5, -31, -304
"c:\Users\brian\Desktop\Code\My Game\build\_deps\vma-src\docs\html\struct_vma_allocation_info-members.html", "HTML", 0, 0, 0, 0, 0, 0, 0, 0, 0, 0, -113, 0, 0, 0, -5, -4, -122
"c:\Users\brian\Desktop\Code\My Game\build\_deps\vma-src\docs\html\struct_vma_allocation_info.html", "HTML", 0, 0, 0, 0, 0, 0, 0, 0, 0, 0, -235, 0, 0, 0, -5, -24, -264
"c:\Users\brian\Desktop\Code\My Game\build\_deps\vma-src\docs\html\struct_vma_allocation_info2-members.html", "HTML", 0, 0, 0, 0, 0, 0, 0, 0, 0, 0, -109, 0, 0, 0, -5, -4, -118
"c:\Users\brian\Desktop\Code\My Game\build\_deps\vma-src\docs\html\struct_vma_allocation_info2.html", "HTML", 0, 0, 0, 0, 0, 0, 0, 0, 0, 0, -167, 0, 0, 0, -5, -13, -185
"c:\Users\brian\Desktop\Code\My Game\build\_deps\vma-src\docs\html\struct_vma_allocator.html", "HTML", 0, 0, 0, 0, 0, 0, 0, 0, 0, 0, -113, 0, 0, 0, -5, -4, -122
"c:\Users\brian\Desktop\Code\My Game\build\_deps\vma-src\docs\html\struct_vma_allocator_create_info-members.html", "HTML", 0, 0, 0, 0, 0, 0, 0, 0, 0, 0, -117, 0, 0, 0, -5, -4, -126
"c:\Users\brian\Desktop\Code\My Game\build\_deps\vma-src\docs\html\struct_vma_allocator_create_info.html", "HTML", 0, 0, 0, 0, 0, 0, 0, 0, 0, 0, -302, 0, 0, 0, -5, -37, -344
"c:\Users\brian\Desktop\Code\My Game\build\_deps\vma-src\docs\html\struct_vma_allocator_info-members.html", "HTML", 0, 0, 0, 0, 0, 0, 0, 0, 0, 0, -109, 0, 0, 0, -5, -4, -118
"c:\Users\brian\Desktop\Code\My Game\build\_deps\vma-src\docs\html\struct_vma_allocator_info.html", "HTML", 0, 0, 0, 0, 0, 0, 0, 0, 0, 0, -167, 0, 0, 0, -5, -13, -185
"c:\Users\brian\Desktop\Code\My Game\build\_deps\vma-src\docs\html\struct_vma_budget-members.html", "HTML", 0, 0, 0, 0, 0, 0, 0, 0, 0, 0, -109, 0, 0, 0, -5, -4, -118
"c:\Users\brian\Desktop\Code\My Game\build\_deps\vma-src\docs\html\struct_vma_budget.html", "HTML", 0, 0, 0, 0, 0, 0, 0, 0, 0, 0, -169, 0, 0, 0, -5, -13, -187
"c:\Users\brian\Desktop\Code\My Game\build\_deps\vma-src\docs\html\struct_vma_defragmentation_context.html", "HTML", 0, 0, 0, 0, 0, 0, 0, 0, 0, 0, -112, 0, 0, 0, -5, -4, -121
"c:\Users\brian\Desktop\Code\My Game\build\_deps\vma-src\docs\html\struct_vma_defragmentation_info-members.html", "HTML", 0, 0, 0, 0, 0, 0, 0, 0, 0, 0, -112, 0, 0, 0, -5, -4, -121
"c:\Users\brian\Desktop\Code\My Game\build\_deps\vma-src\docs\html\struct_vma_defragmentation_info.html", "HTML", 0, 0, 0, 0, 0, 0, 0, 0, 0, 0, -214, 0, 0, 0, -5, -22, -241
"c:\Users\brian\Desktop\Code\My Game\build\_deps\vma-src\docs\html\struct_vma_defragmentation_move-members.html", "HTML", 0, 0, 0, 0, 0, 0, 0, 0, 0, 0, -109, 0, 0, 0, -5, -4, -118
"c:\Users\brian\Desktop\Code\My Game\build\_deps\vma-src\docs\html\struct_vma_defragmentation_move.html", "HTML", 0, 0, 0, 0, 0, 0, 0, 0, 0, 0, -165, 0, 0, 0, -5, -13, -183
"c:\Users\brian\Desktop\Code\My Game\build\_deps\vma-src\docs\html\struct_vma_defragmentation_pass_move_info-members.html", "HTML", 0, 0, 0, 0, 0, 0, 0, 0, 0, 0, -108, 0, 0, 0, -5, -4, -117
"c:\Users\brian\Desktop\Code\My Game\build\_deps\vma-src\docs\html\struct_vma_defragmentation_pass_move_info.html", "HTML", 0, 0, 0, 0, 0, 0, 0, 0, 0, 0, -166, 0, 0, 0, -5, -10, -181
"c:\Users\brian\Desktop\Code\My Game\build\_deps\vma-src\docs\html\struct_vma_defragmentation_stats-members.html", "HTML", 0, 0, 0, 0, 0, 0, 0, 0, 0, 0, -110, 0, 0, 0, -5, -4, -119
"c:\Users\brian\Desktop\Code\My Game\build\_deps\vma-src\docs\html\struct_vma_defragmentation_stats.html", "HTML", 0, 0, 0, 0, 0, 0, 0, 0, 0, 0, -179, 0, 0, 0, -5, -16, -200
"c:\Users\brian\Desktop\Code\My Game\build\_deps\vma-src\docs\html\struct_vma_detailed_statistics-members.html", "HTML", 0, 0, 0, 0, 0, 0, 0, 0, 0, 0, -112, 0, 0, 0, -5, -4, -121
"c:\Users\brian\Desktop\Code\My Game\build\_deps\vma-src\docs\html\struct_vma_detailed_statistics.html", "HTML", 0, 0, 0, 0, 0, 0, 0, 0, 0, 0, -214, 0, 0, 0, -5, -22, -241
"c:\Users\brian\Desktop\Code\My Game\build\_deps\vma-src\docs\html\struct_vma_device_memory_callbacks-members.html", "HTML", 0, 0, 0, 0, 0, 0, 0, 0, 0, 0, -109, 0, 0, 0, -5, -4, -118
"c:\Users\brian\Desktop\Code\My Game\build\_deps\vma-src\docs\html\struct_vma_device_memory_callbacks.html", "HTML", 0, 0, 0, 0, 0, 0, 0, 0, 0, 0, -166, 0, 0, 0, -5, -13, -184
"c:\Users\brian\Desktop\Code\My Game\build\_deps\vma-src\docs\html\struct_vma_pool.html", "HTML", 0, 0, 0, 0, 0, 0, 0, 0, 0, 0, -113, 0, 0, 0, -5, -4, -122
"c:\Users\brian\Desktop\Code\My Game\build\_deps\vma-src\docs\html\struct_vma_pool_create_info-members.html", "HTML", 0, 0, 0, 0, 0, 0, 0, 0, 0, 0, -114, 0, 0, 0, -5, -4, -123
"c:\Users\brian\Desktop\Code\My Game\build\_deps\vma-src\docs\html\struct_vma_pool_create_info.html", "HTML", 0, 0, 0, 0, 0, 0, 0, 0, 0, 0, -249, 0, 0, 0, -5, -28, -282
"c:\Users\brian\Desktop\Code\My Game\build\_deps\vma-src\docs\html\struct_vma_statistics-members.html", "HTML", 0, 0, 0, 0, 0, 0, 0, 0, 0, 0, -110, 0, 0, 0, -5, -4, -119
"c:\Users\brian\Desktop\Code\My Game\build\_deps\vma-src\docs\html\struct_vma_statistics.html", "HTML", 0, 0, 0, 0, 0, 0, 0, 0, 0, 0, -183, 0, 0, 0, -5, -16, -204
"c:\Users\brian\Desktop\Code\My Game\build\_deps\vma-src\docs\html\struct_vma_total_statistics-members.html", "HTML", 0, 0, 0, 0, 0, 0, 0, 0, 0, 0, -109, 0, 0, 0, -5, -4, -118
"c:\Users\brian\Desktop\Code\My Game\build\_deps\vma-src\docs\html\struct_vma_total_statistics.html", "HTML", 0, 0, 0, 0, 0, 0, 0, 0, 0, 0, -159, 0, 0, 0, -5, -10, -174
"c:\Users\brian\Desktop\Code\My Game\build\_deps\vma-src\docs\html\struct_vma_virtual_allocation.html", "HTML", 0, 0, 0, 0, 0, 0, 0, 0, 0, 0, -113, 0, 0, 0, -5, -4, -122
"c:\Users\brian\Desktop\Code\My Game\build\_deps\vma-src\docs\html\struct_vma_virtual_allocation_create_info-members.html", "HTML", 0, 0, 0, 0, 0, 0, 0, 0, 0, 0, -110, 0, 0, 0, -5, -4, -119
"c:\Users\brian\Desktop\Code\My Game\build\_deps\vma-src\docs\html\struct_vma_virtual_allocation_create_info.html", "HTML", 0, 0, 0, 0, 0, 0, 0, 0, 0, 0, -182, 0, 0, 0, -5, -16, -203
"c:\Users\brian\Desktop\Code\My Game\build\_deps\vma-src\docs\html\struct_vma_virtual_allocation_info-members.html", "HTML", 0, 0, 0, 0, 0, 0, 0, 0, 0, 0, -109, 0, 0, 0, -5, -4, -118
"c:\Users\brian\Desktop\Code\My Game\build\_deps\vma-src\docs\html\struct_vma_virtual_allocation_info.html", "HTML", 0, 0, 0, 0, 0, 0, 0, 0, 0, 0, -167, 0, 0, 0, -5, -13, -185
"c:\Users\brian\Desktop\Code\My Game\build\_deps\vma-src\docs\html\struct_vma_virtual_block.html", "HTML", 0, 0, 0, 0, 0, 0, 0, 0, 0, 0, -113, 0, 0, 0, -5, -4, -122
"c:\Users\brian\Desktop\Code\My Game\build\_deps\vma-src\docs\html\struct_vma_virtual_block_create_info-members.html", "HTML", 0, 0, 0, 0, 0, 0, 0, 0, 0, 0, -109, 0, 0, 0, -5, -4, -118
"c:\Users\brian\Desktop\Code\My Game\build\_deps\vma-src\docs\html\struct_vma_virtual_block_create_info.html", "HTML", 0, 0, 0, 0, 0, 0, 0, 0, 0, 0, -166, 0, 0, 0, -5, -13, -184
"c:\Users\brian\Desktop\Code\My Game\build\_deps\vma-src\docs\html\struct_vma_vulkan_functions-members.html", "HTML", 0, 0, 0, 0, 0, 0, 0, 0, 0, 0, -132, 0, 0, 0, -5, -4, -141
"c:\Users\brian\Desktop\Code\My Game\build\_deps\vma-src\docs\html\struct_vma_vulkan_functions.html", "HTML", 0, 0, 0, 0, 0, 0, 0, 0, 0, 0, -474, 0, 0, 0, -5, -64, -543
"c:\Users\brian\Desktop\Code\My Game\build\_deps\vma-src\docs\html\tabs.css", "PostCSS", 0, 0, 0, 0, 0, 0, 0, 0, 0, 0, 0, 0, 0, -402, 0, -81, -483
"c:\Users\brian\Desktop\Code\My Game\build\_deps\vma-src\docs\html\topics.html", "HTML", 0, 0, 0, 0, 0, 0, 0, 0, 0, 0, -112, 0, 0, 0, -5, -3, -120
"c:\Users\brian\Desktop\Code\My Game\build\_deps\vma-src\docs\html\usage_patterns.html", "HTML", 0, 0, 0, 0, 0, 0, 0, 0, 0, 0, -330, 0, 0, 0, -5, -3, -338
"c:\Users\brian\Desktop\Code\My Game\build\_deps\vma-src\docs\html\virtual_allocator.html", "HTML", 0, 0, 0, 0, 0, 0, 0, 0, 0, 0, -215, 0, 0, 0, -5, -3, -223
"c:\Users\brian\Desktop\Code\My Game\build\_deps\vma-src\docs\html\vk__mem__alloc_8h.html", "HTML", 0, 0, 0, 0, 0, 0, 0, 0, 0, 0, -512, 0, 0, 0, -5, -7, -524
"c:\Users\brian\Desktop\Code\My Game\build\_deps\vma-src\docs\html\vk_amd_device_coherent_memory.html", "HTML", 0, 0, 0, 0, 0, 0, 0, 0, 0, 0, -130, 0, 0, 0, -5, -3, -138
"c:\Users\brian\Desktop\Code\My Game\build\_deps\vma-src\docs\html\vk_ext_memory_priority.html", "HTML", 0, 0, 0, 0, 0, 0, 0, 0, 0, 0, -162, 0, 0, 0, -5, -3, -170
"c:\Users\brian\Desktop\Code\My Game\build\_deps\vma-src\docs\html\vk_khr_dedicated_allocation.html", "HTML", 0, 0, 0, 0, 0, 0, 0, 0, 0, 0, -133, 0, 0, 0, -5, -3, -141
"c:\Users\brian\Desktop\Code\My Game\build\_deps\vma-src\docs\html\vk_khr_external_memory_win32.html", "HTML", 0, 0, 0, 0, 0, 0, 0, 0, 0, 0, -196, 0, 0, 0, -5, -3, -204
"c:\Users\brian\Desktop\Code\My Game\build\_deps\vma-src\include\vk_mem_alloc.h", "C++", -12337, 0, 0, 0, 0, 0, 0, 0, 0, 0, 0, 0, 0, 0, -5736, -1903, -19976
"c:\Users\brian\Desktop\Code\My Game\build\_deps\vma-src\src\CMakeLists.txt", "CMake", 0, 0, 0, -60, 0, 0, 0, 0, 0, 0, 0, 0, 0, 0, -26, -16, -102
"c:\Users\brian\Desktop\Code\My Game\build\_deps\vma-src\src\Common.cpp", "C++", -263, 0, 0, 0, 0, 0, 0, 0, 0, 0, 0, 0, 0, 0, -29, -37, -329
"c:\Users\brian\Desktop\Code\My Game\build\_deps\vma-src\src\Common.h", "C++", -265, 0, 0, 0, 0, 0, 0, 0, 0, 0, 0, 0, 0, 0, -23, -52, -340
"c:\Users\brian\Desktop\Code\My Game\build\_deps\vma-src\src\Shaders\CMakeLists.txt", "CMake", 0, 0, 0, -26, 0, 0, 0, 0, 0, 0, 0, 0, 0, 0, -26, -11, -63
"c:\Users\brian\Desktop\Code\My Game\build\_deps\vma-src\src\Shaders\CompileShaders.bat", "Batch", 0, 0, 0, 0, 0, 0, 0, 0, -4, 0, 0, 0, 0, 0, 0, -1, -5
"c:\Users\brian\Desktop\Code\My Game\build\_deps\vma-src\src\Shaders\Shader.frag", "GLSL", 0, 0, 0, 0, 0, 0, 0, -11, 0, 0, 0, 0, 0, 0, -21, -6, -38
"c:\Users\brian\Desktop\Code\My Game\build\_deps\vma-src\src\Shaders\Shader.vert", "GLSL", 0, 0, 0, 0, 0, 0, 0, -16, 0, 0, 0, 0, 0, 0, -21, -6, -43
"c:\Users\brian\Desktop\Code\My Game\build\_deps\vma-src\src\SparseBindingTest.cpp", "C++", -428, 0, 0, 0, 0, 0, 0, 0, 0, 0, 0, 0, 0, 0, -62, -99, -589
"c:\Users\brian\Desktop\Code\My Game\build\_deps\vma-src\src\SparseBindingTest.h", "C++", -4, 0, 0, 0, 0, 0, 0, 0, 0, 0, 0, 0, 0, 0, -21, -5, -30
"c:\Users\brian\Desktop\Code\My Game\build\_deps\vma-src\src\Tests.cpp", "C++", -7063, 0, 0, 0, 0, 0, 0, 0, 0, 0, 0, 0, 0, 0, -544, -1338, -8945
"c:\Users\brian\Desktop\Code\My Game\build\_deps\vma-src\src\Tests.h", "C++", -6, 0, 0, 0, 0, 0, 0, 0, 0, 0, 0, 0, 0, 0, -21, -6, -33
"c:\Users\brian\Desktop\Code\My Game\build\_deps\vma-src\src\VmaUsage.cpp", "C++", -2, 0, 0, 0, 0, 0, 0, 0, 0, 0, 0, 0, 0, 0, -25, -4, -31
"c:\Users\brian\Desktop\Code\My Game\build\_deps\vma-src\src\VmaUsage.h", "C++", -48, 0, 0, 0, 0, 0, 0, 0, 0, 0, 0, 0, 0, 0, -48, -24, -120
"c:\Users\brian\Desktop\Code\My Game\build\_deps\vma-src\src\VolkUsage.cpp", "C++", -4, 0, 0, 0, 0, 0, 0, 0, 0, 0, 0, 0, 0, 0, -21, -4, -29
"c:\Users\brian\Desktop\Code\My Game\build\_deps\vma-src\src\VulkanSample.cpp", "C++", -2318, 0, 0, 0, 0, 0, 0, 0, 0, 0, 0, 0, 0, 0, -91, -403, -2812
"c:\Users\brian\Desktop\Code\My Game\build\_deps\vma-src\tools\GpuMemDumpVis\GpuMemDump.schema.json", "JSON", 0, 0, -163, 0, 0, 0, 0, 0, 0, 0, 0, 0, 0, 0, 0, -1, -164
"c:\Users\brian\Desktop\Code\My Game\build\_deps\vma-src\tools\GpuMemDumpVis\GpuMemDumpVis.py", "Python", 0, 0, 0, 0, 0, 0, -254, 0, 0, 0, 0, 0, 0, 0, -55, -26, -335
"c:\Users\brian\Desktop\Code\My Game\build\_deps\vma-src\tools\GpuMemDumpVis\README.md", "Markdown", 0, 0, 0, 0, 0, -35, 0, 0, 0, 0, 0, 0, 0, 0, 0, -15, -50
"c:\Users\brian\Desktop\Code\My Game\build\_deps\vma-src\tools\GpuMemDumpVis\Sample.json", "JSON", 0, 0, -426, 0, 0, 0, 0, 0, 0, 0, 0, 0, 0, 0, 0, 0, -426
"c:\Users\brian\Desktop\Code\My Game\build\_deps\vulkanmemoryallocator-build\cmake_install.cmake", "CMake", 0, 0, 0, 33, 0, 0, 0, 0, 0, 0, 0, 0, 0, 0, 6, 7, 46
"c:\Users\brian\Desktop\Code\My Game\build\_deps\vulkanmemoryallocator-src\.github\workflows\linux.yaml", "YAML", 0, 0, 0, 0, 0, 0, 0, 0, 0, 102, 0, 0, 0, 0, 0, 11, 113
"c:\Users\brian\Desktop\Code\My Game\build\_deps\vulkanmemoryallocator-src\.github\workflows\static_code_analysis.yaml", "YAML", 0, 0, 0, 0, 0, 0, 0, 0, 0, 63, 0, 0, 0, 0, 0, 13, 76
"c:\Users\brian\Desktop\Code\My Game\build\_deps\vulkanmemoryallocator-src\.github\workflows\windows.yaml", "YAML", 0, 0, 0, 0, 0, 0, 0, 0, 0, 61, 0, 0, 0, 0, 0, 9, 70
"c:\Users\brian\Desktop\Code\My Game\build\_deps\vulkanmemoryallocator-src\AGENTS.md", "Markdown", 0, 0, 0, 0, 0, 67, 0, 0, 0, 0, 0, 0, 0, 0, 0, 31, 98
"c:\Users\brian\Desktop\Code\My Game\build\_deps\vulkanmemoryallocator-src\CHANGELOG.md", "Markdown", 0, 0, 0, 0, 0, 194, 0, 0, 0, 0, 0, 0, 0, 0, 0, 63, 257
"c:\Users\brian\Desktop\Code\My Game\build\_deps\vulkanmemoryallocator-src\CMakeLists.txt", "CMake", 0, 0, 0, 37, 0, 0, 0, 0, 0, 0, 0, 0, 0, 0, 25, 11, 73
"c:\Users\brian\Desktop\Code\My Game\build\_deps\vulkanmemoryallocator-src\README.md", "Markdown", 0, 0, 0, 0, 0, 144, 0, 0, 0, 0, 0, 0, 0, 0, 0, 48, 192
"c:\Users\brian\Desktop\Code\My Game\build\_deps\vulkanmemoryallocator-src\docs\html\allocation_annotation.html", "HTML", 0, 0, 0, 0, 0, 0, 0, 0, 0, 0, 147, 0, 0, 0, 5, 3, 155
"c:\Users\brian\Desktop\Code\My Game\build\_deps\vulkanmemoryallocator-src\docs\html\annotated.html", "HTML", 0, 0, 0, 0, 0, 0, 0, 0, 0, 0, 133, 0, 0, 0, 5, 3, 141
"c:\Users\brian\Desktop\Code\My Game\build\_deps\vulkanmemoryallocator-src\docs\html\choosing_memory_type.html", "HTML", 0, 0, 0, 0, 0, 0, 0, 0, 0, 0, 205, 0, 0, 0, 5, 3, 213
"c:\Users\brian\Desktop\Code\My Game\build\_deps\vulkanmemoryallocator-src\docs\html\classes.html", "HTML", 0, 0, 0, 0, 0, 0, 0, 0, 0, 0, 110, 0, 0, 0, 5, 3, 118
"c:\Users\brian\Desktop\Code\My Game\build\_deps\vulkanmemoryallocator-src\docs\html\clipboard.js", "JavaScript", 0, 0, 0, 0, 0, 0, 0, 0, 0, 0, 0, 29, 0, 0, 30, 3, 62
"c:\Users\brian\Desktop\Code\My Game\build\_deps\vulkanmemoryallocator-src\docs\html\codefolding.js", "JavaScript", 0, 0, 0, 0, 0, 0, 0, 0, 0, 0, 0, 97, 0, 0, 40, 7, 144
"c:\Users\brian\Desktop\Code\My Game\build\_deps\vulkanmemoryallocator-src\docs\html\configuration.html", "HTML", 0, 0, 0, 0, 0, 0, 0, 0, 0, 0, 136, 0, 0, 0, 5, 3, 144
"c:\Users\brian\Desktop\Code\My Game\build\_deps\vulkanmemoryallocator-src\docs\html\cookie.js", "JavaScript", 0, 0, 0, 0, 0, 0, 0, 0, 0, 0, 0, 50, 0, 0, 5, 4, 59
"c:\Users\brian\Desktop\Code\My Game\build\_deps\vulkanmemoryallocator-src\docs\html\custom_memory_pools.html", "HTML", 0, 0, 0, 0, 0, 0, 0, 0, 0, 0, 254, 0, 0, 0, 5, 3, 262
"c:\Users\brian\Desktop\Code\My Game\build\_deps\vulkanmemoryallocator-src\docs\html\debugging_memory_usage.html", "HTML", 0, 0, 0, 0, 0, 0, 0, 0, 0, 0, 147, 0, 0, 0, 5, 3, 155
"c:\Users\brian\Desktop\Code\My Game\build\_deps\vulkanmemoryallocator-src\docs\html\defragmentation.html", "HTML", 0, 0, 0, 0, 0, 0, 0, 0, 0, 0, 231, 0, 0, 0, 5, 3, 239
"c:\Users\brian\Desktop\Code\My Game\build\_deps\vulkanmemoryallocator-src\docs\html\deprecated.html", "HTML", 0, 0, 0, 0, 0, 0, 0, 0, 0, 0, 121, 0, 0, 0, 5, 3, 129
"c:\Users\brian\Desktop\Code\My Game\build\_deps\vulkanmemoryallocator-src\docs\html\dir_d44c64559bbebec7f509842c48db8b23.html", "HTML", 0, 0, 0, 0, 0, 0, 0, 0, 0, 0, 113, 0, 0, 0, 5, 3, 121
"c:\Users\brian\Desktop\Code\My Game\build\_deps\vulkanmemoryallocator-src\docs\html\doc.svg", "XML", 0, 0, 0, 0, 0, 0, 0, 0, 0, 0, 0, 0, 12, 0, 0, 1, 13
"c:\Users\brian\Desktop\Code\My Game\build\_deps\vulkanmemoryallocator-src\docs\html\docd.svg", "XML", 0, 0, 0, 0, 0, 0, 0, 0, 0, 0, 0, 0, 12, 0, 0, 1, 13
"c:\Users\brian\Desktop\Code\My Game\build\_deps\vulkanmemoryallocator-src\docs\html\doxygen.css", "PostCSS", 0, 0, 0, 0, 0, 0, 0, 0, 0, 0, 0, 0, 0, 2113, 51, 397, 2561
"c:\Users\brian\Desktop\Code\My Game\build\_deps\vulkanmemoryallocator-src\docs\html\doxygen.svg", "XML", 0, 0, 0, 0, 0, 0, 0, 0, 0, 0, 0, 0, 28, 0, 0, 1, 29
"c:\Users\brian\Desktop\Code\My Game\build\_deps\vulkanmemoryallocator-src\docs\html\doxygen_crawl.html", "HTML", 0, 0, 0, 0, 0, 0, 0, 0, 0, 0, 463, 0, 0, 0, 0, 1, 464
"c:\Users\brian\Desktop\Code\My Game\build\_deps\vulkanmemoryallocator-src\docs\html\dynsections.js", "JavaScript", 0, 0, 0, 0, 0, 0, 0, 0, 0, 0, 0, 128, 0, 0, 48, 16, 192
"c:\Users\brian\Desktop\Code\My Game\build\_deps\vulkanmemoryallocator-src\docs\html\enabling_buffer_device_address.html", "HTML", 0, 0, 0, 0, 0, 0, 0, 0, 0, 0, 126, 0, 0, 0, 5, 3, 134
"c:\Users\brian\Desktop\Code\My Game\build\_deps\vulkanmemoryallocator-src\docs\html\faq.html", "HTML", 0, 0, 0, 0, 0, 0, 0, 0, 0, 0, 182, 0, 0, 0, 5, 3, 190
"c:\Users\brian\Desktop\Code\My Game\build\_deps\vulkanmemoryallocator-src\docs\html\files.html", "HTML", 0, 0, 0, 0, 0, 0, 0, 0, 0, 0, 110, 0, 0, 0, 5, 3, 118
"c:\Users\brian\Desktop\Code\My Game\build\_deps\vulkanmemoryallocator-src\docs\html\folderclosed.svg", "XML", 0, 0, 0, 0, 0, 0, 0, 0, 0, 0, 0, 0, 11, 0, 0, 1, 12
"c:\Users\brian\Desktop\Code\My Game\build\_deps\vulkanmemoryallocator-src\docs\html\folderclosedd.svg", "XML", 0, 0, 0, 0, 0, 0, 0, 0, 0, 0, 0, 0, 11, 0, 0, 1, 12
"c:\Users\brian\Desktop\Code\My Game\build\_deps\vulkanmemoryallocator-src\docs\html\folderopen.svg", "XML", 0, 0, 0, 0, 0, 0, 0, 0, 0, 0, 0, 0, 17, 0, 0, 1, 18
"c:\Users\brian\Desktop\Code\My Game\build\_deps\vulkanmemoryallocator-src\docs\html\folderopend.svg", "XML", 0, 0, 0, 0, 0, 0, 0, 0, 0, 0, 0, 0, 12, 0, 0, 1, 13
"c:\Users\brian\Desktop\Code\My Game\build\_deps\vulkanmemoryallocator-src\docs\html\functions.html", "HTML", 0, 0, 0, 0, 0, 0, 0, 0, 0, 0, 217, 0, 0, 0, 5, 29, 251
"c:\Users\brian\Desktop\Code\My Game\build\_deps\vulkanmemoryallocator-src\docs\html\functions_vars.html", "HTML", 0, 0, 0, 0, 0, 0, 0, 0, 0, 0, 217, 0, 0, 0, 5, 29, 251
"c:\Users\brian\Desktop\Code\My Game\build\_deps\vulkanmemoryallocator-src\docs\html\general_considerations.html", "HTML", 0, 0, 0, 0, 0, 0, 0, 0, 0, 0, 162, 0, 0, 0, 5, 3, 170
"c:\Users\brian\Desktop\Code\My Game\build\_deps\vulkanmemoryallocator-src\docs\html\globals.html", "HTML", 0, 0, 0, 0, 0, 0, 0, 0, 0, 0, 283, 0, 0, 0, 5, 7, 295
"c:\Users\brian\Desktop\Code\My Game\build\_deps\vulkanmemoryallocator-src\docs\html\globals_defs.html", "HTML", 0, 0, 0, 0, 0, 0, 0, 0, 0, 0, 107, 0, 0, 0, 5, 3, 115
"c:\Users\brian\Desktop\Code\My Game\build\_deps\vulkanmemoryallocator-src\docs\html\globals_enum.html", "HTML", 0, 0, 0, 0, 0, 0, 0, 0, 0, 0, 113, 0, 0, 0, 5, 3, 121
"c:\Users\brian\Desktop\Code\My Game\build\_deps\vulkanmemoryallocator-src\docs\html\globals_eval.html", "HTML", 0, 0, 0, 0, 0, 0, 0, 0, 0, 0, 167, 0, 0, 0, 5, 5, 177
"c:\Users\brian\Desktop\Code\My Game\build\_deps\vulkanmemoryallocator-src\docs\html\globals_func.html", "HTML", 0, 0, 0, 0, 0, 0, 0, 0, 0, 0, 181, 0, 0, 0, 5, 5, 191
"c:\Users\brian\Desktop\Code\My Game\build\_deps\vulkanmemoryallocator-src\docs\html\globals_type.html", "HTML", 0, 0, 0, 0, 0, 0, 0, 0, 0, 0, 143, 0, 0, 0, 5, 7, 155
"c:\Users\brian\Desktop\Code\My Game\build\_deps\vulkanmemoryallocator-src\docs\html\group__group__alloc.html", "HTML", 0, 0, 0, 0, 0, 0, 0, 0, 0, 0, 2651, 0, 0, 0, 5, 218, 2874
"c:\Users\brian\Desktop\Code\My Game\build\_deps\vulkanmemoryallocator-src\docs\html\group__group__init.html", "HTML", 0, 0, 0, 0, 0, 0, 0, 0, 0, 0, 585, 0, 0, 0, 5, 53, 643
"c:\Users\brian\Desktop\Code\My Game\build\_deps\vulkanmemoryallocator-src\docs\html\group__group__stats.html", "HTML", 0, 0, 0, 0, 0, 0, 0, 0, 0, 0, 440, 0, 0, 0, 5, 38, 483
"c:\Users\brian\Desktop\Code\My Game\build\_deps\vulkanmemoryallocator-src\docs\html\group__group__virtual.html", "HTML", 0, 0, 0, 0, 0, 0, 0, 0, 0, 0, 562, 0, 0, 0, 5, 61, 628
"c:\Users\brian\Desktop\Code\My Game\build\_deps\vulkanmemoryallocator-src\docs\html\index.html", "HTML", 0, 0, 0, 0, 0, 0, 0, 0, 0, 0, 208, 0, 0, 0, 5, 3, 216
"c:\Users\brian\Desktop\Code\My Game\build\_deps\vulkanmemoryallocator-src\docs\html\jquery.js", "JavaScript", 0, 0, 0, 0, 0, 0, 0, 0, 0, 0, 0, 177, 0, 0, 27, 1, 205
"c:\Users\brian\Desktop\Code\My Game\build\_deps\vulkanmemoryallocator-src\docs\html\memory_mapping.html", "HTML", 0, 0, 0, 0, 0, 0, 0, 0, 0, 0, 196, 0, 0, 0, 5, 3, 204
"c:\Users\brian\Desktop\Code\My Game\build\_deps\vulkanmemoryallocator-src\docs\html\menu.js", "JavaScript", 0, 0, 0, 0, 0, 0, 0, 0, 0, 0, 0, 416, 0, 0, 78, 76, 570
"c:\Users\brian\Desktop\Code\My Game\build\_deps\vulkanmemoryallocator-src\docs\html\menudata.js", "JavaScript", 0, 0, 0, 0, 0, 0, 0, 0, 0, 0, 0, 51, 0, 0, 24, 1, 76
"c:\Users\brian\Desktop\Code\My Game\build\_deps\vulkanmemoryallocator-src\docs\html\minus.svg", "XML", 0, 0, 0, 0, 0, 0, 0, 0, 0, 0, 0, 0, 8, 0, 0, 1, 9
"c:\Users\brian\Desktop\Code\My Game\build\_deps\vulkanmemoryallocator-src\docs\html\minusd.svg", "XML", 0, 0, 0, 0, 0, 0, 0, 0, 0, 0, 0, 0, 8, 0, 0, 1, 9
"c:\Users\brian\Desktop\Code\My Game\build\_deps\vulkanmemoryallocator-src\docs\html\navtree.css", "PostCSS", 0, 0, 0, 0, 0, 0, 0, 0, 0, 0, 0, 0, 0, 279, 2, 47, 328
"c:\Users\brian\Desktop\Code\My Game\build\_deps\vulkanmemoryallocator-src\docs\html\other_api_interop.html", "HTML", 0, 0, 0, 0, 0, 0, 0, 0, 0, 0, 264, 0, 0, 0, 5, 3, 272
"c:\Users\brian\Desktop\Code\My Game\build\_deps\vulkanmemoryallocator-src\docs\html\pages.html", "HTML", 0, 0, 0, 0, 0, 0, 0, 0, 0, 0, 109, 0, 0, 0, 5, 3, 117
"c:\Users\brian\Desktop\Code\My Game\build\_deps\vulkanmemoryallocator-src\docs\html\plus.svg", "XML", 0, 0, 0, 0, 0, 0, 0, 0, 0, 0, 0, 0, 9, 0, 0, 1, 10
"c:\Users\brian\Desktop\Code\My Game\build\_deps\vulkanmemoryallocator-src\docs\html\plusd.svg", "XML", 0, 0, 0, 0, 0, 0, 0, 0, 0, 0, 0, 0, 9, 0, 0, 1, 10
"c:\Users\brian\Desktop\Code\My Game\build\_deps\vulkanmemoryallocator-src\docs\html\quick_start.html", "HTML", 0, 0, 0, 0, 0, 0, 0, 0, 0, 0, 259, 0, 0, 0, 5, 3, 267
"c:\Users\brian\Desktop\Code\My Game\build\_deps\vulkanmemoryallocator-src\docs\html\resize.js", "JavaScript", 0, 0, 0, 0, 0, 0, 0, 0, 0, 0, 0, 96, 0, 0, 45, 7, 148
"c:\Users\brian\Desktop\Code\My Game\build\_deps\vulkanmemoryallocator-src\docs\html\resource_aliasing.html", "HTML", 0, 0, 0, 0, 0, 0, 0, 0, 0, 0, 191, 0, 0, 0, 5, 3, 199
"c:\Users\brian\Desktop\Code\My Game\build\_deps\vulkanmemoryallocator-src\docs\html\search\all_0.js", "JavaScript", 0, 0, 0, 0, 0, 0, 0, 0, 0, 0, 0, 36, 0, 0, 0, 1, 37
"c:\Users\brian\Desktop\Code\My Game\build\_deps\vulkanmemoryallocator-src\docs\html\search\all_1.js", "JavaScript", 0, 0, 0, 0, 0, 0, 0, 0, 0, 0, 0, 12, 0, 0, 0, 1, 13
"c:\Users\brian\Desktop\Code\My Game\build\_deps\vulkanmemoryallocator-src\docs\html\search\all_10.js", "JavaScript", 0, 0, 0, 0, 0, 0, 0, 0, 0, 0, 0, 11, 0, 0, 0, 1, 12
"c:\Users\brian\Desktop\Code\My Game\build\_deps\vulkanmemoryallocator-src\docs\html\search\all_11.js", "JavaScript", 0, 0, 0, 0, 0, 0, 0, 0, 0, 0, 0, 16, 0, 0, 0, 1, 17
"c:\Users\brian\Desktop\Code\My Game\build\_deps\vulkanmemoryallocator-src\docs\html\search\all_12.js", "JavaScript", 0, 0, 0, 0, 0, 0, 0, 0, 0, 0, 0, 10, 0, 0, 0, 1, 11
"c:\Users\brian\Desktop\Code\My Game\build\_deps\vulkanmemoryallocator-src\docs\html\search\all_13.js", "JavaScript", 0, 0, 0, 0, 0, 0, 0, 0, 0, 0, 0, 15, 0, 0, 0, 1, 16
"c:\Users\brian\Desktop\Code\My Game\build\_deps\vulkanmemoryallocator-src\docs\html\search\all_14.js", "JavaScript", 0, 0, 0, 0, 0, 0, 0, 0, 0, 0, 0, 222, 0, 0, 0, 1, 223
"c:\Users\brian\Desktop\Code\My Game\build\_deps\vulkanmemoryallocator-src\docs\html\search\all_15.js", "JavaScript", 0, 0, 0, 0, 0, 0, 0, 0, 0, 0, 0, 8, 0, 0, 0, 1, 9
"c:\Users\brian\Desktop\Code\My Game\build\_deps\vulkanmemoryallocator-src\docs\html\search\all_2.js", "JavaScript", 0, 0, 0, 0, 0, 0, 0, 0, 0, 0, 0, 21, 0, 0, 0, 1, 22
"c:\Users\brian\Desktop\Code\My Game\build\_deps\vulkanmemoryallocator-src\docs\html\search\all_3.js", "JavaScript", 0, 0, 0, 0, 0, 0, 0, 0, 0, 0, 0, 22, 0, 0, 0, 1, 23
"c:\Users\brian\Desktop\Code\My Game\build\_deps\vulkanmemoryallocator-src\docs\html\search\all_4.js", "JavaScript", 0, 0, 0, 0, 0, 0, 0, 0, 0, 0, 0, 10, 0, 0, 0, 1, 11
"c:\Users\brian\Desktop\Code\My Game\build\_deps\vulkanmemoryallocator-src\docs\html\search\all_5.js", "JavaScript", 0, 0, 0, 0, 0, 0, 0, 0, 0, 0, 0, 12, 0, 0, 0, 1, 13
"c:\Users\brian\Desktop\Code\My Game\build\_deps\vulkanmemoryallocator-src\docs\html\search\all_6.js", "JavaScript", 0, 0, 0, 0, 0, 0, 0, 0, 0, 0, 0, 6, 0, 0, 0, 1, 7
"c:\Users\brian\Desktop\Code\My Game\build\_deps\vulkanmemoryallocator-src\docs\html\search\all_7.js", "JavaScript", 0, 0, 0, 0, 0, 0, 0, 0, 0, 0, 0, 6, 0, 0, 0, 1, 7
"c:\Users\brian\Desktop\Code\My Game\build\_deps\vulkanmemoryallocator-src\docs\html\search\all_8.js", "JavaScript", 0, 0, 0, 0, 0, 0, 0, 0, 0, 0, 0, 13, 0, 0, 0, 1, 14
"c:\Users\brian\Desktop\Code\My Game\build\_deps\vulkanmemoryallocator-src\docs\html\search\all_9.js", "JavaScript", 0, 0, 0, 0, 0, 0, 0, 0, 0, 0, 0, 4, 0, 0, 0, 1, 5
"c:\Users\brian\Desktop\Code\My Game\build\_deps\vulkanmemoryallocator-src\docs\html\search\all_a.js", "JavaScript", 0, 0, 0, 0, 0, 0, 0, 0, 0, 0, 0, 9, 0, 0, 0, 1, 10
"c:\Users\brian\Desktop\Code\My Game\build\_deps\vulkanmemoryallocator-src\docs\html\search\all_b.js", "JavaScript", 0, 0, 0, 0, 0, 0, 0, 0, 0, 0, 0, 33, 0, 0, 0, 1, 34
"c:\Users\brian\Desktop\Code\My Game\build\_deps\vulkanmemoryallocator-src\docs\html\search\all_c.js", "JavaScript", 0, 0, 0, 0, 0, 0, 0, 0, 0, 0, 0, 8, 0, 0, 0, 1, 9
"c:\Users\brian\Desktop\Code\My Game\build\_deps\vulkanmemoryallocator-src\docs\html\search\all_d.js", "JavaScript", 0, 0, 0, 0, 0, 0, 0, 0, 0, 0, 0, 12, 0, 0, 0, 1, 13
"c:\Users\brian\Desktop\Code\My Game\build\_deps\vulkanmemoryallocator-src\docs\html\search\all_e.js", "JavaScript", 0, 0, 0, 0, 0, 0, 0, 0, 0, 0, 0, 33, 0, 0, 0, 1, 34
"c:\Users\brian\Desktop\Code\My Game\build\_deps\vulkanmemoryallocator-src\docs\html\search\all_f.js", "JavaScript", 0, 0, 0, 0, 0, 0, 0, 0, 0, 0, 0, 6, 0, 0, 0, 1, 7
"c:\Users\brian\Desktop\Code\My Game\build\_deps\vulkanmemoryallocator-src\docs\html\search\classes_0.js", "JavaScript", 0, 0, 0, 0, 0, 0, 0, 0, 0, 0, 0, 28, 0, 0, 0, 1, 29
"c:\Users\brian\Desktop\Code\My Game\build\_deps\vulkanmemoryallocator-src\docs\html\search\close.svg", "XML", 0, 0, 0, 0, 0, 0, 0, 0, 0, 0, 0, 0, 18, 0, 0, 1, 19
"c:\Users\brian\Desktop\Code\My Game\build\_deps\vulkanmemoryallocator-src\docs\html\search\defines_0.js", "JavaScript", 0, 0, 0, 0, 0, 0, 0, 0, 0, 0, 0, 5, 0, 0, 0, 1, 6
"c:\Users\brian\Desktop\Code\My Game\build\_deps\vulkanmemoryallocator-src\docs\html\search\enums_0.js", "JavaScript", 0, 0, 0, 0, 0, 0, 0, 0, 0, 0, 0, 11, 0, 0, 0, 1, 12
"c:\Users\brian\Desktop\Code\My Game\build\_deps\vulkanmemoryallocator-src\docs\html\search\enumvalues_0.js", "JavaScript", 0, 0, 0, 0, 0, 0, 0, 0, 0, 0, 0, 65, 0, 0, 0, 1, 66
"c:\Users\brian\Desktop\Code\My Game\build\_deps\vulkanmemoryallocator-src\docs\html\search\files_0.js", "JavaScript", 0, 0, 0, 0, 0, 0, 0, 0, 0, 0, 0, 4, 0, 0, 0, 1, 5
"c:\Users\brian\Desktop\Code\My Game\build\_deps\vulkanmemoryallocator-src\docs\html\search\functions_0.js", "JavaScript", 0, 0, 0, 0, 0, 0, 0, 0, 0, 0, 0, 79, 0, 0, 0, 1, 80
"c:\Users\brian\Desktop\Code\My Game\build\_deps\vulkanmemoryallocator-src\docs\html\search\groups_0.js", "JavaScript", 0, 0, 0, 0, 0, 0, 0, 0, 0, 0, 0, 5, 0, 0, 0, 1, 6
"c:\Users\brian\Desktop\Code\My Game\build\_deps\vulkanmemoryallocator-src\docs\html\search\groups_1.js", "JavaScript", 0, 0, 0, 0, 0, 0, 0, 0, 0, 0, 0, 4, 0, 0, 0, 1, 5
"c:\Users\brian\Desktop\Code\My Game\build\_deps\vulkanmemoryallocator-src\docs\html\search\groups_2.js", "JavaScript", 0, 0, 0, 0, 0, 0, 0, 0, 0, 0, 0, 4, 0, 0, 0, 1, 5
"c:\Users\brian\Desktop\Code\My Game\build\_deps\vulkanmemoryallocator-src\docs\html\search\groups_3.js", "JavaScript", 0, 0, 0, 0, 0, 0, 0, 0, 0, 0, 0, 4, 0, 0, 0, 1, 5
"c:\Users\brian\Desktop\Code\My Game\build\_deps\vulkanmemoryallocator-src\docs\html\search\groups_4.js", "JavaScript", 0, 0, 0, 0, 0, 0, 0, 0, 0, 0, 0, 4, 0, 0, 0, 1, 5
"c:\Users\brian\Desktop\Code\My Game\build\_deps\vulkanmemoryallocator-src\docs\html\search\groups_5.js", "JavaScript", 0, 0, 0, 0, 0, 0, 0, 0, 0, 0, 0, 4, 0, 0, 0, 1, 5
"c:\Users\brian\Desktop\Code\My Game\build\_deps\vulkanmemoryallocator-src\docs\html\search\mag.svg", "XML", 0, 0, 0, 0, 0, 0, 0, 0, 0, 0, 0, 0, 24, 0, 0, 1, 25
"c:\Users\brian\Desktop\Code\My Game\build\_deps\vulkanmemoryallocator-src\docs\html\search\mag_d.svg", "XML", 0, 0, 0, 0, 0, 0, 0, 0, 0, 0, 0, 0, 24, 0, 0, 1, 25
"c:\Users\brian\Desktop\Code\My Game\build\_deps\vulkanmemoryallocator-src\docs\html\search\mag_sel.svg", "XML", 0, 0, 0, 0, 0, 0, 0, 0, 0, 0, 0, 0, 30, 0, 1, 1, 32
"c:\Users\brian\Desktop\Code\My Game\build\_deps\vulkanmemoryallocator-src\docs\html\search\mag_seld.svg", "XML", 0, 0, 0, 0, 0, 0, 0, 0, 0, 0, 0, 0, 30, 0, 1, 1, 32
"c:\Users\brian\Desktop\Code\My Game\build\_deps\vulkanmemoryallocator-src\docs\html\search\pages_0.js", "JavaScript", 0, 0, 0, 0, 0, 0, 0, 0, 0, 0, 0, 30, 0, 0, 0, 1, 31
"c:\Users\brian\Desktop\Code\My Game\build\_deps\vulkanmemoryallocator-src\docs\html\search\pages_1.js", "JavaScript", 0, 0, 0, 0, 0, 0, 0, 0, 0, 0, 0, 7, 0, 0, 0, 1, 8
"c:\Users\brian\Desktop\Code\My Game\build\_deps\vulkanmemoryallocator-src\docs\html\search\pages_10.js", "JavaScript", 0, 0, 0, 0, 0, 0, 0, 0, 0, 0, 0, 10, 0, 0, 0, 1, 11
"c:\Users\brian\Desktop\Code\My Game\build\_deps\vulkanmemoryallocator-src\docs\html\search\pages_11.js", "JavaScript", 0, 0, 0, 0, 0, 0, 0, 0, 0, 0, 0, 14, 0, 0, 0, 1, 15
"c:\Users\brian\Desktop\Code\My Game\build\_deps\vulkanmemoryallocator-src\docs\html\search\pages_12.js", "JavaScript", 0, 0, 0, 0, 0, 0, 0, 0, 0, 0, 0, 9, 0, 0, 0, 1, 10
"c:\Users\brian\Desktop\Code\My Game\build\_deps\vulkanmemoryallocator-src\docs\html\search\pages_13.js", "JavaScript", 0, 0, 0, 0, 0, 0, 0, 0, 0, 0, 0, 12, 0, 0, 0, 1, 13
"c:\Users\brian\Desktop\Code\My Game\build\_deps\vulkanmemoryallocator-src\docs\html\search\pages_14.js", "JavaScript", 0, 0, 0, 0, 0, 0, 0, 0, 0, 0, 0, 15, 0, 0, 0, 1, 16
"c:\Users\brian\Desktop\Code\My Game\build\_deps\vulkanmemoryallocator-src\docs\html\search\pages_15.js", "JavaScript", 0, 0, 0, 0, 0, 0, 0, 0, 0, 0, 0, 8, 0, 0, 0, 1, 9
"c:\Users\brian\Desktop\Code\My Game\build\_deps\vulkanmemoryallocator-src\docs\html\search\pages_2.js", "JavaScript", 0, 0, 0, 0, 0, 0, 0, 0, 0, 0, 0, 21, 0, 0, 0, 1, 22
"c:\Users\brian\Desktop\Code\My Game\build\_deps\vulkanmemoryallocator-src\docs\html\search\pages_3.js", "JavaScript", 0, 0, 0, 0, 0, 0, 0, 0, 0, 0, 0, 17, 0, 0, 0, 1, 18
"c:\Users\brian\Desktop\Code\My Game\build\_deps\vulkanmemoryallocator-src\docs\html\search\pages_4.js", "JavaScript", 0, 0, 0, 0, 0, 0, 0, 0, 0, 0, 0, 10, 0, 0, 0, 1, 11
"c:\Users\brian\Desktop\Code\My Game\build\_deps\vulkanmemoryallocator-src\docs\html\search\pages_5.js", "JavaScript", 0, 0, 0, 0, 0, 0, 0, 0, 0, 0, 0, 12, 0, 0, 0, 1, 13
"c:\Users\brian\Desktop\Code\My Game\build\_deps\vulkanmemoryallocator-src\docs\html\search\pages_6.js", "JavaScript", 0, 0, 0, 0, 0, 0, 0, 0, 0, 0, 0, 6, 0, 0, 0, 1, 7
"c:\Users\brian\Desktop\Code\My Game\build\_deps\vulkanmemoryallocator-src\docs\html\search\pages_7.js", "JavaScript", 0, 0, 0, 0, 0, 0, 0, 0, 0, 0, 0, 6, 0, 0, 0, 1, 7
"c:\Users\brian\Desktop\Code\My Game\build\_deps\vulkanmemoryallocator-src\docs\html\search\pages_8.js", "JavaScript", 0, 0, 0, 0, 0, 0, 0, 0, 0, 0, 0, 12, 0, 0, 0, 1, 13
"c:\Users\brian\Desktop\Code\My Game\build\_deps\vulkanmemoryallocator-src\docs\html\search\pages_9.js", "JavaScript", 0, 0, 0, 0, 0, 0, 0, 0, 0, 0, 0, 4, 0, 0, 0, 1, 5
"c:\Users\brian\Desktop\Code\My Game\build\_deps\vulkanmemoryallocator-src\docs\html\search\pages_a.js", "JavaScript", 0, 0, 0, 0, 0, 0, 0, 0, 0, 0, 0, 8, 0, 0, 0, 1, 9
"c:\Users\brian\Desktop\Code\My Game\build\_deps\vulkanmemoryallocator-src\docs\html\search\pages_b.js", "JavaScript", 0, 0, 0, 0, 0, 0, 0, 0, 0, 0, 0, 22, 0, 0, 0, 1, 23
"c:\Users\brian\Desktop\Code\My Game\build\_deps\vulkanmemoryallocator-src\docs\html\search\pages_c.js", "JavaScript", 0, 0, 0, 0, 0, 0, 0, 0, 0, 0, 0, 8, 0, 0, 0, 1, 9
"c:\Users\brian\Desktop\Code\My Game\build\_deps\vulkanmemoryallocator-src\docs\html\search\pages_d.js", "JavaScript", 0, 0, 0, 0, 0, 0, 0, 0, 0, 0, 0, 10, 0, 0, 0, 1, 11
"c:\Users\brian\Desktop\Code\My Game\build\_deps\vulkanmemoryallocator-src\docs\html\search\pages_e.js", "JavaScript", 0, 0, 0, 0, 0, 0, 0, 0, 0, 0, 0, 11, 0, 0, 0, 1, 12
"c:\Users\brian\Desktop\Code\My Game\build\_deps\vulkanmemoryallocator-src\docs\html\search\pages_f.js", "JavaScript", 0, 0, 0, 0, 0, 0, 0, 0, 0, 0, 0, 6, 0, 0, 0, 1, 7
"c:\Users\brian\Desktop\Code\My Game\build\_deps\vulkanmemoryallocator-src\docs\html\search\search.css", "PostCSS", 0, 0, 0, 0, 0, 0, 0, 0, 0, 0, 0, 0, 0, 304, 9, 65, 378
"c:\Users\brian\Desktop\Code\My Game\build\_deps\vulkanmemoryallocator-src\docs\html\search\search.js", "JavaScript", 0, 0, 0, 0, 0, 0, 0, 0, 0, 0, 0, 580, 0, 0, 60, 69, 709
"c:\Users\brian\Desktop\Code\My Game\build\_deps\vulkanmemoryallocator-src\docs\html\search\searchdata.js", "JavaScript", 0, 0, 0, 0, 0, 0, 0, 0, 0, 0, 0, 42, 0, 0, 0, 4, 46
"c:\Users\brian\Desktop\Code\My Game\build\_deps\vulkanmemoryallocator-src\docs\html\search\typedefs_0.js", "JavaScript", 0, 0, 0, 0, 0, 0, 0, 0, 0, 0, 0, 6, 0, 0, 0, 1, 7
"c:\Users\brian\Desktop\Code\My Game\build\_deps\vulkanmemoryallocator-src\docs\html\search\typedefs_1.js", "JavaScript", 0, 0, 0, 0, 0, 0, 0, 0, 0, 0, 0, 36, 0, 0, 0, 1, 37
"c:\Users\brian\Desktop\Code\My Game\build\_deps\vulkanmemoryallocator-src\docs\html\search\variables_0.js", "JavaScript", 0, 0, 0, 0, 0, 0, 0, 0, 0, 0, 0, 10, 0, 0, 0, 1, 11
"c:\Users\brian\Desktop\Code\My Game\build\_deps\vulkanmemoryallocator-src\docs\html\search\variables_1.js", "JavaScript", 0, 0, 0, 0, 0, 0, 0, 0, 0, 0, 0, 9, 0, 0, 0, 1, 10
"c:\Users\brian\Desktop\Code\My Game\build\_deps\vulkanmemoryallocator-src\docs\html\search\variables_2.js", "JavaScript", 0, 0, 0, 0, 0, 0, 0, 0, 0, 0, 0, 8, 0, 0, 0, 1, 9
"c:\Users\brian\Desktop\Code\My Game\build\_deps\vulkanmemoryallocator-src\docs\html\search\variables_3.js", "JavaScript", 0, 0, 0, 0, 0, 0, 0, 0, 0, 0, 0, 4, 0, 0, 0, 1, 5
"c:\Users\brian\Desktop\Code\My Game\build\_deps\vulkanmemoryallocator-src\docs\html\search\variables_4.js", "JavaScript", 0, 0, 0, 0, 0, 0, 0, 0, 0, 0, 0, 4, 0, 0, 0, 1, 5
"c:\Users\brian\Desktop\Code\My Game\build\_deps\vulkanmemoryallocator-src\docs\html\search\variables_5.js", "JavaScript", 0, 0, 0, 0, 0, 0, 0, 0, 0, 0, 0, 14, 0, 0, 0, 1, 15
"c:\Users\brian\Desktop\Code\My Game\build\_deps\vulkanmemoryallocator-src\docs\html\search\variables_6.js", "JavaScript", 0, 0, 0, 0, 0, 0, 0, 0, 0, 0, 0, 5, 0, 0, 0, 1, 6
"c:\Users\brian\Desktop\Code\My Game\build\_deps\vulkanmemoryallocator-src\docs\html\search\variables_7.js", "JavaScript", 0, 0, 0, 0, 0, 0, 0, 0, 0, 0, 0, 22, 0, 0, 0, 1, 23
"c:\Users\brian\Desktop\Code\My Game\build\_deps\vulkanmemoryallocator-src\docs\html\search\variables_8.js", "JavaScript", 0, 0, 0, 0, 0, 0, 0, 0, 0, 0, 0, 4, 0, 0, 0, 1, 5
"c:\Users\brian\Desktop\Code\My Game\build\_deps\vulkanmemoryallocator-src\docs\html\search\variables_9.js", "JavaScript", 0, 0, 0, 0, 0, 0, 0, 0, 0, 0, 0, 6, 0, 0, 0, 1, 7
"c:\Users\brian\Desktop\Code\My Game\build\_deps\vulkanmemoryallocator-src\docs\html\search\variables_a.js", "JavaScript", 0, 0, 0, 0, 0, 0, 0, 0, 0, 0, 0, 4, 0, 0, 0, 1, 5
"c:\Users\brian\Desktop\Code\My Game\build\_deps\vulkanmemoryallocator-src\docs\html\search\variables_b.js", "JavaScript", 0, 0, 0, 0, 0, 0, 0, 0, 0, 0, 0, 7, 0, 0, 0, 1, 8
"c:\Users\brian\Desktop\Code\My Game\build\_deps\vulkanmemoryallocator-src\docs\html\search\variables_c.js", "JavaScript", 0, 0, 0, 0, 0, 0, 0, 0, 0, 0, 0, 30, 0, 0, 0, 1, 31
"c:\Users\brian\Desktop\Code\My Game\build\_deps\vulkanmemoryallocator-src\docs\html\statistics.html", "HTML", 0, 0, 0, 0, 0, 0, 0, 0, 0, 0, 136, 0, 0, 0, 5, 3, 144
"c:\Users\brian\Desktop\Code\My Game\build\_deps\vulkanmemoryallocator-src\docs\html\staying_within_budget.html", "HTML", 0, 0, 0, 0, 0, 0, 0, 0, 0, 0, 135, 0, 0, 0, 5, 3, 143
"c:\Users\brian\Desktop\Code\My Game\build\_deps\vulkanmemoryallocator-src\docs\html\struct_vma_allocation.html", "HTML", 0, 0, 0, 0, 0, 0, 0, 0, 0, 0, 115, 0, 0, 0, 5, 4, 124
"c:\Users\brian\Desktop\Code\My Game\build\_deps\vulkanmemoryallocator-src\docs\html\struct_vma_allocation_create_info-members.html", "HTML", 0, 0, 0, 0, 0, 0, 0, 0, 0, 0, 115, 0, 0, 0, 5, 4, 124
"c:\Users\brian\Desktop\Code\My Game\build\_deps\vulkanmemoryallocator-src\docs\html\struct_vma_allocation_create_info.html", "HTML", 0, 0, 0, 0, 0, 0, 0, 0, 0, 0, 268, 0, 0, 0, 5, 31, 304
"c:\Users\brian\Desktop\Code\My Game\build\_deps\vulkanmemoryallocator-src\docs\html\struct_vma_allocation_info-members.html", "HTML", 0, 0, 0, 0, 0, 0, 0, 0, 0, 0, 113, 0, 0, 0, 5, 4, 122
"c:\Users\brian\Desktop\Code\My Game\build\_deps\vulkanmemoryallocator-src\docs\html\struct_vma_allocation_info.html", "HTML", 0, 0, 0, 0, 0, 0, 0, 0, 0, 0, 235, 0, 0, 0, 5, 24, 264
"c:\Users\brian\Desktop\Code\My Game\build\_deps\vulkanmemoryallocator-src\docs\html\struct_vma_allocation_info2-members.html", "HTML", 0, 0, 0, 0, 0, 0, 0, 0, 0, 0, 109, 0, 0, 0, 5, 4, 118
"c:\Users\brian\Desktop\Code\My Game\build\_deps\vulkanmemoryallocator-src\docs\html\struct_vma_allocation_info2.html", "HTML", 0, 0, 0, 0, 0, 0, 0, 0, 0, 0, 167, 0, 0, 0, 5, 13, 185
"c:\Users\brian\Desktop\Code\My Game\build\_deps\vulkanmemoryallocator-src\docs\html\struct_vma_allocator.html", "HTML", 0, 0, 0, 0, 0, 0, 0, 0, 0, 0, 113, 0, 0, 0, 5, 4, 122
"c:\Users\brian\Desktop\Code\My Game\build\_deps\vulkanmemoryallocator-src\docs\html\struct_vma_allocator_create_info-members.html", "HTML", 0, 0, 0, 0, 0, 0, 0, 0, 0, 0, 117, 0, 0, 0, 5, 4, 126
"c:\Users\brian\Desktop\Code\My Game\build\_deps\vulkanmemoryallocator-src\docs\html\struct_vma_allocator_create_info.html", "HTML", 0, 0, 0, 0, 0, 0, 0, 0, 0, 0, 302, 0, 0, 0, 5, 37, 344
"c:\Users\brian\Desktop\Code\My Game\build\_deps\vulkanmemoryallocator-src\docs\html\struct_vma_allocator_info-members.html", "HTML", 0, 0, 0, 0, 0, 0, 0, 0, 0, 0, 109, 0, 0, 0, 5, 4, 118
"c:\Users\brian\Desktop\Code\My Game\build\_deps\vulkanmemoryallocator-src\docs\html\struct_vma_allocator_info.html", "HTML", 0, 0, 0, 0, 0, 0, 0, 0, 0, 0, 167, 0, 0, 0, 5, 13, 185
"c:\Users\brian\Desktop\Code\My Game\build\_deps\vulkanmemoryallocator-src\docs\html\struct_vma_budget-members.html", "HTML", 0, 0, 0, 0, 0, 0, 0, 0, 0, 0, 109, 0, 0, 0, 5, 4, 118
"c:\Users\brian\Desktop\Code\My Game\build\_deps\vulkanmemoryallocator-src\docs\html\struct_vma_budget.html", "HTML", 0, 0, 0, 0, 0, 0, 0, 0, 0, 0, 169, 0, 0, 0, 5, 13, 187
"c:\Users\brian\Desktop\Code\My Game\build\_deps\vulkanmemoryallocator-src\docs\html\struct_vma_defragmentation_context.html", "HTML", 0, 0, 0, 0, 0, 0, 0, 0, 0, 0, 112, 0, 0, 0, 5, 4, 121
"c:\Users\brian\Desktop\Code\My Game\build\_deps\vulkanmemoryallocator-src\docs\html\struct_vma_defragmentation_info-members.html", "HTML", 0, 0, 0, 0, 0, 0, 0, 0, 0, 0, 112, 0, 0, 0, 5, 4, 121
"c:\Users\brian\Desktop\Code\My Game\build\_deps\vulkanmemoryallocator-src\docs\html\struct_vma_defragmentation_info.html", "HTML", 0, 0, 0, 0, 0, 0, 0, 0, 0, 0, 214, 0, 0, 0, 5, 22, 241
"c:\Users\brian\Desktop\Code\My Game\build\_deps\vulkanmemoryallocator-src\docs\html\struct_vma_defragmentation_move-members.html", "HTML", 0, 0, 0, 0, 0, 0, 0, 0, 0, 0, 109, 0, 0, 0, 5, 4, 118
"c:\Users\brian\Desktop\Code\My Game\build\_deps\vulkanmemoryallocator-src\docs\html\struct_vma_defragmentation_move.html", "HTML", 0, 0, 0, 0, 0, 0, 0, 0, 0, 0, 165, 0, 0, 0, 5, 13, 183
"c:\Users\brian\Desktop\Code\My Game\build\_deps\vulkanmemoryallocator-src\docs\html\struct_vma_defragmentation_pass_move_info-members.html", "HTML", 0, 0, 0, 0, 0, 0, 0, 0, 0, 0, 108, 0, 0, 0, 5, 4, 117
"c:\Users\brian\Desktop\Code\My Game\build\_deps\vulkanmemoryallocator-src\docs\html\struct_vma_defragmentation_pass_move_info.html", "HTML", 0, 0, 0, 0, 0, 0, 0, 0, 0, 0, 166, 0, 0, 0, 5, 10, 181
"c:\Users\brian\Desktop\Code\My Game\build\_deps\vulkanmemoryallocator-src\docs\html\struct_vma_defragmentation_stats-members.html", "HTML", 0, 0, 0, 0, 0, 0, 0, 0, 0, 0, 110, 0, 0, 0, 5, 4, 119
"c:\Users\brian\Desktop\Code\My Game\build\_deps\vulkanmemoryallocator-src\docs\html\struct_vma_defragmentation_stats.html", "HTML", 0, 0, 0, 0, 0, 0, 0, 0, 0, 0, 179, 0, 0, 0, 5, 16, 200
"c:\Users\brian\Desktop\Code\My Game\build\_deps\vulkanmemoryallocator-src\docs\html\struct_vma_detailed_statistics-members.html", "HTML", 0, 0, 0, 0, 0, 0, 0, 0, 0, 0, 112, 0, 0, 0, 5, 4, 121
"c:\Users\brian\Desktop\Code\My Game\build\_deps\vulkanmemoryallocator-src\docs\html\struct_vma_detailed_statistics.html", "HTML", 0, 0, 0, 0, 0, 0, 0, 0, 0, 0, 214, 0, 0, 0, 5, 22, 241
"c:\Users\brian\Desktop\Code\My Game\build\_deps\vulkanmemoryallocator-src\docs\html\struct_vma_device_memory_callbacks-members.html", "HTML", 0, 0, 0, 0, 0, 0, 0, 0, 0, 0, 109, 0, 0, 0, 5, 4, 118
"c:\Users\brian\Desktop\Code\My Game\build\_deps\vulkanmemoryallocator-src\docs\html\struct_vma_device_memory_callbacks.html", "HTML", 0, 0, 0, 0, 0, 0, 0, 0, 0, 0, 166, 0, 0, 0, 5, 13, 184
"c:\Users\brian\Desktop\Code\My Game\build\_deps\vulkanmemoryallocator-src\docs\html\struct_vma_pool.html", "HTML", 0, 0, 0, 0, 0, 0, 0, 0, 0, 0, 113, 0, 0, 0, 5, 4, 122
"c:\Users\brian\Desktop\Code\My Game\build\_deps\vulkanmemoryallocator-src\docs\html\struct_vma_pool_create_info-members.html", "HTML", 0, 0, 0, 0, 0, 0, 0, 0, 0, 0, 114, 0, 0, 0, 5, 4, 123
"c:\Users\brian\Desktop\Code\My Game\build\_deps\vulkanmemoryallocator-src\docs\html\struct_vma_pool_create_info.html", "HTML", 0, 0, 0, 0, 0, 0, 0, 0, 0, 0, 249, 0, 0, 0, 5, 28, 282
"c:\Users\brian\Desktop\Code\My Game\build\_deps\vulkanmemoryallocator-src\docs\html\struct_vma_statistics-members.html", "HTML", 0, 0, 0, 0, 0, 0, 0, 0, 0, 0, 110, 0, 0, 0, 5, 4, 119
"c:\Users\brian\Desktop\Code\My Game\build\_deps\vulkanmemoryallocator-src\docs\html\struct_vma_statistics.html", "HTML", 0, 0, 0, 0, 0, 0, 0, 0, 0, 0, 183, 0, 0, 0, 5, 16, 204
"c:\Users\brian\Desktop\Code\My Game\build\_deps\vulkanmemoryallocator-src\docs\html\struct_vma_total_statistics-members.html", "HTML", 0, 0, 0, 0, 0, 0, 0, 0, 0, 0, 109, 0, 0, 0, 5, 4, 118
"c:\Users\brian\Desktop\Code\My Game\build\_deps\vulkanmemoryallocator-src\docs\html\struct_vma_total_statistics.html", "HTML", 0, 0, 0, 0, 0, 0, 0, 0, 0, 0, 159, 0, 0, 0, 5, 10, 174
"c:\Users\brian\Desktop\Code\My Game\build\_deps\vulkanmemoryallocator-src\docs\html\struct_vma_virtual_allocation.html", "HTML", 0, 0, 0, 0, 0, 0, 0, 0, 0, 0, 113, 0, 0, 0, 5, 4, 122
"c:\Users\brian\Desktop\Code\My Game\build\_deps\vulkanmemoryallocator-src\docs\html\struct_vma_virtual_allocation_create_info-members.html", "HTML", 0, 0, 0, 0, 0, 0, 0, 0, 0, 0, 110, 0, 0, 0, 5, 4, 119
"c:\Users\brian\Desktop\Code\My Game\build\_deps\vulkanmemoryallocator-src\docs\html\struct_vma_virtual_allocation_create_info.html", "HTML", 0, 0, 0, 0, 0, 0, 0, 0, 0, 0, 182, 0, 0, 0, 5, 16, 203
"c:\Users\brian\Desktop\Code\My Game\build\_deps\vulkanmemoryallocator-src\docs\html\struct_vma_virtual_allocation_info-members.html", "HTML", 0, 0, 0, 0, 0, 0, 0, 0, 0, 0, 109, 0, 0, 0, 5, 4, 118
"c:\Users\brian\Desktop\Code\My Game\build\_deps\vulkanmemoryallocator-src\docs\html\struct_vma_virtual_allocation_info.html", "HTML", 0, 0, 0, 0, 0, 0, 0, 0, 0, 0, 167, 0, 0, 0, 5, 13, 185
"c:\Users\brian\Desktop\Code\My Game\build\_deps\vulkanmemoryallocator-src\docs\html\struct_vma_virtual_block.html", "HTML", 0, 0, 0, 0, 0, 0, 0, 0, 0, 0, 113, 0, 0, 0, 5, 4, 122
"c:\Users\brian\Desktop\Code\My Game\build\_deps\vulkanmemoryallocator-src\docs\html\struct_vma_virtual_block_create_info-members.html", "HTML", 0, 0, 0, 0, 0, 0, 0, 0, 0, 0, 109, 0, 0, 0, 5, 4, 118
"c:\Users\brian\Desktop\Code\My Game\build\_deps\vulkanmemoryallocator-src\docs\html\struct_vma_virtual_block_create_info.html", "HTML", 0, 0, 0, 0, 0, 0, 0, 0, 0, 0, 166, 0, 0, 0, 5, 13, 184
"c:\Users\brian\Desktop\Code\My Game\build\_deps\vulkanmemoryallocator-src\docs\html\struct_vma_vulkan_functions-members.html", "HTML", 0, 0, 0, 0, 0, 0, 0, 0, 0, 0, 132, 0, 0, 0, 5, 4, 141
"c:\Users\brian\Desktop\Code\My Game\build\_deps\vulkanmemoryallocator-src\docs\html\struct_vma_vulkan_functions.html", "HTML", 0, 0, 0, 0, 0, 0, 0, 0, 0, 0, 474, 0, 0, 0, 5, 64, 543
"c:\Users\brian\Desktop\Code\My Game\build\_deps\vulkanmemoryallocator-src\docs\html\tabs.css", "PostCSS", 0, 0, 0, 0, 0, 0, 0, 0, 0, 0, 0, 0, 0, 402, 0, 81, 483
"c:\Users\brian\Desktop\Code\My Game\build\_deps\vulkanmemoryallocator-src\docs\html\topics.html", "HTML", 0, 0, 0, 0, 0, 0, 0, 0, 0, 0, 112, 0, 0, 0, 5, 3, 120
"c:\Users\brian\Desktop\Code\My Game\build\_deps\vulkanmemoryallocator-src\docs\html\usage_patterns.html", "HTML", 0, 0, 0, 0, 0, 0, 0, 0, 0, 0, 330, 0, 0, 0, 5, 3, 338
"c:\Users\brian\Desktop\Code\My Game\build\_deps\vulkanmemoryallocator-src\docs\html\virtual_allocator.html", "HTML", 0, 0, 0, 0, 0, 0, 0, 0, 0, 0, 215, 0, 0, 0, 5, 3, 223
"c:\Users\brian\Desktop\Code\My Game\build\_deps\vulkanmemoryallocator-src\docs\html\vk__mem__alloc_8h.html", "HTML", 0, 0, 0, 0, 0, 0, 0, 0, 0, 0, 512, 0, 0, 0, 5, 7, 524
"c:\Users\brian\Desktop\Code\My Game\build\_deps\vulkanmemoryallocator-src\docs\html\vk_amd_device_coherent_memory.html", "HTML", 0, 0, 0, 0, 0, 0, 0, 0, 0, 0, 130, 0, 0, 0, 5, 3, 138
"c:\Users\brian\Desktop\Code\My Game\build\_deps\vulkanmemoryallocator-src\docs\html\vk_ext_memory_priority.html", "HTML", 0, 0, 0, 0, 0, 0, 0, 0, 0, 0, 162, 0, 0, 0, 5, 3, 170
"c:\Users\brian\Desktop\Code\My Game\build\_deps\vulkanmemoryallocator-src\docs\html\vk_khr_dedicated_allocation.html", "HTML", 0, 0, 0, 0, 0, 0, 0, 0, 0, 0, 133, 0, 0, 0, 5, 3, 141
"c:\Users\brian\Desktop\Code\My Game\build\_deps\vulkanmemoryallocator-src\docs\html\vk_khr_external_memory_win32.html", "HTML", 0, 0, 0, 0, 0, 0, 0, 0, 0, 0, 196, 0, 0, 0, 5, 3, 204
"c:\Users\brian\Desktop\Code\My Game\build\_deps\vulkanmemoryallocator-src\include\vk_mem_alloc.h", "C++", 12337, 0, 0, 0, 0, 0, 0, 0, 0, 0, 0, 0, 0, 0, 5736, 1903, 19976
"c:\Users\brian\Desktop\Code\My Game\build\_deps\vulkanmemoryallocator-src\src\CMakeLists.txt", "CMake", 0, 0, 0, 60, 0, 0, 0, 0, 0, 0, 0, 0, 0, 0, 26, 16, 102
"c:\Users\brian\Desktop\Code\My Game\build\_deps\vulkanmemoryallocator-src\src\Common.cpp", "C++", 263, 0, 0, 0, 0, 0, 0, 0, 0, 0, 0, 0, 0, 0, 29, 37, 329
"c:\Users\brian\Desktop\Code\My Game\build\_deps\vulkanmemoryallocator-src\src\Common.h", "C++", 265, 0, 0, 0, 0, 0, 0, 0, 0, 0, 0, 0, 0, 0, 23, 52, 340
"c:\Users\brian\Desktop\Code\My Game\build\_deps\vulkanmemoryallocator-src\src\Shaders\CMakeLists.txt", "CMake", 0, 0, 0, 26, 0, 0, 0, 0, 0, 0, 0, 0, 0, 0, 26, 11, 63
"c:\Users\brian\Desktop\Code\My Game\build\_deps\vulkanmemoryallocator-src\src\Shaders\CompileShaders.bat", "Batch", 0, 0, 0, 0, 0, 0, 0, 0, 4, 0, 0, 0, 0, 0, 0, 1, 5
"c:\Users\brian\Desktop\Code\My Game\build\_deps\vulkanmemoryallocator-src\src\Shaders\Shader.frag", "GLSL", 0, 0, 0, 0, 0, 0, 0, 11, 0, 0, 0, 0, 0, 0, 21, 6, 38
"c:\Users\brian\Desktop\Code\My Game\build\_deps\vulkanmemoryallocator-src\src\Shaders\Shader.vert", "GLSL", 0, 0, 0, 0, 0, 0, 0, 16, 0, 0, 0, 0, 0, 0, 21, 6, 43
"c:\Users\brian\Desktop\Code\My Game\build\_deps\vulkanmemoryallocator-src\src\SparseBindingTest.cpp", "C++", 428, 0, 0, 0, 0, 0, 0, 0, 0, 0, 0, 0, 0, 0, 62, 99, 589
"c:\Users\brian\Desktop\Code\My Game\build\_deps\vulkanmemoryallocator-src\src\SparseBindingTest.h", "C++", 4, 0, 0, 0, 0, 0, 0, 0, 0, 0, 0, 0, 0, 0, 21, 5, 30
"c:\Users\brian\Desktop\Code\My Game\build\_deps\vulkanmemoryallocator-src\src\Tests.cpp", "C++", 7063, 0, 0, 0, 0, 0, 0, 0, 0, 0, 0, 0, 0, 0, 544, 1338, 8945
"c:\Users\brian\Desktop\Code\My Game\build\_deps\vulkanmemoryallocator-src\src\Tests.h", "C++", 6, 0, 0, 0, 0, 0, 0, 0, 0, 0, 0, 0, 0, 0, 21, 6, 33
"c:\Users\brian\Desktop\Code\My Game\build\_deps\vulkanmemoryallocator-src\src\VmaUsage.cpp", "C++", 2, 0, 0, 0, 0, 0, 0, 0, 0, 0, 0, 0, 0, 0, 25, 4, 31
"c:\Users\brian\Desktop\Code\My Game\build\_deps\vulkanmemoryallocator-src\src\VmaUsage.h", "C++", 48, 0, 0, 0, 0, 0, 0, 0, 0, 0, 0, 0, 0, 0, 48, 24, 120
"c:\Users\brian\Desktop\Code\My Game\build\_deps\vulkanmemoryallocator-src\src\VolkUsage.cpp", "C++", 4, 0, 0, 0, 0, 0, 0, 0, 0, 0, 0, 0, 0, 0, 21, 4, 29
"c:\Users\brian\Desktop\Code\My Game\build\_deps\vulkanmemoryallocator-src\src\VulkanSample.cpp", "C++", 2318, 0, 0, 0, 0, 0, 0, 0, 0, 0, 0, 0, 0, 0, 91, 403, 2812
"c:\Users\brian\Desktop\Code\My Game\build\_deps\vulkanmemoryallocator-src\tools\GpuMemDumpVis\GpuMemDump.schema.json", "JSON", 0, 0, 163, 0, 0, 0, 0, 0, 0, 0, 0, 0, 0, 0, 0, 1, 164
"c:\Users\brian\Desktop\Code\My Game\build\_deps\vulkanmemoryallocator-src\tools\GpuMemDumpVis\GpuMemDumpVis.py", "Python", 0, 0, 0, 0, 0, 0, 254, 0, 0, 0, 0, 0, 0, 0, 55, 26, 335
"c:\Users\brian\Desktop\Code\My Game\build\_deps\vulkanmemoryallocator-src\tools\GpuMemDumpVis\README.md", "Markdown", 0, 0, 0, 0, 0, 35, 0, 0, 0, 0, 0, 0, 0, 0, 0, 15, 50
"c:\Users\brian\Desktop\Code\My Game\build\_deps\vulkanmemoryallocator-src\tools\GpuMemDumpVis\Sample.json", "JSON", 0, 0, 426, 0, 0, 0, 0, 0, 0, 0, 0, 0, 0, 0, 0, 0, 426
"c:\Users\brian\Desktop\Code\My Game\build\cmake_install.cmake", "CMake", 0, 0, 0, 3, 0, 0, 0, 0, 0, 0, 0, 0, 0, 0, 1, 1, 5
"c:\Users\brian\Desktop\Code\My Game\build\compile_commands.json", "JSON", 0, 0, 6, 0, 0, 0, 0, 0, 0, 0, 0, 0, 0, 0, 0, 0, 6
"c:\Users\brian\Desktop\Code\My Game\scenes\Scene1.gltf", "JSON", 0, 0, 534, 0, 0, 0, 0, 0, 0, 0, 0, 0, 0, 0, 0, 0, 534
"c:\Users\brian\Desktop\Code\My Game\src\Camera.hpp", "C++", 46, 0, 0, 0, 0, 0, 0, 0, 0, 0, 0, 0, 0, 0, 0, 1, 47
"c:\Users\brian\Desktop\Code\My Game\src\Light.hpp", "C++", 9, 0, 0, 0, 0, 0, 0, 0, 0, 0, 0, 0, 0, 0, 0, 5, 14
"c:\Users\brian\Desktop\Code\My Game\src\MeshBuffers.hpp", "C++", 0, 0, 0, 0, 0, 0, 0, 0, 0, 0, 0, 0, 0, 0, -2, -1, -3
"c:\Users\brian\Desktop\Code\My Game\src\ModelInstance.hpp", "C++", -17, 0, 0, 0, 0, 0, 0, 0, 0, 0, 0, 0, 0, 0, 0, -5, -22
"c:\Users\brian\Desktop\Code\My Game\src\Node.hpp", "C++", 24, 0, 0, 0, 0, 0, 0, 0, 0, 0, 0, 0, 0, 0, 0, 7, 31
"c:\Users\brian\Desktop\Code\My Game\src\Scene.hpp", "C++", 157, 0, 0, 0, 0, 0, 0, 0, 0, 0, 0, 0, 0, 0, 0, 14, 171
"c:\Users\brian\Desktop\Code\My Game\src\Vertex.hpp", "C++", -25, 0, 0, 0, 0, 0, 0, 0, 0, 0, 0, 0, 0, 0, -2, -7, -34
"c:\Users\brian\Desktop\Code\My Game\src\VulkanInterface.hpp", "C++", 55, 0, 0, 0, 0, 0, 0, 0, 0, 0, 0, 0, 0, 0, 1, 14, 70
"c:\Users\brian\Desktop\Code\My Game\src\VulkanInterfaceDraw.cpp", "C++", 11, 0, 0, 0, 0, 0, 0, 0, 0, 0, 0, 0, 0, 0, -1, -2, 8
"c:\Users\brian\Desktop\Code\My Game\src\VulkanInterfaceHelpers.cpp", "C++", -40, 0, 0, 0, 0, 0, 0, 0, 0, 0, 0, 0, 0, 0, -7, -8, -55
"c:\Users\brian\Desktop\Code\My Game\src\VulkanInterfaceInit.cpp", "C++", 2, 0, 0, 0, 0, 0, 0, 0, 0, 0, 0, 0, 0, 0, -1, 0, 1
"c:\Users\brian\Desktop\Code\My Game\src\VulkanInterfaceLoadScene.cpp", "C++", 101, 0, 0, 0, 0, 0, 0, 0, 0, 0, 0, 0, 0, 0, -2, 8, 107
"c:\Users\brian\Desktop\Code\My Game\src\main.cpp", "C++", 28, 0, 0, 0, 0, 0, 0, 0, 0, 0, 0, 0, 0, 0, 0, 4, 32
"c:\Users\brian\Desktop\Code\My Game\src\shader.slang", "Slang", 0, 124, 0, 0, 0, 0, 0, 0, 0, 0, 0, 0, 0, 0, -2, 32, 154
"Total", "-", 8924, 124, 3619, 98, 32, 110, 0, 0, 0, -837, 10040, 440, 0, -52, 1647, 4177, 28322