"filename", "language", "C++", "Slang", "CMake", "CMake Cache", "JSON", "Markdown", "Python", "HTML", "JavaScript", "C", "Batch", "GLSL", "YAML", "PostCSS", "XML", "Rust", "reStructuredText", "pip requirements", "comment", "blank", "total"
"\Users\brianpark\Desktop\Code\My Game\CMakeLists.txt", "CMake", 0, 0, -95, 0, 0, 0, 0, 0, 0, 0, 0, 0, 0, 0, 0, 0, 0, 0, -6, -23, -124
"\Users\brianpark\Desktop\Code\My Game\CMake\Findfastgltf.cmake", "CMake", 0, 0, -7, 0, 0, 0, 0, 0, 0, 0, 0, 0, 0, 0, 0, 0, 0, 0, 0, -1, -8
"\Users\brianpark\Desktop\Code\My Game\CMake\Findglm.cmake", "CMake", 0, 0, -83, 0, 0, 0, 0, 0, 0, 0, 0, 0, 0, 0, 0, 0, 0, 0, -34, -17, -134
"\Users\brianpark\Desktop\Code\My Game\CMake\Findnlohmann_json.cmake", "CMake", 0, 0, -107, 0, 0, 0, 0, 0, 0, 0, 0, 0, 0, 0, 0, 0, 0, 0, -32, -16, -155
"\Users\brianpark\Desktop\Code\My Game\CMake\Findvma.cmake", "CMake", 0, 0, -8, 0, 0, 0, 0, 0, 0, 0, 0, 0, 0, 0, 0, 0, 0, 0, 0, -1, -9
"\Users\brianpark\Desktop\Code\My Game\build\.cmake\api\v1\query\client-vscode\query.json", "JSON", 0, 0, 0, 0, -1, 0, 0, 0, 0, 0, 0, 0, 0, 0, 0, 0, 0, 0, 0, 0, -1
"\Users\brianpark\Desktop\Code\My Game\build\.cmake\api\v1\reply\cache-v2-4a2f1c5fbb840a976ee4.json", "JSON", 0, 0, 0, 0, -2679, 0, 0, 0, 0, 0, 0, 0, 0, 0, 0, 0, 0, 0, 0, -1, -2680
"\Users\brianpark\Desktop\Code\My Game\build\.cmake\api\v1\reply\cmakeFiles-v1-deba320072694707c63b.json", "JSON", 0, 0, 0, 0, -601, 0, 0, 0, 0, 0, 0, 0, 0, 0, 0, 0, 0, 0, 0, -1, -602
"\Users\brianpark\Desktop\Code\My Game\build\.cmake\api\v1\reply\codemodel-v2-846b1f612f6fbc7389f1.json", "JSON", 0, 0, 0, 0, -272, 0, 0, 0, 0, 0, 0, 0, 0, 0, 0, 0, 0, 0, 0, -1, -273
"\Users\brianpark\Desktop\Code\My Game\build\.cmake\api\v1\reply\directory-.-Debug-fd6451d79dc282e2f566.json", "JSON", 0, 0, 0, 0, -19, 0, 0, 0, 0, 0, 0, 0, 0, 0, 0, 0, 0, 0, 0, -1, -20
"\Users\brianpark\Desktop\Code\My Game\build\.cmake\api\v1\reply\directory-_deps.fastgltf-build-Debug-5ad4a155b96a4de27442.json", "JSON", 0, 0, 0, 0, -113, 0, 0, 0, 0, 0, 0, 0, 0, 0, 0, 0, 0, 0, 0, -1, -114
"\Users\brianpark\Desktop\Code\My Game\build\.cmake\api\v1\reply\directory-_deps.vma-build-Debug-928336be3528401670cd.json", "JSON", 0, 0, 0, 0, -19, 0, 0, 0, 0, 0, 0, 0, 0, 0, 0, 0, 0, 0, 0, -1, -20
"\Users\brianpark\Desktop\Code\My Game\build\.cmake\api\v1\reply\index-2026-07-07T03-40-26-0877.json", "JSON", 0, 0, 0, 0, -132, 0, 0, 0, 0, 0, 0, 0, 0, 0, 0, 0, 0, 0, 0, -1, -133
"\Users\brianpark\Desktop\Code\My Game\build\.cmake\api\v1\reply\target-Git__Git-Debug-2c633a16bcbff4689247.json", "JSON", 0, 0, 0, 0, -122, 0, 0, 0, 0, 0, 0, 0, 0, 0, 0, 0, 0, 0, 0, -1, -123
"\Users\brianpark\Desktop\Code\My Game\build\.cmake\api\v1\reply\target-KTX__ktx-Debug-662ecb66619cfb1db159.json", "JSON", 0, 0, 0, 0, -104, 0, 0, 0, 0, 0, 0, 0, 0, 0, 0, 0, 0, 0, 0, -1, -105
"\Users\brianpark\Desktop\Code\My Game\build\.cmake\api\v1\reply\target-MyGame-Debug-7c7ff6e6e2a6dc5fc69c.json", "JSON", 0, 0, 0, 0, -529, 0, 0, 0, 0, 0, 0, 0, 0, 0, 0, 0, 0, 0, 0, -1, -530
"\Users\brianpark\Desktop\Code\My Game\build\.cmake\api\v1\reply\target-Threads__Threads-Debug-a5436d17b9657b53e4d3.json", "JSON", 0, 0, 0, 0, -81, 0, 0, 0, 0, 0, 0, 0, 0, 0, 0, 0, 0, 0, 0, -1, -82
"\Users\brianpark\Desktop\Code\My Game\build\.cmake\api\v1\reply\target-VulkanCppModule-Debug-a2b2d510b9cc8e703904.json", "JSON", 0, 0, 0, 0, -62, 0, 0, 0, 0, 0, 0, 0, 0, 0, 0, 0, 0, 0, 0, -1, -63
"\Users\brianpark\Desktop\Code\My Game\build\.cmake\api\v1\reply\target-VulkanMemoryAllocator-Debug-6f69c28caaacb2452b99.json", "JSON", 0, 0, 0, 0, -41, 0, 0, 0, 0, 0, 0, 0, 0, 0, 0, 0, 0, 0, 0, -1, -42
"\Users\brianpark\Desktop\Code\My Game\build\.cmake\api\v1\reply\target-Vulkan__Headers-Debug-d15e7cc4c94d5774091a.json", "JSON", 0, 0, 0, 0, -55, 0, 0, 0, 0, 0, 0, 0, 0, 0, 0, 0, 0, 0, 0, -1, -56
"\Users\brianpark\Desktop\Code\My Game\build\.cmake\api\v1\reply\target-Vulkan__Vulkan-Debug-1d62074e9d95cfbb6000.json", "JSON", 0, 0, 0, 0, -55, 0, 0, 0, 0, 0, 0, 0, 0, 0, 0, 0, 0, 0, 0, -1, -56
"\Users\brianpark\Desktop\Code\My Game\build\.cmake\api\v1\reply\target-Vulkan__glslangValidator-Debug-b7ecccbcb63d79d3854c.json", "JSON", 0, 0, 0, 0, -62, 0, 0, 0, 0, 0, 0, 0, 0, 0, 0, 0, 0, 0, 0, -1, -63
"\Users\brianpark\Desktop\Code\My Game\build\.cmake\api\v1\reply\target-Vulkan__glslc-Debug-e6214595f9a74ba07b2a.json", "JSON", 0, 0, 0, 0, -62, 0, 0, 0, 0, 0, 0, 0, 0, 0, 0, 0, 0, 0, 0, -1, -63
"\Users\brianpark\Desktop\Code\My Game\build\.cmake\api\v1\reply\target-fastgltf-Debug-94230134d90483e23641.json", "JSON", 0, 0, 0, 0, -348, 0, 0, 0, 0, 0, 0, 0, 0, 0, 0, 0, 0, 0, 0, -1, -349
"\Users\brianpark\Desktop\Code\My Game\build\.cmake\api\v1\reply\target-foo-Debug-08dc91e436f2c84faf38.json", "JSON", 0, 0, 0, 0, -92, 0, 0, 0, 0, 0, 0, 0, 0, 0, 0, 0, 0, 0, 0, -1, -93
"\Users\brianpark\Desktop\Code\My Game\build\.cmake\api\v1\reply\target-glfw-Debug-6129ece4c72ab14d58e4.json", "JSON", 0, 0, 0, 0, -74, 0, 0, 0, 0, 0, 0, 0, 0, 0, 0, 0, 0, 0, 0, -1, -75
"\Users\brianpark\Desktop\Code\My Game\build\.cmake\api\v1\reply\target-glm__glm-Debug-d9ab258a312d0cf4be11.json", "JSON", 0, 0, 0, 0, -55, 0, 0, 0, 0, 0, 0, 0, 0, 0, 0, 0, 0, 0, 0, -1, -56
"\Users\brianpark\Desktop\Code\My Game\build\.cmake\api\v1\reply\target-simdjson__simdjson-Debug-e843825363b223f1a679.json", "JSON", 0, 0, 0, 0, -106, 0, 0, 0, 0, 0, 0, 0, 0, 0, 0, 0, 0, 0, 0, -1, -107
"\Users\brianpark\Desktop\Code\My Game\build\.cmake\api\v1\reply\target-simdjson__simdjson_static-Debug-0e15fd9be35e5db5002c.json", "JSON", 0, 0, 0, 0, -106, 0, 0, 0, 0, 0, 0, 0, 0, 0, 0, 0, 0, 0, 0, -1, -107
"\Users\brianpark\Desktop\Code\My Game\build\.cmake\api\v1\reply\toolchains-v1-2460186c46586a833cf2.json", "JSON", 0, 0, 0, 0, -91, 0, 0, 0, 0, 0, 0, 0, 0, 0, 0, 0, 0, 0, 0, -1, -92
"\Users\brianpark\Desktop\Code\My Game\build\CMakeCache.txt", "CMake Cache", 0, 0, 0, -556, 0, 0, 0, 0, 0, 0, 0, 0, 0, 0, 0, 0, 0, 0, 0, -139, -695
"\Users\brianpark\Desktop\Code\My Game\build\CMakeFiles\4.3.0\CMakeCCompiler.cmake", "CMake", 0, 0, -67, 0, 0, 0, 0, 0, 0, 0, 0, 0, 0, 0, 0, 0, 0, 0, -1, -18, -86
"\Users\brianpark\Desktop\Code\My Game\build\CMakeFiles\4.3.0\CMakeCXXCompiler.cmake", "CMake", 0, 0, -81, 0, 0, 0, 0, 0, 0, 0, 0, 0, 0, 0, 0, 0, 0, 0, -1, -21, -103
"\Users\brianpark\Desktop\Code\My Game\build\CMakeFiles\4.3.0\CMakeSystem.cmake", "CMake", 0, 0, -10, 0, 0, 0, 0, 0, 0, 0, 0, 0, 0, 0, 0, 0, 0, 0, 0, -6, -16
"\Users\brianpark\Desktop\Code\My Game\build\CMakeFiles\4.3.0\CompilerIdCXX\CMakeCXXCompilerId.cpp", "C++", -729, 0, 0, 0, 0, 0, 0, 0, 0, 0, 0, 0, 0, 0, 0, 0, 0, 0, -63, -158, -950
"\Users\brianpark\Desktop\Code\My Game\build\CMakeFiles\4.3.0\CompilerIdCXX\apple-sdk.cpp", "C++", -1, 0, 0, 0, 0, 0, 0, 0, 0, 0, 0, 0, 0, 0, 0, 0, 0, 0, 0, -1, -2
"\Users\brianpark\Desktop\Code\My Game\build\CMakeFiles\4.3.0\CompilerIdC\CMakeCCompilerId.c", "C", 0, 0, 0, 0, 0, 0, 0, 0, 0, -711, 0, 0, 0, 0, 0, 0, 0, 0, -62, -162, -935
"\Users\brianpark\Desktop\Code\My Game\build\CMakeFiles\4.3.0\CompilerIdC\apple-sdk.c", "C", 0, 0, 0, 0, 0, 0, 0, 0, 0, -1, 0, 0, 0, 0, 0, 0, 0, 0, 0, -1, -2
"\Users\brianpark\Desktop\Code\My Game\build\CMakeFiles\CMakeConfigureLog.yaml", "YAML", 0, 0, 0, 0, 0, 0, 0, 0, 0, 0, 0, 0, -4537, 0, 0, 0, 0, 0, -64, -30, -4631
"\Users\brianpark\Desktop\Code\My Game\build\CMakeFiles\InstallScripts.json", "JSON", 0, 0, 0, 0, -9, 0, 0, 0, 0, 0, 0, 0, 0, 0, 0, 0, 0, 0, 0, -1, -10
"\Users\brianpark\Desktop\Code\My Game\build\CMakeFiles\MyGame.dir\CXXDependInfo.json", "JSON", 0, 0, 0, 0, -54, 0, 0, 0, 0, 0, 0, 0, 0, 0, 0, 0, 0, 0, 0, 0, -54
"\Users\brianpark\Desktop\Code\My Game\build\CMakeFiles\MyGame.dir\CXXModules.json", "JSON", 0, 0, 0, 0, -5, 0, 0, 0, 0, 0, 0, 0, 0, 0, 0, 0, 0, 0, 0, 0, -5
"\Users\brianpark\Desktop\Code\My Game\build\CMakeFiles\MyGame.dir\cmake_pch.hxx", "C++", -5, 0, 0, 0, 0, 0, 0, 0, 0, 0, 0, 0, 0, 0, 0, 0, 0, 0, -1, -2, -8
"\Users\brianpark\Desktop\Code\My Game\build\CMakeFiles\MyGame.dir\cmake_pch.hxx.cxx", "C++", 0, 0, 0, 0, 0, 0, 0, 0, 0, 0, 0, 0, 0, 0, 0, 0, 0, 0, -1, -1, -2
"\Users\brianpark\Desktop\Code\My Game\build\CMakeFiles\fc-tmp\fastgltf\download.cmake", "CMake", 0, 0, -5, 0, 0, 0, 0, 0, 0, 0, 0, 0, 0, 0, 0, 0, 0, 0, 0, -5, -10
"\Users\brianpark\Desktop\Code\My Game\build\CMakeFiles\fc-tmp\fastgltf\fastgltf-gitclone.cmake", "CMake", 0, 0, -72, 0, 0, 0, 0, 0, 0, 0, 0, 0, 0, 0, 0, 0, 0, 0, -7, -9, -88
"\Users\brianpark\Desktop\Code\My Game\build\CMakeFiles\fc-tmp\fastgltf\fastgltf-gitupdate.cmake", "CMake", 0, 0, -236, 0, 0, 0, 0, 0, 0, 0, 0, 0, 0, 0, 0, 0, 0, 0, -52, -30, -318
"\Users\brianpark\Desktop\Code\My Game\build\CMakeFiles\fc-tmp\fastgltf\patch.cmake", "CMake", 0, 0, -4, 0, 0, 0, 0, 0, 0, 0, 0, 0, 0, 0, 0, 0, 0, 0, 0, -6, -10
"\Users\brianpark\Desktop\Code\My Game\build\CMakeFiles\fc-tmp\fastgltf\update.cmake", "CMake", 0, 0, -5, 0, 0, 0, 0, 0, 0, 0, 0, 0, 0, 0, 0, 0, 0, 0, 0, -5, -10
"\Users\brianpark\Desktop\Code\My Game\build\CMakeFiles\fc-tmp\vma\download.cmake", "CMake", 0, 0, -5, 0, 0, 0, 0, 0, 0, 0, 0, 0, 0, 0, 0, 0, 0, 0, 0, -5, -10
"\Users\brianpark\Desktop\Code\My Game\build\CMakeFiles\fc-tmp\vma\patch.cmake", "CMake", 0, 0, -4, 0, 0, 0, 0, 0, 0, 0, 0, 0, 0, 0, 0, 0, 0, 0, 0, -6, -10
"\Users\brianpark\Desktop\Code\My Game\build\CMakeFiles\fc-tmp\vma\update.cmake", "CMake", 0, 0, -5, 0, 0, 0, 0, 0, 0, 0, 0, 0, 0, 0, 0, 0, 0, 0, 0, -5, -10
"\Users\brianpark\Desktop\Code\My Game\build\CMakeFiles\fc-tmp\vma\vma-gitclone.cmake", "CMake", 0, 0, -72, 0, 0, 0, 0, 0, 0, 0, 0, 0, 0, 0, 0, 0, 0, 0, -7, -9, -88
"\Users\brianpark\Desktop\Code\My Game\build\CMakeFiles\fc-tmp\vma\vma-gitupdate.cmake", "CMake", 0, 0, -236, 0, 0, 0, 0, 0, 0, 0, 0, 0, 0, 0, 0, 0, 0, 0, -52, -30, -318
"\Users\brianpark\Desktop\Code\My Game\build\_deps\fastgltf-build\CMakeFiles\Export\14b504216a8c2b5661a6a7c88f3023ae\fastgltfConfig-debug.cmake", "CMake", 0, 0, -9, 0, 0, 0, 0, 0, 0, 0, 0, 0, 0, 0, 0, 0, 0, 0, -6, -5, -20
"\Users\brianpark\Desktop\Code\My Game\build\_deps\fastgltf-build\CMakeFiles\Export\14b504216a8c2b5661a6a7c88f3023ae\fastgltfConfig.cmake", "CMake", 0, 0, -83, 0, 0, 0, 0, 0, 0, 0, 0, 0, 0, 0, 0, 0, 0, 0, -14, -13, -110
"\Users\brianpark\Desktop\Code\My Game\build\_deps\fastgltf-build\cmake_install.cmake", "CMake", 0, 0, -77, 0, 0, 0, 0, 0, 0, 0, 0, 0, 0, 0, 0, 0, 0, 0, -6, -11, -94
"\Users\brianpark\Desktop\Code\My Game\build\_deps\fastgltf-build\fastgltfConfigVersion.cmake", "CMake", 0, 0, -44, 0, 0, 0, 0, 0, 0, 0, 0, 0, 0, 0, 0, 0, 0, 0, -12, -10, -66
"\Users\brianpark\Desktop\Code\My Game\build\_deps\fastgltf-src\.github\workflows\ci_arm.yml", "YAML", 0, 0, 0, 0, 0, 0, 0, 0, 0, 0, 0, 0, -38, 0, 0, 0, 0, 0, 0, -11, -49
"\Users\brianpark\Desktop\Code\My Game\build\_deps\fastgltf-src\.github\workflows\ci_x64.yml", "YAML", 0, 0, 0, 0, 0, 0, 0, 0, 0, 0, 0, 0, -161, 0, 0, 0, 0, 0, -3, -35, -199
"\Users\brianpark\Desktop\Code\My Game\build\_deps\fastgltf-src\.readthedocs.yaml", "YAML", 0, 0, 0, 0, 0, 0, 0, 0, 0, 0, 0, 0, -19, 0, 0, 0, 0, 0, -3, -5, -27
"\Users\brianpark\Desktop\Code\My Game\build\_deps\fastgltf-src\CMakeLists.txt", "CMake", 0, 0, -134, 0, 0, 0, 0, 0, 0, 0, 0, 0, 0, 0, 0, 0, 0, 0, -4, -31, -169
"\Users\brianpark\Desktop\Code\My Game\build\_deps\fastgltf-src\LICENSE.md", "Markdown", 0, 0, 0, 0, 0, -18, 0, 0, 0, 0, 0, 0, 0, 0, 0, 0, 0, 0, 0, -5, -23
"\Users\brianpark\Desktop\Code\My Game\build\_deps\fastgltf-src\README.md", "Markdown", 0, 0, 0, 0, 0, -33, 0, 0, 0, 0, 0, 0, 0, 0, 0, 0, 0, 0, 0, -15, -48
"\Users\brianpark\Desktop\Code\My Game\build\_deps\fastgltf-src\cmake\add_source_directory.cmake", "CMake", 0, 0, -11, 0, 0, 0, 0, 0, 0, 0, 0, 0, 0, 0, 0, 0, 0, 0, -3, -3, -17
"\Users\brianpark\Desktop\Code\My Game\build\_deps\fastgltf-src\cmake\compilers.cmake", "CMake", 0, 0, -35, 0, 0, 0, 0, 0, 0, 0, 0, 0, 0, 0, 0, 0, 0, 0, -7, -6, -48
"\Users\brianpark\Desktop\Code\My Game\build\_deps\fastgltf-src\cmake\dependencies.cmake", "CMake", 0, 0, -158, 0, 0, 0, 0, 0, 0, 0, 0, 0, 0, 0, 0, 0, 0, 0, -18, -39, -215
"\Users\brianpark\Desktop\Code\My Game\build\_deps\fastgltf-src\docs\CMakeLists.txt", "CMake", 0, 0, -51, 0, 0, 0, 0, 0, 0, 0, 0, 0, 0, 0, 0, 0, 0, 0, -5, -13, -69
"\Users\brianpark\Desktop\Code\My Game\build\_deps\fastgltf-src\docs\_static\style.css", "PostCSS", 0, 0, 0, 0, 0, 0, 0, 0, 0, 0, 0, 0, 0, -3, 0, 0, 0, 0, 0, -1, -4
"\Users\brianpark\Desktop\Code\My Game\build\_deps\fastgltf-src\docs\_templates\layout.html", "HTML", 0, 0, 0, 0, 0, 0, 0, -4, 0, 0, 0, 0, 0, 0, 0, 0, 0, 0, 0, -1, -5
"\Users\brianpark\Desktop\Code\My Game\build\_deps\fastgltf-src\docs\api.rst", "reStructuredText", 0, 0, 0, 0, 0, 0, 0, 0, 0, 0, 0, 0, 0, 0, 0, 0, -186, 0, -79, -175, -440
"\Users\brianpark\Desktop\Code\My Game\build\_deps\fastgltf-src\docs\changelog.rst", "reStructuredText", 0, 0, 0, 0, 0, 0, 0, 0, 0, 0, 0, 0, 0, 0, 0, 0, -189, 0, -2, -24, -215
"\Users\brianpark\Desktop\Code\My Game\build\_deps\fastgltf-src\docs\guides.rst", "reStructuredText", 0, 0, 0, 0, 0, 0, 0, 0, 0, 0, 0, 0, 0, 0, 0, 0, -130, 0, -14, -60, -204
"\Users\brianpark\Desktop\Code\My Game\build\_deps\fastgltf-src\docs\index.rst", "reStructuredText", 0, 0, 0, 0, 0, 0, 0, 0, 0, 0, 0, 0, 0, 0, 0, 0, -26, 0, -1, -9, -36
"\Users\brianpark\Desktop\Code\My Game\build\_deps\fastgltf-src\docs\options.rst", "reStructuredText", 0, 0, 0, 0, 0, 0, 0, 0, 0, 0, 0, 0, 0, 0, 0, 0, -73, 0, -6, -45, -124
"\Users\brianpark\Desktop\Code\My Game\build\_deps\fastgltf-src\docs\overview.rst", "reStructuredText", 0, 0, 0, 0, 0, 0, 0, 0, 0, 0, 0, 0, 0, 0, 0, 0, -170, 0, -15, -55, -240
"\Users\brianpark\Desktop\Code\My Game\build\_deps\fastgltf-src\docs\requirements.txt", "pip requirements", 0, 0, 0, 0, 0, 0, 0, 0, 0, 0, 0, 0, 0, 0, 0, 0, 0, -3, 0, -1, -4
"\Users\brianpark\Desktop\Code\My Game\build\_deps\fastgltf-src\docs\tools.rst", "reStructuredText", 0, 0, 0, 0, 0, 0, 0, 0, 0, 0, 0, 0, 0, 0, 0, 0, -102, 0, -17, -56, -175
"\Users\brianpark\Desktop\Code\My Game\build\_deps\fastgltf-src\examples\CMakeLists.txt", "CMake", 0, 0, -2, 0, 0, 0, 0, 0, 0, 0, 0, 0, 0, 0, 0, 0, 0, 0, 0, -2, -4
"\Users\brianpark\Desktop\Code\My Game\build\_deps\fastgltf-src\examples\gl_viewer\CMakeLists.txt", "CMake", 0, 0, -5, 0, 0, 0, 0, 0, 0, 0, 0, 0, 0, 0, 0, 0, 0, 0, 0, -2, -7
"\Users\brianpark\Desktop\Code\My Game\build\_deps\fastgltf-src\examples\gl_viewer\README.md", "Markdown", 0, 0, 0, 0, 0, -2, 0, 0, 0, 0, 0, 0, 0, 0, 0, 0, 0, 0, 0, -2, -4
"\Users\brianpark\Desktop\Code\My Game\build\_deps\fastgltf-src\examples\gl_viewer\gl_viewer.cpp", "C++", -772, 0, 0, 0, 0, 0, 0, 0, 0, 0, 0, 0, 0, 0, 0, 0, 0, 0, -75, -161, -1008
"\Users\brianpark\Desktop\Code\My Game\build\_deps\fastgltf-src\include\fastgltf\base64.hpp", "C++", -45, 0, 0, 0, 0, 0, 0, 0, 0, 0, 0, 0, 0, 0, 0, 0, 0, 0, -35, -12, -92
"\Users\brianpark\Desktop\Code\My Game\build\_deps\fastgltf-src\include\fastgltf\core.hpp", "C++", -609, 0, 0, 0, 0, 0, 0, 0, 0, 0, 0, 0, 0, 0, 0, 0, 0, 0, -296, -174, -1079
"\Users\brianpark\Desktop\Code\My Game\build\_deps\fastgltf-src\include\fastgltf\dxmath_element_traits.hpp", "C++", -46, 0, 0, 0, 0, 0, 0, 0, 0, 0, 0, 0, 0, 0, 0, 0, 0, 0, -25, -25, -96
"\Users\brianpark\Desktop\Code\My Game\build\_deps\fastgltf-src\include\fastgltf\glm_element_traits.hpp", "C++", -51, 0, 0, 0, 0, 0, 0, 0, 0, 0, 0, 0, 0, 0, 0, 0, 0, 0, -27, -28, -106
"\Users\brianpark\Desktop\Code\My Game\build\_deps\fastgltf-src\include\fastgltf\math.hpp", "C++", -750, 0, 0, 0, 0, 0, 0, 0, 0, 0, 0, 0, 0, 0, 0, 0, 0, 0, -90, -112, -952
"\Users\brianpark\Desktop\Code\My Game\build\_deps\fastgltf-src\include\fastgltf\tools.hpp", "C++", -717, 0, 0, 0, 0, 0, 0, 0, 0, 0, 0, 0, 0, 0, 0, 0, 0, 0, -79, -145, -941
"\Users\brianpark\Desktop\Code\My Game\build\_deps\fastgltf-src\include\fastgltf\types.hpp", "C++", -1984, 0, 0, 0, 0, 0, 0, 0, 0, 0, 0, 0, 0, 0, 0, 0, 0, 0, -474, -462, -2920
"\Users\brianpark\Desktop\Code\My Game\build\_deps\fastgltf-src\include\fastgltf\util.hpp", "C++", -373, 0, 0, 0, 0, 0, 0, 0, 0, 0, 0, 0, 0, 0, 0, 0, 0, 0, -77, -49, -499
"\Users\brianpark\Desktop\Code\My Game\build\_deps\fastgltf-src\src\base64.cpp", "C++", -292, 0, 0, 0, 0, 0, 0, 0, 0, 0, 0, 0, 0, 0, 0, 0, 0, 0, -70, -80, -442
"\Users\brianpark\Desktop\Code\My Game\build\_deps\fastgltf-src\src\fastgltf.cpp", "C++", -6144, 0, 0, 0, 0, 0, 0, 0, 0, 0, 0, 0, 0, 0, 0, 0, 0, 0, -180, -939, -7263
"\Users\brianpark\Desktop\Code\My Game\build\_deps\fastgltf-src\src\fastgltf.ixx", "C++", -30, 0, 0, 0, 0, 0, 0, 0, 0, 0, 0, 0, 0, 0, 0, 0, 0, 0, -29, -9, -68
"\Users\brianpark\Desktop\Code\My Game\build\_deps\fastgltf-src\src\io.cpp", "C++", -355, 0, 0, 0, 0, 0, 0, 0, 0, 0, 0, 0, 0, 0, 0, 0, 0, 0, -48, -67, -470
"\Users\brianpark\Desktop\Code\My Game\build\_deps\fastgltf-src\tests\CMakeLists.txt", "CMake", 0, 0, -45, 0, 0, 0, 0, 0, 0, 0, 0, 0, 0, 0, 0, 0, 0, 0, -4, -10, -59
"\Users\brianpark\Desktop\Code\My Game\build\_deps\fastgltf-src\tests\README.md", "Markdown", 0, 0, 0, 0, 0, -40, 0, 0, 0, 0, 0, 0, 0, 0, 0, 0, 0, 0, 0, -13, -53
"\Users\brianpark\Desktop\Code\My Game\build\_deps\fastgltf-src\tests\accessor_tests.cpp", "C++", -270, 0, 0, 0, 0, 0, 0, 0, 0, 0, 0, 0, 0, 0, 0, 0, 0, 0, -8, -53, -331
"\Users\brianpark\Desktop\Code\My Game\build\_deps\fastgltf-src\tests\base64_tests.cpp", "C++", -88, 0, 0, 0, 0, 0, 0, 0, 0, 0, 0, 0, 0, 0, 0, 0, 0, 0, -4, -24, -116
"\Users\brianpark\Desktop\Code\My Game\build\_deps\fastgltf-src\tests\basic_test.cpp", "C++", -496, 0, 0, 0, 0, 0, 0, 0, 0, 0, 0, 0, 0, 0, 0, 0, 0, 0, -6, -115, -617
"\Users\brianpark\Desktop\Code\My Game\build\_deps\fastgltf-src\tests\benchmarks.cpp", "C++", -359, 0, 0, 0, 0, 0, 0, 0, 0, 0, 0, 0, 0, 0, 0, 0, 0, 0, -8, -63, -430
"\Users\brianpark\Desktop\Code\My Game\build\_deps\fastgltf-src\tests\extension_tests.cpp", "C++", -675, 0, 0, 0, 0, 0, 0, 0, 0, 0, 0, 0, 0, 0, 0, 0, 0, 0, -6, -144, -825
"\Users\brianpark\Desktop\Code\My Game\build\_deps\fastgltf-src\tests\glb_tests.cpp", "C++", -44, 0, 0, 0, 0, 0, 0, 0, 0, 0, 0, 0, 0, 0, 0, 0, 0, 0, 0, -13, -57
"\Users\brianpark\Desktop\Code\My Game\build\_deps\fastgltf-src\tests\gltf-rs\src\lib.rs", "Rust", 0, 0, 0, 0, 0, 0, 0, 0, 0, 0, 0, 0, 0, 0, 0, -43, 0, 0, -4, -8, -55
"\Users\brianpark\Desktop\Code\My Game\build\_deps\fastgltf-src\tests\gltf\basic_gltf.gltf", "JSON", 0, 0, 0, 0, -5, 0, 0, 0, 0, 0, 0, 0, 0, 0, 0, 0, 0, 0, 0, -1, -6
"\Users\brianpark\Desktop\Code\My Game\build\_deps\fastgltf-src\tests\gltf\empty_json.gltf", "JSON", 0, 0, 0, 0, -1, 0, 0, 0, 0, 0, 0, 0, 0, 0, 0, 0, 0, 0, 0, -1, -2
"\Users\brianpark\Desktop\Code\My Game\build\_deps\fastgltf-src\tests\gltf\godot_single_root_valid.gltf", "JSON", 0, 0, 0, 0, -24, 0, 0, 0, 0, 0, 0, 0, 0, 0, 0, 0, 0, 0, 0, 0, -24
"\Users\brianpark\Desktop\Code\My Game\build\_deps\fastgltf-src\tests\gltf\transform_matrices.gltf", "JSON", 0, 0, 0, 0, -40, 0, 0, 0, 0, 0, 0, 0, 0, 0, 0, 0, 0, 0, 0, -1, -41
"\Users\brianpark\Desktop\Code\My Game\build\_deps\fastgltf-src\tests\gltf_path.hpp", "C++", -7, 0, 0, 0, 0, 0, 0, 0, 0, 0, 0, 0, 0, 0, 0, 0, 0, 0, -2, -2, -11
"\Users\brianpark\Desktop\Code\My Game\build\_deps\fastgltf-src\tests\main.cpp", "C++", -22, 0, 0, 0, 0, 0, 0, 0, 0, 0, 0, 0, 0, 0, 0, 0, 0, 0, -2, -5, -29
"\Users\brianpark\Desktop\Code\My Game\build\_deps\fastgltf-src\tests\math_tests.cpp", "C++", -245, 0, 0, 0, 0, 0, 0, 0, 0, 0, 0, 0, 0, 0, 0, 0, 0, 0, -11, -41, -297
"\Users\brianpark\Desktop\Code\My Game\build\_deps\fastgltf-src\tests\optional_tests.cpp", "C++", -12, 0, 0, 0, 0, 0, 0, 0, 0, 0, 0, 0, 0, 0, 0, 0, 0, 0, -2, -5, -19
"\Users\brianpark\Desktop\Code\My Game\build\_deps\fastgltf-src\tests\uri_tests.cpp", "C++", -127, 0, 0, 0, 0, 0, 0, 0, 0, 0, 0, 0, 0, 0, 0, 0, 0, 0, -5, -27, -159
"\Users\brianpark\Desktop\Code\My Game\build\_deps\fastgltf-src\tests\util_tests.cpp", "C++", -34, 0, 0, 0, 0, 0, 0, 0, 0, 0, 0, 0, 0, 0, 0, 0, 0, 0, -4, -8, -46
"\Users\brianpark\Desktop\Code\My Game\build\_deps\fastgltf-src\tests\vector_tests.cpp", "C++", -106, 0, 0, 0, 0, 0, 0, 0, 0, 0, 0, 0, 0, 0, 0, 0, 0, 0, 0, -21, -127
"\Users\brianpark\Desktop\Code\My Game\build\_deps\fastgltf-src\tests\write_tests.cpp", "C++", -347, 0, 0, 0, 0, 0, 0, 0, 0, 0, 0, 0, 0, 0, 0, 0, 0, 0, -19, -87, -453
"\Users\brianpark\Desktop\Code\My Game\build\_deps\vma-build\cmake_install.cmake", "CMake", 0, 0, -33, 0, 0, 0, 0, 0, 0, 0, 0, 0, 0, 0, 0, 0, 0, 0, -6, -7, -46
"\Users\brianpark\Desktop\Code\My Game\build\_deps\vma-src\.github\workflows\linux.yaml", "YAML", 0, 0, 0, 0, 0, 0, 0, 0, 0, 0, 0, 0, -102, 0, 0, 0, 0, 0, 0, -11, -113
"\Users\brianpark\Desktop\Code\My Game\build\_deps\vma-src\.github\workflows\static_code_analysis.yaml", "YAML", 0, 0, 0, 0, 0, 0, 0, 0, 0, 0, 0, 0, -63, 0, 0, 0, 0, 0, 0, -13, -76
"\Users\brianpark\Desktop\Code\My Game\build\_deps\vma-src\.github\workflows\windows.yaml", "YAML", 0, 0, 0, 0, 0, 0, 0, 0, 0, 0, 0, 0, -61, 0, 0, 0, 0, 0, 0, -9, -70
"\Users\brianpark\Desktop\Code\My Game\build\_deps\vma-src\AGENTS.md", "Markdown", 0, 0, 0, 0, 0, -67, 0, 0, 0, 0, 0, 0, 0, 0, 0, 0, 0, 0, 0, -31, -98
"\Users\brianpark\Desktop\Code\My Game\build\_deps\vma-src\CHANGELOG.md", "Markdown", 0, 0, 0, 0, 0, -194, 0, 0, 0, 0, 0, 0, 0, 0, 0, 0, 0, 0, 0, -63, -257
"\Users\brianpark\Desktop\Code\My Game\build\_deps\vma-src\CMakeLists.txt", "CMake", 0, 0, -37, 0, 0, 0, 0, 0, 0, 0, 0, 0, 0, 0, 0, 0, 0, 0, -25, -11, -73
"\Users\brianpark\Desktop\Code\My Game\build\_deps\vma-src\README.md", "Markdown", 0, 0, 0, 0, 0, -144, 0, 0, 0, 0, 0, 0, 0, 0, 0, 0, 0, 0, 0, -48, -192
"\Users\brianpark\Desktop\Code\My Game\build\_deps\vma-src\docs\html\allocation_annotation.html", "HTML", 0, 0, 0, 0, 0, 0, 0, -147, 0, 0, 0, 0, 0, 0, 0, 0, 0, 0, -5, -3, -155
"\Users\brianpark\Desktop\Code\My Game\build\_deps\vma-src\docs\html\annotated.html", "HTML", 0, 0, 0, 0, 0, 0, 0, -133, 0, 0, 0, 0, 0, 0, 0, 0, 0, 0, -5, -3, -141
"\Users\brianpark\Desktop\Code\My Game\build\_deps\vma-src\docs\html\choosing_memory_type.html", "HTML", 0, 0, 0, 0, 0, 0, 0, -205, 0, 0, 0, 0, 0, 0, 0, 0, 0, 0, -5, -3, -213
"\Users\brianpark\Desktop\Code\My Game\build\_deps\vma-src\docs\html\classes.html", "HTML", 0, 0, 0, 0, 0, 0, 0, -110, 0, 0, 0, 0, 0, 0, 0, 0, 0, 0, -5, -3, -118
"\Users\brianpark\Desktop\Code\My Game\build\_deps\vma-src\docs\html\clipboard.js", "JavaScript", 0, 0, 0, 0, 0, 0, 0, 0, -29, 0, 0, 0, 0, 0, 0, 0, 0, 0, -30, -3, -62
"\Users\brianpark\Desktop\Code\My Game\build\_deps\vma-src\docs\html\codefolding.js", "JavaScript", 0, 0, 0, 0, 0, 0, 0, 0, -97, 0, 0, 0, 0, 0, 0, 0, 0, 0, -40, -7, -144
"\Users\brianpark\Desktop\Code\My Game\build\_deps\vma-src\docs\html\configuration.html", "HTML", 0, 0, 0, 0, 0, 0, 0, -136, 0, 0, 0, 0, 0, 0, 0, 0, 0, 0, -5, -3, -144
"\Users\brianpark\Desktop\Code\My Game\build\_deps\vma-src\docs\html\cookie.js", "JavaScript", 0, 0, 0, 0, 0, 0, 0, 0, -50, 0, 0, 0, 0, 0, 0, 0, 0, 0, -5, -4, -59
"\Users\brianpark\Desktop\Code\My Game\build\_deps\vma-src\docs\html\custom_memory_pools.html", "HTML", 0, 0, 0, 0, 0, 0, 0, -254, 0, 0, 0, 0, 0, 0, 0, 0, 0, 0, -5, -3, -262
"\Users\brianpark\Desktop\Code\My Game\build\_deps\vma-src\docs\html\debugging_memory_usage.html", "HTML", 0, 0, 0, 0, 0, 0, 0, -147, 0, 0, 0, 0, 0, 0, 0, 0, 0, 0, -5, -3, -155
"\Users\brianpark\Desktop\Code\My Game\build\_deps\vma-src\docs\html\defragmentation.html", "HTML", 0, 0, 0, 0, 0, 0, 0, -231, 0, 0, 0, 0, 0, 0, 0, 0, 0, 0, -5, -3, -239
"\Users\brianpark\Desktop\Code\My Game\build\_deps\vma-src\docs\html\deprecated.html", "HTML", 0, 0, 0, 0, 0, 0, 0, -121, 0, 0, 0, 0, 0, 0, 0, 0, 0, 0, -5, -3, -129
"\Users\brianpark\Desktop\Code\My Game\build\_deps\vma-src\docs\html\dir_d44c64559bbebec7f509842c48db8b23.html", "HTML", 0, 0, 0, 0, 0, 0, 0, -113, 0, 0, 0, 0, 0, 0, 0, 0, 0, 0, -5, -3, -121
"\Users\brianpark\Desktop\Code\My Game\build\_deps\vma-src\docs\html\doc.svg", "XML", 0, 0, 0, 0, 0, 0, 0, 0, 0, 0, 0, 0, 0, 0, -12, 0, 0, 0, 0, -1, -13
"\Users\brianpark\Desktop\Code\My Game\build\_deps\vma-src\docs\html\docd.svg", "XML", 0, 0, 0, 0, 0, 0, 0, 0, 0, 0, 0, 0, 0, 0, -12, 0, 0, 0, 0, -1, -13
"\Users\brianpark\Desktop\Code\My Game\build\_deps\vma-src\docs\html\doxygen.css", "PostCSS", 0, 0, 0, 0, 0, 0, 0, 0, 0, 0, 0, 0, 0, -2113, 0, 0, 0, 0, -51, -397, -2561
"\Users\brianpark\Desktop\Code\My Game\build\_deps\vma-src\docs\html\doxygen.svg", "XML", 0, 0, 0, 0, 0, 0, 0, 0, 0, 0, 0, 0, 0, 0, -28, 0, 0, 0, 0, -1, -29
"\Users\brianpark\Desktop\Code\My Game\build\_deps\vma-src\docs\html\doxygen_crawl.html", "HTML", 0, 0, 0, 0, 0, 0, 0, -463, 0, 0, 0, 0, 0, 0, 0, 0, 0, 0, 0, -1, -464
"\Users\brianpark\Desktop\Code\My Game\build\_deps\vma-src\docs\html\dynsections.js", "JavaScript", 0, 0, 0, 0, 0, 0, 0, 0, -128, 0, 0, 0, 0, 0, 0, 0, 0, 0, -48, -16, -192
"\Users\brianpark\Desktop\Code\My Game\build\_deps\vma-src\docs\html\enabling_buffer_device_address.html", "HTML", 0, 0, 0, 0, 0, 0, 0, -126, 0, 0, 0, 0, 0, 0, 0, 0, 0, 0, -5, -3, -134
"\Users\brianpark\Desktop\Code\My Game\build\_deps\vma-src\docs\html\faq.html", "HTML", 0, 0, 0, 0, 0, 0, 0, -182, 0, 0, 0, 0, 0, 0, 0, 0, 0, 0, -5, -3, -190
"\Users\brianpark\Desktop\Code\My Game\build\_deps\vma-src\docs\html\files.html", "HTML", 0, 0, 0, 0, 0, 0, 0, -110, 0, 0, 0, 0, 0, 0, 0, 0, 0, 0, -5, -3, -118
"\Users\brianpark\Desktop\Code\My Game\build\_deps\vma-src\docs\html\folderclosed.svg", "XML", 0, 0, 0, 0, 0, 0, 0, 0, 0, 0, 0, 0, 0, 0, -11, 0, 0, 0, 0, -1, -12
"\Users\brianpark\Desktop\Code\My Game\build\_deps\vma-src\docs\html\folderclosedd.svg", "XML", 0, 0, 0, 0, 0, 0, 0, 0, 0, 0, 0, 0, 0, 0, -11, 0, 0, 0, 0, -1, -12
"\Users\brianpark\Desktop\Code\My Game\build\_deps\vma-src\docs\html\folderopen.svg", "XML", 0, 0, 0, 0, 0, 0, 0, 0, 0, 0, 0, 0, 0, 0, -17, 0, 0, 0, 0, -1, -18
"\Users\brianpark\Desktop\Code\My Game\build\_deps\vma-src\docs\html\folderopend.svg", "XML", 0, 0, 0, 0, 0, 0, 0, 0, 0, 0, 0, 0, 0, 0, -12, 0, 0, 0, 0, -1, -13
"\Users\brianpark\Desktop\Code\My Game\build\_deps\vma-src\docs\html\functions.html", "HTML", 0, 0, 0, 0, 0, 0, 0, -217, 0, 0, 0, 0, 0, 0, 0, 0, 0, 0, -5, -29, -251
"\Users\brianpark\Desktop\Code\My Game\build\_deps\vma-src\docs\html\functions_vars.html", "HTML", 0, 0, 0, 0, 0, 0, 0, -217, 0, 0, 0, 0, 0, 0, 0, 0, 0, 0, -5, -29, -251
"\Users\brianpark\Desktop\Code\My Game\build\_deps\vma-src\docs\html\general_considerations.html", "HTML", 0, 0, 0, 0, 0, 0, 0, -162, 0, 0, 0, 0, 0, 0, 0, 0, 0, 0, -5, -3, -170
"\Users\brianpark\Desktop\Code\My Game\build\_deps\vma-src\docs\html\globals.html", "HTML", 0, 0, 0, 0, 0, 0, 0, -283, 0, 0, 0, 0, 0, 0, 0, 0, 0, 0, -5, -7, -295
"\Users\brianpark\Desktop\Code\My Game\build\_deps\vma-src\docs\html\globals_defs.html", "HTML", 0, 0, 0, 0, 0, 0, 0, -107, 0, 0, 0, 0, 0, 0, 0, 0, 0, 0, -5, -3, -115
"\Users\brianpark\Desktop\Code\My Game\build\_deps\vma-src\docs\html\globals_enum.html", "HTML", 0, 0, 0, 0, 0, 0, 0, -113, 0, 0, 0, 0, 0, 0, 0, 0, 0, 0, -5, -3, -121
"\Users\brianpark\Desktop\Code\My Game\build\_deps\vma-src\docs\html\globals_eval.html", "HTML", 0, 0, 0, 0, 0, 0, 0, -167, 0, 0, 0, 0, 0, 0, 0, 0, 0, 0, -5, -5, -177
"\Users\brianpark\Desktop\Code\My Game\build\_deps\vma-src\docs\html\globals_func.html", "HTML", 0, 0, 0, 0, 0, 0, 0, -181, 0, 0, 0, 0, 0, 0, 0, 0, 0, 0, -5, -5, -191
"\Users\brianpark\Desktop\Code\My Game\build\_deps\vma-src\docs\html\globals_type.html", "HTML", 0, 0, 0, 0, 0, 0, 0, -143, 0, 0, 0, 0, 0, 0, 0, 0, 0, 0, -5, -7, -155
"\Users\brianpark\Desktop\Code\My Game\build\_deps\vma-src\docs\html\group__group__alloc.html", "HTML", 0, 0, 0, 0, 0, 0, 0, -2651, 0, 0, 0, 0, 0, 0, 0, 0, 0, 0, -5, -218, -2874
"\Users\brianpark\Desktop\Code\My Game\build\_deps\vma-src\docs\html\group__group__init.html", "HTML", 0, 0, 0, 0, 0, 0, 0, -585, 0, 0, 0, 0, 0, 0, 0, 0, 0, 0, -5, -53, -643
"\Users\brianpark\Desktop\Code\My Game\build\_deps\vma-src\docs\html\group__group__stats.html", "HTML", 0, 0, 0, 0, 0, 0, 0, -440, 0, 0, 0, 0, 0, 0, 0, 0, 0, 0, -5, -38, -483
"\Users\brianpark\Desktop\Code\My Game\build\_deps\vma-src\docs\html\group__group__virtual.html", "HTML", 0, 0, 0, 0, 0, 0, 0, -562, 0, 0, 0, 0, 0, 0, 0, 0, 0, 0, -5, -61, -628
"\Users\brianpark\Desktop\Code\My Game\build\_deps\vma-src\docs\html\index.html", "HTML", 0, 0, 0, 0, 0, 0, 0, -208, 0, 0, 0, 0, 0, 0, 0, 0, 0, 0, -5, -3, -216
"\Users\brianpark\Desktop\Code\My Game\build\_deps\vma-src\docs\html\jquery.js", "JavaScript", 0, 0, 0, 0, 0, 0, 0, 0, -177, 0, 0, 0, 0, 0, 0, 0, 0, 0, -27, -1, -205
"\Users\brianpark\Desktop\Code\My Game\build\_deps\vma-src\docs\html\memory_mapping.html", "HTML", 0, 0, 0, 0, 0, 0, 0, -196, 0, 0, 0, 0, 0, 0, 0, 0, 0, 0, -5, -3, -204
"\Users\brianpark\Desktop\Code\My Game\build\_deps\vma-src\docs\html\menu.js", "JavaScript", 0, 0, 0, 0, 0, 0, 0, 0, -416, 0, 0, 0, 0, 0, 0, 0, 0, 0, -78, -76, -570
"\Users\brianpark\Desktop\Code\My Game\build\_deps\vma-src\docs\html\menudata.js", "JavaScript", 0, 0, 0, 0, 0, 0, 0, 0, -51, 0, 0, 0, 0, 0, 0, 0, 0, 0, -24, -1, -76
"\Users\brianpark\Desktop\Code\My Game\build\_deps\vma-src\docs\html\minus.svg", "XML", 0, 0, 0, 0, 0, 0, 0, 0, 0, 0, 0, 0, 0, 0, -8, 0, 0, 0, 0, -1, -9
"\Users\brianpark\Desktop\Code\My Game\build\_deps\vma-src\docs\html\minusd.svg", "XML", 0, 0, 0, 0, 0, 0, 0, 0, 0, 0, 0, 0, 0, 0, -8, 0, 0, 0, 0, -1, -9
"\Users\brianpark\Desktop\Code\My Game\build\_deps\vma-src\docs\html\navtree.css", "PostCSS", 0, 0, 0, 0, 0, 0, 0, 0, 0, 0, 0, 0, 0, -279, 0, 0, 0, 0, -2, -47, -328
"\Users\brianpark\Desktop\Code\My Game\build\_deps\vma-src\docs\html\other_api_interop.html", "HTML", 0, 0, 0, 0, 0, 0, 0, -264, 0, 0, 0, 0, 0, 0, 0, 0, 0, 0, -5, -3, -272
"\Users\brianpark\Desktop\Code\My Game\build\_deps\vma-src\docs\html\pages.html", "HTML", 0, 0, 0, 0, 0, 0, 0, -109, 0, 0, 0, 0, 0, 0, 0, 0, 0, 0, -5, -3, -117
"\Users\brianpark\Desktop\Code\My Game\build\_deps\vma-src\docs\html\plus.svg", "XML", 0, 0, 0, 0, 0, 0, 0, 0, 0, 0, 0, 0, 0, 0, -9, 0, 0, 0, 0, -1, -10
"\Users\brianpark\Desktop\Code\My Game\build\_deps\vma-src\docs\html\plusd.svg", "XML", 0, 0, 0, 0, 0, 0, 0, 0, 0, 0, 0, 0, 0, 0, -9, 0, 0, 0, 0, -1, -10
"\Users\brianpark\Desktop\Code\My Game\build\_deps\vma-src\docs\html\quick_start.html", "HTML", 0, 0, 0, 0, 0, 0, 0, -259, 0, 0, 0, 0, 0, 0, 0, 0, 0, 0, -5, -3, -267
"\Users\brianpark\Desktop\Code\My Game\build\_deps\vma-src\docs\html\resize.js", "JavaScript", 0, 0, 0, 0, 0, 0, 0, 0, -96, 0, 0, 0, 0, 0, 0, 0, 0, 0, -45, -7, -148
"\Users\brianpark\Desktop\Code\My Game\build\_deps\vma-src\docs\html\resource_aliasing.html", "HTML", 0, 0, 0, 0, 0, 0, 0, -191, 0, 0, 0, 0, 0, 0, 0, 0, 0, 0, -5, -3, -199
"\Users\brianpark\Desktop\Code\My Game\build\_deps\vma-src\docs\html\search\all_0.js", "JavaScript", 0, 0, 0, 0, 0, 0, 0, 0, -36, 0, 0, 0, 0, 0, 0, 0, 0, 0, 0, -1, -37
"\Users\brianpark\Desktop\Code\My Game\build\_deps\vma-src\docs\html\search\all_1.js", "JavaScript", 0, 0, 0, 0, 0, 0, 0, 0, -12, 0, 0, 0, 0, 0, 0, 0, 0, 0, 0, -1, -13
"\Users\brianpark\Desktop\Code\My Game\build\_deps\vma-src\docs\html\search\all_10.js", "JavaScript", 0, 0, 0, 0, 0, 0, 0, 0, -11, 0, 0, 0, 0, 0, 0, 0, 0, 0, 0, -1, -12
"\Users\brianpark\Desktop\Code\My Game\build\_deps\vma-src\docs\html\search\all_11.js", "JavaScript", 0, 0, 0, 0, 0, 0, 0, 0, -16, 0, 0, 0, 0, 0, 0, 0, 0, 0, 0, -1, -17
"\Users\brianpark\Desktop\Code\My Game\build\_deps\vma-src\docs\html\search\all_12.js", "JavaScript", 0, 0, 0, 0, 0, 0, 0, 0, -10, 0, 0, 0, 0, 0, 0, 0, 0, 0, 0, -1, -11
"\Users\brianpark\Desktop\Code\My Game\build\_deps\vma-src\docs\html\search\all_13.js", "JavaScript", 0, 0, 0, 0, 0, 0, 0, 0, -15, 0, 0, 0, 0, 0, 0, 0, 0, 0, 0, -1, -16
"\Users\brianpark\Desktop\Code\My Game\build\_deps\vma-src\docs\html\search\all_14.js", "JavaScript", 0, 0, 0, 0, 0, 0, 0, 0, -222, 0, 0, 0, 0, 0, 0, 0, 0, 0, 0, -1, -223
"\Users\brianpark\Desktop\Code\My Game\build\_deps\vma-src\docs\html\search\all_15.js", "JavaScript", 0, 0, 0, 0, 0, 0, 0, 0, -8, 0, 0, 0, 0, 0, 0, 0, 0, 0, 0, -1, -9
"\Users\brianpark\Desktop\Code\My Game\build\_deps\vma-src\docs\html\search\all_2.js", "JavaScript", 0, 0, 0, 0, 0, 0, 0, 0, -21, 0, 0, 0, 0, 0, 0, 0, 0, 0, 0, -1, -22
"\Users\brianpark\Desktop\Code\My Game\build\_deps\vma-src\docs\html\search\all_3.js", "JavaScript", 0, 0, 0, 0, 0, 0, 0, 0, -22, 0, 0, 0, 0, 0, 0, 0, 0, 0, 0, -1, -23
"\Users\brianpark\Desktop\Code\My Game\build\_deps\vma-src\docs\html\search\all_4.js", "JavaScript", 0, 0, 0, 0, 0, 0, 0, 0, -10, 0, 0, 0, 0, 0, 0, 0, 0, 0, 0, -1, -11
"\Users\brianpark\Desktop\Code\My Game\build\_deps\vma-src\docs\html\search\all_5.js", "JavaScript", 0, 0, 0, 0, 0, 0, 0, 0, -12, 0, 0, 0, 0, 0, 0, 0, 0, 0, 0, -1, -13
"\Users\brianpark\Desktop\Code\My Game\build\_deps\vma-src\docs\html\search\all_6.js", "JavaScript", 0, 0, 0, 0, 0, 0, 0, 0, -6, 0, 0, 0, 0, 0, 0, 0, 0, 0, 0, -1, -7
"\Users\brianpark\Desktop\Code\My Game\build\_deps\vma-src\docs\html\search\all_7.js", "JavaScript", 0, 0, 0, 0, 0, 0, 0, 0, -6, 0, 0, 0, 0, 0, 0, 0, 0, 0, 0, -1, -7
"\Users\brianpark\Desktop\Code\My Game\build\_deps\vma-src\docs\html\search\all_8.js", "JavaScript", 0, 0, 0, 0, 0, 0, 0, 0, -13, 0, 0, 0, 0, 0, 0, 0, 0, 0, 0, -1, -14
"\Users\brianpark\Desktop\Code\My Game\build\_deps\vma-src\docs\html\search\all_9.js", "JavaScript", 0, 0, 0, 0, 0, 0, 0, 0, -4, 0, 0, 0, 0, 0, 0, 0, 0, 0, 0, -1, -5
"\Users\brianpark\Desktop\Code\My Game\build\_deps\vma-src\docs\html\search\all_a.js", "JavaScript", 0, 0, 0, 0, 0, 0, 0, 0, -9, 0, 0, 0, 0, 0, 0, 0, 0, 0, 0, -1, -10
"\Users\brianpark\Desktop\Code\My Game\build\_deps\vma-src\docs\html\search\all_b.js", "JavaScript", 0, 0, 0, 0, 0, 0, 0, 0, -33, 0, 0, 0, 0, 0, 0, 0, 0, 0, 0, -1, -34
"\Users\brianpark\Desktop\Code\My Game\build\_deps\vma-src\docs\html\search\all_c.js", "JavaScript", 0, 0, 0, 0, 0, 0, 0, 0, -8, 0, 0, 0, 0, 0, 0, 0, 0, 0, 0, -1, -9
"\Users\brianpark\Desktop\Code\My Game\build\_deps\vma-src\docs\html\search\all_d.js", "JavaScript", 0, 0, 0, 0, 0, 0, 0, 0, -12, 0, 0, 0, 0, 0, 0, 0, 0, 0, 0, -1, -13
"\Users\brianpark\Desktop\Code\My Game\build\_deps\vma-src\docs\html\search\all_e.js", "JavaScript", 0, 0, 0, 0, 0, 0, 0, 0, -33, 0, 0, 0, 0, 0, 0, 0, 0, 0, 0, -1, -34
"\Users\brianpark\Desktop\Code\My Game\build\_deps\vma-src\docs\html\search\all_f.js", "JavaScript", 0, 0, 0, 0, 0, 0, 0, 0, -6, 0, 0, 0, 0, 0, 0, 0, 0, 0, 0, -1, -7
"\Users\brianpark\Desktop\Code\My Game\build\_deps\vma-src\docs\html\search\classes_0.js", "JavaScript", 0, 0, 0, 0, 0, 0, 0, 0, -28, 0, 0, 0, 0, 0, 0, 0, 0, 0, 0, -1, -29
"\Users\brianpark\Desktop\Code\My Game\build\_deps\vma-src\docs\html\search\close.svg", "XML", 0, 0, 0, 0, 0, 0, 0, 0, 0, 0, 0, 0, 0, 0, -18, 0, 0, 0, 0, -1, -19
"\Users\brianpark\Desktop\Code\My Game\build\_deps\vma-src\docs\html\search\defines_0.js", "JavaScript", 0, 0, 0, 0, 0, 0, 0, 0, -5, 0, 0, 0, 0, 0, 0, 0, 0, 0, 0, -1, -6
"\Users\brianpark\Desktop\Code\My Game\build\_deps\vma-src\docs\html\search\enums_0.js", "JavaScript", 0, 0, 0, 0, 0, 0, 0, 0, -11, 0, 0, 0, 0, 0, 0, 0, 0, 0, 0, -1, -12
"\Users\brianpark\Desktop\Code\My Game\build\_deps\vma-src\docs\html\search\enumvalues_0.js", "JavaScript", 0, 0, 0, 0, 0, 0, 0, 0, -65, 0, 0, 0, 0, 0, 0, 0, 0, 0, 0, -1, -66
"\Users\brianpark\Desktop\Code\My Game\build\_deps\vma-src\docs\html\search\files_0.js", "JavaScript", 0, 0, 0, 0, 0, 0, 0, 0, -4, 0, 0, 0, 0, 0, 0, 0, 0, 0, 0, -1, -5
"\Users\brianpark\Desktop\Code\My Game\build\_deps\vma-src\docs\html\search\functions_0.js", "JavaScript", 0, 0, 0, 0, 0, 0, 0, 0, -79, 0, 0, 0, 0, 0, 0, 0, 0, 0, 0, -1, -80
"\Users\brianpark\Desktop\Code\My Game\build\_deps\vma-src\docs\html\search\groups_0.js", "JavaScript", 0, 0, 0, 0, 0, 0, 0, 0, -5, 0, 0, 0, 0, 0, 0, 0, 0, 0, 0, -1, -6
"\Users\brianpark\Desktop\Code\My Game\build\_deps\vma-src\docs\html\search\groups_1.js", "JavaScript", 0, 0, 0, 0, 0, 0, 0, 0, -4, 0, 0, 0, 0, 0, 0, 0, 0, 0, 0, -1, -5
"\Users\brianpark\Desktop\Code\My Game\build\_deps\vma-src\docs\html\search\groups_2.js", "JavaScript", 0, 0, 0, 0, 0, 0, 0, 0, -4, 0, 0, 0, 0, 0, 0, 0, 0, 0, 0, -1, -5
"\Users\brianpark\Desktop\Code\My Game\build\_deps\vma-src\docs\html\search\groups_3.js", "JavaScript", 0, 0, 0, 0, 0, 0, 0, 0, -4, 0, 0, 0, 0, 0, 0, 0, 0, 0, 0, -1, -5
"\Users\brianpark\Desktop\Code\My Game\build\_deps\vma-src\docs\html\search\groups_4.js", "JavaScript", 0, 0, 0, 0, 0, 0, 0, 0, -4, 0, 0, 0, 0, 0, 0, 0, 0, 0, 0, -1, -5
"\Users\brianpark\Desktop\Code\My Game\build\_deps\vma-src\docs\html\search\groups_5.js", "JavaScript", 0, 0, 0, 0, 0, 0, 0, 0, -4, 0, 0, 0, 0, 0, 0, 0, 0, 0, 0, -1, -5
"\Users\brianpark\Desktop\Code\My Game\build\_deps\vma-src\docs\html\search\mag.svg", "XML", 0, 0, 0, 0, 0, 0, 0, 0, 0, 0, 0, 0, 0, 0, -24, 0, 0, 0, 0, -1, -25
"\Users\brianpark\Desktop\Code\My Game\build\_deps\vma-src\docs\html\search\mag_d.svg", "XML", 0, 0, 0, 0, 0, 0, 0, 0, 0, 0, 0, 0, 0, 0, -24, 0, 0, 0, 0, -1, -25
"\Users\brianpark\Desktop\Code\My Game\build\_deps\vma-src\docs\html\search\mag_sel.svg", "XML", 0, 0, 0, 0, 0, 0, 0, 0, 0, 0, 0, 0, 0, 0, -30, 0, 0, 0, -1, -1, -32
"\Users\brianpark\Desktop\Code\My Game\build\_deps\vma-src\docs\html\search\mag_seld.svg", "XML", 0, 0, 0, 0, 0, 0, 0, 0, 0, 0, 0, 0, 0, 0, -30, 0, 0, 0, -1, -1, -32
"\Users\brianpark\Desktop\Code\My Game\build\_deps\vma-src\docs\html\search\pages_0.js", "JavaScript", 0, 0, 0, 0, 0, 0, 0, 0, -30, 0, 0, 0, 0, 0, 0, 0, 0, 0, 0, -1, -31
"\Users\brianpark\Desktop\Code\My Game\build\_deps\vma-src\docs\html\search\pages_1.js", "JavaScript", 0, 0, 0, 0, 0, 0, 0, 0, -7, 0, 0, 0, 0, 0, 0, 0, 0, 0, 0, -1, -8
"\Users\brianpark\Desktop\Code\My Game\build\_deps\vma-src\docs\html\search\pages_10.js", "JavaScript", 0, 0, 0, 0, 0, 0, 0, 0, -10, 0, 0, 0, 0, 0, 0, 0, 0, 0, 0, -1, -11
"\Users\brianpark\Desktop\Code\My Game\build\_deps\vma-src\docs\html\search\pages_11.js", "JavaScript", 0, 0, 0, 0, 0, 0, 0, 0, -14, 0, 0, 0, 0, 0, 0, 0, 0, 0, 0, -1, -15
"\Users\brianpark\Desktop\Code\My Game\build\_deps\vma-src\docs\html\search\pages_12.js", "JavaScript", 0, 0, 0, 0, 0, 0, 0, 0, -9, 0, 0, 0, 0, 0, 0, 0, 0, 0, 0, -1, -10
"\Users\brianpark\Desktop\Code\My Game\build\_deps\vma-src\docs\html\search\pages_13.js", "JavaScript", 0, 0, 0, 0, 0, 0, 0, 0, -12, 0, 0, 0, 0, 0, 0, 0, 0, 0, 0, -1, -13
"\Users\brianpark\Desktop\Code\My Game\build\_deps\vma-src\docs\html\search\pages_14.js", "JavaScript", 0, 0, 0, 0, 0, 0, 0, 0, -15, 0, 0, 0, 0, 0, 0, 0, 0, 0, 0, -1, -16
"\Users\brianpark\Desktop\Code\My Game\build\_deps\vma-src\docs\html\search\pages_15.js", "JavaScript", 0, 0, 0, 0, 0, 0, 0, 0, -8, 0, 0, 0, 0, 0, 0, 0, 0, 0, 0, -1, -9
"\Users\brianpark\Desktop\Code\My Game\build\_deps\vma-src\docs\html\search\pages_2.js", "JavaScript", 0, 0, 0, 0, 0, 0, 0, 0, -21, 0, 0, 0, 0, 0, 0, 0, 0, 0, 0, -1, -22
"\Users\brianpark\Desktop\Code\My Game\build\_deps\vma-src\docs\html\search\pages_3.js", "JavaScript", 0, 0, 0, 0, 0, 0, 0, 0, -17, 0, 0, 0, 0, 0, 0, 0, 0, 0, 0, -1, -18
"\Users\brianpark\Desktop\Code\My Game\build\_deps\vma-src\docs\html\search\pages_4.js", "JavaScript", 0, 0, 0, 0, 0, 0, 0, 0, -10, 0, 0, 0, 0, 0, 0, 0, 0, 0, 0, -1, -11
"\Users\brianpark\Desktop\Code\My Game\build\_deps\vma-src\docs\html\search\pages_5.js", "JavaScript", 0, 0, 0, 0, 0, 0, 0, 0, -12, 0, 0, 0, 0, 0, 0, 0, 0, 0, 0, -1, -13
"\Users\brianpark\Desktop\Code\My Game\build\_deps\vma-src\docs\html\search\pages_6.js", "JavaScript", 0, 0, 0, 0, 0, 0, 0, 0, -6, 0, 0, 0, 0, 0, 0, 0, 0, 0, 0, -1, -7
"\Users\brianpark\Desktop\Code\My Game\build\_deps\vma-src\docs\html\search\pages_7.js", "JavaScript", 0, 0, 0, 0, 0, 0, 0, 0, -6, 0, 0, 0, 0, 0, 0, 0, 0, 0, 0, -1, -7
"\Users\brianpark\Desktop\Code\My Game\build\_deps\vma-src\docs\html\search\pages_8.js", "JavaScript", 0, 0, 0, 0, 0, 0, 0, 0, -12, 0, 0, 0, 0, 0, 0, 0, 0, 0, 0, -1, -13
"\Users\brianpark\Desktop\Code\My Game\build\_deps\vma-src\docs\html\search\pages_9.js", "JavaScript", 0, 0, 0, 0, 0, 0, 0, 0, -4, 0, 0, 0, 0, 0, 0, 0, 0, 0, 0, -1, -5
"\Users\brianpark\Desktop\Code\My Game\build\_deps\vma-src\docs\html\search\pages_a.js", "JavaScript", 0, 0, 0, 0, 0, 0, 0, 0, -8, 0, 0, 0, 0, 0, 0, 0, 0, 0, 0, -1, -9
"\Users\brianpark\Desktop\Code\My Game\build\_deps\vma-src\docs\html\search\pages_b.js", "JavaScript", 0, 0, 0, 0, 0, 0, 0, 0, -22, 0, 0, 0, 0, 0, 0, 0, 0, 0, 0, -1, -23
"\Users\brianpark\Desktop\Code\My Game\build\_deps\vma-src\docs\html\search\pages_c.js", "JavaScript", 0, 0, 0, 0, 0, 0, 0, 0, -8, 0, 0, 0, 0, 0, 0, 0, 0, 0, 0, -1, -9
"\Users\brianpark\Desktop\Code\My Game\build\_deps\vma-src\docs\html\search\pages_d.js", "JavaScript", 0, 0, 0, 0, 0, 0, 0, 0, -10, 0, 0, 0, 0, 0, 0, 0, 0, 0, 0, -1, -11
"\Users\brianpark\Desktop\Code\My Game\build\_deps\vma-src\docs\html\search\pages_e.js", "JavaScript", 0, 0, 0, 0, 0, 0, 0, 0, -11, 0, 0, 0, 0, 0, 0, 0, 0, 0, 0, -1, -12
"\Users\brianpark\Desktop\Code\My Game\build\_deps\vma-src\docs\html\search\pages_f.js", "JavaScript", 0, 0, 0, 0, 0, 0, 0, 0, -6, 0, 0, 0, 0, 0, 0, 0, 0, 0, 0, -1, -7
"\Users\brianpark\Desktop\Code\My Game\build\_deps\vma-src\docs\html\search\search.css", "PostCSS", 0, 0, 0, 0, 0, 0, 0, 0, 0, 0, 0, 0, 0, -304, 0, 0, 0, 0, -9, -65, -378
"\Users\brianpark\Desktop\Code\My Game\build\_deps\vma-src\docs\html\search\search.js", "JavaScript", 0, 0, 0, 0, 0, 0, 0, 0, -580, 0, 0, 0, 0, 0, 0, 0, 0, 0, -60, -69, -709
"\Users\brianpark\Desktop\Code\My Game\build\_deps\vma-src\docs\html\search\searchdata.js", "JavaScript", 0, 0, 0, 0, 0, 0, 0, 0, -42, 0, 0, 0, 0, 0, 0, 0, 0, 0, 0, -4, -46
"\Users\brianpark\Desktop\Code\My Game\build\_deps\vma-src\docs\html\search\typedefs_0.js", "JavaScript", 0, 0, 0, 0, 0, 0, 0, 0, -6, 0, 0, 0, 0, 0, 0, 0, 0, 0, 0, -1, -7
"\Users\brianpark\Desktop\Code\My Game\build\_deps\vma-src\docs\html\search\typedefs_1.js", "JavaScript", 0, 0, 0, 0, 0, 0, 0, 0, -36, 0, 0, 0, 0, 0, 0, 0, 0, 0, 0, -1, -37
"\Users\brianpark\Desktop\Code\My Game\build\_deps\vma-src\docs\html\search\variables_0.js", "JavaScript", 0, 0, 0, 0, 0, 0, 0, 0, -10, 0, 0, 0, 0, 0, 0, 0, 0, 0, 0, -1, -11
"\Users\brianpark\Desktop\Code\My Game\build\_deps\vma-src\docs\html\search\variables_1.js", "JavaScript", 0, 0, 0, 0, 0, 0, 0, 0, -9, 0, 0, 0, 0, 0, 0, 0, 0, 0, 0, -1, -10
"\Users\brianpark\Desktop\Code\My Game\build\_deps\vma-src\docs\html\search\variables_2.js", "JavaScript", 0, 0, 0, 0, 0, 0, 0, 0, -8, 0, 0, 0, 0, 0, 0, 0, 0, 0, 0, -1, -9
"\Users\brianpark\Desktop\Code\My Game\build\_deps\vma-src\docs\html\search\variables_3.js", "JavaScript", 0, 0, 0, 0, 0, 0, 0, 0, -4, 0, 0, 0, 0, 0, 0, 0, 0, 0, 0, -1, -5
"\Users\brianpark\Desktop\Code\My Game\build\_deps\vma-src\docs\html\search\variables_4.js", "JavaScript", 0, 0, 0, 0, 0, 0, 0, 0, -4, 0, 0, 0, 0, 0, 0, 0, 0, 0, 0, -1, -5
"\Users\brianpark\Desktop\Code\My Game\build\_deps\vma-src\docs\html\search\variables_5.js", "JavaScript", 0, 0, 0, 0, 0, 0, 0, 0, -14, 0, 0, 0, 0, 0, 0, 0, 0, 0, 0, -1, -15
"\Users\brianpark\Desktop\Code\My Game\build\_deps\vma-src\docs\html\search\variables_6.js", "JavaScript", 0, 0, 0, 0, 0, 0, 0, 0, -5, 0, 0, 0, 0, 0, 0, 0, 0, 0, 0, -1, -6
"\Users\brianpark\Desktop\Code\My Game\build\_deps\vma-src\docs\html\search\variables_7.js", "JavaScript", 0, 0, 0, 0, 0, 0, 0, 0, -22, 0, 0, 0, 0, 0, 0, 0, 0, 0, 0, -1, -23
"\Users\brianpark\Desktop\Code\My Game\build\_deps\vma-src\docs\html\search\variables_8.js", "JavaScript", 0, 0, 0, 0, 0, 0, 0, 0, -4, 0, 0, 0, 0, 0, 0, 0, 0, 0, 0, -1, -5
"\Users\brianpark\Desktop\Code\My Game\build\_deps\vma-src\docs\html\search\variables_9.js", "JavaScript", 0, 0, 0, 0, 0, 0, 0, 0, -6, 0, 0, 0, 0, 0, 0, 0, 0, 0, 0, -1, -7
"\Users\brianpark\Desktop\Code\My Game\build\_deps\vma-src\docs\html\search\variables_a.js", "JavaScript", 0, 0, 0, 0, 0, 0, 0, 0, -4, 0, 0, 0, 0, 0, 0, 0, 0, 0, 0, -1, -5
"\Users\brianpark\Desktop\Code\My Game\build\_deps\vma-src\docs\html\search\variables_b.js", "JavaScript", 0, 0, 0, 0, 0, 0, 0, 0, -7, 0, 0, 0, 0, 0, 0, 0, 0, 0, 0, -1, -8
"\Users\brianpark\Desktop\Code\My Game\build\_deps\vma-src\docs\html\search\variables_c.js", "JavaScript", 0, 0, 0, 0, 0, 0, 0, 0, -30, 0, 0, 0, 0, 0, 0, 0, 0, 0, 0, -1, -31
"\Users\brianpark\Desktop\Code\My Game\build\_deps\vma-src\docs\html\statistics.html", "HTML", 0, 0, 0, 0, 0, 0, 0, -136, 0, 0, 0, 0, 0, 0, 0, 0, 0, 0, -5, -3, -144
"\Users\brianpark\Desktop\Code\My Game\build\_deps\vma-src\docs\html\staying_within_budget.html", "HTML", 0, 0, 0, 0, 0, 0, 0, -135, 0, 0, 0, 0, 0, 0, 0, 0, 0, 0, -5, -3, -143
"\Users\brianpark\Desktop\Code\My Game\build\_deps\vma-src\docs\html\struct_vma_allocation.html", "HTML", 0, 0, 0, 0, 0, 0, 0, -115, 0, 0, 0, 0, 0, 0, 0, 0, 0, 0, -5, -4, -124
"\Users\brianpark\Desktop\Code\My Game\build\_deps\vma-src\docs\html\struct_vma_allocation_create_info-members.html", "HTML", 0, 0, 0, 0, 0, 0, 0, -115, 0, 0, 0, 0, 0, 0, 0, 0, 0, 0, -5, -4, -124
"\Users\brianpark\Desktop\Code\My Game\build\_deps\vma-src\docs\html\struct_vma_allocation_create_info.html", "HTML", 0, 0, 0, 0, 0, 0, 0, -268, 0, 0, 0, 0, 0, 0, 0, 0, 0, 0, -5, -31, -304
"\Users\brianpark\Desktop\Code\My Game\build\_deps\vma-src\docs\html\struct_vma_allocation_info-members.html", "HTML", 0, 0, 0, 0, 0, 0, 0, -113, 0, 0, 0, 0, 0, 0, 0, 0, 0, 0, -5, -4, -122
"\Users\brianpark\Desktop\Code\My Game\build\_deps\vma-src\docs\html\struct_vma_allocation_info.html", "HTML", 0, 0, 0, 0, 0, 0, 0, -235, 0, 0, 0, 0, 0, 0, 0, 0, 0, 0, -5, -24, -264
"\Users\brianpark\Desktop\Code\My Game\build\_deps\vma-src\docs\html\struct_vma_allocation_info2-members.html", "HTML", 0, 0, 0, 0, 0, 0, 0, -109, 0, 0, 0, 0, 0, 0, 0, 0, 0, 0, -5, -4, -118
"\Users\brianpark\Desktop\Code\My Game\build\_deps\vma-src\docs\html\struct_vma_allocation_info2.html", "HTML", 0, 0, 0, 0, 0, 0, 0, -167, 0, 0, 0, 0, 0, 0, 0, 0, 0, 0, -5, -13, -185
"\Users\brianpark\Desktop\Code\My Game\build\_deps\vma-src\docs\html\struct_vma_allocator.html", "HTML", 0, 0, 0, 0, 0, 0, 0, -113, 0, 0, 0, 0, 0, 0, 0, 0, 0, 0, -5, -4, -122
"\Users\brianpark\Desktop\Code\My Game\build\_deps\vma-src\docs\html\struct_vma_allocator_create_info-members.html", "HTML", 0, 0, 0, 0, 0, 0, 0, -117, 0, 0, 0, 0, 0, 0, 0, 0, 0, 0, -5, -4, -126
"\Users\brianpark\Desktop\Code\My Game\build\_deps\vma-src\docs\html\struct_vma_allocator_create_info.html", "HTML", 0, 0, 0, 0, 0, 0, 0, -302, 0, 0, 0, 0, 0, 0, 0, 0, 0, 0, -5, -37, -344
"\Users\brianpark\Desktop\Code\My Game\build\_deps\vma-src\docs\html\struct_vma_allocator_info-members.html", "HTML", 0, 0, 0, 0, 0, 0, 0, -109, 0, 0, 0, 0, 0, 0, 0, 0, 0, 0, -5, -4, -118
"\Users\brianpark\Desktop\Code\My Game\build\_deps\vma-src\docs\html\struct_vma_allocator_info.html", "HTML", 0, 0, 0, 0, 0, 0, 0, -167, 0, 0, 0, 0, 0, 0, 0, 0, 0, 0, -5, -13, -185
"\Users\brianpark\Desktop\Code\My Game\build\_deps\vma-src\docs\html\struct_vma_budget-members.html", "HTML", 0, 0, 0, 0, 0, 0, 0, -109, 0, 0, 0, 0, 0, 0, 0, 0, 0, 0, -5, -4, -118
"\Users\brianpark\Desktop\Code\My Game\build\_deps\vma-src\docs\html\struct_vma_budget.html", "HTML", 0, 0, 0, 0, 0, 0, 0, -169, 0, 0, 0, 0, 0, 0, 0, 0, 0, 0, -5, -13, -187
"\Users\brianpark\Desktop\Code\My Game\build\_deps\vma-src\docs\html\struct_vma_defragmentation_context.html", "HTML", 0, 0, 0, 0, 0, 0, 0, -112, 0, 0, 0, 0, 0, 0, 0, 0, 0, 0, -5, -4, -121
"\Users\brianpark\Desktop\Code\My Game\build\_deps\vma-src\docs\html\struct_vma_defragmentation_info-members.html", "HTML", 0, 0, 0, 0, 0, 0, 0, -112, 0, 0, 0, 0, 0, 0, 0, 0, 0, 0, -5, -4, -121
"\Users\brianpark\Desktop\Code\My Game\build\_deps\vma-src\docs\html\struct_vma_defragmentation_info.html", "HTML", 0, 0, 0, 0, 0, 0, 0, -214, 0, 0, 0, 0, 0, 0, 0, 0, 0, 0, -5, -22, -241
"\Users\brianpark\Desktop\Code\My Game\build\_deps\vma-src\docs\html\struct_vma_defragmentation_move-members.html", "HTML", 0, 0, 0, 0, 0, 0, 0, -109, 0, 0, 0, 0, 0, 0, 0, 0, 0, 0, -5, -4, -118
"\Users\brianpark\Desktop\Code\My Game\build\_deps\vma-src\docs\html\struct_vma_defragmentation_move.html", "HTML", 0, 0, 0, 0, 0, 0, 0, -165, 0, 0, 0, 0, 0, 0, 0, 0, 0, 0, -5, -13, -183
"\Users\brianpark\Desktop\Code\My Game\build\_deps\vma-src\docs\html\struct_vma_defragmentation_pass_move_info-members.html", "HTML", 0, 0, 0, 0, 0, 0, 0, -108, 0, 0, 0, 0, 0, 0, 0, 0, 0, 0, -5, -4, -117
"\Users\brianpark\Desktop\Code\My Game\build\_deps\vma-src\docs\html\struct_vma_defragmentation_pass_move_info.html", "HTML", 0, 0, 0, 0, 0, 0, 0, -166, 0, 0, 0, 0, 0, 0, 0, 0, 0, 0, -5, -10, -181
"\Users\brianpark\Desktop\Code\My Game\build\_deps\vma-src\docs\html\struct_vma_defragmentation_stats-members.html", "HTML", 0, 0, 0, 0, 0, 0, 0, -110, 0, 0, 0, 0, 0, 0, 0, 0, 0, 0, -5, -4, -119
"\Users\brianpark\Desktop\Code\My Game\build\_deps\vma-src\docs\html\struct_vma_defragmentation_stats.html", "HTML", 0, 0, 0, 0, 0, 0, 0, -179, 0, 0, 0, 0, 0, 0, 0, 0, 0, 0, -5, -16, -200
"\Users\brianpark\Desktop\Code\My Game\build\_deps\vma-src\docs\html\struct_vma_detailed_statistics-members.html", "HTML", 0, 0, 0, 0, 0, 0, 0, -112, 0, 0, 0, 0, 0, 0, 0, 0, 0, 0, -5, -4, -121
"\Users\brianpark\Desktop\Code\My Game\build\_deps\vma-src\docs\html\struct_vma_detailed_statistics.html", "HTML", 0, 0, 0, 0, 0, 0, 0, -214, 0, 0, 0, 0, 0, 0, 0, 0, 0, 0, -5, -22, -241
"\Users\brianpark\Desktop\Code\My Game\build\_deps\vma-src\docs\html\struct_vma_device_memory_callbacks-members.html", "HTML", 0, 0, 0, 0, 0, 0, 0, -109, 0, 0, 0, 0, 0, 0, 0, 0, 0, 0, -5, -4, -118
"\Users\brianpark\Desktop\Code\My Game\build\_deps\vma-src\docs\html\struct_vma_device_memory_callbacks.html", "HTML", 0, 0, 0, 0, 0, 0, 0, -166, 0, 0, 0, 0, 0, 0, 0, 0, 0, 0, -5, -13, -184
"\Users\brianpark\Desktop\Code\My Game\build\_deps\vma-src\docs\html\struct_vma_pool.html", "HTML", 0, 0, 0, 0, 0, 0, 0, -113, 0, 0, 0, 0, 0, 0, 0, 0, 0, 0, -5, -4, -122
"\Users\brianpark\Desktop\Code\My Game\build\_deps\vma-src\docs\html\struct_vma_pool_create_info-members.html", "HTML", 0, 0, 0, 0, 0, 0, 0, -114, 0, 0, 0, 0, 0, 0, 0, 0, 0, 0, -5, -4, -123
"\Users\brianpark\Desktop\Code\My Game\build\_deps\vma-src\docs\html\struct_vma_pool_create_info.html", "HTML", 0, 0, 0, 0, 0, 0, 0, -249, 0, 0, 0, 0, 0, 0, 0, 0, 0, 0, -5, -28, -282
"\Users\brianpark\Desktop\Code\My Game\build\_deps\vma-src\docs\html\struct_vma_statistics-members.html", "HTML", 0, 0, 0, 0, 0, 0, 0, -110, 0, 0, 0, 0, 0, 0, 0, 0, 0, 0, -5, -4, -119
"\Users\brianpark\Desktop\Code\My Game\build\_deps\vma-src\docs\html\struct_vma_statistics.html", "HTML", 0, 0, 0, 0, 0, 0, 0, -183, 0, 0, 0, 0, 0, 0, 0, 0, 0, 0, -5, -16, -204
"\Users\brianpark\Desktop\Code\My Game\build\_deps\vma-src\docs\html\struct_vma_total_statistics-members.html", "HTML", 0, 0, 0, 0, 0, 0, 0, -109, 0, 0, 0, 0, 0, 0, 0, 0, 0, 0, -5, -4, -118
"\Users\brianpark\Desktop\Code\My Game\build\_deps\vma-src\docs\html\struct_vma_total_statistics.html", "HTML", 0, 0, 0, 0, 0, 0, 0, -159, 0, 0, 0, 0, 0, 0, 0, 0, 0, 0, -5, -10, -174
"\Users\brianpark\Desktop\Code\My Game\build\_deps\vma-src\docs\html\struct_vma_virtual_allocation.html", "HTML", 0, 0, 0, 0, 0, 0, 0, -113, 0, 0, 0, 0, 0, 0, 0, 0, 0, 0, -5, -4, -122
"\Users\brianpark\Desktop\Code\My Game\build\_deps\vma-src\docs\html\struct_vma_virtual_allocation_create_info-members.html", "HTML", 0, 0, 0, 0, 0, 0, 0, -110, 0, 0, 0, 0, 0, 0, 0, 0, 0, 0, -5, -4, -119
"\Users\brianpark\Desktop\Code\My Game\build\_deps\vma-src\docs\html\struct_vma_virtual_allocation_create_info.html", "HTML", 0, 0, 0, 0, 0, 0, 0, -182, 0, 0, 0, 0, 0, 0, 0, 0, 0, 0, -5, -16, -203
"\Users\brianpark\Desktop\Code\My Game\build\_deps\vma-src\docs\html\struct_vma_virtual_allocation_info-members.html", "HTML", 0, 0, 0, 0, 0, 0, 0, -109, 0, 0, 0, 0, 0, 0, 0, 0, 0, 0, -5, -4, -118
"\Users\brianpark\Desktop\Code\My Game\build\_deps\vma-src\docs\html\struct_vma_virtual_allocation_info.html", "HTML", 0, 0, 0, 0, 0, 0, 0, -167, 0, 0, 0, 0, 0, 0, 0, 0, 0, 0, -5, -13, -185
"\Users\brianpark\Desktop\Code\My Game\build\_deps\vma-src\docs\html\struct_vma_virtual_block.html", "HTML", 0, 0, 0, 0, 0, 0, 0, -113, 0, 0, 0, 0, 0, 0, 0, 0, 0, 0, -5, -4, -122
"\Users\brianpark\Desktop\Code\My Game\build\_deps\vma-src\docs\html\struct_vma_virtual_block_create_info-members.html", "HTML", 0, 0, 0, 0, 0, 0, 0, -109, 0, 0, 0, 0, 0, 0, 0, 0, 0, 0, -5, -4, -118
"\Users\brianpark\Desktop\Code\My Game\build\_deps\vma-src\docs\html\struct_vma_virtual_block_create_info.html", "HTML", 0, 0, 0, 0, 0, 0, 0, -166, 0, 0, 0, 0, 0, 0, 0, 0, 0, 0, -5, -13, -184
"\Users\brianpark\Desktop\Code\My Game\build\_deps\vma-src\docs\html\struct_vma_vulkan_functions-members.html", "HTML", 0, 0, 0, 0, 0, 0, 0, -132, 0, 0, 0, 0, 0, 0, 0, 0, 0, 0, -5, -4, -141
"\Users\brianpark\Desktop\Code\My Game\build\_deps\vma-src\docs\html\struct_vma_vulkan_functions.html", "HTML", 0, 0, 0, 0, 0, 0, 0, -474, 0, 0, 0, 0, 0, 0, 0, 0, 0, 0, -5, -64, -543
"\Users\brianpark\Desktop\Code\My Game\build\_deps\vma-src\docs\html\tabs.css", "PostCSS", 0, 0, 0, 0, 0, 0, 0, 0, 0, 0, 0, 0, 0, -402, 0, 0, 0, 0, 0, -81, -483
"\Users\brianpark\Desktop\Code\My Game\build\_deps\vma-src\docs\html\topics.html", "HTML", 0, 0, 0, 0, 0, 0, 0, -112, 0, 0, 0, 0, 0, 0, 0, 0, 0, 0, -5, -3, -120
"\Users\brianpark\Desktop\Code\My Game\build\_deps\vma-src\docs\html\usage_patterns.html", "HTML", 0, 0, 0, 0, 0, 0, 0, -330, 0, 0, 0, 0, 0, 0, 0, 0, 0, 0, -5, -3, -338
"\Users\brianpark\Desktop\Code\My Game\build\_deps\vma-src\docs\html\virtual_allocator.html", "HTML", 0, 0, 0, 0, 0, 0, 0, -215, 0, 0, 0, 0, 0, 0, 0, 0, 0, 0, -5, -3, -223
"\Users\brianpark\Desktop\Code\My Game\build\_deps\vma-src\docs\html\vk__mem__alloc_8h.html", "HTML", 0, 0, 0, 0, 0, 0, 0, -512, 0, 0, 0, 0, 0, 0, 0, 0, 0, 0, -5, -7, -524
"\Users\brianpark\Desktop\Code\My Game\build\_deps\vma-src\docs\html\vk_amd_device_coherent_memory.html", "HTML", 0, 0, 0, 0, 0, 0, 0, -130, 0, 0, 0, 0, 0, 0, 0, 0, 0, 0, -5, -3, -138
"\Users\brianpark\Desktop\Code\My Game\build\_deps\vma-src\docs\html\vk_ext_memory_priority.html", "HTML", 0, 0, 0, 0, 0, 0, 0, -162, 0, 0, 0, 0, 0, 0, 0, 0, 0, 0, -5, -3, -170
"\Users\brianpark\Desktop\Code\My Game\build\_deps\vma-src\docs\html\vk_khr_dedicated_allocation.html", "HTML", 0, 0, 0, 0, 0, 0, 0, -133, 0, 0, 0, 0, 0, 0, 0, 0, 0, 0, -5, -3, -141
"\Users\brianpark\Desktop\Code\My Game\build\_deps\vma-src\docs\html\vk_khr_external_memory_win32.html", "HTML", 0, 0, 0, 0, 0, 0, 0, -196, 0, 0, 0, 0, 0, 0, 0, 0, 0, 0, -5, -3, -204
"\Users\brianpark\Desktop\Code\My Game\build\_deps\vma-src\include\vk_mem_alloc.h", "C++", -12337, 0, 0, 0, 0, 0, 0, 0, 0, 0, 0, 0, 0, 0, 0, 0, 0, 0, -5736, -1903, -19976
"\Users\brianpark\Desktop\Code\My Game\build\_deps\vma-src\src\CMakeLists.txt", "CMake", 0, 0, -60, 0, 0, 0, 0, 0, 0, 0, 0, 0, 0, 0, 0, 0, 0, 0, -26, -16, -102
"\Users\brianpark\Desktop\Code\My Game\build\_deps\vma-src\src\Common.cpp", "C++", -263, 0, 0, 0, 0, 0, 0, 0, 0, 0, 0, 0, 0, 0, 0, 0, 0, 0, -29, -37, -329
"\Users\brianpark\Desktop\Code\My Game\build\_deps\vma-src\src\Common.h", "C++", -265, 0, 0, 0, 0, 0, 0, 0, 0, 0, 0, 0, 0, 0, 0, 0, 0, 0, -23, -52, -340
"\Users\brianpark\Desktop\Code\My Game\build\_deps\vma-src\src\Shaders\CMakeLists.txt", "CMake", 0, 0, -26, 0, 0, 0, 0, 0, 0, 0, 0, 0, 0, 0, 0, 0, 0, 0, -26, -11, -63
"\Users\brianpark\Desktop\Code\My Game\build\_deps\vma-src\src\Shaders\CompileShaders.bat", "Batch", 0, 0, 0, 0, 0, 0, 0, 0, 0, 0, -4, 0, 0, 0, 0, 0, 0, 0, 0, -1, -5
"\Users\brianpark\Desktop\Code\My Game\build\_deps\vma-src\src\Shaders\Shader.frag", "GLSL", 0, 0, 0, 0, 0, 0, 0, 0, 0, 0, 0, -11, 0, 0, 0, 0, 0, 0, -21, -6, -38
"\Users\brianpark\Desktop\Code\My Game\build\_deps\vma-src\src\Shaders\Shader.vert", "GLSL", 0, 0, 0, 0, 0, 0, 0, 0, 0, 0, 0, -16, 0, 0, 0, 0, 0, 0, -21, -6, -43
"\Users\brianpark\Desktop\Code\My Game\build\_deps\vma-src\src\SparseBindingTest.cpp", "C++", -428, 0, 0, 0, 0, 0, 0, 0, 0, 0, 0, 0, 0, 0, 0, 0, 0, 0, -62, -99, -589
"\Users\brianpark\Desktop\Code\My Game\build\_deps\vma-src\src\SparseBindingTest.h", "C++", -4, 0, 0, 0, 0, 0, 0, 0, 0, 0, 0, 0, 0, 0, 0, 0, 0, 0, -21, -5, -30
"\Users\brianpark\Desktop\Code\My Game\build\_deps\vma-src\src\Tests.cpp", "C++", -7063, 0, 0, 0, 0, 0, 0, 0, 0, 0, 0, 0, 0, 0, 0, 0, 0, 0, -544, -1338, -8945
"\Users\brianpark\Desktop\Code\My Game\build\_deps\vma-src\src\Tests.h", "C++", -6, 0, 0, 0, 0, 0, 0, 0, 0, 0, 0, 0, 0, 0, 0, 0, 0, 0, -21, -6, -33
"\Users\brianpark\Desktop\Code\My Game\build\_deps\vma-src\src\VmaUsage.cpp", "C++", -2, 0, 0, 0, 0, 0, 0, 0, 0, 0, 0, 0, 0, 0, 0, 0, 0, 0, -25, -4, -31
"\Users\brianpark\Desktop\Code\My Game\build\_deps\vma-src\src\VmaUsage.h", "C++", -48, 0, 0, 0, 0, 0, 0, 0, 0, 0, 0, 0, 0, 0, 0, 0, 0, 0, -48, -24, -120
"\Users\brianpark\Desktop\Code\My Game\build\_deps\vma-src\src\VolkUsage.cpp", "C++", -4, 0, 0, 0, 0, 0, 0, 0, 0, 0, 0, 0, 0, 0, 0, 0, 0, 0, -21, -4, -29
"\Users\brianpark\Desktop\Code\My Game\build\_deps\vma-src\src\VulkanSample.cpp", "C++", -2318, 0, 0, 0, 0, 0, 0, 0, 0, 0, 0, 0, 0, 0, 0, 0, 0, 0, -91, -403, -2812
"\Users\brianpark\Desktop\Code\My Game\build\_deps\vma-src\tools\GpuMemDumpVis\GpuMemDump.schema.json", "JSON", 0, 0, 0, 0, -163, 0, 0, 0, 0, 0, 0, 0, 0, 0, 0, 0, 0, 0, 0, -1, -164
"\Users\brianpark\Desktop\Code\My Game\build\_deps\vma-src\tools\GpuMemDumpVis\GpuMemDumpVis.py", "Python", 0, 0, 0, 0, 0, 0, -254, 0, 0, 0, 0, 0, 0, 0, 0, 0, 0, 0, -55, -26, -335
"\Users\brianpark\Desktop\Code\My Game\build\_deps\vma-src\tools\GpuMemDumpVis\README.md", "Markdown", 0, 0, 0, 0, 0, -35, 0, 0, 0, 0, 0, 0, 0, 0, 0, 0, 0, 0, 0, -15, -50
"\Users\brianpark\Desktop\Code\My Game\build\_deps\vma-src\tools\GpuMemDumpVis\Sample.json", "JSON", 0, 0, 0, 0, -426, 0, 0, 0, 0, 0, 0, 0, 0, 0, 0, 0, 0, 0, 0, 0, -426
"\Users\brianpark\Desktop\Code\My Game\build\cmake_install.cmake", "CMake", 0, 0, -54, 0, 0, 0, 0, 0, 0, 0, 0, 0, 0, 0, 0, 0, 0, 0, -8, -10, -72
"\Users\brianpark\Desktop\Code\My Game\build\compile_commands.json", "JSON", 0, 0, 0, 0, -56, 0, 0, 0, 0, 0, 0, 0, 0, 0, 0, 0, 0, 0, 0, -1, -57
"\Users\brianpark\Desktop\Code\My Game\scenes\Scene1.gltf", "JSON", 0, 0, 0, 0, -256, 0, 0, 0, 0, 0, 0, 0, 0, 0, 0, 0, 0, 0, 0, 0, -256
"\Users\brianpark\Desktop\Code\My Game\src\MeshBuffers.hpp", "C++", -13, 0, 0, 0, 0, 0, 0, 0, 0, 0, 0, 0, 0, 0, 0, 0, 0, 0, -2, -9, -24
"\Users\brianpark\Desktop\Code\My Game\src\ModelInstance.hpp", "C++", -17, 0, 0, 0, 0, 0, 0, 0, 0, 0, 0, 0, 0, 0, 0, 0, 0, 0, 0, -5, -22
"\Users\brianpark\Desktop\Code\My Game\src\Scene.hpp", "C++", -73, 0, 0, 0, 0, 0, 0, 0, 0, 0, 0, 0, 0, 0, 0, 0, 0, 0, 0, -16, -89
"\Users\brianpark\Desktop\Code\My Game\src\Vertex.hpp", "C++", -25, 0, 0, 0, 0, 0, 0, 0, 0, 0, 0, 0, 0, 0, 0, 0, 0, 0, -2, -7, -34
"\Users\brianpark\Desktop\Code\My Game\src\VulkanInterface.hpp", "C++", -187, 0, 0, 0, 0, 0, 0, 0, 0, 0, 0, 0, 0, 0, 0, 0, 0, 0, -5, -50, -242
"\Users\brianpark\Desktop\Code\My Game\src\VulkanInterfaceDraw.cpp", "C++", -172, 0, 0, 0, 0, 0, 0, 0, 0, 0, 0, 0, 0, 0, 0, 0, 0, 0, -3, -20, -195
"\Users\brianpark\Desktop\Code\My Game\src\VulkanInterfaceHelpers.cpp", "C++", -348, 0, 0, 0, 0, 0, 0, 0, 0, 0, 0, 0, 0, 0, 0, 0, 0, 0, -3, -36, -387
"\Users\brianpark\Desktop\Code\My Game\src\VulkanInterfaceInit.cpp", "C++", -250, 0, 0, 0, 0, 0, 0, 0, 0, 0, 0, 0, 0, 0, 0, 0, 0, 0, -3, -30, -283
"\Users\brianpark\Desktop\Code\My Game\src\VulkanInterfaceLoadScene.cpp", "C++", -512, 0, 0, 0, 0, 0, 0, 0, 0, 0, 0, 0, 0, 0, 0, 0, 0, 0, 0, -46, -558
"\Users\brianpark\Desktop\Code\My Game\src\main.cpp", "C++", -15, 0, 0, 0, 0, 0, 0, 0, 0, 0, 0, 0, 0, 0, 0, 0, 0, 0, 0, -6, -21
"\Users\brianpark\Desktop\Code\My Game\src\shader.slang", "Slang", 0, -38, 0, 0, 0, 0, 0, 0, 0, 0, 0, 0, 0, 0, 0, 0, 0, 0, 0, -7, -45
"c:\Users\brian\Desktop\Code\My Game\CMakeLists.txt", "CMake", 0, 0, 95, 0, 0, 0, 0, 0, 0, 0, 0, 0, 0, 0, 0, 0, 0, 0, 6, 23, 124
"c:\Users\brian\Desktop\Code\My Game\CMake\Findfastgltf.cmake", "CMake", 0, 0, 7, 0, 0, 0, 0, 0, 0, 0, 0, 0, 0, 0, 0, 0, 0, 0, 0, 1, 8
"c:\Users\brian\Desktop\Code\My Game\CMake\Findglm.cmake", "CMake", 0, 0, 83, 0, 0, 0, 0, 0, 0, 0, 0, 0, 0, 0, 0, 0, 0, 0, 34, 17, 134
"c:\Users\brian\Desktop\Code\My Game\CMake\Findnlohmann_json.cmake", "CMake", 0, 0, 107, 0, 0, 0, 0, 0, 0, 0, 0, 0, 0, 0, 0, 0, 0, 0, 32, 16, 155
"c:\Users\brian\Desktop\Code\My Game\CMake\Findvma.cmake", "CMake", 0, 0, 8, 0, 0, 0, 0, 0, 0, 0, 0, 0, 0, 0, 0, 0, 0, 0, 0, 1, 9
"c:\Users\brian\Desktop\Code\My Game\build\.cmake\api\v1\query\client-vscode\query.json", "JSON", 0, 0, 0, 0, 1, 0, 0, 0, 0, 0, 0, 0, 0, 0, 0, 0, 0, 0, 0, 0, 1
"c:\Users\brian\Desktop\Code\My Game\build\.cmake\api\v1\reply\cache-v2-22ea000cb99cbd12636a.json", "JSON", 0, 0, 0, 0, 2347, 0, 0, 0, 0, 0, 0, 0, 0, 0, 0, 0, 0, 0, 0, 1, 2348
"c:\Users\brian\Desktop\Code\My Game\build\.cmake\api\v1\reply\cmakeFiles-v1-c84923debeb89922e144.json", "JSON", 0, 0, 0, 0, 637, 0, 0, 0, 0, 0, 0, 0, 0, 0, 0, 0, 0, 0, 0, 1, 638
"c:\Users\brian\Desktop\Code\My Game\build\.cmake\api\v1\reply\codemodel-v2-8ec8a955d11728d339ec.json", "JSON", 0, 0, 0, 0, 134, 0, 0, 0, 0, 0, 0, 0, 0, 0, 0, 0, 0, 0, 0, 1, 135
"c:\Users\brian\Desktop\Code\My Game\build\.cmake\api\v1\reply\directory-.-Debug-d0094a50bb2071803777.json", "JSON", 0, 0, 0, 0, 14, 0, 0, 0, 0, 0, 0, 0, 0, 0, 0, 0, 0, 0, 0, 1, 15
"c:\Users\brian\Desktop\Code\My Game\build\.cmake\api\v1\reply\directory-_deps.fastgltf-build-Debug-c813ab62f8fe2b21ebef.json", "JSON", 0, 0, 0, 0, 108, 0, 0, 0, 0, 0, 0, 0, 0, 0, 0, 0, 0, 0, 0, 1, 109
"c:\Users\brian\Desktop\Code\My Game\build\.cmake\api\v1\reply\directory-_deps.vma-build-Debug-30793b3caaf04bad68ea.json", "JSON", 0, 0, 0, 0, 14, 0, 0, 0, 0, 0, 0, 0, 0, 0, 0, 0, 0, 0, 0, 1, 15
"c:\Users\brian\Desktop\Code\My Game\build\.cmake\api\v1\reply\index-2026-07-08T11-09-24-0144.json", "JSON", 0, 0, 0, 0, 132, 0, 0, 0, 0, 0, 0, 0, 0, 0, 0, 0, 0, 0, 0, 1, 133
"c:\Users\brian\Desktop\Code\My Game\build\.cmake\api\v1\reply\target-MyGame-Debug-fa3fdb3e4fa3cf3a7710.json", "JSON", 0, 0, 0, 0, 483, 0, 0, 0, 0, 0, 0, 0, 0, 0, 0, 0, 0, 0, 0, 1, 484
"c:\Users\brian\Desktop\Code\My Game\build\.cmake\api\v1\reply\target-fastgltf-Debug-e716c498a5e9bd56ef05.json", "JSON", 0, 0, 0, 0, 356, 0, 0, 0, 0, 0, 0, 0, 0, 0, 0, 0, 0, 0, 0, 1, 357
"c:\Users\brian\Desktop\Code\My Game\build\.cmake\api\v1\reply\target-foo-Debug-6b39b2b94690fcedd219.json", "JSON", 0, 0, 0, 0, 87, 0, 0, 0, 0, 0, 0, 0, 0, 0, 0, 0, 0, 0, 0, 1, 88
"c:\Users\brian\Desktop\Code\My Game\build\.cmake\api\v1\reply\toolchains-v1-848db42c48ff5e582c10.json", "JSON", 0, 0, 0, 0, 78, 0, 0, 0, 0, 0, 0, 0, 0, 0, 0, 0, 0, 0, 0, 1, 79
"c:\Users\brian\Desktop\Code\My Game\build\CMakeCache.txt", "CMake Cache", 0, 0, 0, 546, 0, 0, 0, 0, 0, 0, 0, 0, 0, 0, 0, 0, 0, 0, 0, 144, 690
"c:\Users\brian\Desktop\Code\My Game\build\CMakeFiles\4.1.1\CMakeCCompiler.cmake", "CMake", 0, 0, 68, 0, 0, 0, 0, 0, 0, 0, 0, 0, 0, 0, 0, 0, 0, 0, 1, 16, 85
"c:\Users\brian\Desktop\Code\My Game\build\CMakeFiles\4.1.1\CMakeCXXCompiler.cmake", "CMake", 0, 0, 82, 0, 0, 0, 0, 0, 0, 0, 0, 0, 0, 0, 0, 0, 0, 0, 3, 24, 109
"c:\Users\brian\Desktop\Code\My Game\build\CMakeFiles\4.1.1\CMakeRCCompiler.cmake", "CMake", 0, 0, 6, 0, 0, 0, 0, 0, 0, 0, 0, 0, 0, 0, 0, 0, 0, 0, 0, 1, 7
"c:\Users\brian\Desktop\Code\My Game\build\CMakeFiles\4.1.1\CMakeSystem.cmake", "CMake", 0, 0, 10, 0, 0, 0, 0, 0, 0, 0, 0, 0, 0, 0, 0, 0, 0, 0, 0, 6, 16
"c:\Users\brian\Desktop\Code\My Game\build\CMakeFiles\4.1.1\CompilerIdCXX\CMakeCXXCompilerId.cpp", "C++", 729, 0, 0, 0, 0, 0, 0, 0, 0, 0, 0, 0, 0, 0, 0, 0, 0, 0, 63, 158, 950
"c:\Users\brian\Desktop\Code\My Game\build\CMakeFiles\4.1.1\CompilerIdC\CMakeCCompilerId.c", "C", 0, 0, 0, 0, 0, 0, 0, 0, 0, 711, 0, 0, 0, 0, 0, 0, 0, 0, 62, 162, 935
"c:\Users\brian\Desktop\Code\My Game\build\CMakeFiles\CMakeConfigureLog.yaml", "YAML", 0, 0, 0, 0, 0, 0, 0, 0, 0, 0, 0, 0, 8093, 0, 0, 0, 0, 0, 0, 37, 8130
"c:\Users\brian\Desktop\Code\My Game\build\CMakeFiles\InstallScripts.json", "JSON", 0, 0, 0, 0, 9, 0, 0, 0, 0, 0, 0, 0, 0, 0, 0, 0, 0, 0, 0, 1, 10
"c:\Users\brian\Desktop\Code\My Game\build\CMakeFiles\MyGame.dir\CXXDependInfo.json", "JSON", 0, 0, 0, 0, 56, 0, 0, 0, 0, 0, 0, 0, 0, 0, 0, 0, 0, 0, 0, 0, 56
"c:\Users\brian\Desktop\Code\My Game\build\CMakeFiles\MyGame.dir\CXXModules.json", "JSON", 0, 0, 0, 0, 5, 0, 0, 0, 0, 0, 0, 0, 0, 0, 0, 0, 0, 0, 0, 0, 5
"c:\Users\brian\Desktop\Code\My Game\build\CMakeFiles\MyGame.dir\cmake_pch.hxx", "C++", 5, 0, 0, 0, 0, 0, 0, 0, 0, 0, 0, 0, 0, 0, 0, 0, 0, 0, 1, 2, 8
"c:\Users\brian\Desktop\Code\My Game\build\CMakeFiles\MyGame.dir\cmake_pch.hxx.cxx", "C++", 0, 0, 0, 0, 0, 0, 0, 0, 0, 0, 0, 0, 0, 0, 0, 0, 0, 0, 1, 1, 2
"c:\Users\brian\Desktop\Code\My Game\build\CMakeFiles\ShowIncludes\foo.h", "C++", 0, 0, 0, 0, 0, 0, 0, 0, 0, 0, 0, 0, 0, 0, 0, 0, 0, 0, 0, 2, 2
"c:\Users\brian\Desktop\Code\My Game\build\CMakeFiles\ShowIncludes\main.c", "C", 0, 0, 0, 0, 0, 0, 0, 0, 0, 2, 0, 0, 0, 0, 0, 0, 0, 0, 0, 1, 3
"c:\Users\brian\Desktop\Code\My Game\build\CMakeFiles\fc-tmp\fastgltf\download.cmake", "CMake", 0, 0, 5, 0, 0, 0, 0, 0, 0, 0, 0, 0, 0, 0, 0, 0, 0, 0, 0, 5, 10
"c:\Users\brian\Desktop\Code\My Game\build\CMakeFiles\fc-tmp\fastgltf\fastgltf-gitclone.cmake", "CMake", 0, 0, 72, 0, 0, 0, 0, 0, 0, 0, 0, 0, 0, 0, 0, 0, 0, 0, 7, 9, 88
"c:\Users\brian\Desktop\Code\My Game\build\CMakeFiles\fc-tmp\fastgltf\fastgltf-gitupdate.cmake", "CMake", 0, 0, 236, 0, 0, 0, 0, 0, 0, 0, 0, 0, 0, 0, 0, 0, 0, 0, 52, 30, 318
"c:\Users\brian\Desktop\Code\My Game\build\CMakeFiles\fc-tmp\fastgltf\patch.cmake", "CMake", 0, 0, 4, 0, 0, 0, 0, 0, 0, 0, 0, 0, 0, 0, 0, 0, 0, 0, 0, 6, 10
"c:\Users\brian\Desktop\Code\My Game\build\CMakeFiles\fc-tmp\fastgltf\update.cmake", "CMake", 0, 0, 5, 0, 0, 0, 0, 0, 0, 0, 0, 0, 0, 0, 0, 0, 0, 0, 0, 5, 10
"c:\Users\brian\Desktop\Code\My Game\build\CMakeFiles\fc-tmp\glm\download.cmake", "CMake", 0, 0, 5, 0, 0, 0, 0, 0, 0, 0, 0, 0, 0, 0, 0, 0, 0, 0, 0, 5, 10
"c:\Users\brian\Desktop\Code\My Game\build\CMakeFiles\fc-tmp\glm\glm-gitclone.cmake", "CMake", 0, 0, 72, 0, 0, 0, 0, 0, 0, 0, 0, 0, 0, 0, 0, 0, 0, 0, 7, 9, 88
"c:\Users\brian\Desktop\Code\My Game\build\CMakeFiles\fc-tmp\glm\glm-gitupdate.cmake", "CMake", 0, 0, 236, 0, 0, 0, 0, 0, 0, 0, 0, 0, 0, 0, 0, 0, 0, 0, 52, 30, 318
"c:\Users\brian\Desktop\Code\My Game\build\CMakeFiles\fc-tmp\glm\patch.cmake", "CMake", 0, 0, 4, 0, 0, 0, 0, 0, 0, 0, 0, 0, 0, 0, 0, 0, 0, 0, 0, 6, 10
"c:\Users\brian\Desktop\Code\My Game\build\CMakeFiles\fc-tmp\glm\update.cmake", "CMake", 0, 0, 5, 0, 0, 0, 0, 0, 0, 0, 0, 0, 0, 0, 0, 0, 0, 0, 0, 5, 10
"c:\Users\brian\Desktop\Code\My Game\build\CMakeFiles\fc-tmp\vma\download.cmake", "CMake", 0, 0, 5, 0, 0, 0, 0, 0, 0, 0, 0, 0, 0, 0, 0, 0, 0, 0, 0, 5, 10
"c:\Users\brian\Desktop\Code\My Game\build\CMakeFiles\fc-tmp\vma\patch.cmake", "CMake", 0, 0, 4, 0, 0, 0, 0, 0, 0, 0, 0, 0, 0, 0, 0, 0, 0, 0, 0, 6, 10
"c:\Users\brian\Desktop\Code\My Game\build\CMakeFiles\fc-tmp\vma\update.cmake", "CMake", 0, 0, 5, 0, 0, 0, 0, 0, 0, 0, 0, 0, 0, 0, 0, 0, 0, 0, 0, 5, 10
"c:\Users\brian\Desktop\Code\My Game\build\CMakeFiles\fc-tmp\vma\vma-gitclone.cmake", "CMake", 0, 0, 72, 0, 0, 0, 0, 0, 0, 0, 0, 0, 0, 0, 0, 0, 0, 0, 7, 9, 88
"c:\Users\brian\Desktop\Code\My Game\build\CMakeFiles\fc-tmp\vma\vma-gitupdate.cmake", "CMake", 0, 0, 236, 0, 0, 0, 0, 0, 0, 0, 0, 0, 0, 0, 0, 0, 0, 0, 52, 30, 318
"c:\Users\brian\Desktop\Code\My Game\build\_deps\fastgltf-build\CMakeFiles\Export\14b504216a8c2b5661a6a7c88f3023ae\fastgltfConfig-debug.cmake", "CMake", 0, 0, 9, 0, 0, 0, 0, 0, 0, 0, 0, 0, 0, 0, 0, 0, 0, 0, 6, 5, 20
"c:\Users\brian\Desktop\Code\My Game\build\_deps\fastgltf-build\CMakeFiles\Export\14b504216a8c2b5661a6a7c88f3023ae\fastgltfConfig.cmake", "CMake", 0, 0, 82, 0, 0, 0, 0, 0, 0, 0, 0, 0, 0, 0, 0, 0, 0, 0, 14, 13, 109
"c:\Users\brian\Desktop\Code\My Game\build\_deps\fastgltf-build\cmake_install.cmake", "CMake", 0, 0, 73, 0, 0, 0, 0, 0, 0, 0, 0, 0, 0, 0, 0, 0, 0, 0, 6, 11, 90
"c:\Users\brian\Desktop\Code\My Game\build\_deps\fastgltf-build\fastgltfConfigVersion.cmake", "CMake", 0, 0, 44, 0, 0, 0, 0, 0, 0, 0, 0, 0, 0, 0, 0, 0, 0, 0, 12, 10, 66
"c:\Users\brian\Desktop\Code\My Game\build\_deps\fastgltf-src\.github\workflows\ci_arm.yml", "YAML", 0, 0, 0, 0, 0, 0, 0, 0, 0, 0, 0, 0, 38, 0, 0, 0, 0, 0, 0, 11, 49
"c:\Users\brian\Desktop\Code\My Game\build\_deps\fastgltf-src\.github\workflows\ci_x64.yml", "YAML", 0, 0, 0, 0, 0, 0, 0, 0, 0, 0, 0, 0, 161, 0, 0, 0, 0, 0, 3, 35, 199
"c:\Users\brian\Desktop\Code\My Game\build\_deps\fastgltf-src\.readthedocs.yaml", "YAML", 0, 0, 0, 0, 0, 0, 0, 0, 0, 0, 0, 0, 19, 0, 0, 0, 0, 0, 3, 5, 27
"c:\Users\brian\Desktop\Code\My Game\build\_deps\fastgltf-src\CMakeLists.txt", "CMake", 0, 0, 134, 0, 0, 0, 0, 0, 0, 0, 0, 0, 0, 0, 0, 0, 0, 0, 4, 31, 169
"c:\Users\brian\Desktop\Code\My Game\build\_deps\fastgltf-src\LICENSE.md", "Markdown", 0, 0, 0, 0, 0, 18, 0, 0, 0, 0, 0, 0, 0, 0, 0, 0, 0, 0, 0, 5, 23
"c:\Users\brian\Desktop\Code\My Game\build\_deps\fastgltf-src\README.md", "Markdown", 0, 0, 0, 0, 0, 33, 0, 0, 0, 0, 0, 0, 0, 0, 0, 0, 0, 0, 0, 15, 48
"c:\Users\brian\Desktop\Code\My Game\build\_deps\fastgltf-src\cmake\add_source_directory.cmake", "CMake", 0, 0, 11, 0, 0, 0, 0, 0, 0, 0, 0, 0, 0, 0, 0, 0, 0, 0, 3, 3, 17
"c:\Users\brian\Desktop\Code\My Game\build\_deps\fastgltf-src\cmake\compilers.cmake", "CMake", 0, 0, 35, 0, 0, 0, 0, 0, 0, 0, 0, 0, 0, 0, 0, 0, 0, 0, 7, 6, 48
"c:\Users\brian\Desktop\Code\My Game\build\_deps\fastgltf-src\cmake\dependencies.cmake", "CMake", 0, 0, 158, 0, 0, 0, 0, 0, 0, 0, 0, 0, 0, 0, 0, 0, 0, 0, 18, 39, 215
"c:\Users\brian\Desktop\Code\My Game\build\_deps\fastgltf-src\docs\CMakeLists.txt", "CMake", 0, 0, 51, 0, 0, 0, 0, 0, 0, 0, 0, 0, 0, 0, 0, 0, 0, 0, 5, 13, 69
"c:\Users\brian\Desktop\Code\My Game\build\_deps\fastgltf-src\docs\_static\style.css", "PostCSS", 0, 0, 0, 0, 0, 0, 0, 0, 0, 0, 0, 0, 0, 3, 0, 0, 0, 0, 0, 1, 4
"c:\Users\brian\Desktop\Code\My Game\build\_deps\fastgltf-src\docs\_templates\layout.html", "HTML", 0, 0, 0, 0, 0, 0, 0, 4, 0, 0, 0, 0, 0, 0, 0, 0, 0, 0, 0, 1, 5
"c:\Users\brian\Desktop\Code\My Game\build\_deps\fastgltf-src\docs\api.rst", "reStructuredText", 0, 0, 0, 0, 0, 0, 0, 0, 0, 0, 0, 0, 0, 0, 0, 0, 186, 0, 79, 175, 440
"c:\Users\brian\Desktop\Code\My Game\build\_deps\fastgltf-src\docs\changelog.rst", "reStructuredText", 0, 0, 0, 0, 0, 0, 0, 0, 0, 0, 0, 0, 0, 0, 0, 0, 189, 0, 2, 24, 215
"c:\Users\brian\Desktop\Code\My Game\build\_deps\fastgltf-src\docs\guides.rst", "reStructuredText", 0, 0, 0, 0, 0, 0, 0, 0, 0, 0, 0, 0, 0, 0, 0, 0, 130, 0, 14, 60, 204
"c:\Users\brian\Desktop\Code\My Game\build\_deps\fastgltf-src\docs\index.rst", "reStructuredText", 0, 0, 0, 0, 0, 0, 0, 0, 0, 0, 0, 0, 0, 0, 0, 0, 26, 0, 1, 9, 36
"c:\Users\brian\Desktop\Code\My Game\build\_deps\fastgltf-src\docs\options.rst", "reStructuredText", 0, 0, 0, 0, 0, 0, 0, 0, 0, 0, 0, 0, 0, 0, 0, 0, 73, 0, 6, 45, 124
"c:\Users\brian\Desktop\Code\My Game\build\_deps\fastgltf-src\docs\overview.rst", "reStructuredText", 0, 0, 0, 0, 0, 0, 0, 0, 0, 0, 0, 0, 0, 0, 0, 0, 170, 0, 15, 55, 240
"c:\Users\brian\Desktop\Code\My Game\build\_deps\fastgltf-src\docs\requirements.txt", "pip requirements", 0, 0, 0, 0, 0, 0, 0, 0, 0, 0, 0, 0, 0, 0, 0, 0, 0, 3, 0, 1, 4
"c:\Users\brian\Desktop\Code\My Game\build\_deps\fastgltf-src\docs\tools.rst", "reStructuredText", 0, 0, 0, 0, 0, 0, 0, 0, 0, 0, 0, 0, 0, 0, 0, 0, 102, 0, 17, 56, 175
"c:\Users\brian\Desktop\Code\My Game\build\_deps\fastgltf-src\examples\CMakeLists.txt", "CMake", 0, 0, 2, 0, 0, 0, 0, 0, 0, 0, 0, 0, 0, 0, 0, 0, 0, 0, 0, 2, 4
"c:\Users\brian\Desktop\Code\My Game\build\_deps\fastgltf-src\examples\gl_viewer\CMakeLists.txt", "CMake", 0, 0, 5, 0, 0, 0, 0, 0, 0, 0, 0, 0, 0, 0, 0, 0, 0, 0, 0, 2, 7
"c:\Users\brian\Desktop\Code\My Game\build\_deps\fastgltf-src\examples\gl_viewer\README.md", "Markdown", 0, 0, 0, 0, 0, 2, 0, 0, 0, 0, 0, 0, 0, 0, 0, 0, 0, 0, 0, 2, 4
"c:\Users\brian\Desktop\Code\My Game\build\_deps\fastgltf-src\examples\gl_viewer\gl_viewer.cpp", "C++", 772, 0, 0, 0, 0, 0, 0, 0, 0, 0, 0, 0, 0, 0, 0, 0, 0, 0, 75, 161, 1008
"c:\Users\brian\Desktop\Code\My Game\build\_deps\fastgltf-src\include\fastgltf\base64.hpp", "C++", 45, 0, 0, 0, 0, 0, 0, 0, 0, 0, 0, 0, 0, 0, 0, 0, 0, 0, 35, 12, 92
"c:\Users\brian\Desktop\Code\My Game\build\_deps\fastgltf-src\include\fastgltf\core.hpp", "C++", 609, 0, 0, 0, 0, 0, 0, 0, 0, 0, 0, 0, 0, 0, 0, 0, 0, 0, 296, 174, 1079
"c:\Users\brian\Desktop\Code\My Game\build\_deps\fastgltf-src\include\fastgltf\dxmath_element_traits.hpp", "C++", 46, 0, 0, 0, 0, 0, 0, 0, 0, 0, 0, 0, 0, 0, 0, 0, 0, 0, 25, 25, 96
"c:\Users\brian\Desktop\Code\My Game\build\_deps\fastgltf-src\include\fastgltf\glm_element_traits.hpp", "C++", 51, 0, 0, 0, 0, 0, 0, 0, 0, 0, 0, 0, 0, 0, 0, 0, 0, 0, 27, 28, 106
"c:\Users\brian\Desktop\Code\My Game\build\_deps\fastgltf-src\include\fastgltf\math.hpp", "C++", 750, 0, 0, 0, 0, 0, 0, 0, 0, 0, 0, 0, 0, 0, 0, 0, 0, 0, 90, 112, 952
"c:\Users\brian\Desktop\Code\My Game\build\_deps\fastgltf-src\include\fastgltf\tools.hpp", "C++", 717, 0, 0, 0, 0, 0, 0, 0, 0, 0, 0, 0, 0, 0, 0, 0, 0, 0, 79, 145, 941
"c:\Users\brian\Desktop\Code\My Game\build\_deps\fastgltf-src\include\fastgltf\types.hpp", "C++", 1984, 0, 0, 0, 0, 0, 0, 0, 0, 0, 0, 0, 0, 0, 0, 0, 0, 0, 474, 462, 2920
"c:\Users\brian\Desktop\Code\My Game\build\_deps\fastgltf-src\include\fastgltf\util.hpp", "C++", 373, 0, 0, 0, 0, 0, 0, 0, 0, 0, 0, 0, 0, 0, 0, 0, 0, 0, 77, 49, 499
"c:\Users\brian\Desktop\Code\My Game\build\_deps\fastgltf-src\src\base64.cpp", "C++", 292, 0, 0, 0, 0, 0, 0, 0, 0, 0, 0, 0, 0, 0, 0, 0, 0, 0, 70, 80, 442
"c:\Users\brian\Desktop\Code\My Game\build\_deps\fastgltf-src\src\fastgltf.cpp", "C++", 6144, 0, 0, 0, 0, 0, 0, 0, 0, 0, 0, 0, 0, 0, 0, 0, 0, 0, 180, 939, 7263
"c:\Users\brian\Desktop\Code\My Game\build\_deps\fastgltf-src\src\fastgltf.ixx", "C++", 30, 0, 0, 0, 0, 0, 0, 0, 0, 0, 0, 0, 0, 0, 0, 0, 0, 0, 29, 9, 68
"c:\Users\brian\Desktop\Code\My Game\build\_deps\fastgltf-src\src\io.cpp", "C++", 355, 0, 0, 0, 0, 0, 0, 0, 0, 0, 0, 0, 0, 0, 0, 0, 0, 0, 48, 67, 470
"c:\Users\brian\Desktop\Code\My Game\build\_deps\fastgltf-src\tests\CMakeLists.txt", "CMake", 0, 0, 45, 0, 0, 0, 0, 0, 0, 0, 0, 0, 0, 0, 0, 0, 0, 0, 4, 10, 59
"c:\Users\brian\Desktop\Code\My Game\build\_deps\fastgltf-src\tests\README.md", "Markdown", 0, 0, 0, 0, 0, 40, 0, 0, 0, 0, 0, 0, 0, 0, 0, 0, 0, 0, 0, 13, 53
"c:\Users\brian\Desktop\Code\My Game\build\_deps\fastgltf-src\tests\accessor_tests.cpp", "C++", 270, 0, 0, 0, 0, 0, 0, 0, 0, 0, 0, 0, 0, 0, 0, 0, 0, 0, 8, 53, 331
"c:\Users\brian\Desktop\Code\My Game\build\_deps\fastgltf-src\tests\base64_tests.cpp", "C++", 88, 0, 0, 0, 0, 0, 0, 0, 0, 0, 0, 0, 0, 0, 0, 0, 0, 0, 4, 24, 116
"c:\Users\brian\Desktop\Code\My Game\build\_deps\fastgltf-src\tests\basic_test.cpp", "C++", 496, 0, 0, 0, 0, 0, 0, 0, 0, 0, 0, 0, 0, 0, 0, 0, 0, 0, 6, 115, 617
"c:\Users\brian\Desktop\Code\My Game\build\_deps\fastgltf-src\tests\benchmarks.cpp", "C++", 359, 0, 0, 0, 0, 0, 0, 0, 0, 0, 0, 0, 0, 0, 0, 0, 0, 0, 8, 63, 430
"c:\Users\brian\Desktop\Code\My Game\build\_deps\fastgltf-src\tests\extension_tests.cpp", "C++", 675, 0, 0, 0, 0, 0, 0, 0, 0, 0, 0, 0, 0, 0, 0, 0, 0, 0, 6, 144, 825
"c:\Users\brian\Desktop\Code\My Game\build\_deps\fastgltf-src\tests\glb_tests.cpp", "C++", 44, 0, 0, 0, 0, 0, 0, 0, 0, 0, 0, 0, 0, 0, 0, 0, 0, 0, 0, 13, 57
"c:\Users\brian\Desktop\Code\My Game\build\_deps\fastgltf-src\tests\gltf-rs\src\lib.rs", "Rust", 0, 0, 0, 0, 0, 0, 0, 0, 0, 0, 0, 0, 0, 0, 0, 43, 0, 0, 4, 8, 55
"c:\Users\brian\Desktop\Code\My Game\build\_deps\fastgltf-src\tests\gltf\basic_gltf.gltf", "JSON", 0, 0, 0, 0, 5, 0, 0, 0, 0, 0, 0, 0, 0, 0, 0, 0, 0, 0, 0, 1, 6
"c:\Users\brian\Desktop\Code\My Game\build\_deps\fastgltf-src\tests\gltf\empty_json.gltf", "JSON", 0, 0, 0, 0, 1, 0, 0, 0, 0, 0, 0, 0, 0, 0, 0, 0, 0, 0, 0, 1, 2
"c:\Users\brian\Desktop\Code\My Game\build\_deps\fastgltf-src\tests\gltf\godot_single_root_valid.gltf", "JSON", 0, 0, 0, 0, 24, 0, 0, 0, 0, 0, 0, 0, 0, 0, 0, 0, 0, 0, 0, 0, 24
"c:\Users\brian\Desktop\Code\My Game\build\_deps\fastgltf-src\tests\gltf\transform_matrices.gltf", "JSON", 0, 0, 0, 0, 40, 0, 0, 0, 0, 0, 0, 0, 0, 0, 0, 0, 0, 0, 0, 1, 41
"c:\Users\brian\Desktop\Code\My Game\build\_deps\fastgltf-src\tests\gltf_path.hpp", "C++", 7, 0, 0, 0, 0, 0, 0, 0, 0, 0, 0, 0, 0, 0, 0, 0, 0, 0, 2, 2, 11
"c:\Users\brian\Desktop\Code\My Game\build\_deps\fastgltf-src\tests\main.cpp", "C++", 22, 0, 0, 0, 0, 0, 0, 0, 0, 0, 0, 0, 0, 0, 0, 0, 0, 0, 2, 5, 29
"c:\Users\brian\Desktop\Code\My Game\build\_deps\fastgltf-src\tests\math_tests.cpp", "C++", 245, 0, 0, 0, 0, 0, 0, 0, 0, 0, 0, 0, 0, 0, 0, 0, 0, 0, 11, 41, 297
"c:\Users\brian\Desktop\Code\My Game\build\_deps\fastgltf-src\tests\optional_tests.cpp", "C++", 12, 0, 0, 0, 0, 0, 0, 0, 0, 0, 0, 0, 0, 0, 0, 0, 0, 0, 2, 5, 19
"c:\Users\brian\Desktop\Code\My Game\build\_deps\fastgltf-src\tests\uri_tests.cpp", "C++", 127, 0, 0, 0, 0, 0, 0, 0, 0, 0, 0, 0, 0, 0, 0, 0, 0, 0, 5, 27, 159
"c:\Users\brian\Desktop\Code\My Game\build\_deps\fastgltf-src\tests\util_tests.cpp", "C++", 34, 0, 0, 0, 0, 0, 0, 0, 0, 0, 0, 0, 0, 0, 0, 0, 0, 0, 4, 8, 46
"c:\Users\brian\Desktop\Code\My Game\build\_deps\fastgltf-src\tests\vector_tests.cpp", "C++", 106, 0, 0, 0, 0, 0, 0, 0, 0, 0, 0, 0, 0, 0, 0, 0, 0, 0, 0, 21, 127
"c:\Users\brian\Desktop\Code\My Game\build\_deps\fastgltf-src\tests\write_tests.cpp", "C++", 347, 0, 0, 0, 0, 0, 0, 0, 0, 0, 0, 0, 0, 0, 0, 0, 0, 0, 19, 87, 453
"c:\Users\brian\Desktop\Code\My Game\build\_deps\glm-src\.appveyor.yml", "YAML", 0, 0, 0, 0, 0, 0, 0, 0, 0, 0, 0, 0, 77, 0, 0, 0, 0, 0, 0, 11, 88
"c:\Users\brian\Desktop\Code\My Game\build\_deps\glm-src\.travis.yml", "YAML", 0, 0, 0, 0, 0, 0, 0, 0, 0, 0, 0, 0, 695, 0, 0, 0, 0, 0, 0, 41, 736
"c:\Users\brian\Desktop\Code\My Game\build\_deps\glm-src\CMakeLists.txt", "CMake", 0, 0, 10, 0, 0, 0, 0, 0, 0, 0, 0, 0, 0, 0, 0, 0, 0, 0, 0, 6, 16
"c:\Users\brian\Desktop\Code\My Game\build\_deps\glm-src\cmake\glm\glmConfig-version.cmake", "CMake", 0, 0, 10, 0, 0, 0, 0, 0, 0, 0, 0, 0, 0, 0, 0, 0, 0, 0, 0, 2, 12
"c:\Users\brian\Desktop\Code\My Game\build\_deps\glm-src\cmake\glm\glmConfig.cmake", "CMake", 0, 0, 15, 0, 0, 0, 0, 0, 0, 0, 0, 0, 0, 0, 0, 0, 0, 0, 1, 7, 23
"c:\Users\brian\Desktop\Code\My Game\build\_deps\glm-src\doc\api\a00001_source.html", "HTML", 0, 0, 0, 0, 0, 0, 0, 486, 0, 0, 0, 0, 0, 0, 0, 0, 0, 0, 5, 3, 494
"c:\Users\brian\Desktop\Code\My Game\build\_deps\glm-src\doc\api\a00002_source.html", "HTML", 0, 0, 0, 0, 0, 0, 0, 114, 0, 0, 0, 0, 0, 0, 0, 0, 0, 0, 5, 3, 122
"c:\Users\brian\Desktop\Code\My Game\build\_deps\glm-src\doc\api\a00003_source.html", "HTML", 0, 0, 0, 0, 0, 0, 0, 175, 0, 0, 0, 0, 0, 0, 0, 0, 0, 0, 5, 3, 183
"c:\Users\brian\Desktop\Code\My Game\build\_deps\glm-src\doc\api\a00004_source.html", "HTML", 0, 0, 0, 0, 0, 0, 0, 898, 0, 0, 0, 0, 0, 0, 0, 0, 0, 0, 5, 3, 906
"c:\Users\brian\Desktop\Code\My Game\build\_deps\glm-src\doc\api\a00005_source.html", "HTML", 0, 0, 0, 0, 0, 0, 0, 774, 0, 0, 0, 0, 0, 0, 0, 0, 0, 0, 5, 3, 782
"c:\Users\brian\Desktop\Code\My Game\build\_deps\glm-src\doc\api\a00006_source.html", "HTML", 0, 0, 0, 0, 0, 0, 0, 255, 0, 0, 0, 0, 0, 0, 0, 0, 0, 0, 5, 3, 263
"c:\Users\brian\Desktop\Code\My Game\build\_deps\glm-src\doc\api\a00007.html", "HTML", 0, 0, 0, 0, 0, 0, 0, 195, 0, 0, 0, 0, 0, 0, 0, 0, 0, 0, 5, 6, 206
"c:\Users\brian\Desktop\Code\My Game\build\_deps\glm-src\doc\api\a00007_source.html", "HTML", 0, 0, 0, 0, 0, 0, 0, 243, 0, 0, 0, 0, 0, 0, 0, 0, 0, 0, 5, 3, 251
"c:\Users\brian\Desktop\Code\My Game\build\_deps\glm-src\doc\api\a00008.html", "HTML", 0, 0, 0, 0, 0, 0, 0, 139, 0, 0, 0, 0, 0, 0, 0, 0, 0, 0, 5, 6, 150
"c:\Users\brian\Desktop\Code\My Game\build\_deps\glm-src\doc\api\a00008_source.html", "HTML", 0, 0, 0, 0, 0, 0, 0, 147, 0, 0, 0, 0, 0, 0, 0, 0, 0, 0, 5, 3, 155
"c:\Users\brian\Desktop\Code\My Game\build\_deps\glm-src\doc\api\a00009.html", "HTML", 0, 0, 0, 0, 0, 0, 0, 213, 0, 0, 0, 0, 0, 0, 0, 0, 0, 0, 5, 6, 224
"c:\Users\brian\Desktop\Code\My Game\build\_deps\glm-src\doc\api\a00009_source.html", "HTML", 0, 0, 0, 0, 0, 0, 0, 205, 0, 0, 0, 0, 0, 0, 0, 0, 0, 0, 5, 3, 213
"c:\Users\brian\Desktop\Code\My Game\build\_deps\glm-src\doc\api\a00010.html", "HTML", 0, 0, 0, 0, 0, 0, 0, 114, 0, 0, 0, 0, 0, 0, 0, 0, 0, 0, 5, 6, 125
"c:\Users\brian\Desktop\Code\My Game\build\_deps\glm-src\doc\api\a00010_source.html", "HTML", 0, 0, 0, 0, 0, 0, 0, 126, 0, 0, 0, 0, 0, 0, 0, 0, 0, 0, 5, 3, 134
"c:\Users\brian\Desktop\Code\My Game\build\_deps\glm-src\doc\api\a00011.html", "HTML", 0, 0, 0, 0, 0, 0, 0, 127, 0, 0, 0, 0, 0, 0, 0, 0, 0, 0, 5, 6, 138
"c:\Users\brian\Desktop\Code\My Game\build\_deps\glm-src\doc\api\a00011_source.html", "HTML", 0, 0, 0, 0, 0, 0, 0, 132, 0, 0, 0, 0, 0, 0, 0, 0, 0, 0, 5, 3, 140
"c:\Users\brian\Desktop\Code\My Game\build\_deps\glm-src\doc\api\a00012.html", "HTML", 0, 0, 0, 0, 0, 0, 0, 124, 0, 0, 0, 0, 0, 0, 0, 0, 0, 0, 5, 6, 135
"c:\Users\brian\Desktop\Code\My Game\build\_deps\glm-src\doc\api\a00012_source.html", "HTML", 0, 0, 0, 0, 0, 0, 0, 129, 0, 0, 0, 0, 0, 0, 0, 0, 0, 0, 5, 3, 137
"c:\Users\brian\Desktop\Code\My Game\build\_deps\glm-src\doc\api\a00013.html", "HTML", 0, 0, 0, 0, 0, 0, 0, 129, 0, 0, 0, 0, 0, 0, 0, 0, 0, 0, 5, 6, 140
"c:\Users\brian\Desktop\Code\My Game\build\_deps\glm-src\doc\api\a00013_source.html", "HTML", 0, 0, 0, 0, 0, 0, 0, 143, 0, 0, 0, 0, 0, 0, 0, 0, 0, 0, 5, 3, 151
"c:\Users\brian\Desktop\Code\My Game\build\_deps\glm-src\doc\api\a00014.html", "HTML", 0, 0, 0, 0, 0, 0, 0, 121, 0, 0, 0, 0, 0, 0, 0, 0, 0, 0, 5, 6, 132
"c:\Users\brian\Desktop\Code\My Game\build\_deps\glm-src\doc\api\a00014_source.html", "HTML", 0, 0, 0, 0, 0, 0, 0, 134, 0, 0, 0, 0, 0, 0, 0, 0, 0, 0, 5, 3, 142
"c:\Users\brian\Desktop\Code\My Game\build\_deps\glm-src\doc\api\a00015.html", "HTML", 0, 0, 0, 0, 0, 0, 0, 257, 0, 0, 0, 0, 0, 0, 0, 0, 0, 0, 5, 6, 268
"c:\Users\brian\Desktop\Code\My Game\build\_deps\glm-src\doc\api\a00015_source.html", "HTML", 0, 0, 0, 0, 0, 0, 0, 269, 0, 0, 0, 0, 0, 0, 0, 0, 0, 0, 5, 3, 277
"c:\Users\brian\Desktop\Code\My Game\build\_deps\glm-src\doc\api\a00016.html", "HTML", 0, 0, 0, 0, 0, 0, 0, 121, 0, 0, 0, 0, 0, 0, 0, 0, 0, 0, 5, 6, 132
"c:\Users\brian\Desktop\Code\My Game\build\_deps\glm-src\doc\api\a00016_source.html", "HTML", 0, 0, 0, 0, 0, 0, 0, 132, 0, 0, 0, 0, 0, 0, 0, 0, 0, 0, 5, 3, 140
"c:\Users\brian\Desktop\Code\My Game\build\_deps\glm-src\doc\api\a00017.html", "HTML", 0, 0, 0, 0, 0, 0, 0, 433, 0, 0, 0, 0, 0, 0, 0, 0, 0, 0, 5, 6, 444
"c:\Users\brian\Desktop\Code\My Game\build\_deps\glm-src\doc\api\a00017_source.html", "HTML", 0, 0, 0, 0, 0, 0, 0, 275, 0, 0, 0, 0, 0, 0, 0, 0, 0, 0, 5, 3, 283
"c:\Users\brian\Desktop\Code\My Game\build\_deps\glm-src\doc\api\a00018.html", "HTML", 0, 0, 0, 0, 0, 0, 0, 131, 0, 0, 0, 0, 0, 0, 0, 0, 0, 0, 5, 6, 142
"c:\Users\brian\Desktop\Code\My Game\build\_deps\glm-src\doc\api\a00018_source.html", "HTML", 0, 0, 0, 0, 0, 0, 0, 138, 0, 0, 0, 0, 0, 0, 0, 0, 0, 0, 5, 3, 146
"c:\Users\brian\Desktop\Code\My Game\build\_deps\glm-src\doc\api\a00019_source.html", "HTML", 0, 0, 0, 0, 0, 0, 0, 143, 0, 0, 0, 0, 0, 0, 0, 0, 0, 0, 5, 3, 151
"c:\Users\brian\Desktop\Code\My Game\build\_deps\glm-src\doc\api\a00020_source.html", "HTML", 0, 0, 0, 0, 0, 0, 0, 123, 0, 0, 0, 0, 0, 0, 0, 0, 0, 0, 5, 3, 131
"c:\Users\brian\Desktop\Code\My Game\build\_deps\glm-src\doc\api\a00021.html", "HTML", 0, 0, 0, 0, 0, 0, 0, 213, 0, 0, 0, 0, 0, 0, 0, 0, 0, 0, 5, 6, 224
"c:\Users\brian\Desktop\Code\My Game\build\_deps\glm-src\doc\api\a00021_source.html", "HTML", 0, 0, 0, 0, 0, 0, 0, 217, 0, 0, 0, 0, 0, 0, 0, 0, 0, 0, 5, 3, 225
"c:\Users\brian\Desktop\Code\My Game\build\_deps\glm-src\doc\api\a00022.html", "HTML", 0, 0, 0, 0, 0, 0, 0, 182, 0, 0, 0, 0, 0, 0, 0, 0, 0, 0, 5, 6, 193
"c:\Users\brian\Desktop\Code\My Game\build\_deps\glm-src\doc\api\a00022_source.html", "HTML", 0, 0, 0, 0, 0, 0, 0, 310, 0, 0, 0, 0, 0, 0, 0, 0, 0, 0, 5, 3, 318
"c:\Users\brian\Desktop\Code\My Game\build\_deps\glm-src\doc\api\a00023.html", "HTML", 0, 0, 0, 0, 0, 0, 0, 234, 0, 0, 0, 0, 0, 0, 0, 0, 0, 0, 5, 6, 245
"c:\Users\brian\Desktop\Code\My Game\build\_deps\glm-src\doc\api\a00023_source.html", "HTML", 0, 0, 0, 0, 0, 0, 0, 247, 0, 0, 0, 0, 0, 0, 0, 0, 0, 0, 5, 3, 255
"c:\Users\brian\Desktop\Code\My Game\build\_deps\glm-src\doc\api\a00024.html", "HTML", 0, 0, 0, 0, 0, 0, 0, 123, 0, 0, 0, 0, 0, 0, 0, 0, 0, 0, 5, 6, 134
"c:\Users\brian\Desktop\Code\My Game\build\_deps\glm-src\doc\api\a00024_source.html", "HTML", 0, 0, 0, 0, 0, 0, 0, 125, 0, 0, 0, 0, 0, 0, 0, 0, 0, 0, 5, 3, 133
"c:\Users\brian\Desktop\Code\My Game\build\_deps\glm-src\doc\api\a00025.html", "HTML", 0, 0, 0, 0, 0, 0, 0, 269, 0, 0, 0, 0, 0, 0, 0, 0, 0, 0, 5, 6, 280
"c:\Users\brian\Desktop\Code\My Game\build\_deps\glm-src\doc\api\a00025_source.html", "HTML", 0, 0, 0, 0, 0, 0, 0, 373, 0, 0, 0, 0, 0, 0, 0, 0, 0, 0, 5, 3, 381
"c:\Users\brian\Desktop\Code\My Game\build\_deps\glm-src\doc\api\a00026.html", "HTML", 0, 0, 0, 0, 0, 0, 0, 133, 0, 0, 0, 0, 0, 0, 0, 0, 0, 0, 5, 6, 144
"c:\Users\brian\Desktop\Code\My Game\build\_deps\glm-src\doc\api\a00026_source.html", "HTML", 0, 0, 0, 0, 0, 0, 0, 140, 0, 0, 0, 0, 0, 0, 0, 0, 0, 0, 5, 3, 148
"c:\Users\brian\Desktop\Code\My Game\build\_deps\glm-src\doc\api\a00027.html", "HTML", 0, 0, 0, 0, 0, 0, 0, 98, 0, 0, 0, 0, 0, 0, 0, 0, 0, 0, 5, 6, 109
"c:\Users\brian\Desktop\Code\My Game\build\_deps\glm-src\doc\api\a00027_source.html", "HTML", 0, 0, 0, 0, 0, 0, 0, 442, 0, 0, 0, 0, 0, 0, 0, 0, 0, 0, 5, 3, 450
"c:\Users\brian\Desktop\Code\My Game\build\_deps\glm-src\doc\api\a00028.html", "HTML", 0, 0, 0, 0, 0, 0, 0, 109, 0, 0, 0, 0, 0, 0, 0, 0, 0, 0, 5, 6, 120
"c:\Users\brian\Desktop\Code\My Game\build\_deps\glm-src\doc\api\a00028_source.html", "HTML", 0, 0, 0, 0, 0, 0, 0, 120, 0, 0, 0, 0, 0, 0, 0, 0, 0, 0, 5, 3, 128
"c:\Users\brian\Desktop\Code\My Game\build\_deps\glm-src\doc\api\a00029.html", "HTML", 0, 0, 0, 0, 0, 0, 0, 173, 0, 0, 0, 0, 0, 0, 0, 0, 0, 0, 5, 6, 184
"c:\Users\brian\Desktop\Code\My Game\build\_deps\glm-src\doc\api\a00029_source.html", "HTML", 0, 0, 0, 0, 0, 0, 0, 212, 0, 0, 0, 0, 0, 0, 0, 0, 0, 0, 5, 3, 220
"c:\Users\brian\Desktop\Code\My Game\build\_deps\glm-src\doc\api\a00030.html", "HTML", 0, 0, 0, 0, 0, 0, 0, 111, 0, 0, 0, 0, 0, 0, 0, 0, 0, 0, 5, 6, 122
"c:\Users\brian\Desktop\Code\My Game\build\_deps\glm-src\doc\api\a00030_source.html", "HTML", 0, 0, 0, 0, 0, 0, 0, 118, 0, 0, 0, 0, 0, 0, 0, 0, 0, 0, 5, 3, 126
"c:\Users\brian\Desktop\Code\My Game\build\_deps\glm-src\doc\api\a00031.html", "HTML", 0, 0, 0, 0, 0, 0, 0, 155, 0, 0, 0, 0, 0, 0, 0, 0, 0, 0, 5, 6, 166
"c:\Users\brian\Desktop\Code\My Game\build\_deps\glm-src\doc\api\a00031_source.html", "HTML", 0, 0, 0, 0, 0, 0, 0, 154, 0, 0, 0, 0, 0, 0, 0, 0, 0, 0, 5, 3, 162
"c:\Users\brian\Desktop\Code\My Game\build\_deps\glm-src\doc\api\a00032.html", "HTML", 0, 0, 0, 0, 0, 0, 0, 141, 0, 0, 0, 0, 0, 0, 0, 0, 0, 0, 5, 6, 152
"c:\Users\brian\Desktop\Code\My Game\build\_deps\glm-src\doc\api\a00032_source.html", "HTML", 0, 0, 0, 0, 0, 0, 0, 147, 0, 0, 0, 0, 0, 0, 0, 0, 0, 0, 5, 3, 155
"c:\Users\brian\Desktop\Code\My Game\build\_deps\glm-src\doc\api\a00033.html", "HTML", 0, 0, 0, 0, 0, 0, 0, 137, 0, 0, 0, 0, 0, 0, 0, 0, 0, 0, 5, 6, 148
"c:\Users\brian\Desktop\Code\My Game\build\_deps\glm-src\doc\api\a00033_source.html", "HTML", 0, 0, 0, 0, 0, 0, 0, 145, 0, 0, 0, 0, 0, 0, 0, 0, 0, 0, 5, 3, 153
"c:\Users\brian\Desktop\Code\My Game\build\_deps\glm-src\doc\api\a00034.html", "HTML", 0, 0, 0, 0, 0, 0, 0, 115, 0, 0, 0, 0, 0, 0, 0, 0, 0, 0, 5, 6, 126
"c:\Users\brian\Desktop\Code\My Game\build\_deps\glm-src\doc\api\a00034_source.html", "HTML", 0, 0, 0, 0, 0, 0, 0, 129, 0, 0, 0, 0, 0, 0, 0, 0, 0, 0, 5, 3, 137
"c:\Users\brian\Desktop\Code\My Game\build\_deps\glm-src\doc\api\a00035_source.html", "HTML", 0, 0, 0, 0, 0, 0, 0, 1537, 0, 0, 0, 0, 0, 0, 0, 0, 0, 0, 5, 3, 1545
"c:\Users\brian\Desktop\Code\My Game\build\_deps\glm-src\doc\api\a00036.html", "HTML", 0, 0, 0, 0, 0, 0, 0, 137, 0, 0, 0, 0, 0, 0, 0, 0, 0, 0, 5, 6, 148
"c:\Users\brian\Desktop\Code\My Game\build\_deps\glm-src\doc\api\a00036_source.html", "HTML", 0, 0, 0, 0, 0, 0, 0, 145, 0, 0, 0, 0, 0, 0, 0, 0, 0, 0, 5, 3, 153
"c:\Users\brian\Desktop\Code\My Game\build\_deps\glm-src\doc\api\a00037.html", "HTML", 0, 0, 0, 0, 0, 0, 0, 98, 0, 0, 0, 0, 0, 0, 0, 0, 0, 0, 5, 6, 109
"c:\Users\brian\Desktop\Code\My Game\build\_deps\glm-src\doc\api\a00037_source.html", "HTML", 0, 0, 0, 0, 0, 0, 0, 147, 0, 0, 0, 0, 0, 0, 0, 0, 0, 0, 5, 3, 155
"c:\Users\brian\Desktop\Code\My Game\build\_deps\glm-src\doc\api\a00038.html", "HTML", 0, 0, 0, 0, 0, 0, 0, 115, 0, 0, 0, 0, 0, 0, 0, 0, 0, 0, 5, 6, 126
"c:\Users\brian\Desktop\Code\My Game\build\_deps\glm-src\doc\api\a00038_source.html", "HTML", 0, 0, 0, 0, 0, 0, 0, 129, 0, 0, 0, 0, 0, 0, 0, 0, 0, 0, 5, 3, 137
"c:\Users\brian\Desktop\Code\My Game\build\_deps\glm-src\doc\api\a00039.html", "HTML", 0, 0, 0, 0, 0, 0, 0, 113, 0, 0, 0, 0, 0, 0, 0, 0, 0, 0, 5, 6, 124
"c:\Users\brian\Desktop\Code\My Game\build\_deps\glm-src\doc\api\a00039_source.html", "HTML", 0, 0, 0, 0, 0, 0, 0, 127, 0, 0, 0, 0, 0, 0, 0, 0, 0, 0, 5, 3, 135
"c:\Users\brian\Desktop\Code\My Game\build\_deps\glm-src\doc\api\a00040.html", "HTML", 0, 0, 0, 0, 0, 0, 0, 99, 0, 0, 0, 0, 0, 0, 0, 0, 0, 0, 5, 6, 110
"c:\Users\brian\Desktop\Code\My Game\build\_deps\glm-src\doc\api\a00040_source.html", "HTML", 0, 0, 0, 0, 0, 0, 0, 225, 0, 0, 0, 0, 0, 0, 0, 0, 0, 0, 5, 3, 233
"c:\Users\brian\Desktop\Code\My Game\build\_deps\glm-src\doc\api\a00041.html", "HTML", 0, 0, 0, 0, 0, 0, 0, 119, 0, 0, 0, 0, 0, 0, 0, 0, 0, 0, 5, 6, 130
"c:\Users\brian\Desktop\Code\My Game\build\_deps\glm-src\doc\api\a00041_source.html", "HTML", 0, 0, 0, 0, 0, 0, 0, 126, 0, 0, 0, 0, 0, 0, 0, 0, 0, 0, 5, 3, 134
"c:\Users\brian\Desktop\Code\My Game\build\_deps\glm-src\doc\api\a00042.html", "HTML", 0, 0, 0, 0, 0, 0, 0, 140, 0, 0, 0, 0, 0, 0, 0, 0, 0, 0, 5, 6, 151
"c:\Users\brian\Desktop\Code\My Game\build\_deps\glm-src\doc\api\a00042_source.html", "HTML", 0, 0, 0, 0, 0, 0, 0, 142, 0, 0, 0, 0, 0, 0, 0, 0, 0, 0, 5, 3, 150
"c:\Users\brian\Desktop\Code\My Game\build\_deps\glm-src\doc\api\a00043.html", "HTML", 0, 0, 0, 0, 0, 0, 0, 157, 0, 0, 0, 0, 0, 0, 0, 0, 0, 0, 5, 6, 168
"c:\Users\brian\Desktop\Code\My Game\build\_deps\glm-src\doc\api\a00043_source.html", "HTML", 0, 0, 0, 0, 0, 0, 0, 178, 0, 0, 0, 0, 0, 0, 0, 0, 0, 0, 5, 3, 186
"c:\Users\brian\Desktop\Code\My Game\build\_deps\glm-src\doc\api\a00044.html", "HTML", 0, 0, 0, 0, 0, 0, 0, 131, 0, 0, 0, 0, 0, 0, 0, 0, 0, 0, 5, 6, 142
"c:\Users\brian\Desktop\Code\My Game\build\_deps\glm-src\doc\api\a00044_source.html", "HTML", 0, 0, 0, 0, 0, 0, 0, 161, 0, 0, 0, 0, 0, 0, 0, 0, 0, 0, 5, 3, 169
"c:\Users\brian\Desktop\Code\My Game\build\_deps\glm-src\doc\api\a00045.html", "HTML", 0, 0, 0, 0, 0, 0, 0, 104, 0, 0, 0, 0, 0, 0, 0, 0, 0, 0, 5, 6, 115
"c:\Users\brian\Desktop\Code\My Game\build\_deps\glm-src\doc\api\a00045_source.html", "HTML", 0, 0, 0, 0, 0, 0, 0, 273, 0, 0, 0, 0, 0, 0, 0, 0, 0, 0, 5, 3, 281
"c:\Users\brian\Desktop\Code\My Game\build\_deps\glm-src\doc\api\a00046.html", "HTML", 0, 0, 0, 0, 0, 0, 0, 113, 0, 0, 0, 0, 0, 0, 0, 0, 0, 0, 5, 6, 124
"c:\Users\brian\Desktop\Code\My Game\build\_deps\glm-src\doc\api\a00046_source.html", "HTML", 0, 0, 0, 0, 0, 0, 0, 125, 0, 0, 0, 0, 0, 0, 0, 0, 0, 0, 5, 3, 133
"c:\Users\brian\Desktop\Code\My Game\build\_deps\glm-src\doc\api\a00047_source.html", "HTML", 0, 0, 0, 0, 0, 0, 0, 2508, 0, 0, 0, 0, 0, 0, 0, 0, 0, 0, 5, 3, 2516
"c:\Users\brian\Desktop\Code\My Game\build\_deps\glm-src\doc\api\a00048.html", "HTML", 0, 0, 0, 0, 0, 0, 0, 98, 0, 0, 0, 0, 0, 0, 0, 0, 0, 0, 5, 6, 109
"c:\Users\brian\Desktop\Code\My Game\build\_deps\glm-src\doc\api\a00048_source.html", "HTML", 0, 0, 0, 0, 0, 0, 0, 103, 0, 0, 0, 0, 0, 0, 0, 0, 0, 0, 5, 3, 111
"c:\Users\brian\Desktop\Code\My Game\build\_deps\glm-src\doc\api\a00049.html", "HTML", 0, 0, 0, 0, 0, 0, 0, 98, 0, 0, 0, 0, 0, 0, 0, 0, 0, 0, 5, 6, 109
"c:\Users\brian\Desktop\Code\My Game\build\_deps\glm-src\doc\api\a00049_source.html", "HTML", 0, 0, 0, 0, 0, 0, 0, 103, 0, 0, 0, 0, 0, 0, 0, 0, 0, 0, 5, 3, 111
"c:\Users\brian\Desktop\Code\My Game\build\_deps\glm-src\doc\api\a00050.html", "HTML", 0, 0, 0, 0, 0, 0, 0, 98, 0, 0, 0, 0, 0, 0, 0, 0, 0, 0, 5, 6, 109
"c:\Users\brian\Desktop\Code\My Game\build\_deps\glm-src\doc\api\a00050_source.html", "HTML", 0, 0, 0, 0, 0, 0, 0, 103, 0, 0, 0, 0, 0, 0, 0, 0, 0, 0, 5, 3, 111
"c:\Users\brian\Desktop\Code\My Game\build\_deps\glm-src\doc\api\a00051.html", "HTML", 0, 0, 0, 0, 0, 0, 0, 98, 0, 0, 0, 0, 0, 0, 0, 0, 0, 0, 5, 6, 109
"c:\Users\brian\Desktop\Code\My Game\build\_deps\glm-src\doc\api\a00051_source.html", "HTML", 0, 0, 0, 0, 0, 0, 0, 103, 0, 0, 0, 0, 0, 0, 0, 0, 0, 0, 5, 3, 111
"c:\Users\brian\Desktop\Code\My Game\build\_deps\glm-src\doc\api\a00052.html", "HTML", 0, 0, 0, 0, 0, 0, 0, 98, 0, 0, 0, 0, 0, 0, 0, 0, 0, 0, 5, 6, 109
"c:\Users\brian\Desktop\Code\My Game\build\_deps\glm-src\doc\api\a00052_source.html", "HTML", 0, 0, 0, 0, 0, 0, 0, 102, 0, 0, 0, 0, 0, 0, 0, 0, 0, 0, 5, 3, 110
"c:\Users\brian\Desktop\Code\My Game\build\_deps\glm-src\doc\api\a00053.html", "HTML", 0, 0, 0, 0, 0, 0, 0, 98, 0, 0, 0, 0, 0, 0, 0, 0, 0, 0, 5, 6, 109
"c:\Users\brian\Desktop\Code\My Game\build\_deps\glm-src\doc\api\a00053_source.html", "HTML", 0, 0, 0, 0, 0, 0, 0, 102, 0, 0, 0, 0, 0, 0, 0, 0, 0, 0, 5, 3, 110
"c:\Users\brian\Desktop\Code\My Game\build\_deps\glm-src\doc\api\a00054.html", "HTML", 0, 0, 0, 0, 0, 0, 0, 98, 0, 0, 0, 0, 0, 0, 0, 0, 0, 0, 5, 6, 109
"c:\Users\brian\Desktop\Code\My Game\build\_deps\glm-src\doc\api\a00054_source.html", "HTML", 0, 0, 0, 0, 0, 0, 0, 102, 0, 0, 0, 0, 0, 0, 0, 0, 0, 0, 5, 3, 110
"c:\Users\brian\Desktop\Code\My Game\build\_deps\glm-src\doc\api\a00055.html", "HTML", 0, 0, 0, 0, 0, 0, 0, 98, 0, 0, 0, 0, 0, 0, 0, 0, 0, 0, 5, 6, 109
"c:\Users\brian\Desktop\Code\My Game\build\_deps\glm-src\doc\api\a00055_source.html", "HTML", 0, 0, 0, 0, 0, 0, 0, 102, 0, 0, 0, 0, 0, 0, 0, 0, 0, 0, 5, 3, 110
"c:\Users\brian\Desktop\Code\My Game\build\_deps\glm-src\doc\api\a00056.html", "HTML", 0, 0, 0, 0, 0, 0, 0, 98, 0, 0, 0, 0, 0, 0, 0, 0, 0, 0, 5, 6, 109
"c:\Users\brian\Desktop\Code\My Game\build\_deps\glm-src\doc\api\a00056_source.html", "HTML", 0, 0, 0, 0, 0, 0, 0, 103, 0, 0, 0, 0, 0, 0, 0, 0, 0, 0, 5, 3, 111
"c:\Users\brian\Desktop\Code\My Game\build\_deps\glm-src\doc\api\a00057.html", "HTML", 0, 0, 0, 0, 0, 0, 0, 125, 0, 0, 0, 0, 0, 0, 0, 0, 0, 0, 5, 6, 136
"c:\Users\brian\Desktop\Code\My Game\build\_deps\glm-src\doc\api\a00057_source.html", "HTML", 0, 0, 0, 0, 0, 0, 0, 209, 0, 0, 0, 0, 0, 0, 0, 0, 0, 0, 5, 3, 217
"c:\Users\brian\Desktop\Code\My Game\build\_deps\glm-src\doc\api\a00058.html", "HTML", 0, 0, 0, 0, 0, 0, 0, 121, 0, 0, 0, 0, 0, 0, 0, 0, 0, 0, 5, 6, 132
"c:\Users\brian\Desktop\Code\My Game\build\_deps\glm-src\doc\api\a00058_source.html", "HTML", 0, 0, 0, 0, 0, 0, 0, 133, 0, 0, 0, 0, 0, 0, 0, 0, 0, 0, 5, 3, 141
"c:\Users\brian\Desktop\Code\My Game\build\_deps\glm-src\doc\api\a00059.html", "HTML", 0, 0, 0, 0, 0, 0, 0, 272, 0, 0, 0, 0, 0, 0, 0, 0, 0, 0, 5, 6, 283
"c:\Users\brian\Desktop\Code\My Game\build\_deps\glm-src\doc\api\a00059_source.html", "HTML", 0, 0, 0, 0, 0, 0, 0, 320, 0, 0, 0, 0, 0, 0, 0, 0, 0, 0, 5, 3, 328
"c:\Users\brian\Desktop\Code\My Game\build\_deps\glm-src\doc\api\a00060.html", "HTML", 0, 0, 0, 0, 0, 0, 0, 98, 0, 0, 0, 0, 0, 0, 0, 0, 0, 0, 5, 6, 109
"c:\Users\brian\Desktop\Code\My Game\build\_deps\glm-src\doc\api\a00060_source.html", "HTML", 0, 0, 0, 0, 0, 0, 0, 116, 0, 0, 0, 0, 0, 0, 0, 0, 0, 0, 5, 3, 124
"c:\Users\brian\Desktop\Code\My Game\build\_deps\glm-src\doc\api\a00061.html", "HTML", 0, 0, 0, 0, 0, 0, 0, 115, 0, 0, 0, 0, 0, 0, 0, 0, 0, 0, 5, 6, 126
"c:\Users\brian\Desktop\Code\My Game\build\_deps\glm-src\doc\api\a00061_source.html", "HTML", 0, 0, 0, 0, 0, 0, 0, 123, 0, 0, 0, 0, 0, 0, 0, 0, 0, 0, 5, 3, 131
"c:\Users\brian\Desktop\Code\My Game\build\_deps\glm-src\doc\api\a00062.html", "HTML", 0, 0, 0, 0, 0, 0, 0, 109, 0, 0, 0, 0, 0, 0, 0, 0, 0, 0, 5, 6, 120
"c:\Users\brian\Desktop\Code\My Game\build\_deps\glm-src\doc\api\a00062_source.html", "HTML", 0, 0, 0, 0, 0, 0, 0, 127, 0, 0, 0, 0, 0, 0, 0, 0, 0, 0, 5, 3, 135
"c:\Users\brian\Desktop\Code\My Game\build\_deps\glm-src\doc\api\a00063.html", "HTML", 0, 0, 0, 0, 0, 0, 0, 110, 0, 0, 0, 0, 0, 0, 0, 0, 0, 0, 5, 6, 121
"c:\Users\brian\Desktop\Code\My Game\build\_deps\glm-src\doc\api\a00063_source.html", "HTML", 0, 0, 0, 0, 0, 0, 0, 107, 0, 0, 0, 0, 0, 0, 0, 0, 0, 0, 5, 3, 115
"c:\Users\brian\Desktop\Code\My Game\build\_deps\glm-src\doc\api\a00064.html", "HTML", 0, 0, 0, 0, 0, 0, 0, 122, 0, 0, 0, 0, 0, 0, 0, 0, 0, 0, 5, 6, 133
"c:\Users\brian\Desktop\Code\My Game\build\_deps\glm-src\doc\api\a00064_source.html", "HTML", 0, 0, 0, 0, 0, 0, 0, 119, 0, 0, 0, 0, 0, 0, 0, 0, 0, 0, 5, 3, 127
"c:\Users\brian\Desktop\Code\My Game\build\_deps\glm-src\doc\api\a00065.html", "HTML", 0, 0, 0, 0, 0, 0, 0, 107, 0, 0, 0, 0, 0, 0, 0, 0, 0, 0, 5, 6, 118
"c:\Users\brian\Desktop\Code\My Game\build\_deps\glm-src\doc\api\a00065_source.html", "HTML", 0, 0, 0, 0, 0, 0, 0, 104, 0, 0, 0, 0, 0, 0, 0, 0, 0, 0, 5, 3, 112
"c:\Users\brian\Desktop\Code\My Game\build\_deps\glm-src\doc\api\a00066.html", "HTML", 0, 0, 0, 0, 0, 0, 0, 113, 0, 0, 0, 0, 0, 0, 0, 0, 0, 0, 5, 6, 124
"c:\Users\brian\Desktop\Code\My Game\build\_deps\glm-src\doc\api\a00066_source.html", "HTML", 0, 0, 0, 0, 0, 0, 0, 110, 0, 0, 0, 0, 0, 0, 0, 0, 0, 0, 5, 3, 118
"c:\Users\brian\Desktop\Code\My Game\build\_deps\glm-src\doc\api\a00067.html", "HTML", 0, 0, 0, 0, 0, 0, 0, 107, 0, 0, 0, 0, 0, 0, 0, 0, 0, 0, 5, 6, 118
"c:\Users\brian\Desktop\Code\My Game\build\_deps\glm-src\doc\api\a00067_source.html", "HTML", 0, 0, 0, 0, 0, 0, 0, 104, 0, 0, 0, 0, 0, 0, 0, 0, 0, 0, 5, 3, 112
"c:\Users\brian\Desktop\Code\My Game\build\_deps\glm-src\doc\api\a00068.html", "HTML", 0, 0, 0, 0, 0, 0, 0, 113, 0, 0, 0, 0, 0, 0, 0, 0, 0, 0, 5, 6, 124
"c:\Users\brian\Desktop\Code\My Game\build\_deps\glm-src\doc\api\a00068_source.html", "HTML", 0, 0, 0, 0, 0, 0, 0, 110, 0, 0, 0, 0, 0, 0, 0, 0, 0, 0, 5, 3, 118
"c:\Users\brian\Desktop\Code\My Game\build\_deps\glm-src\doc\api\a00069.html", "HTML", 0, 0, 0, 0, 0, 0, 0, 107, 0, 0, 0, 0, 0, 0, 0, 0, 0, 0, 5, 6, 118
"c:\Users\brian\Desktop\Code\My Game\build\_deps\glm-src\doc\api\a00069_source.html", "HTML", 0, 0, 0, 0, 0, 0, 0, 104, 0, 0, 0, 0, 0, 0, 0, 0, 0, 0, 5, 3, 112
"c:\Users\brian\Desktop\Code\My Game\build\_deps\glm-src\doc\api\a00070.html", "HTML", 0, 0, 0, 0, 0, 0, 0, 113, 0, 0, 0, 0, 0, 0, 0, 0, 0, 0, 5, 6, 124
"c:\Users\brian\Desktop\Code\My Game\build\_deps\glm-src\doc\api\a00070_source.html", "HTML", 0, 0, 0, 0, 0, 0, 0, 110, 0, 0, 0, 0, 0, 0, 0, 0, 0, 0, 5, 3, 118
"c:\Users\brian\Desktop\Code\My Game\build\_deps\glm-src\doc\api\a00071.html", "HTML", 0, 0, 0, 0, 0, 0, 0, 110, 0, 0, 0, 0, 0, 0, 0, 0, 0, 0, 5, 6, 121
"c:\Users\brian\Desktop\Code\My Game\build\_deps\glm-src\doc\api\a00071_source.html", "HTML", 0, 0, 0, 0, 0, 0, 0, 107, 0, 0, 0, 0, 0, 0, 0, 0, 0, 0, 5, 3, 115
"c:\Users\brian\Desktop\Code\My Game\build\_deps\glm-src\doc\api\a00072.html", "HTML", 0, 0, 0, 0, 0, 0, 0, 122, 0, 0, 0, 0, 0, 0, 0, 0, 0, 0, 5, 6, 133
"c:\Users\brian\Desktop\Code\My Game\build\_deps\glm-src\doc\api\a00072_source.html", "HTML", 0, 0, 0, 0, 0, 0, 0, 119, 0, 0, 0, 0, 0, 0, 0, 0, 0, 0, 5, 3, 127
"c:\Users\brian\Desktop\Code\My Game\build\_deps\glm-src\doc\api\a00073.html", "HTML", 0, 0, 0, 0, 0, 0, 0, 107, 0, 0, 0, 0, 0, 0, 0, 0, 0, 0, 5, 6, 118
"c:\Users\brian\Desktop\Code\My Game\build\_deps\glm-src\doc\api\a00073_source.html", "HTML", 0, 0, 0, 0, 0, 0, 0, 104, 0, 0, 0, 0, 0, 0, 0, 0, 0, 0, 5, 3, 112
"c:\Users\brian\Desktop\Code\My Game\build\_deps\glm-src\doc\api\a00074.html", "HTML", 0, 0, 0, 0, 0, 0, 0, 113, 0, 0, 0, 0, 0, 0, 0, 0, 0, 0, 5, 6, 124
"c:\Users\brian\Desktop\Code\My Game\build\_deps\glm-src\doc\api\a00074_source.html", "HTML", 0, 0, 0, 0, 0, 0, 0, 110, 0, 0, 0, 0, 0, 0, 0, 0, 0, 0, 5, 3, 118
"c:\Users\brian\Desktop\Code\My Game\build\_deps\glm-src\doc\api\a00075.html", "HTML", 0, 0, 0, 0, 0, 0, 0, 107, 0, 0, 0, 0, 0, 0, 0, 0, 0, 0, 5, 6, 118
"c:\Users\brian\Desktop\Code\My Game\build\_deps\glm-src\doc\api\a00075_source.html", "HTML", 0, 0, 0, 0, 0, 0, 0, 104, 0, 0, 0, 0, 0, 0, 0, 0, 0, 0, 5, 3, 112
"c:\Users\brian\Desktop\Code\My Game\build\_deps\glm-src\doc\api\a00076.html", "HTML", 0, 0, 0, 0, 0, 0, 0, 113, 0, 0, 0, 0, 0, 0, 0, 0, 0, 0, 5, 6, 124
"c:\Users\brian\Desktop\Code\My Game\build\_deps\glm-src\doc\api\a00076_source.html", "HTML", 0, 0, 0, 0, 0, 0, 0, 110, 0, 0, 0, 0, 0, 0, 0, 0, 0, 0, 5, 3, 118
"c:\Users\brian\Desktop\Code\My Game\build\_deps\glm-src\doc\api\a00077.html", "HTML", 0, 0, 0, 0, 0, 0, 0, 107, 0, 0, 0, 0, 0, 0, 0, 0, 0, 0, 5, 6, 118
"c:\Users\brian\Desktop\Code\My Game\build\_deps\glm-src\doc\api\a00077_source.html", "HTML", 0, 0, 0, 0, 0, 0, 0, 104, 0, 0, 0, 0, 0, 0, 0, 0, 0, 0, 5, 3, 112
"c:\Users\brian\Desktop\Code\My Game\build\_deps\glm-src\doc\api\a00078.html", "HTML", 0, 0, 0, 0, 0, 0, 0, 113, 0, 0, 0, 0, 0, 0, 0, 0, 0, 0, 5, 6, 124
"c:\Users\brian\Desktop\Code\My Game\build\_deps\glm-src\doc\api\a00078_source.html", "HTML", 0, 0, 0, 0, 0, 0, 0, 110, 0, 0, 0, 0, 0, 0, 0, 0, 0, 0, 5, 3, 118
"c:\Users\brian\Desktop\Code\My Game\build\_deps\glm-src\doc\api\a00079.html", "HTML", 0, 0, 0, 0, 0, 0, 0, 110, 0, 0, 0, 0, 0, 0, 0, 0, 0, 0, 5, 6, 121
"c:\Users\brian\Desktop\Code\My Game\build\_deps\glm-src\doc\api\a00079_source.html", "HTML", 0, 0, 0, 0, 0, 0, 0, 107, 0, 0, 0, 0, 0, 0, 0, 0, 0, 0, 5, 3, 115
"c:\Users\brian\Desktop\Code\My Game\build\_deps\glm-src\doc\api\a00080.html", "HTML", 0, 0, 0, 0, 0, 0, 0, 122, 0, 0, 0, 0, 0, 0, 0, 0, 0, 0, 5, 6, 133
"c:\Users\brian\Desktop\Code\My Game\build\_deps\glm-src\doc\api\a00080_source.html", "HTML", 0, 0, 0, 0, 0, 0, 0, 119, 0, 0, 0, 0, 0, 0, 0, 0, 0, 0, 5, 3, 127
"c:\Users\brian\Desktop\Code\My Game\build\_deps\glm-src\doc\api\a00081.html", "HTML", 0, 0, 0, 0, 0, 0, 0, 121, 0, 0, 0, 0, 0, 0, 0, 0, 0, 0, 5, 6, 132
"c:\Users\brian\Desktop\Code\My Game\build\_deps\glm-src\doc\api\a00081_source.html", "HTML", 0, 0, 0, 0, 0, 0, 0, 135, 0, 0, 0, 0, 0, 0, 0, 0, 0, 0, 5, 3, 143
"c:\Users\brian\Desktop\Code\My Game\build\_deps\glm-src\doc\api\a00082.html", "HTML", 0, 0, 0, 0, 0, 0, 0, 110, 0, 0, 0, 0, 0, 0, 0, 0, 0, 0, 5, 6, 121
"c:\Users\brian\Desktop\Code\My Game\build\_deps\glm-src\doc\api\a00082_source.html", "HTML", 0, 0, 0, 0, 0, 0, 0, 107, 0, 0, 0, 0, 0, 0, 0, 0, 0, 0, 5, 3, 115
"c:\Users\brian\Desktop\Code\My Game\build\_deps\glm-src\doc\api\a00083.html", "HTML", 0, 0, 0, 0, 0, 0, 0, 122, 0, 0, 0, 0, 0, 0, 0, 0, 0, 0, 5, 6, 133
"c:\Users\brian\Desktop\Code\My Game\build\_deps\glm-src\doc\api\a00083_source.html", "HTML", 0, 0, 0, 0, 0, 0, 0, 119, 0, 0, 0, 0, 0, 0, 0, 0, 0, 0, 5, 3, 127
"c:\Users\brian\Desktop\Code\My Game\build\_deps\glm-src\doc\api\a00084.html", "HTML", 0, 0, 0, 0, 0, 0, 0, 107, 0, 0, 0, 0, 0, 0, 0, 0, 0, 0, 5, 6, 118
"c:\Users\brian\Desktop\Code\My Game\build\_deps\glm-src\doc\api\a00084_source.html", "HTML", 0, 0, 0, 0, 0, 0, 0, 104, 0, 0, 0, 0, 0, 0, 0, 0, 0, 0, 5, 3, 112
"c:\Users\brian\Desktop\Code\My Game\build\_deps\glm-src\doc\api\a00085.html", "HTML", 0, 0, 0, 0, 0, 0, 0, 113, 0, 0, 0, 0, 0, 0, 0, 0, 0, 0, 5, 6, 124
"c:\Users\brian\Desktop\Code\My Game\build\_deps\glm-src\doc\api\a00085_source.html", "HTML", 0, 0, 0, 0, 0, 0, 0, 110, 0, 0, 0, 0, 0, 0, 0, 0, 0, 0, 5, 3, 118
"c:\Users\brian\Desktop\Code\My Game\build\_deps\glm-src\doc\api\a00086.html", "HTML", 0, 0, 0, 0, 0, 0, 0, 107, 0, 0, 0, 0, 0, 0, 0, 0, 0, 0, 5, 6, 118
"c:\Users\brian\Desktop\Code\My Game\build\_deps\glm-src\doc\api\a00086_source.html", "HTML", 0, 0, 0, 0, 0, 0, 0, 104, 0, 0, 0, 0, 0, 0, 0, 0, 0, 0, 5, 3, 112
"c:\Users\brian\Desktop\Code\My Game\build\_deps\glm-src\doc\api\a00087.html", "HTML", 0, 0, 0, 0, 0, 0, 0, 113, 0, 0, 0, 0, 0, 0, 0, 0, 0, 0, 5, 6, 124
"c:\Users\brian\Desktop\Code\My Game\build\_deps\glm-src\doc\api\a00087_source.html", "HTML", 0, 0, 0, 0, 0, 0, 0, 110, 0, 0, 0, 0, 0, 0, 0, 0, 0, 0, 5, 3, 118
"c:\Users\brian\Desktop\Code\My Game\build\_deps\glm-src\doc\api\a00088.html", "HTML", 0, 0, 0, 0, 0, 0, 0, 107, 0, 0, 0, 0, 0, 0, 0, 0, 0, 0, 5, 6, 118
"c:\Users\brian\Desktop\Code\My Game\build\_deps\glm-src\doc\api\a00088_source.html", "HTML", 0, 0, 0, 0, 0, 0, 0, 104, 0, 0, 0, 0, 0, 0, 0, 0, 0, 0, 5, 3, 112
"c:\Users\brian\Desktop\Code\My Game\build\_deps\glm-src\doc\api\a00089.html", "HTML", 0, 0, 0, 0, 0, 0, 0, 113, 0, 0, 0, 0, 0, 0, 0, 0, 0, 0, 5, 6, 124
"c:\Users\brian\Desktop\Code\My Game\build\_deps\glm-src\doc\api\a00089_source.html", "HTML", 0, 0, 0, 0, 0, 0, 0, 110, 0, 0, 0, 0, 0, 0, 0, 0, 0, 0, 5, 3, 118
"c:\Users\brian\Desktop\Code\My Game\build\_deps\glm-src\doc\api\a00090.html", "HTML", 0, 0, 0, 0, 0, 0, 0, 110, 0, 0, 0, 0, 0, 0, 0, 0, 0, 0, 5, 6, 121
"c:\Users\brian\Desktop\Code\My Game\build\_deps\glm-src\doc\api\a00090_source.html", "HTML", 0, 0, 0, 0, 0, 0, 0, 107, 0, 0, 0, 0, 0, 0, 0, 0, 0, 0, 5, 3, 115
"c:\Users\brian\Desktop\Code\My Game\build\_deps\glm-src\doc\api\a00091.html", "HTML", 0, 0, 0, 0, 0, 0, 0, 122, 0, 0, 0, 0, 0, 0, 0, 0, 0, 0, 5, 6, 133
"c:\Users\brian\Desktop\Code\My Game\build\_deps\glm-src\doc\api\a00091_source.html", "HTML", 0, 0, 0, 0, 0, 0, 0, 119, 0, 0, 0, 0, 0, 0, 0, 0, 0, 0, 5, 3, 127
"c:\Users\brian\Desktop\Code\My Game\build\_deps\glm-src\doc\api\a00092.html", "HTML", 0, 0, 0, 0, 0, 0, 0, 107, 0, 0, 0, 0, 0, 0, 0, 0, 0, 0, 5, 6, 118
"c:\Users\brian\Desktop\Code\My Game\build\_deps\glm-src\doc\api\a00092_source.html", "HTML", 0, 0, 0, 0, 0, 0, 0, 104, 0, 0, 0, 0, 0, 0, 0, 0, 0, 0, 5, 3, 112
"c:\Users\brian\Desktop\Code\My Game\build\_deps\glm-src\doc\api\a00093.html", "HTML", 0, 0, 0, 0, 0, 0, 0, 113, 0, 0, 0, 0, 0, 0, 0, 0, 0, 0, 5, 6, 124
"c:\Users\brian\Desktop\Code\My Game\build\_deps\glm-src\doc\api\a00093_source.html", "HTML", 0, 0, 0, 0, 0, 0, 0, 110, 0, 0, 0, 0, 0, 0, 0, 0, 0, 0, 5, 3, 118
"c:\Users\brian\Desktop\Code\My Game\build\_deps\glm-src\doc\api\a00094.html", "HTML", 0, 0, 0, 0, 0, 0, 0, 107, 0, 0, 0, 0, 0, 0, 0, 0, 0, 0, 5, 6, 118
"c:\Users\brian\Desktop\Code\My Game\build\_deps\glm-src\doc\api\a00094_source.html", "HTML", 0, 0, 0, 0, 0, 0, 0, 104, 0, 0, 0, 0, 0, 0, 0, 0, 0, 0, 5, 3, 112
"c:\Users\brian\Desktop\Code\My Game\build\_deps\glm-src\doc\api\a00095_source.html", "HTML", 0, 0, 0, 0, 0, 0, 0, 110, 0, 0, 0, 0, 0, 0, 0, 0, 0, 0, 5, 3, 118
"c:\Users\brian\Desktop\Code\My Game\build\_deps\glm-src\doc\api\a00096.html", "HTML", 0, 0, 0, 0, 0, 0, 0, 107, 0, 0, 0, 0, 0, 0, 0, 0, 0, 0, 5, 6, 118
"c:\Users\brian\Desktop\Code\My Game\build\_deps\glm-src\doc\api\a00096_source.html", "HTML", 0, 0, 0, 0, 0, 0, 0, 104, 0, 0, 0, 0, 0, 0, 0, 0, 0, 0, 5, 3, 112
"c:\Users\brian\Desktop\Code\My Game\build\_deps\glm-src\doc\api\a00097.html", "HTML", 0, 0, 0, 0, 0, 0, 0, 113, 0, 0, 0, 0, 0, 0, 0, 0, 0, 0, 5, 6, 124
"c:\Users\brian\Desktop\Code\My Game\build\_deps\glm-src\doc\api\a00097_source.html", "HTML", 0, 0, 0, 0, 0, 0, 0, 110, 0, 0, 0, 0, 0, 0, 0, 0, 0, 0, 5, 3, 118
"c:\Users\brian\Desktop\Code\My Game\build\_deps\glm-src\doc\api\a00098.html", "HTML", 0, 0, 0, 0, 0, 0, 0, 106, 0, 0, 0, 0, 0, 0, 0, 0, 0, 0, 5, 6, 117
"c:\Users\brian\Desktop\Code\My Game\build\_deps\glm-src\doc\api\a00098_source.html", "HTML", 0, 0, 0, 0, 0, 0, 0, 107, 0, 0, 0, 0, 0, 0, 0, 0, 0, 0, 5, 3, 115
"c:\Users\brian\Desktop\Code\My Game\build\_deps\glm-src\doc\api\a00099.html", "HTML", 0, 0, 0, 0, 0, 0, 0, 122, 0, 0, 0, 0, 0, 0, 0, 0, 0, 0, 5, 6, 133
"c:\Users\brian\Desktop\Code\My Game\build\_deps\glm-src\doc\api\a00099_source.html", "HTML", 0, 0, 0, 0, 0, 0, 0, 119, 0, 0, 0, 0, 0, 0, 0, 0, 0, 0, 5, 3, 127
"c:\Users\brian\Desktop\Code\My Game\build\_deps\glm-src\doc\api\a00100.html", "HTML", 0, 0, 0, 0, 0, 0, 0, 393, 0, 0, 0, 0, 0, 0, 0, 0, 0, 0, 5, 6, 404
"c:\Users\brian\Desktop\Code\My Game\build\_deps\glm-src\doc\api\a00100_source.html", "HTML", 0, 0, 0, 0, 0, 0, 0, 470, 0, 0, 0, 0, 0, 0, 0, 0, 0, 0, 5, 3, 478
"c:\Users\brian\Desktop\Code\My Game\build\_deps\glm-src\doc\api\a00101.html", "HTML", 0, 0, 0, 0, 0, 0, 0, 122, 0, 0, 0, 0, 0, 0, 0, 0, 0, 0, 5, 6, 133
"c:\Users\brian\Desktop\Code\My Game\build\_deps\glm-src\doc\api\a00101_source.html", "HTML", 0, 0, 0, 0, 0, 0, 0, 133, 0, 0, 0, 0, 0, 0, 0, 0, 0, 0, 5, 3, 141
"c:\Users\brian\Desktop\Code\My Game\build\_deps\glm-src\doc\api\a00102.html", "HTML", 0, 0, 0, 0, 0, 0, 0, 113, 0, 0, 0, 0, 0, 0, 0, 0, 0, 0, 5, 6, 124
"c:\Users\brian\Desktop\Code\My Game\build\_deps\glm-src\doc\api\a00102_source.html", "HTML", 0, 0, 0, 0, 0, 0, 0, 121, 0, 0, 0, 0, 0, 0, 0, 0, 0, 0, 5, 3, 129
"c:\Users\brian\Desktop\Code\My Game\build\_deps\glm-src\doc\api\a00103.html", "HTML", 0, 0, 0, 0, 0, 0, 0, 155, 0, 0, 0, 0, 0, 0, 0, 0, 0, 0, 5, 6, 166
"c:\Users\brian\Desktop\Code\My Game\build\_deps\glm-src\doc\api\a00103_source.html", "HTML", 0, 0, 0, 0, 0, 0, 0, 179, 0, 0, 0, 0, 0, 0, 0, 0, 0, 0, 5, 3, 187
"c:\Users\brian\Desktop\Code\My Game\build\_deps\glm-src\doc\api\a00104.html", "HTML", 0, 0, 0, 0, 0, 0, 0, 153, 0, 0, 0, 0, 0, 0, 0, 0, 0, 0, 5, 6, 164
"c:\Users\brian\Desktop\Code\My Game\build\_deps\glm-src\doc\api\a00104_source.html", "HTML", 0, 0, 0, 0, 0, 0, 0, 168, 0, 0, 0, 0, 0, 0, 0, 0, 0, 0, 5, 3, 176
"c:\Users\brian\Desktop\Code\My Game\build\_deps\glm-src\doc\api\a00105.html", "HTML", 0, 0, 0, 0, 0, 0, 0, 132, 0, 0, 0, 0, 0, 0, 0, 0, 0, 0, 5, 6, 143
"c:\Users\brian\Desktop\Code\My Game\build\_deps\glm-src\doc\api\a00105_source.html", "HTML", 0, 0, 0, 0, 0, 0, 0, 148, 0, 0, 0, 0, 0, 0, 0, 0, 0, 0, 5, 3, 156
"c:\Users\brian\Desktop\Code\My Game\build\_deps\glm-src\doc\api\a00106.html", "HTML", 0, 0, 0, 0, 0, 0, 0, 139, 0, 0, 0, 0, 0, 0, 0, 0, 0, 0, 5, 6, 150
"c:\Users\brian\Desktop\Code\My Game\build\_deps\glm-src\doc\api\a00106_source.html", "HTML", 0, 0, 0, 0, 0, 0, 0, 144, 0, 0, 0, 0, 0, 0, 0, 0, 0, 0, 5, 3, 152
"c:\Users\brian\Desktop\Code\My Game\build\_deps\glm-src\doc\api\a00107.html", "HTML", 0, 0, 0, 0, 0, 0, 0, 144, 0, 0, 0, 0, 0, 0, 0, 0, 0, 0, 5, 6, 155
"c:\Users\brian\Desktop\Code\My Game\build\_deps\glm-src\doc\api\a00107_source.html", "HTML", 0, 0, 0, 0, 0, 0, 0, 142, 0, 0, 0, 0, 0, 0, 0, 0, 0, 0, 5, 3, 150
"c:\Users\brian\Desktop\Code\My Game\build\_deps\glm-src\doc\api\a00108.html", "HTML", 0, 0, 0, 0, 0, 0, 0, 133, 0, 0, 0, 0, 0, 0, 0, 0, 0, 0, 5, 6, 144
"c:\Users\brian\Desktop\Code\My Game\build\_deps\glm-src\doc\api\a00108_source.html", "HTML", 0, 0, 0, 0, 0, 0, 0, 148, 0, 0, 0, 0, 0, 0, 0, 0, 0, 0, 5, 3, 156
"c:\Users\brian\Desktop\Code\My Game\build\_deps\glm-src\doc\api\a00109.html", "HTML", 0, 0, 0, 0, 0, 0, 0, 103, 0, 0, 0, 0, 0, 0, 0, 0, 0, 0, 5, 6, 114
"c:\Users\brian\Desktop\Code\My Game\build\_deps\glm-src\doc\api\a00109_source.html", "HTML", 0, 0, 0, 0, 0, 0, 0, 109, 0, 0, 0, 0, 0, 0, 0, 0, 0, 0, 5, 3, 117
"c:\Users\brian\Desktop\Code\My Game\build\_deps\glm-src\doc\api\a00110.html", "HTML", 0, 0, 0, 0, 0, 0, 0, 126, 0, 0, 0, 0, 0, 0, 0, 0, 0, 0, 5, 6, 137
"c:\Users\brian\Desktop\Code\My Game\build\_deps\glm-src\doc\api\a00110_source.html", "HTML", 0, 0, 0, 0, 0, 0, 0, 145, 0, 0, 0, 0, 0, 0, 0, 0, 0, 0, 5, 3, 153
"c:\Users\brian\Desktop\Code\My Game\build\_deps\glm-src\doc\api\a00111.html", "HTML", 0, 0, 0, 0, 0, 0, 0, 110, 0, 0, 0, 0, 0, 0, 0, 0, 0, 0, 5, 6, 121
"c:\Users\brian\Desktop\Code\My Game\build\_deps\glm-src\doc\api\a00111_source.html", "HTML", 0, 0, 0, 0, 0, 0, 0, 120, 0, 0, 0, 0, 0, 0, 0, 0, 0, 0, 5, 3, 128
"c:\Users\brian\Desktop\Code\My Game\build\_deps\glm-src\doc\api\a00112.html", "HTML", 0, 0, 0, 0, 0, 0, 0, 117, 0, 0, 0, 0, 0, 0, 0, 0, 0, 0, 5, 6, 128
"c:\Users\brian\Desktop\Code\My Game\build\_deps\glm-src\doc\api\a00112_source.html", "HTML", 0, 0, 0, 0, 0, 0, 0, 132, 0, 0, 0, 0, 0, 0, 0, 0, 0, 0, 5, 3, 140
"c:\Users\brian\Desktop\Code\My Game\build\_deps\glm-src\doc\api\a00113.html", "HTML", 0, 0, 0, 0, 0, 0, 0, 149, 0, 0, 0, 0, 0, 0, 0, 0, 0, 0, 5, 6, 160
"c:\Users\brian\Desktop\Code\My Game\build\_deps\glm-src\doc\api\a00113_source.html", "HTML", 0, 0, 0, 0, 0, 0, 0, 151, 0, 0, 0, 0, 0, 0, 0, 0, 0, 0, 5, 3, 159
"c:\Users\brian\Desktop\Code\My Game\build\_deps\glm-src\doc\api\a00114.html", "HTML", 0, 0, 0, 0, 0, 0, 0, 111, 0, 0, 0, 0, 0, 0, 0, 0, 0, 0, 5, 6, 122
"c:\Users\brian\Desktop\Code\My Game\build\_deps\glm-src\doc\api\a00114_source.html", "HTML", 0, 0, 0, 0, 0, 0, 0, 117, 0, 0, 0, 0, 0, 0, 0, 0, 0, 0, 5, 3, 125
"c:\Users\brian\Desktop\Code\My Game\build\_deps\glm-src\doc\api\a00115.html", "HTML", 0, 0, 0, 0, 0, 0, 0, 115, 0, 0, 0, 0, 0, 0, 0, 0, 0, 0, 5, 6, 126
"c:\Users\brian\Desktop\Code\My Game\build\_deps\glm-src\doc\api\a00115_source.html", "HTML", 0, 0, 0, 0, 0, 0, 0, 121, 0, 0, 0, 0, 0, 0, 0, 0, 0, 0, 5, 3, 129
"c:\Users\brian\Desktop\Code\My Game\build\_deps\glm-src\doc\api\a00116.html", "HTML", 0, 0, 0, 0, 0, 0, 0, 149, 0, 0, 0, 0, 0, 0, 0, 0, 0, 0, 5, 6, 160
"c:\Users\brian\Desktop\Code\My Game\build\_deps\glm-src\doc\api\a00116_source.html", "HTML", 0, 0, 0, 0, 0, 0, 0, 151, 0, 0, 0, 0, 0, 0, 0, 0, 0, 0, 5, 3, 159
"c:\Users\brian\Desktop\Code\My Game\build\_deps\glm-src\doc\api\a00117.html", "HTML", 0, 0, 0, 0, 0, 0, 0, 117, 0, 0, 0, 0, 0, 0, 0, 0, 0, 0, 5, 6, 128
"c:\Users\brian\Desktop\Code\My Game\build\_deps\glm-src\doc\api\a00117_source.html", "HTML", 0, 0, 0, 0, 0, 0, 0, 127, 0, 0, 0, 0, 0, 0, 0, 0, 0, 0, 5, 3, 135
"c:\Users\brian\Desktop\Code\My Game\build\_deps\glm-src\doc\api\a00118.html", "HTML", 0, 0, 0, 0, 0, 0, 0, 115, 0, 0, 0, 0, 0, 0, 0, 0, 0, 0, 5, 6, 126
"c:\Users\brian\Desktop\Code\My Game\build\_deps\glm-src\doc\api\a00118_source.html", "HTML", 0, 0, 0, 0, 0, 0, 0, 122, 0, 0, 0, 0, 0, 0, 0, 0, 0, 0, 5, 3, 130
"c:\Users\brian\Desktop\Code\My Game\build\_deps\glm-src\doc\api\a00119.html", "HTML", 0, 0, 0, 0, 0, 0, 0, 323, 0, 0, 0, 0, 0, 0, 0, 0, 0, 0, 5, 6, 334
"c:\Users\brian\Desktop\Code\My Game\build\_deps\glm-src\doc\api\a00119_source.html", "HTML", 0, 0, 0, 0, 0, 0, 0, 349, 0, 0, 0, 0, 0, 0, 0, 0, 0, 0, 5, 3, 357
"c:\Users\brian\Desktop\Code\My Game\build\_deps\glm-src\doc\api\a00120.html", "HTML", 0, 0, 0, 0, 0, 0, 0, 143, 0, 0, 0, 0, 0, 0, 0, 0, 0, 0, 5, 6, 154
"c:\Users\brian\Desktop\Code\My Game\build\_deps\glm-src\doc\api\a00120_source.html", "HTML", 0, 0, 0, 0, 0, 0, 0, 148, 0, 0, 0, 0, 0, 0, 0, 0, 0, 0, 5, 3, 156
"c:\Users\brian\Desktop\Code\My Game\build\_deps\glm-src\doc\api\a00121.html", "HTML", 0, 0, 0, 0, 0, 0, 0, 111, 0, 0, 0, 0, 0, 0, 0, 0, 0, 0, 5, 6, 122
"c:\Users\brian\Desktop\Code\My Game\build\_deps\glm-src\doc\api\a00121_source.html", "HTML", 0, 0, 0, 0, 0, 0, 0, 118, 0, 0, 0, 0, 0, 0, 0, 0, 0, 0, 5, 3, 126
"c:\Users\brian\Desktop\Code\My Game\build\_deps\glm-src\doc\api\a00122.html", "HTML", 0, 0, 0, 0, 0, 0, 0, 113, 0, 0, 0, 0, 0, 0, 0, 0, 0, 0, 5, 6, 124
"c:\Users\brian\Desktop\Code\My Game\build\_deps\glm-src\doc\api\a00122_source.html", "HTML", 0, 0, 0, 0, 0, 0, 0, 123, 0, 0, 0, 0, 0, 0, 0, 0, 0, 0, 5, 3, 131
"c:\Users\brian\Desktop\Code\My Game\build\_deps\glm-src\doc\api\a00123.html", "HTML", 0, 0, 0, 0, 0, 0, 0, 109, 0, 0, 0, 0, 0, 0, 0, 0, 0, 0, 5, 6, 120
"c:\Users\brian\Desktop\Code\My Game\build\_deps\glm-src\doc\api\a00123_source.html", "HTML", 0, 0, 0, 0, 0, 0, 0, 117, 0, 0, 0, 0, 0, 0, 0, 0, 0, 0, 5, 3, 125
"c:\Users\brian\Desktop\Code\My Game\build\_deps\glm-src\doc\api\a00124_source.html", "HTML", 0, 0, 0, 0, 0, 0, 0, 325, 0, 0, 0, 0, 0, 0, 0, 0, 0, 0, 5, 3, 333
"c:\Users\brian\Desktop\Code\My Game\build\_deps\glm-src\doc\api\a00125.html", "HTML", 0, 0, 0, 0, 0, 0, 0, 167, 0, 0, 0, 0, 0, 0, 0, 0, 0, 0, 5, 6, 178
"c:\Users\brian\Desktop\Code\My Game\build\_deps\glm-src\doc\api\a00125_source.html", "HTML", 0, 0, 0, 0, 0, 0, 0, 188, 0, 0, 0, 0, 0, 0, 0, 0, 0, 0, 5, 3, 196
"c:\Users\brian\Desktop\Code\My Game\build\_deps\glm-src\doc\api\a00126.html", "HTML", 0, 0, 0, 0, 0, 0, 0, 171, 0, 0, 0, 0, 0, 0, 0, 0, 0, 0, 5, 6, 182
"c:\Users\brian\Desktop\Code\My Game\build\_deps\glm-src\doc\api\a00126_source.html", "HTML", 0, 0, 0, 0, 0, 0, 0, 214, 0, 0, 0, 0, 0, 0, 0, 0, 0, 0, 5, 3, 222
"c:\Users\brian\Desktop\Code\My Game\build\_deps\glm-src\doc\api\a00127.html", "HTML", 0, 0, 0, 0, 0, 0, 0, 132, 0, 0, 0, 0, 0, 0, 0, 0, 0, 0, 5, 6, 143
"c:\Users\brian\Desktop\Code\My Game\build\_deps\glm-src\doc\api\a00127_source.html", "HTML", 0, 0, 0, 0, 0, 0, 0, 142, 0, 0, 0, 0, 0, 0, 0, 0, 0, 0, 5, 3, 150
"c:\Users\brian\Desktop\Code\My Game\build\_deps\glm-src\doc\api\a00128.html", "HTML", 0, 0, 0, 0, 0, 0, 0, 108, 0, 0, 0, 0, 0, 0, 0, 0, 0, 0, 5, 6, 119
"c:\Users\brian\Desktop\Code\My Game\build\_deps\glm-src\doc\api\a00128_source.html", "HTML", 0, 0, 0, 0, 0, 0, 0, 111, 0, 0, 0, 0, 0, 0, 0, 0, 0, 0, 5, 3, 119
"c:\Users\brian\Desktop\Code\My Game\build\_deps\glm-src\doc\api\a00129.html", "HTML", 0, 0, 0, 0, 0, 0, 0, 113, 0, 0, 0, 0, 0, 0, 0, 0, 0, 0, 5, 6, 124
"c:\Users\brian\Desktop\Code\My Game\build\_deps\glm-src\doc\api\a00129_source.html", "HTML", 0, 0, 0, 0, 0, 0, 0, 117, 0, 0, 0, 0, 0, 0, 0, 0, 0, 0, 5, 3, 125
"c:\Users\brian\Desktop\Code\My Game\build\_deps\glm-src\doc\api\a00130.html", "HTML", 0, 0, 0, 0, 0, 0, 0, 120, 0, 0, 0, 0, 0, 0, 0, 0, 0, 0, 5, 6, 131
"c:\Users\brian\Desktop\Code\My Game\build\_deps\glm-src\doc\api\a00130_source.html", "HTML", 0, 0, 0, 0, 0, 0, 0, 128, 0, 0, 0, 0, 0, 0, 0, 0, 0, 0, 5, 3, 136
"c:\Users\brian\Desktop\Code\My Game\build\_deps\glm-src\doc\api\a00131.html", "HTML", 0, 0, 0, 0, 0, 0, 0, 108, 0, 0, 0, 0, 0, 0, 0, 0, 0, 0, 5, 6, 119
"c:\Users\brian\Desktop\Code\My Game\build\_deps\glm-src\doc\api\a00131_source.html", "HTML", 0, 0, 0, 0, 0, 0, 0, 111, 0, 0, 0, 0, 0, 0, 0, 0, 0, 0, 5, 3, 119
"c:\Users\brian\Desktop\Code\My Game\build\_deps\glm-src\doc\api\a00132.html", "HTML", 0, 0, 0, 0, 0, 0, 0, 116, 0, 0, 0, 0, 0, 0, 0, 0, 0, 0, 5, 6, 127
"c:\Users\brian\Desktop\Code\My Game\build\_deps\glm-src\doc\api\a00132_source.html", "HTML", 0, 0, 0, 0, 0, 0, 0, 117, 0, 0, 0, 0, 0, 0, 0, 0, 0, 0, 5, 3, 125
"c:\Users\brian\Desktop\Code\My Game\build\_deps\glm-src\doc\api\a00133.html", "HTML", 0, 0, 0, 0, 0, 0, 0, 120, 0, 0, 0, 0, 0, 0, 0, 0, 0, 0, 5, 6, 131
"c:\Users\brian\Desktop\Code\My Game\build\_deps\glm-src\doc\api\a00133_source.html", "HTML", 0, 0, 0, 0, 0, 0, 0, 127, 0, 0, 0, 0, 0, 0, 0, 0, 0, 0, 5, 3, 135
"c:\Users\brian\Desktop\Code\My Game\build\_deps\glm-src\doc\api\a00134.html", "HTML", 0, 0, 0, 0, 0, 0, 0, 120, 0, 0, 0, 0, 0, 0, 0, 0, 0, 0, 5, 6, 131
"c:\Users\brian\Desktop\Code\My Game\build\_deps\glm-src\doc\api\a00134_source.html", "HTML", 0, 0, 0, 0, 0, 0, 0, 124, 0, 0, 0, 0, 0, 0, 0, 0, 0, 0, 5, 3, 132
"c:\Users\brian\Desktop\Code\My Game\build\_deps\glm-src\doc\api\a00135.html", "HTML", 0, 0, 0, 0, 0, 0, 0, 108, 0, 0, 0, 0, 0, 0, 0, 0, 0, 0, 5, 6, 119
"c:\Users\brian\Desktop\Code\My Game\build\_deps\glm-src\doc\api\a00135_source.html", "HTML", 0, 0, 0, 0, 0, 0, 0, 116, 0, 0, 0, 0, 0, 0, 0, 0, 0, 0, 5, 3, 124
"c:\Users\brian\Desktop\Code\My Game\build\_deps\glm-src\doc\api\a00136.html", "HTML", 0, 0, 0, 0, 0, 0, 0, 116, 0, 0, 0, 0, 0, 0, 0, 0, 0, 0, 5, 6, 127
"c:\Users\brian\Desktop\Code\My Game\build\_deps\glm-src\doc\api\a00136_source.html", "HTML", 0, 0, 0, 0, 0, 0, 0, 127, 0, 0, 0, 0, 0, 0, 0, 0, 0, 0, 5, 3, 135
"c:\Users\brian\Desktop\Code\My Game\build\_deps\glm-src\doc\api\a00137.html", "HTML", 0, 0, 0, 0, 0, 0, 0, 135, 0, 0, 0, 0, 0, 0, 0, 0, 0, 0, 5, 6, 146
"c:\Users\brian\Desktop\Code\My Game\build\_deps\glm-src\doc\api\a00137_source.html", "HTML", 0, 0, 0, 0, 0, 0, 0, 138, 0, 0, 0, 0, 0, 0, 0, 0, 0, 0, 5, 3, 146
"c:\Users\brian\Desktop\Code\My Game\build\_deps\glm-src\doc\api\a00138.html", "HTML", 0, 0, 0, 0, 0, 0, 0, 99, 0, 0, 0, 0, 0, 0, 0, 0, 0, 0, 5, 6, 110
"c:\Users\brian\Desktop\Code\My Game\build\_deps\glm-src\doc\api\a00138_source.html", "HTML", 0, 0, 0, 0, 0, 0, 0, 178, 0, 0, 0, 0, 0, 0, 0, 0, 0, 0, 5, 3, 186
"c:\Users\brian\Desktop\Code\My Game\build\_deps\glm-src\doc\api\a00139.html", "HTML", 0, 0, 0, 0, 0, 0, 0, 117, 0, 0, 0, 0, 0, 0, 0, 0, 0, 0, 5, 6, 128
"c:\Users\brian\Desktop\Code\My Game\build\_deps\glm-src\doc\api\a00139_source.html", "HTML", 0, 0, 0, 0, 0, 0, 0, 126, 0, 0, 0, 0, 0, 0, 0, 0, 0, 0, 5, 3, 134
"c:\Users\brian\Desktop\Code\My Game\build\_deps\glm-src\doc\api\a00140.html", "HTML", 0, 0, 0, 0, 0, 0, 0, 153, 0, 0, 0, 0, 0, 0, 0, 0, 0, 0, 5, 6, 164
"c:\Users\brian\Desktop\Code\My Game\build\_deps\glm-src\doc\api\a00140_source.html", "HTML", 0, 0, 0, 0, 0, 0, 0, 158, 0, 0, 0, 0, 0, 0, 0, 0, 0, 0, 5, 3, 166
"c:\Users\brian\Desktop\Code\My Game\build\_deps\glm-src\doc\api\a00141.html", "HTML", 0, 0, 0, 0, 0, 0, 0, 117, 0, 0, 0, 0, 0, 0, 0, 0, 0, 0, 5, 6, 128
"c:\Users\brian\Desktop\Code\My Game\build\_deps\glm-src\doc\api\a00141_source.html", "HTML", 0, 0, 0, 0, 0, 0, 0, 130, 0, 0, 0, 0, 0, 0, 0, 0, 0, 0, 5, 3, 138
"c:\Users\brian\Desktop\Code\My Game\build\_deps\glm-src\doc\api\a00142.html", "HTML", 0, 0, 0, 0, 0, 0, 0, 151, 0, 0, 0, 0, 0, 0, 0, 0, 0, 0, 5, 6, 162
"c:\Users\brian\Desktop\Code\My Game\build\_deps\glm-src\doc\api\a00142_source.html", "HTML", 0, 0, 0, 0, 0, 0, 0, 181, 0, 0, 0, 0, 0, 0, 0, 0, 0, 0, 5, 3, 189
"c:\Users\brian\Desktop\Code\My Game\build\_deps\glm-src\doc\api\a00143.html", "HTML", 0, 0, 0, 0, 0, 0, 0, 155, 0, 0, 0, 0, 0, 0, 0, 0, 0, 0, 5, 6, 166
"c:\Users\brian\Desktop\Code\My Game\build\_deps\glm-src\doc\api\a00143_source.html", "HTML", 0, 0, 0, 0, 0, 0, 0, 156, 0, 0, 0, 0, 0, 0, 0, 0, 0, 0, 5, 3, 164
"c:\Users\brian\Desktop\Code\My Game\build\_deps\glm-src\doc\api\a00144.html", "HTML", 0, 0, 0, 0, 0, 0, 0, 144, 0, 0, 0, 0, 0, 0, 0, 0, 0, 0, 5, 6, 155
"c:\Users\brian\Desktop\Code\My Game\build\_deps\glm-src\doc\api\a00144_source.html", "HTML", 0, 0, 0, 0, 0, 0, 0, 143, 0, 0, 0, 0, 0, 0, 0, 0, 0, 0, 5, 3, 151
"c:\Users\brian\Desktop\Code\My Game\build\_deps\glm-src\doc\api\a00145.html", "HTML", 0, 0, 0, 0, 0, 0, 0, 114, 0, 0, 0, 0, 0, 0, 0, 0, 0, 0, 5, 6, 125
"c:\Users\brian\Desktop\Code\My Game\build\_deps\glm-src\doc\api\a00145_source.html", "HTML", 0, 0, 0, 0, 0, 0, 0, 117, 0, 0, 0, 0, 0, 0, 0, 0, 0, 0, 5, 3, 125
"c:\Users\brian\Desktop\Code\My Game\build\_deps\glm-src\doc\api\a00146.html", "HTML", 0, 0, 0, 0, 0, 0, 0, 120, 0, 0, 0, 0, 0, 0, 0, 0, 0, 0, 5, 6, 131
"c:\Users\brian\Desktop\Code\My Game\build\_deps\glm-src\doc\api\a00146_source.html", "HTML", 0, 0, 0, 0, 0, 0, 0, 152, 0, 0, 0, 0, 0, 0, 0, 0, 0, 0, 5, 3, 160
"c:\Users\brian\Desktop\Code\My Game\build\_deps\glm-src\doc\api\a00147.html", "HTML", 0, 0, 0, 0, 0, 0, 0, 133, 0, 0, 0, 0, 0, 0, 0, 0, 0, 0, 5, 6, 144
"c:\Users\brian\Desktop\Code\My Game\build\_deps\glm-src\doc\api\a00147_source.html", "HTML", 0, 0, 0, 0, 0, 0, 0, 143, 0, 0, 0, 0, 0, 0, 0, 0, 0, 0, 5, 3, 151
"c:\Users\brian\Desktop\Code\My Game\build\_deps\glm-src\doc\api\a00148.html", "HTML", 0, 0, 0, 0, 0, 0, 0, 102, 0, 0, 0, 0, 0, 0, 0, 0, 0, 0, 5, 6, 113
"c:\Users\brian\Desktop\Code\My Game\build\_deps\glm-src\doc\api\a00148_source.html", "HTML", 0, 0, 0, 0, 0, 0, 0, 167, 0, 0, 0, 0, 0, 0, 0, 0, 0, 0, 5, 3, 175
"c:\Users\brian\Desktop\Code\My Game\build\_deps\glm-src\doc\api\a00149.html", "HTML", 0, 0, 0, 0, 0, 0, 0, 120, 0, 0, 0, 0, 0, 0, 0, 0, 0, 0, 5, 6, 131
"c:\Users\brian\Desktop\Code\My Game\build\_deps\glm-src\doc\api\a00149_source.html", "HTML", 0, 0, 0, 0, 0, 0, 0, 123, 0, 0, 0, 0, 0, 0, 0, 0, 0, 0, 5, 3, 131
"c:\Users\brian\Desktop\Code\My Game\build\_deps\glm-src\doc\api\a00150.html", "HTML", 0, 0, 0, 0, 0, 0, 0, 99, 0, 0, 0, 0, 0, 0, 0, 0, 0, 0, 5, 6, 110
"c:\Users\brian\Desktop\Code\My Game\build\_deps\glm-src\doc\api\a00150_source.html", "HTML", 0, 0, 0, 0, 0, 0, 0, 115, 0, 0, 0, 0, 0, 0, 0, 0, 0, 0, 5, 3, 123
"c:\Users\brian\Desktop\Code\My Game\build\_deps\glm-src\doc\api\a00151.html", "HTML", 0, 0, 0, 0, 0, 0, 0, 120, 0, 0, 0, 0, 0, 0, 0, 0, 0, 0, 5, 6, 131
"c:\Users\brian\Desktop\Code\My Game\build\_deps\glm-src\doc\api\a00151_source.html", "HTML", 0, 0, 0, 0, 0, 0, 0, 152, 0, 0, 0, 0, 0, 0, 0, 0, 0, 0, 5, 3, 160
"c:\Users\brian\Desktop\Code\My Game\build\_deps\glm-src\doc\api\a00152.html", "HTML", 0, 0, 0, 0, 0, 0, 0, 126, 0, 0, 0, 0, 0, 0, 0, 0, 0, 0, 5, 6, 137
"c:\Users\brian\Desktop\Code\My Game\build\_deps\glm-src\doc\api\a00152_source.html", "HTML", 0, 0, 0, 0, 0, 0, 0, 127, 0, 0, 0, 0, 0, 0, 0, 0, 0, 0, 5, 3, 135
"c:\Users\brian\Desktop\Code\My Game\build\_deps\glm-src\doc\api\a00153_source.html", "HTML", 0, 0, 0, 0, 0, 0, 0, 1205, 0, 0, 0, 0, 0, 0, 0, 0, 0, 0, 5, 3, 1213
"c:\Users\brian\Desktop\Code\My Game\build\_deps\glm-src\doc\api\a00154.html", "HTML", 0, 0, 0, 0, 0, 0, 0, 117, 0, 0, 0, 0, 0, 0, 0, 0, 0, 0, 5, 6, 128
"c:\Users\brian\Desktop\Code\My Game\build\_deps\glm-src\doc\api\a00154_source.html", "HTML", 0, 0, 0, 0, 0, 0, 0, 141, 0, 0, 0, 0, 0, 0, 0, 0, 0, 0, 5, 3, 149
"c:\Users\brian\Desktop\Code\My Game\build\_deps\glm-src\doc\api\a00155.html", "HTML", 0, 0, 0, 0, 0, 0, 0, 131, 0, 0, 0, 0, 0, 0, 0, 0, 0, 0, 5, 6, 142
"c:\Users\brian\Desktop\Code\My Game\build\_deps\glm-src\doc\api\a00155_source.html", "HTML", 0, 0, 0, 0, 0, 0, 0, 138, 0, 0, 0, 0, 0, 0, 0, 0, 0, 0, 5, 3, 146
"c:\Users\brian\Desktop\Code\My Game\build\_deps\glm-src\doc\api\a00156.html", "HTML", 0, 0, 0, 0, 0, 0, 0, 113, 0, 0, 0, 0, 0, 0, 0, 0, 0, 0, 5, 6, 124
"c:\Users\brian\Desktop\Code\My Game\build\_deps\glm-src\doc\api\a00156_source.html", "HTML", 0, 0, 0, 0, 0, 0, 0, 126, 0, 0, 0, 0, 0, 0, 0, 0, 0, 0, 5, 3, 134
"c:\Users\brian\Desktop\Code\My Game\build\_deps\glm-src\doc\api\a00157.html", "HTML", 0, 0, 0, 0, 0, 0, 0, 109, 0, 0, 0, 0, 0, 0, 0, 0, 0, 0, 5, 6, 120
"c:\Users\brian\Desktop\Code\My Game\build\_deps\glm-src\doc\api\a00157_source.html", "HTML", 0, 0, 0, 0, 0, 0, 0, 120, 0, 0, 0, 0, 0, 0, 0, 0, 0, 0, 5, 3, 128
"c:\Users\brian\Desktop\Code\My Game\build\_deps\glm-src\doc\api\a00158.html", "HTML", 0, 0, 0, 0, 0, 0, 0, 123, 0, 0, 0, 0, 0, 0, 0, 0, 0, 0, 5, 6, 134
"c:\Users\brian\Desktop\Code\My Game\build\_deps\glm-src\doc\api\a00158_source.html", "HTML", 0, 0, 0, 0, 0, 0, 0, 131, 0, 0, 0, 0, 0, 0, 0, 0, 0, 0, 5, 3, 139
"c:\Users\brian\Desktop\Code\My Game\build\_deps\glm-src\doc\api\a00159.html", "HTML", 0, 0, 0, 0, 0, 0, 0, 143, 0, 0, 0, 0, 0, 0, 0, 0, 0, 0, 5, 6, 154
"c:\Users\brian\Desktop\Code\My Game\build\_deps\glm-src\doc\api\a00159_source.html", "HTML", 0, 0, 0, 0, 0, 0, 0, 158, 0, 0, 0, 0, 0, 0, 0, 0, 0, 0, 5, 3, 166
"c:\Users\brian\Desktop\Code\My Game\build\_deps\glm-src\doc\api\a00160.html", "HTML", 0, 0, 0, 0, 0, 0, 0, 165, 0, 0, 0, 0, 0, 0, 0, 0, 0, 0, 5, 6, 176
"c:\Users\brian\Desktop\Code\My Game\build\_deps\glm-src\doc\api\a00160_source.html", "HTML", 0, 0, 0, 0, 0, 0, 0, 165, 0, 0, 0, 0, 0, 0, 0, 0, 0, 0, 5, 3, 173
"c:\Users\brian\Desktop\Code\My Game\build\_deps\glm-src\doc\api\a00161.html", "HTML", 0, 0, 0, 0, 0, 0, 0, 1513, 0, 0, 0, 0, 0, 0, 0, 0, 0, 0, 5, 6, 1524
"c:\Users\brian\Desktop\Code\My Game\build\_deps\glm-src\doc\api\a00161_source.html", "HTML", 0, 0, 0, 0, 0, 0, 0, 1394, 0, 0, 0, 0, 0, 0, 0, 0, 0, 0, 5, 3, 1402
"c:\Users\brian\Desktop\Code\My Game\build\_deps\glm-src\doc\api\a00162.html", "HTML", 0, 0, 0, 0, 0, 0, 0, 725, 0, 0, 0, 0, 0, 0, 0, 0, 0, 0, 5, 6, 736
"c:\Users\brian\Desktop\Code\My Game\build\_deps\glm-src\doc\api\a00162_source.html", "HTML", 0, 0, 0, 0, 0, 0, 0, 835, 0, 0, 0, 0, 0, 0, 0, 0, 0, 0, 5, 3, 843
"c:\Users\brian\Desktop\Code\My Game\build\_deps\glm-src\doc\api\a00163_source.html", "HTML", 0, 0, 0, 0, 0, 0, 0, 162, 0, 0, 0, 0, 0, 0, 0, 0, 0, 0, 5, 3, 170
"c:\Users\brian\Desktop\Code\My Game\build\_deps\glm-src\doc\api\a00164_source.html", "HTML", 0, 0, 0, 0, 0, 0, 0, 109, 0, 0, 0, 0, 0, 0, 0, 0, 0, 0, 5, 3, 117
"c:\Users\brian\Desktop\Code\My Game\build\_deps\glm-src\doc\api\a00165.html", "HTML", 0, 0, 0, 0, 0, 0, 0, 98, 0, 0, 0, 0, 0, 0, 0, 0, 0, 0, 5, 6, 109
"c:\Users\brian\Desktop\Code\My Game\build\_deps\glm-src\doc\api\a00165_source.html", "HTML", 0, 0, 0, 0, 0, 0, 0, 270, 0, 0, 0, 0, 0, 0, 0, 0, 0, 0, 5, 3, 278
"c:\Users\brian\Desktop\Code\My Game\build\_deps\glm-src\doc\api\a00166.html", "HTML", 0, 0, 0, 0, 0, 0, 0, 98, 0, 0, 0, 0, 0, 0, 0, 0, 0, 0, 5, 6, 109
"c:\Users\brian\Desktop\Code\My Game\build\_deps\glm-src\doc\api\a00166_source.html", "HTML", 0, 0, 0, 0, 0, 0, 0, 253, 0, 0, 0, 0, 0, 0, 0, 0, 0, 0, 5, 3, 261
"c:\Users\brian\Desktop\Code\My Game\build\_deps\glm-src\doc\api\a00167.html", "HTML", 0, 0, 0, 0, 0, 0, 0, 98, 0, 0, 0, 0, 0, 0, 0, 0, 0, 0, 5, 6, 109
"c:\Users\brian\Desktop\Code\My Game\build\_deps\glm-src\doc\api\a00167_source.html", "HTML", 0, 0, 0, 0, 0, 0, 0, 255, 0, 0, 0, 0, 0, 0, 0, 0, 0, 0, 5, 3, 263
"c:\Users\brian\Desktop\Code\My Game\build\_deps\glm-src\doc\api\a00168.html", "HTML", 0, 0, 0, 0, 0, 0, 0, 98, 0, 0, 0, 0, 0, 0, 0, 0, 0, 0, 5, 6, 109
"c:\Users\brian\Desktop\Code\My Game\build\_deps\glm-src\doc\api\a00168_source.html", "HTML", 0, 0, 0, 0, 0, 0, 0, 261, 0, 0, 0, 0, 0, 0, 0, 0, 0, 0, 5, 3, 269
"c:\Users\brian\Desktop\Code\My Game\build\_deps\glm-src\doc\api\a00169.html", "HTML", 0, 0, 0, 0, 0, 0, 0, 98, 0, 0, 0, 0, 0, 0, 0, 0, 0, 0, 5, 6, 109
"c:\Users\brian\Desktop\Code\My Game\build\_deps\glm-src\doc\api\a00169_source.html", "HTML", 0, 0, 0, 0, 0, 0, 0, 277, 0, 0, 0, 0, 0, 0, 0, 0, 0, 0, 5, 3, 285
"c:\Users\brian\Desktop\Code\My Game\build\_deps\glm-src\doc\api\a00170.html", "HTML", 0, 0, 0, 0, 0, 0, 0, 98, 0, 0, 0, 0, 0, 0, 0, 0, 0, 0, 5, 6, 109
"c:\Users\brian\Desktop\Code\My Game\build\_deps\glm-src\doc\api\a00170_source.html", "HTML", 0, 0, 0, 0, 0, 0, 0, 260, 0, 0, 0, 0, 0, 0, 0, 0, 0, 0, 5, 3, 268
"c:\Users\brian\Desktop\Code\My Game\build\_deps\glm-src\doc\api\a00171.html", "HTML", 0, 0, 0, 0, 0, 0, 0, 98, 0, 0, 0, 0, 0, 0, 0, 0, 0, 0, 5, 6, 109
"c:\Users\brian\Desktop\Code\My Game\build\_deps\glm-src\doc\api\a00171_source.html", "HTML", 0, 0, 0, 0, 0, 0, 0, 265, 0, 0, 0, 0, 0, 0, 0, 0, 0, 0, 5, 3, 273
"c:\Users\brian\Desktop\Code\My Game\build\_deps\glm-src\doc\api\a00172.html", "HTML", 0, 0, 0, 0, 0, 0, 0, 98, 0, 0, 0, 0, 0, 0, 0, 0, 0, 0, 5, 6, 109
"c:\Users\brian\Desktop\Code\My Game\build\_deps\glm-src\doc\api\a00172_source.html", "HTML", 0, 0, 0, 0, 0, 0, 0, 265, 0, 0, 0, 0, 0, 0, 0, 0, 0, 0, 5, 3, 273
"c:\Users\brian\Desktop\Code\My Game\build\_deps\glm-src\doc\api\a00173.html", "HTML", 0, 0, 0, 0, 0, 0, 0, 98, 0, 0, 0, 0, 0, 0, 0, 0, 0, 0, 5, 6, 109
"c:\Users\brian\Desktop\Code\My Game\build\_deps\glm-src\doc\api\a00173_source.html", "HTML", 0, 0, 0, 0, 0, 0, 0, 282, 0, 0, 0, 0, 0, 0, 0, 0, 0, 0, 5, 3, 290
"c:\Users\brian\Desktop\Code\My Game\build\_deps\glm-src\doc\api\a00174.html", "HTML", 0, 0, 0, 0, 0, 0, 0, 101, 0, 0, 0, 0, 0, 0, 0, 0, 0, 0, 5, 6, 112
"c:\Users\brian\Desktop\Code\My Game\build\_deps\glm-src\doc\api\a00174_source.html", "HTML", 0, 0, 0, 0, 0, 0, 0, 1675, 0, 0, 0, 0, 0, 0, 0, 0, 0, 0, 5, 3, 1683
"c:\Users\brian\Desktop\Code\My Game\build\_deps\glm-src\doc\api\a00175.html", "HTML", 0, 0, 0, 0, 0, 0, 0, 239, 0, 0, 0, 0, 0, 0, 0, 0, 0, 0, 5, 6, 250
"c:\Users\brian\Desktop\Code\My Game\build\_deps\glm-src\doc\api\a00175_source.html", "HTML", 0, 0, 0, 0, 0, 0, 0, 240, 0, 0, 0, 0, 0, 0, 0, 0, 0, 0, 5, 3, 248
"c:\Users\brian\Desktop\Code\My Game\build\_deps\glm-src\doc\api\a00176.html", "HTML", 0, 0, 0, 0, 0, 0, 0, 98, 0, 0, 0, 0, 0, 0, 0, 0, 0, 0, 5, 6, 109
"c:\Users\brian\Desktop\Code\My Game\build\_deps\glm-src\doc\api\a00176_source.html", "HTML", 0, 0, 0, 0, 0, 0, 0, 262, 0, 0, 0, 0, 0, 0, 0, 0, 0, 0, 5, 3, 270
"c:\Users\brian\Desktop\Code\My Game\build\_deps\glm-src\doc\api\a00177.html", "HTML", 0, 0, 0, 0, 0, 0, 0, 99, 0, 0, 0, 0, 0, 0, 0, 0, 0, 0, 5, 6, 110
"c:\Users\brian\Desktop\Code\My Game\build\_deps\glm-src\doc\api\a00177_source.html", "HTML", 0, 0, 0, 0, 0, 0, 0, 164, 0, 0, 0, 0, 0, 0, 0, 0, 0, 0, 5, 3, 172
"c:\Users\brian\Desktop\Code\My Game\build\_deps\glm-src\doc\api\a00178.html", "HTML", 0, 0, 0, 0, 0, 0, 0, 98, 0, 0, 0, 0, 0, 0, 0, 0, 0, 0, 5, 6, 109
"c:\Users\brian\Desktop\Code\My Game\build\_deps\glm-src\doc\api\a00178_source.html", "HTML", 0, 0, 0, 0, 0, 0, 0, 395, 0, 0, 0, 0, 0, 0, 0, 0, 0, 0, 5, 3, 403
"c:\Users\brian\Desktop\Code\My Game\build\_deps\glm-src\doc\api\a00179.html", "HTML", 0, 0, 0, 0, 0, 0, 0, 98, 0, 0, 0, 0, 0, 0, 0, 0, 0, 0, 5, 6, 109
"c:\Users\brian\Desktop\Code\My Game\build\_deps\glm-src\doc\api\a00179_source.html", "HTML", 0, 0, 0, 0, 0, 0, 0, 486, 0, 0, 0, 0, 0, 0, 0, 0, 0, 0, 5, 3, 494
"c:\Users\brian\Desktop\Code\My Game\build\_deps\glm-src\doc\api\a00180.html", "HTML", 0, 0, 0, 0, 0, 0, 0, 98, 0, 0, 0, 0, 0, 0, 0, 0, 0, 0, 5, 6, 109
"c:\Users\brian\Desktop\Code\My Game\build\_deps\glm-src\doc\api\a00180_source.html", "HTML", 0, 0, 0, 0, 0, 0, 0, 516, 0, 0, 0, 0, 0, 0, 0, 0, 0, 0, 5, 3, 524
"c:\Users\brian\Desktop\Code\My Game\build\_deps\glm-src\doc\api\a00181.html", "HTML", 0, 0, 0, 0, 0, 0, 0, 98, 0, 0, 0, 0, 0, 0, 0, 0, 0, 0, 5, 6, 109
"c:\Users\brian\Desktop\Code\My Game\build\_deps\glm-src\doc\api\a00181_source.html", "HTML", 0, 0, 0, 0, 0, 0, 0, 577, 0, 0, 0, 0, 0, 0, 0, 0, 0, 0, 5, 3, 585
"c:\Users\brian\Desktop\Code\My Game\build\_deps\glm-src\doc\api\a00182.html", "HTML", 0, 0, 0, 0, 0, 0, 0, 159, 0, 0, 0, 0, 0, 0, 0, 0, 0, 0, 5, 6, 170
"c:\Users\brian\Desktop\Code\My Game\build\_deps\glm-src\doc\api\a00182_source.html", "HTML", 0, 0, 0, 0, 0, 0, 0, 152, 0, 0, 0, 0, 0, 0, 0, 0, 0, 0, 5, 3, 160
"c:\Users\brian\Desktop\Code\My Game\build\_deps\glm-src\doc\api\a00183.html", "HTML", 0, 0, 0, 0, 0, 0, 0, 99, 0, 0, 0, 0, 0, 0, 0, 0, 0, 0, 5, 6, 110
"c:\Users\brian\Desktop\Code\My Game\build\_deps\glm-src\doc\api\a00183_source.html", "HTML", 0, 0, 0, 0, 0, 0, 0, 111, 0, 0, 0, 0, 0, 0, 0, 0, 0, 0, 5, 3, 119
"c:\Users\brian\Desktop\Code\My Game\build\_deps\glm-src\doc\api\a00184.html", "HTML", 0, 0, 0, 0, 0, 0, 0, 98, 0, 0, 0, 0, 0, 0, 0, 0, 0, 0, 5, 6, 109
"c:\Users\brian\Desktop\Code\My Game\build\_deps\glm-src\doc\api\a00184_source.html", "HTML", 0, 0, 0, 0, 0, 0, 0, 114, 0, 0, 0, 0, 0, 0, 0, 0, 0, 0, 5, 3, 122
"c:\Users\brian\Desktop\Code\My Game\build\_deps\glm-src\doc\api\a00185.html", "HTML", 0, 0, 0, 0, 0, 0, 0, 98, 0, 0, 0, 0, 0, 0, 0, 0, 0, 0, 5, 6, 109
"c:\Users\brian\Desktop\Code\My Game\build\_deps\glm-src\doc\api\a00185_source.html", "HTML", 0, 0, 0, 0, 0, 0, 0, 114, 0, 0, 0, 0, 0, 0, 0, 0, 0, 0, 5, 3, 122
"c:\Users\brian\Desktop\Code\My Game\build\_deps\glm-src\doc\api\a00186.html", "HTML", 0, 0, 0, 0, 0, 0, 0, 98, 0, 0, 0, 0, 0, 0, 0, 0, 0, 0, 5, 6, 109
"c:\Users\brian\Desktop\Code\My Game\build\_deps\glm-src\doc\api\a00186_source.html", "HTML", 0, 0, 0, 0, 0, 0, 0, 115, 0, 0, 0, 0, 0, 0, 0, 0, 0, 0, 5, 3, 123
"c:\Users\brian\Desktop\Code\My Game\build\_deps\glm-src\doc\api\a00187.html", "HTML", 0, 0, 0, 0, 0, 0, 0, 99, 0, 0, 0, 0, 0, 0, 0, 0, 0, 0, 5, 6, 110
"c:\Users\brian\Desktop\Code\My Game\build\_deps\glm-src\doc\api\a00187_source.html", "HTML", 0, 0, 0, 0, 0, 0, 0, 2864, 0, 0, 0, 0, 0, 0, 0, 0, 0, 0, 5, 3, 2872
"c:\Users\brian\Desktop\Code\My Game\build\_deps\glm-src\doc\api\a00188.html", "HTML", 0, 0, 0, 0, 0, 0, 0, 121, 0, 0, 0, 0, 0, 0, 0, 0, 0, 0, 5, 6, 132
"c:\Users\brian\Desktop\Code\My Game\build\_deps\glm-src\doc\api\a00188_source.html", "HTML", 0, 0, 0, 0, 0, 0, 0, 127, 0, 0, 0, 0, 0, 0, 0, 0, 0, 0, 5, 3, 135
"c:\Users\brian\Desktop\Code\My Game\build\_deps\glm-src\doc\api\a00189.html", "HTML", 0, 0, 0, 0, 0, 0, 0, 108, 0, 0, 0, 0, 0, 0, 0, 0, 0, 0, 5, 6, 119
"c:\Users\brian\Desktop\Code\My Game\build\_deps\glm-src\doc\api\a00189_source.html", "HTML", 0, 0, 0, 0, 0, 0, 0, 109, 0, 0, 0, 0, 0, 0, 0, 0, 0, 0, 5, 3, 117
"c:\Users\brian\Desktop\Code\My Game\build\_deps\glm-src\doc\api\a00190.html", "HTML", 0, 0, 0, 0, 0, 0, 0, 116, 0, 0, 0, 0, 0, 0, 0, 0, 0, 0, 5, 6, 127
"c:\Users\brian\Desktop\Code\My Game\build\_deps\glm-src\doc\api\a00190_source.html", "HTML", 0, 0, 0, 0, 0, 0, 0, 115, 0, 0, 0, 0, 0, 0, 0, 0, 0, 0, 5, 3, 123
"c:\Users\brian\Desktop\Code\My Game\build\_deps\glm-src\doc\api\a00191.html", "HTML", 0, 0, 0, 0, 0, 0, 0, 107, 0, 0, 0, 0, 0, 0, 0, 0, 0, 0, 5, 6, 118
"c:\Users\brian\Desktop\Code\My Game\build\_deps\glm-src\doc\api\a00191_source.html", "HTML", 0, 0, 0, 0, 0, 0, 0, 104, 0, 0, 0, 0, 0, 0, 0, 0, 0, 0, 5, 3, 112
"c:\Users\brian\Desktop\Code\My Game\build\_deps\glm-src\doc\api\a00192.html", "HTML", 0, 0, 0, 0, 0, 0, 0, 113, 0, 0, 0, 0, 0, 0, 0, 0, 0, 0, 5, 6, 124
"c:\Users\brian\Desktop\Code\My Game\build\_deps\glm-src\doc\api\a00192_source.html", "HTML", 0, 0, 0, 0, 0, 0, 0, 110, 0, 0, 0, 0, 0, 0, 0, 0, 0, 0, 5, 3, 118
"c:\Users\brian\Desktop\Code\My Game\build\_deps\glm-src\doc\api\a00193.html", "HTML", 0, 0, 0, 0, 0, 0, 0, 107, 0, 0, 0, 0, 0, 0, 0, 0, 0, 0, 5, 6, 118
"c:\Users\brian\Desktop\Code\My Game\build\_deps\glm-src\doc\api\a00193_source.html", "HTML", 0, 0, 0, 0, 0, 0, 0, 104, 0, 0, 0, 0, 0, 0, 0, 0, 0, 0, 5, 3, 112
"c:\Users\brian\Desktop\Code\My Game\build\_deps\glm-src\doc\api\a00194.html", "HTML", 0, 0, 0, 0, 0, 0, 0, 113, 0, 0, 0, 0, 0, 0, 0, 0, 0, 0, 5, 6, 124
"c:\Users\brian\Desktop\Code\My Game\build\_deps\glm-src\doc\api\a00194_source.html", "HTML", 0, 0, 0, 0, 0, 0, 0, 110, 0, 0, 0, 0, 0, 0, 0, 0, 0, 0, 5, 3, 118
"c:\Users\brian\Desktop\Code\My Game\build\_deps\glm-src\doc\api\a00195.html", "HTML", 0, 0, 0, 0, 0, 0, 0, 107, 0, 0, 0, 0, 0, 0, 0, 0, 0, 0, 5, 6, 118
"c:\Users\brian\Desktop\Code\My Game\build\_deps\glm-src\doc\api\a00195_source.html", "HTML", 0, 0, 0, 0, 0, 0, 0, 104, 0, 0, 0, 0, 0, 0, 0, 0, 0, 0, 5, 3, 112
"c:\Users\brian\Desktop\Code\My Game\build\_deps\glm-src\doc\api\a00196.html", "HTML", 0, 0, 0, 0, 0, 0, 0, 113, 0, 0, 0, 0, 0, 0, 0, 0, 0, 0, 5, 6, 124
"c:\Users\brian\Desktop\Code\My Game\build\_deps\glm-src\doc\api\a00196_source.html", "HTML", 0, 0, 0, 0, 0, 0, 0, 110, 0, 0, 0, 0, 0, 0, 0, 0, 0, 0, 5, 3, 118
"c:\Users\brian\Desktop\Code\My Game\build\_deps\glm-src\doc\api\a00197.html", "HTML", 0, 0, 0, 0, 0, 0, 0, 152, 0, 0, 0, 0, 0, 0, 0, 0, 0, 0, 5, 6, 163
"c:\Users\brian\Desktop\Code\My Game\build\_deps\glm-src\doc\api\a00197_source.html", "HTML", 0, 0, 0, 0, 0, 0, 0, 150, 0, 0, 0, 0, 0, 0, 0, 0, 0, 0, 5, 3, 158
"c:\Users\brian\Desktop\Code\My Game\build\_deps\glm-src\doc\api\a00198.html", "HTML", 0, 0, 0, 0, 0, 0, 0, 108, 0, 0, 0, 0, 0, 0, 0, 0, 0, 0, 5, 6, 119
"c:\Users\brian\Desktop\Code\My Game\build\_deps\glm-src\doc\api\a00198_source.html", "HTML", 0, 0, 0, 0, 0, 0, 0, 109, 0, 0, 0, 0, 0, 0, 0, 0, 0, 0, 5, 3, 117
"c:\Users\brian\Desktop\Code\My Game\build\_deps\glm-src\doc\api\a00199.html", "HTML", 0, 0, 0, 0, 0, 0, 0, 116, 0, 0, 0, 0, 0, 0, 0, 0, 0, 0, 5, 6, 127
"c:\Users\brian\Desktop\Code\My Game\build\_deps\glm-src\doc\api\a00199_source.html", "HTML", 0, 0, 0, 0, 0, 0, 0, 115, 0, 0, 0, 0, 0, 0, 0, 0, 0, 0, 5, 3, 123
"c:\Users\brian\Desktop\Code\My Game\build\_deps\glm-src\doc\api\a00200.html", "HTML", 0, 0, 0, 0, 0, 0, 0, 107, 0, 0, 0, 0, 0, 0, 0, 0, 0, 0, 5, 6, 118
"c:\Users\brian\Desktop\Code\My Game\build\_deps\glm-src\doc\api\a00200_source.html", "HTML", 0, 0, 0, 0, 0, 0, 0, 104, 0, 0, 0, 0, 0, 0, 0, 0, 0, 0, 5, 3, 112
"c:\Users\brian\Desktop\Code\My Game\build\_deps\glm-src\doc\api\a00201.html", "HTML", 0, 0, 0, 0, 0, 0, 0, 113, 0, 0, 0, 0, 0, 0, 0, 0, 0, 0, 5, 6, 124
"c:\Users\brian\Desktop\Code\My Game\build\_deps\glm-src\doc\api\a00201_source.html", "HTML", 0, 0, 0, 0, 0, 0, 0, 110, 0, 0, 0, 0, 0, 0, 0, 0, 0, 0, 5, 3, 118
"c:\Users\brian\Desktop\Code\My Game\build\_deps\glm-src\doc\api\a00202.html", "HTML", 0, 0, 0, 0, 0, 0, 0, 107, 0, 0, 0, 0, 0, 0, 0, 0, 0, 0, 5, 6, 118
"c:\Users\brian\Desktop\Code\My Game\build\_deps\glm-src\doc\api\a00202_source.html", "HTML", 0, 0, 0, 0, 0, 0, 0, 104, 0, 0, 0, 0, 0, 0, 0, 0, 0, 0, 5, 3, 112
"c:\Users\brian\Desktop\Code\My Game\build\_deps\glm-src\doc\api\a00203.html", "HTML", 0, 0, 0, 0, 0, 0, 0, 113, 0, 0, 0, 0, 0, 0, 0, 0, 0, 0, 5, 6, 124
"c:\Users\brian\Desktop\Code\My Game\build\_deps\glm-src\doc\api\a00203_source.html", "HTML", 0, 0, 0, 0, 0, 0, 0, 110, 0, 0, 0, 0, 0, 0, 0, 0, 0, 0, 5, 3, 118
"c:\Users\brian\Desktop\Code\My Game\build\_deps\glm-src\doc\api\a00204.html", "HTML", 0, 0, 0, 0, 0, 0, 0, 107, 0, 0, 0, 0, 0, 0, 0, 0, 0, 0, 5, 6, 118
"c:\Users\brian\Desktop\Code\My Game\build\_deps\glm-src\doc\api\a00204_source.html", "HTML", 0, 0, 0, 0, 0, 0, 0, 104, 0, 0, 0, 0, 0, 0, 0, 0, 0, 0, 5, 3, 112
"c:\Users\brian\Desktop\Code\My Game\build\_deps\glm-src\doc\api\a00205.html", "HTML", 0, 0, 0, 0, 0, 0, 0, 113, 0, 0, 0, 0, 0, 0, 0, 0, 0, 0, 5, 6, 124
"c:\Users\brian\Desktop\Code\My Game\build\_deps\glm-src\doc\api\a00205_source.html", "HTML", 0, 0, 0, 0, 0, 0, 0, 111, 0, 0, 0, 0, 0, 0, 0, 0, 0, 0, 5, 3, 119
"c:\Users\brian\Desktop\Code\My Game\build\_deps\glm-src\doc\api\a00206.html", "HTML", 0, 0, 0, 0, 0, 0, 0, 108, 0, 0, 0, 0, 0, 0, 0, 0, 0, 0, 5, 6, 119
"c:\Users\brian\Desktop\Code\My Game\build\_deps\glm-src\doc\api\a00206_source.html", "HTML", 0, 0, 0, 0, 0, 0, 0, 109, 0, 0, 0, 0, 0, 0, 0, 0, 0, 0, 5, 3, 117
"c:\Users\brian\Desktop\Code\My Game\build\_deps\glm-src\doc\api\a00207.html", "HTML", 0, 0, 0, 0, 0, 0, 0, 116, 0, 0, 0, 0, 0, 0, 0, 0, 0, 0, 5, 6, 127
"c:\Users\brian\Desktop\Code\My Game\build\_deps\glm-src\doc\api\a00207_source.html", "HTML", 0, 0, 0, 0, 0, 0, 0, 115, 0, 0, 0, 0, 0, 0, 0, 0, 0, 0, 5, 3, 123
"c:\Users\brian\Desktop\Code\My Game\build\_deps\glm-src\doc\api\a00208.html", "HTML", 0, 0, 0, 0, 0, 0, 0, 107, 0, 0, 0, 0, 0, 0, 0, 0, 0, 0, 5, 6, 118
"c:\Users\brian\Desktop\Code\My Game\build\_deps\glm-src\doc\api\a00208_source.html", "HTML", 0, 0, 0, 0, 0, 0, 0, 104, 0, 0, 0, 0, 0, 0, 0, 0, 0, 0, 5, 3, 112
"c:\Users\brian\Desktop\Code\My Game\build\_deps\glm-src\doc\api\a00209.html", "HTML", 0, 0, 0, 0, 0, 0, 0, 113, 0, 0, 0, 0, 0, 0, 0, 0, 0, 0, 5, 6, 124
"c:\Users\brian\Desktop\Code\My Game\build\_deps\glm-src\doc\api\a00209_source.html", "HTML", 0, 0, 0, 0, 0, 0, 0, 110, 0, 0, 0, 0, 0, 0, 0, 0, 0, 0, 5, 3, 118
"c:\Users\brian\Desktop\Code\My Game\build\_deps\glm-src\doc\api\a00210.html", "HTML", 0, 0, 0, 0, 0, 0, 0, 107, 0, 0, 0, 0, 0, 0, 0, 0, 0, 0, 5, 6, 118
"c:\Users\brian\Desktop\Code\My Game\build\_deps\glm-src\doc\api\a00210_source.html", "HTML", 0, 0, 0, 0, 0, 0, 0, 104, 0, 0, 0, 0, 0, 0, 0, 0, 0, 0, 5, 3, 112
"c:\Users\brian\Desktop\Code\My Game\build\_deps\glm-src\doc\api\a00211.html", "HTML", 0, 0, 0, 0, 0, 0, 0, 113, 0, 0, 0, 0, 0, 0, 0, 0, 0, 0, 5, 6, 124
"c:\Users\brian\Desktop\Code\My Game\build\_deps\glm-src\doc\api\a00211_source.html", "HTML", 0, 0, 0, 0, 0, 0, 0, 110, 0, 0, 0, 0, 0, 0, 0, 0, 0, 0, 5, 3, 118
"c:\Users\brian\Desktop\Code\My Game\build\_deps\glm-src\doc\api\a00212.html", "HTML", 0, 0, 0, 0, 0, 0, 0, 107, 0, 0, 0, 0, 0, 0, 0, 0, 0, 0, 5, 6, 118
"c:\Users\brian\Desktop\Code\My Game\build\_deps\glm-src\doc\api\a00212_source.html", "HTML", 0, 0, 0, 0, 0, 0, 0, 104, 0, 0, 0, 0, 0, 0, 0, 0, 0, 0, 5, 3, 112
"c:\Users\brian\Desktop\Code\My Game\build\_deps\glm-src\doc\api\a00213.html", "HTML", 0, 0, 0, 0, 0, 0, 0, 113, 0, 0, 0, 0, 0, 0, 0, 0, 0, 0, 5, 6, 124
"c:\Users\brian\Desktop\Code\My Game\build\_deps\glm-src\doc\api\a00213_source.html", "HTML", 0, 0, 0, 0, 0, 0, 0, 110, 0, 0, 0, 0, 0, 0, 0, 0, 0, 0, 5, 3, 118
"c:\Users\brian\Desktop\Code\My Game\build\_deps\glm-src\doc\api\a00214.html", "HTML", 0, 0, 0, 0, 0, 0, 0, 108, 0, 0, 0, 0, 0, 0, 0, 0, 0, 0, 5, 6, 119
"c:\Users\brian\Desktop\Code\My Game\build\_deps\glm-src\doc\api\a00214_source.html", "HTML", 0, 0, 0, 0, 0, 0, 0, 110, 0, 0, 0, 0, 0, 0, 0, 0, 0, 0, 5, 3, 118
"c:\Users\brian\Desktop\Code\My Game\build\_deps\glm-src\doc\api\a00215.html", "HTML", 0, 0, 0, 0, 0, 0, 0, 116, 0, 0, 0, 0, 0, 0, 0, 0, 0, 0, 5, 6, 127
"c:\Users\brian\Desktop\Code\My Game\build\_deps\glm-src\doc\api\a00215_source.html", "HTML", 0, 0, 0, 0, 0, 0, 0, 115, 0, 0, 0, 0, 0, 0, 0, 0, 0, 0, 5, 3, 123
"c:\Users\brian\Desktop\Code\My Game\build\_deps\glm-src\doc\api\a00216.html", "HTML", 0, 0, 0, 0, 0, 0, 0, 107, 0, 0, 0, 0, 0, 0, 0, 0, 0, 0, 5, 6, 118
"c:\Users\brian\Desktop\Code\My Game\build\_deps\glm-src\doc\api\a00216_source.html", "HTML", 0, 0, 0, 0, 0, 0, 0, 104, 0, 0, 0, 0, 0, 0, 0, 0, 0, 0, 5, 3, 112
"c:\Users\brian\Desktop\Code\My Game\build\_deps\glm-src\doc\api\a00217.html", "HTML", 0, 0, 0, 0, 0, 0, 0, 113, 0, 0, 0, 0, 0, 0, 0, 0, 0, 0, 5, 6, 124
"c:\Users\brian\Desktop\Code\My Game\build\_deps\glm-src\doc\api\a00217_source.html", "HTML", 0, 0, 0, 0, 0, 0, 0, 110, 0, 0, 0, 0, 0, 0, 0, 0, 0, 0, 5, 3, 118
"c:\Users\brian\Desktop\Code\My Game\build\_deps\glm-src\doc\api\a00218.html", "HTML", 0, 0, 0, 0, 0, 0, 0, 107, 0, 0, 0, 0, 0, 0, 0, 0, 0, 0, 5, 6, 118
"c:\Users\brian\Desktop\Code\My Game\build\_deps\glm-src\doc\api\a00218_source.html", "HTML", 0, 0, 0, 0, 0, 0, 0, 104, 0, 0, 0, 0, 0, 0, 0, 0, 0, 0, 5, 3, 112
"c:\Users\brian\Desktop\Code\My Game\build\_deps\glm-src\doc\api\a00219.html", "HTML", 0, 0, 0, 0, 0, 0, 0, 113, 0, 0, 0, 0, 0, 0, 0, 0, 0, 0, 5, 6, 124
"c:\Users\brian\Desktop\Code\My Game\build\_deps\glm-src\doc\api\a00219_source.html", "HTML", 0, 0, 0, 0, 0, 0, 0, 110, 0, 0, 0, 0, 0, 0, 0, 0, 0, 0, 5, 3, 118
"c:\Users\brian\Desktop\Code\My Game\build\_deps\glm-src\doc\api\a00220.html", "HTML", 0, 0, 0, 0, 0, 0, 0, 107, 0, 0, 0, 0, 0, 0, 0, 0, 0, 0, 5, 6, 118
"c:\Users\brian\Desktop\Code\My Game\build\_deps\glm-src\doc\api\a00220_source.html", "HTML", 0, 0, 0, 0, 0, 0, 0, 104, 0, 0, 0, 0, 0, 0, 0, 0, 0, 0, 5, 3, 112
"c:\Users\brian\Desktop\Code\My Game\build\_deps\glm-src\doc\api\a00221.html", "HTML", 0, 0, 0, 0, 0, 0, 0, 113, 0, 0, 0, 0, 0, 0, 0, 0, 0, 0, 5, 6, 124
"c:\Users\brian\Desktop\Code\My Game\build\_deps\glm-src\doc\api\a00221_source.html", "HTML", 0, 0, 0, 0, 0, 0, 0, 110, 0, 0, 0, 0, 0, 0, 0, 0, 0, 0, 5, 3, 118
"c:\Users\brian\Desktop\Code\My Game\build\_deps\glm-src\doc\api\a00222.html", "HTML", 0, 0, 0, 0, 0, 0, 0, 147, 0, 0, 0, 0, 0, 0, 0, 0, 0, 0, 5, 6, 158
"c:\Users\brian\Desktop\Code\My Game\build\_deps\glm-src\doc\api\a00222_source.html", "HTML", 0, 0, 0, 0, 0, 0, 0, 151, 0, 0, 0, 0, 0, 0, 0, 0, 0, 0, 5, 3, 159
"c:\Users\brian\Desktop\Code\My Game\build\_deps\glm-src\doc\api\a00223.html", "HTML", 0, 0, 0, 0, 0, 0, 0, 129, 0, 0, 0, 0, 0, 0, 0, 0, 0, 0, 5, 6, 140
"c:\Users\brian\Desktop\Code\My Game\build\_deps\glm-src\doc\api\a00223_source.html", "HTML", 0, 0, 0, 0, 0, 0, 0, 140, 0, 0, 0, 0, 0, 0, 0, 0, 0, 0, 5, 3, 148
"c:\Users\brian\Desktop\Code\My Game\build\_deps\glm-src\doc\api\a00224.html", "HTML", 0, 0, 0, 0, 0, 0, 0, 139, 0, 0, 0, 0, 0, 0, 0, 0, 0, 0, 5, 6, 150
"c:\Users\brian\Desktop\Code\My Game\build\_deps\glm-src\doc\api\a00224_source.html", "HTML", 0, 0, 0, 0, 0, 0, 0, 136, 0, 0, 0, 0, 0, 0, 0, 0, 0, 0, 5, 3, 144
"c:\Users\brian\Desktop\Code\My Game\build\_deps\glm-src\doc\api\a00225.html", "HTML", 0, 0, 0, 0, 0, 0, 0, 141, 0, 0, 0, 0, 0, 0, 0, 0, 0, 0, 5, 6, 152
"c:\Users\brian\Desktop\Code\My Game\build\_deps\glm-src\doc\api\a00225_source.html", "HTML", 0, 0, 0, 0, 0, 0, 0, 141, 0, 0, 0, 0, 0, 0, 0, 0, 0, 0, 5, 3, 149
"c:\Users\brian\Desktop\Code\My Game\build\_deps\glm-src\doc\api\a00226.html", "HTML", 0, 0, 0, 0, 0, 0, 0, 108, 0, 0, 0, 0, 0, 0, 0, 0, 0, 0, 5, 6, 119
"c:\Users\brian\Desktop\Code\My Game\build\_deps\glm-src\doc\api\a00226_source.html", "HTML", 0, 0, 0, 0, 0, 0, 0, 110, 0, 0, 0, 0, 0, 0, 0, 0, 0, 0, 5, 3, 118
"c:\Users\brian\Desktop\Code\My Game\build\_deps\glm-src\doc\api\a00227.html", "HTML", 0, 0, 0, 0, 0, 0, 0, 113, 0, 0, 0, 0, 0, 0, 0, 0, 0, 0, 5, 6, 124
"c:\Users\brian\Desktop\Code\My Game\build\_deps\glm-src\doc\api\a00227_source.html", "HTML", 0, 0, 0, 0, 0, 0, 0, 115, 0, 0, 0, 0, 0, 0, 0, 0, 0, 0, 5, 3, 123
"c:\Users\brian\Desktop\Code\My Game\build\_deps\glm-src\doc\api\a00228.html", "HTML", 0, 0, 0, 0, 0, 0, 0, 107, 0, 0, 0, 0, 0, 0, 0, 0, 0, 0, 5, 6, 118
"c:\Users\brian\Desktop\Code\My Game\build\_deps\glm-src\doc\api\a00228_source.html", "HTML", 0, 0, 0, 0, 0, 0, 0, 104, 0, 0, 0, 0, 0, 0, 0, 0, 0, 0, 5, 3, 112
"c:\Users\brian\Desktop\Code\My Game\build\_deps\glm-src\doc\api\a00229.html", "HTML", 0, 0, 0, 0, 0, 0, 0, 113, 0, 0, 0, 0, 0, 0, 0, 0, 0, 0, 5, 6, 124
"c:\Users\brian\Desktop\Code\My Game\build\_deps\glm-src\doc\api\a00229_source.html", "HTML", 0, 0, 0, 0, 0, 0, 0, 110, 0, 0, 0, 0, 0, 0, 0, 0, 0, 0, 5, 3, 118
"c:\Users\brian\Desktop\Code\My Game\build\_deps\glm-src\doc\api\a00230.html", "HTML", 0, 0, 0, 0, 0, 0, 0, 107, 0, 0, 0, 0, 0, 0, 0, 0, 0, 0, 5, 6, 118
"c:\Users\brian\Desktop\Code\My Game\build\_deps\glm-src\doc\api\a00230_source.html", "HTML", 0, 0, 0, 0, 0, 0, 0, 104, 0, 0, 0, 0, 0, 0, 0, 0, 0, 0, 5, 3, 112
"c:\Users\brian\Desktop\Code\My Game\build\_deps\glm-src\doc\api\a00231.html", "HTML", 0, 0, 0, 0, 0, 0, 0, 113, 0, 0, 0, 0, 0, 0, 0, 0, 0, 0, 5, 6, 124
"c:\Users\brian\Desktop\Code\My Game\build\_deps\glm-src\doc\api\a00231_source.html", "HTML", 0, 0, 0, 0, 0, 0, 0, 110, 0, 0, 0, 0, 0, 0, 0, 0, 0, 0, 5, 3, 118
"c:\Users\brian\Desktop\Code\My Game\build\_deps\glm-src\doc\api\a00232.html", "HTML", 0, 0, 0, 0, 0, 0, 0, 107, 0, 0, 0, 0, 0, 0, 0, 0, 0, 0, 5, 6, 118
"c:\Users\brian\Desktop\Code\My Game\build\_deps\glm-src\doc\api\a00232_source.html", "HTML", 0, 0, 0, 0, 0, 0, 0, 104, 0, 0, 0, 0, 0, 0, 0, 0, 0, 0, 5, 3, 112
"c:\Users\brian\Desktop\Code\My Game\build\_deps\glm-src\doc\api\a00233.html", "HTML", 0, 0, 0, 0, 0, 0, 0, 113, 0, 0, 0, 0, 0, 0, 0, 0, 0, 0, 5, 6, 124
"c:\Users\brian\Desktop\Code\My Game\build\_deps\glm-src\doc\api\a00233_source.html", "HTML", 0, 0, 0, 0, 0, 0, 0, 110, 0, 0, 0, 0, 0, 0, 0, 0, 0, 0, 5, 3, 118
"c:\Users\brian\Desktop\Code\My Game\build\_deps\glm-src\doc\api\a00234.html", "HTML", 0, 0, 0, 0, 0, 0, 0, 136, 0, 0, 0, 0, 0, 0, 0, 0, 0, 0, 5, 6, 147
"c:\Users\brian\Desktop\Code\My Game\build\_deps\glm-src\doc\api\a00234_source.html", "HTML", 0, 0, 0, 0, 0, 0, 0, 132, 0, 0, 0, 0, 0, 0, 0, 0, 0, 0, 5, 3, 140
"c:\Users\brian\Desktop\Code\My Game\build\_deps\glm-src\doc\api\a00235.html", "HTML", 0, 0, 0, 0, 0, 0, 0, 121, 0, 0, 0, 0, 0, 0, 0, 0, 0, 0, 5, 6, 132
"c:\Users\brian\Desktop\Code\My Game\build\_deps\glm-src\doc\api\a00235_source.html", "HTML", 0, 0, 0, 0, 0, 0, 0, 130, 0, 0, 0, 0, 0, 0, 0, 0, 0, 0, 5, 3, 138
"c:\Users\brian\Desktop\Code\My Game\build\_deps\glm-src\doc\api\a00241.html", "HTML", 0, 0, 0, 0, 0, 0, 0, 1508, 0, 0, 0, 0, 0, 0, 0, 0, 0, 0, 5, 83, 1596
"c:\Users\brian\Desktop\Code\My Game\build\_deps\glm-src\doc\api\a00242.html", "HTML", 0, 0, 0, 0, 0, 0, 0, 353, 0, 0, 0, 0, 0, 0, 0, 0, 0, 0, 5, 18, 376
"c:\Users\brian\Desktop\Code\My Game\build\_deps\glm-src\doc\api\a00243.html", "HTML", 0, 0, 0, 0, 0, 0, 0, 2625, 0, 0, 0, 0, 0, 0, 0, 0, 0, 0, 5, 88, 2718
"c:\Users\brian\Desktop\Code\My Game\build\_deps\glm-src\doc\api\a00244.html", "HTML", 0, 0, 0, 0, 0, 0, 0, 89, 0, 0, 0, 0, 0, 0, 0, 0, 0, 0, 5, 4, 98
"c:\Users\brian\Desktop\Code\My Game\build\_deps\glm-src\doc\api\a00245.html", "HTML", 0, 0, 0, 0, 0, 0, 0, 517, 0, 0, 0, 0, 0, 0, 0, 0, 0, 0, 5, 18, 540
"c:\Users\brian\Desktop\Code\My Game\build\_deps\glm-src\doc\api\a00246.html", "HTML", 0, 0, 0, 0, 0, 0, 0, 548, 0, 0, 0, 0, 0, 0, 0, 0, 0, 0, 5, 24, 577
"c:\Users\brian\Desktop\Code\My Game\build\_deps\glm-src\doc\api\a00247.html", "HTML", 0, 0, 0, 0, 0, 0, 0, 424, 0, 0, 0, 0, 0, 0, 0, 0, 0, 0, 5, 16, 445
"c:\Users\brian\Desktop\Code\My Game\build\_deps\glm-src\doc\api\a00248.html", "HTML", 0, 0, 0, 0, 0, 0, 0, 380, 0, 0, 0, 0, 0, 0, 0, 0, 0, 0, 5, 18, 403
"c:\Users\brian\Desktop\Code\My Game\build\_deps\glm-src\doc\api\a00249.html", "HTML", 0, 0, 0, 0, 0, 0, 0, 113, 0, 0, 0, 0, 0, 0, 0, 0, 0, 0, 5, 4, 122
"c:\Users\brian\Desktop\Code\My Game\build\_deps\glm-src\doc\api\a00250.html", "HTML", 0, 0, 0, 0, 0, 0, 0, 146, 0, 0, 0, 0, 0, 0, 0, 0, 0, 0, 5, 13, 164
"c:\Users\brian\Desktop\Code\My Game\build\_deps\glm-src\doc\api\a00251.html", "HTML", 0, 0, 0, 0, 0, 0, 0, 92, 0, 0, 0, 0, 0, 0, 0, 0, 0, 0, 5, 4, 101
"c:\Users\brian\Desktop\Code\My Game\build\_deps\glm-src\doc\api\a00252.html", "HTML", 0, 0, 0, 0, 0, 0, 0, 113, 0, 0, 0, 0, 0, 0, 0, 0, 0, 0, 5, 4, 122
"c:\Users\brian\Desktop\Code\My Game\build\_deps\glm-src\doc\api\a00253.html", "HTML", 0, 0, 0, 0, 0, 0, 0, 106, 0, 0, 0, 0, 0, 0, 0, 0, 0, 0, 5, 4, 115
"c:\Users\brian\Desktop\Code\My Game\build\_deps\glm-src\doc\api\a00254.html", "HTML", 0, 0, 0, 0, 0, 0, 0, 232, 0, 0, 0, 0, 0, 0, 0, 0, 0, 0, 5, 12, 249
"c:\Users\brian\Desktop\Code\My Game\build\_deps\glm-src\doc\api\a00255.html", "HTML", 0, 0, 0, 0, 0, 0, 0, 264, 0, 0, 0, 0, 0, 0, 0, 0, 0, 0, 5, 12, 281
"c:\Users\brian\Desktop\Code\My Game\build\_deps\glm-src\doc\api\a00256.html", "HTML", 0, 0, 0, 0, 0, 0, 0, 275, 0, 0, 0, 0, 0, 0, 0, 0, 0, 0, 5, 14, 294
"c:\Users\brian\Desktop\Code\My Game\build\_deps\glm-src\doc\api\a00257.html", "HTML", 0, 0, 0, 0, 0, 0, 0, 204, 0, 0, 0, 0, 0, 0, 0, 0, 0, 0, 5, 10, 219
"c:\Users\brian\Desktop\Code\My Game\build\_deps\glm-src\doc\api\a00258.html", "HTML", 0, 0, 0, 0, 0, 0, 0, 542, 0, 0, 0, 0, 0, 0, 0, 0, 0, 0, 5, 24, 571
"c:\Users\brian\Desktop\Code\My Game\build\_deps\glm-src\doc\api\a00259.html", "HTML", 0, 0, 0, 0, 0, 0, 0, 104, 0, 0, 0, 0, 0, 0, 0, 0, 0, 0, 5, 4, 113
"c:\Users\brian\Desktop\Code\My Game\build\_deps\glm-src\doc\api\a00260.html", "HTML", 0, 0, 0, 0, 0, 0, 0, 111, 0, 0, 0, 0, 0, 0, 0, 0, 0, 0, 5, 4, 120
"c:\Users\brian\Desktop\Code\My Game\build\_deps\glm-src\doc\api\a00261.html", "HTML", 0, 0, 0, 0, 0, 0, 0, 314, 0, 0, 0, 0, 0, 0, 0, 0, 0, 0, 5, 18, 337
"c:\Users\brian\Desktop\Code\My Game\build\_deps\glm-src\doc\api\a00262.html", "HTML", 0, 0, 0, 0, 0, 0, 0, 92, 0, 0, 0, 0, 0, 0, 0, 0, 0, 0, 5, 4, 101
"c:\Users\brian\Desktop\Code\My Game\build\_deps\glm-src\doc\api\a00263.html", "HTML", 0, 0, 0, 0, 0, 0, 0, 111, 0, 0, 0, 0, 0, 0, 0, 0, 0, 0, 5, 4, 120
"c:\Users\brian\Desktop\Code\My Game\build\_deps\glm-src\doc\api\a00264.html", "HTML", 0, 0, 0, 0, 0, 0, 0, 91, 0, 0, 0, 0, 0, 0, 0, 0, 0, 0, 5, 4, 100
"c:\Users\brian\Desktop\Code\My Game\build\_deps\glm-src\doc\api\a00265.html", "HTML", 0, 0, 0, 0, 0, 0, 0, 99, 0, 0, 0, 0, 0, 0, 0, 0, 0, 0, 5, 4, 108
"c:\Users\brian\Desktop\Code\My Game\build\_deps\glm-src\doc\api\a00266.html", "HTML", 0, 0, 0, 0, 0, 0, 0, 106, 0, 0, 0, 0, 0, 0, 0, 0, 0, 0, 5, 4, 115
"c:\Users\brian\Desktop\Code\My Game\build\_deps\glm-src\doc\api\a00267.html", "HTML", 0, 0, 0, 0, 0, 0, 0, 642, 0, 0, 0, 0, 0, 0, 0, 0, 0, 0, 5, 28, 675
"c:\Users\brian\Desktop\Code\My Game\build\_deps\glm-src\doc\api\a00268.html", "HTML", 0, 0, 0, 0, 0, 0, 0, 101, 0, 0, 0, 0, 0, 0, 0, 0, 0, 0, 5, 4, 110
"c:\Users\brian\Desktop\Code\My Game\build\_deps\glm-src\doc\api\a00269.html", "HTML", 0, 0, 0, 0, 0, 0, 0, 107, 0, 0, 0, 0, 0, 0, 0, 0, 0, 0, 5, 4, 116
"c:\Users\brian\Desktop\Code\My Game\build\_deps\glm-src\doc\api\a00270.html", "HTML", 0, 0, 0, 0, 0, 0, 0, 101, 0, 0, 0, 0, 0, 0, 0, 0, 0, 0, 5, 4, 110
"c:\Users\brian\Desktop\Code\My Game\build\_deps\glm-src\doc\api\a00271.html", "HTML", 0, 0, 0, 0, 0, 0, 0, 107, 0, 0, 0, 0, 0, 0, 0, 0, 0, 0, 5, 4, 116
"c:\Users\brian\Desktop\Code\My Game\build\_deps\glm-src\doc\api\a00272.html", "HTML", 0, 0, 0, 0, 0, 0, 0, 101, 0, 0, 0, 0, 0, 0, 0, 0, 0, 0, 5, 4, 110
"c:\Users\brian\Desktop\Code\My Game\build\_deps\glm-src\doc\api\a00273.html", "HTML", 0, 0, 0, 0, 0, 0, 0, 106, 0, 0, 0, 0, 0, 0, 0, 0, 0, 0, 5, 4, 115
"c:\Users\brian\Desktop\Code\My Game\build\_deps\glm-src\doc\api\a00274.html", "HTML", 0, 0, 0, 0, 0, 0, 0, 482, 0, 0, 0, 0, 0, 0, 0, 0, 0, 0, 5, 24, 511
"c:\Users\brian\Desktop\Code\My Game\build\_deps\glm-src\doc\api\a00275.html", "HTML", 0, 0, 0, 0, 0, 0, 0, 460, 0, 0, 0, 0, 0, 0, 0, 0, 0, 0, 5, 20, 485
"c:\Users\brian\Desktop\Code\My Game\build\_deps\glm-src\doc\api\a00276.html", "HTML", 0, 0, 0, 0, 0, 0, 0, 101, 0, 0, 0, 0, 0, 0, 0, 0, 0, 0, 5, 4, 110
"c:\Users\brian\Desktop\Code\My Game\build\_deps\glm-src\doc\api\a00277.html", "HTML", 0, 0, 0, 0, 0, 0, 0, 146, 0, 0, 0, 0, 0, 0, 0, 0, 0, 0, 5, 13, 164
"c:\Users\brian\Desktop\Code\My Game\build\_deps\glm-src\doc\api\a00278.html", "HTML", 0, 0, 0, 0, 0, 0, 0, 93, 0, 0, 0, 0, 0, 0, 0, 0, 0, 0, 5, 4, 102
"c:\Users\brian\Desktop\Code\My Game\build\_deps\glm-src\doc\api\a00279.html", "HTML", 0, 0, 0, 0, 0, 0, 0, 407, 0, 0, 0, 0, 0, 0, 0, 0, 0, 0, 5, 20, 432
"c:\Users\brian\Desktop\Code\My Game\build\_deps\glm-src\doc\api\a00280.html", "HTML", 0, 0, 0, 0, 0, 0, 0, 154, 0, 0, 0, 0, 0, 0, 0, 0, 0, 0, 5, 7, 166
"c:\Users\brian\Desktop\Code\My Game\build\_deps\glm-src\doc\api\a00281.html", "HTML", 0, 0, 0, 0, 0, 0, 0, 349, 0, 0, 0, 0, 0, 0, 0, 0, 0, 0, 5, 49, 403
"c:\Users\brian\Desktop\Code\My Game\build\_deps\glm-src\doc\api\a00282.html", "HTML", 0, 0, 0, 0, 0, 0, 0, 958, 0, 0, 0, 0, 0, 0, 0, 0, 0, 0, 5, 139, 1102
"c:\Users\brian\Desktop\Code\My Game\build\_deps\glm-src\doc\api\a00283.html", "HTML", 0, 0, 0, 0, 0, 0, 0, 486, 0, 0, 0, 0, 0, 0, 0, 0, 0, 0, 5, 73, 564
"c:\Users\brian\Desktop\Code\My Game\build\_deps\glm-src\doc\api\a00284.html", "HTML", 0, 0, 0, 0, 0, 0, 0, 1465, 0, 0, 0, 0, 0, 0, 0, 0, 0, 0, 5, 220, 1690
"c:\Users\brian\Desktop\Code\My Game\build\_deps\glm-src\doc\api\a00285.html", "HTML", 0, 0, 0, 0, 0, 0, 0, 203, 0, 0, 0, 0, 0, 0, 0, 0, 0, 0, 5, 4, 212
"c:\Users\brian\Desktop\Code\My Game\build\_deps\glm-src\doc\api\a00286.html", "HTML", 0, 0, 0, 0, 0, 0, 0, 155, 0, 0, 0, 0, 0, 0, 0, 0, 0, 0, 5, 4, 164
"c:\Users\brian\Desktop\Code\My Game\build\_deps\glm-src\doc\api\a00287.html", "HTML", 0, 0, 0, 0, 0, 0, 0, 281, 0, 0, 0, 0, 0, 0, 0, 0, 0, 0, 5, 4, 290
"c:\Users\brian\Desktop\Code\My Game\build\_deps\glm-src\doc\api\a00288.html", "HTML", 0, 0, 0, 0, 0, 0, 0, 1156, 0, 0, 0, 0, 0, 0, 0, 0, 0, 0, 5, 68, 1229
"c:\Users\brian\Desktop\Code\My Game\build\_deps\glm-src\doc\api\a00289.html", "HTML", 0, 0, 0, 0, 0, 0, 0, 173, 0, 0, 0, 0, 0, 0, 0, 0, 0, 0, 5, 10, 188
"c:\Users\brian\Desktop\Code\My Game\build\_deps\glm-src\doc\api\a00290.html", "HTML", 0, 0, 0, 0, 0, 0, 0, 635, 0, 0, 0, 0, 0, 0, 0, 0, 0, 0, 5, 58, 698
"c:\Users\brian\Desktop\Code\My Game\build\_deps\glm-src\doc\api\a00291.html", "HTML", 0, 0, 0, 0, 0, 0, 0, 247, 0, 0, 0, 0, 0, 0, 0, 0, 0, 0, 5, 12, 264
"c:\Users\brian\Desktop\Code\My Game\build\_deps\glm-src\doc\api\a00292.html", "HTML", 0, 0, 0, 0, 0, 0, 0, 188, 0, 0, 0, 0, 0, 0, 0, 0, 0, 0, 5, 10, 203
"c:\Users\brian\Desktop\Code\My Game\build\_deps\glm-src\doc\api\a00293.html", "HTML", 0, 0, 0, 0, 0, 0, 0, 231, 0, 0, 0, 0, 0, 0, 0, 0, 0, 0, 5, 12, 248
"c:\Users\brian\Desktop\Code\My Game\build\_deps\glm-src\doc\api\a00294.html", "HTML", 0, 0, 0, 0, 0, 0, 0, 1727, 0, 0, 0, 0, 0, 0, 0, 0, 0, 0, 5, 292, 2024
"c:\Users\brian\Desktop\Code\My Game\build\_deps\glm-src\doc\api\a00295.html", "HTML", 0, 0, 0, 0, 0, 0, 0, 161, 0, 0, 0, 0, 0, 0, 0, 0, 0, 0, 5, 8, 174
"c:\Users\brian\Desktop\Code\My Game\build\_deps\glm-src\doc\api\a00296.html", "HTML", 0, 0, 0, 0, 0, 0, 0, 88, 0, 0, 0, 0, 0, 0, 0, 0, 0, 0, 5, 4, 97
"c:\Users\brian\Desktop\Code\My Game\build\_deps\glm-src\doc\api\a00297.html", "HTML", 0, 0, 0, 0, 0, 0, 0, 168, 0, 0, 0, 0, 0, 0, 0, 0, 0, 0, 5, 10, 183
"c:\Users\brian\Desktop\Code\My Game\build\_deps\glm-src\doc\api\a00298.html", "HTML", 0, 0, 0, 0, 0, 0, 0, 1886, 0, 0, 0, 0, 0, 0, 0, 0, 0, 0, 5, 144, 2035
"c:\Users\brian\Desktop\Code\My Game\build\_deps\glm-src\doc\api\a00299.html", "HTML", 0, 0, 0, 0, 0, 0, 0, 578, 0, 0, 0, 0, 0, 0, 0, 0, 0, 0, 5, 37, 620
"c:\Users\brian\Desktop\Code\My Game\build\_deps\glm-src\doc\api\a00300.html", "HTML", 0, 0, 0, 0, 0, 0, 0, 298, 0, 0, 0, 0, 0, 0, 0, 0, 0, 0, 5, 18, 321
"c:\Users\brian\Desktop\Code\My Game\build\_deps\glm-src\doc\api\a00301.html", "HTML", 0, 0, 0, 0, 0, 0, 0, 428, 0, 0, 0, 0, 0, 0, 0, 0, 0, 0, 5, 28, 461
"c:\Users\brian\Desktop\Code\My Game\build\_deps\glm-src\doc\api\a00302.html", "HTML", 0, 0, 0, 0, 0, 0, 0, 515, 0, 0, 0, 0, 0, 0, 0, 0, 0, 0, 5, 28, 548
"c:\Users\brian\Desktop\Code\My Game\build\_deps\glm-src\doc\api\a00303.html", "HTML", 0, 0, 0, 0, 0, 0, 0, 1502, 0, 0, 0, 0, 0, 0, 0, 0, 0, 0, 5, 4, 1511
"c:\Users\brian\Desktop\Code\My Game\build\_deps\glm-src\doc\api\a00304.html", "HTML", 0, 0, 0, 0, 0, 0, 0, 7627, 0, 0, 0, 0, 0, 0, 0, 0, 0, 0, 5, 1324, 8956
"c:\Users\brian\Desktop\Code\My Game\build\_deps\glm-src\doc\api\a00305.html", "HTML", 0, 0, 0, 0, 0, 0, 0, 799, 0, 0, 0, 0, 0, 0, 0, 0, 0, 0, 5, 70, 874
"c:\Users\brian\Desktop\Code\My Game\build\_deps\glm-src\doc\api\a00306.html", "HTML", 0, 0, 0, 0, 0, 0, 0, 87, 0, 0, 0, 0, 0, 0, 0, 0, 0, 0, 5, 4, 96
"c:\Users\brian\Desktop\Code\My Game\build\_deps\glm-src\doc\api\a00307.html", "HTML", 0, 0, 0, 0, 0, 0, 0, 87, 0, 0, 0, 0, 0, 0, 0, 0, 0, 0, 5, 4, 96
"c:\Users\brian\Desktop\Code\My Game\build\_deps\glm-src\doc\api\a00308.html", "HTML", 0, 0, 0, 0, 0, 0, 0, 1305, 0, 0, 0, 0, 0, 0, 0, 0, 0, 0, 5, 48, 1358
"c:\Users\brian\Desktop\Code\My Game\build\_deps\glm-src\doc\api\a00309.html", "HTML", 0, 0, 0, 0, 0, 0, 0, 298, 0, 0, 0, 0, 0, 0, 0, 0, 0, 0, 5, 20, 323
"c:\Users\brian\Desktop\Code\My Game\build\_deps\glm-src\doc\api\a00310.html", "HTML", 0, 0, 0, 0, 0, 0, 0, 137, 0, 0, 0, 0, 0, 0, 0, 0, 0, 0, 5, 6, 148
"c:\Users\brian\Desktop\Code\My Game\build\_deps\glm-src\doc\api\a00311.html", "HTML", 0, 0, 0, 0, 0, 0, 0, 114, 0, 0, 0, 0, 0, 0, 0, 0, 0, 0, 5, 4, 123
"c:\Users\brian\Desktop\Code\My Game\build\_deps\glm-src\doc\api\a00312.html", "HTML", 0, 0, 0, 0, 0, 0, 0, 241, 0, 0, 0, 0, 0, 0, 0, 0, 0, 0, 5, 16, 262
"c:\Users\brian\Desktop\Code\My Game\build\_deps\glm-src\doc\api\a00313.html", "HTML", 0, 0, 0, 0, 0, 0, 0, 183, 0, 0, 0, 0, 0, 0, 0, 0, 0, 0, 5, 12, 200
"c:\Users\brian\Desktop\Code\My Game\build\_deps\glm-src\doc\api\a00314.html", "HTML", 0, 0, 0, 0, 0, 0, 0, 241, 0, 0, 0, 0, 0, 0, 0, 0, 0, 0, 5, 12, 258
"c:\Users\brian\Desktop\Code\My Game\build\_deps\glm-src\doc\api\a00315.html", "HTML", 0, 0, 0, 0, 0, 0, 0, 422, 0, 0, 0, 0, 0, 0, 0, 0, 0, 0, 5, 4, 431
"c:\Users\brian\Desktop\Code\My Game\build\_deps\glm-src\doc\api\a00316.html", "HTML", 0, 0, 0, 0, 0, 0, 0, 221, 0, 0, 0, 0, 0, 0, 0, 0, 0, 0, 5, 16, 242
"c:\Users\brian\Desktop\Code\My Game\build\_deps\glm-src\doc\api\a00317.html", "HTML", 0, 0, 0, 0, 0, 0, 0, 487, 0, 0, 0, 0, 0, 0, 0, 0, 0, 0, 5, 56, 548
"c:\Users\brian\Desktop\Code\My Game\build\_deps\glm-src\doc\api\a00318.html", "HTML", 0, 0, 0, 0, 0, 0, 0, 827, 0, 0, 0, 0, 0, 0, 0, 0, 0, 0, 5, 61, 893
"c:\Users\brian\Desktop\Code\My Game\build\_deps\glm-src\doc\api\a00319.html", "HTML", 0, 0, 0, 0, 0, 0, 0, 1519, 0, 0, 0, 0, 0, 0, 0, 0, 0, 0, 5, 86, 1610
"c:\Users\brian\Desktop\Code\My Game\build\_deps\glm-src\doc\api\a00320.html", "HTML", 0, 0, 0, 0, 0, 0, 0, 132, 0, 0, 0, 0, 0, 0, 0, 0, 0, 0, 5, 6, 143
"c:\Users\brian\Desktop\Code\My Game\build\_deps\glm-src\doc\api\a00321.html", "HTML", 0, 0, 0, 0, 0, 0, 0, 789, 0, 0, 0, 0, 0, 0, 0, 0, 0, 0, 5, 38, 832
"c:\Users\brian\Desktop\Code\My Game\build\_deps\glm-src\doc\api\a00322.html", "HTML", 0, 0, 0, 0, 0, 0, 0, 133, 0, 0, 0, 0, 0, 0, 0, 0, 0, 0, 5, 6, 144
"c:\Users\brian\Desktop\Code\My Game\build\_deps\glm-src\doc\api\a00323.html", "HTML", 0, 0, 0, 0, 0, 0, 0, 377, 0, 0, 0, 0, 0, 0, 0, 0, 0, 0, 5, 28, 410
"c:\Users\brian\Desktop\Code\My Game\build\_deps\glm-src\doc\api\a00324.html", "HTML", 0, 0, 0, 0, 0, 0, 0, 306, 0, 0, 0, 0, 0, 0, 0, 0, 0, 0, 5, 22, 333
"c:\Users\brian\Desktop\Code\My Game\build\_deps\glm-src\doc\api\a00325.html", "HTML", 0, 0, 0, 0, 0, 0, 0, 272, 0, 0, 0, 0, 0, 0, 0, 0, 0, 0, 5, 20, 297
"c:\Users\brian\Desktop\Code\My Game\build\_deps\glm-src\doc\api\a00326.html", "HTML", 0, 0, 0, 0, 0, 0, 0, 169, 0, 0, 0, 0, 0, 0, 0, 0, 0, 0, 5, 8, 182
"c:\Users\brian\Desktop\Code\My Game\build\_deps\glm-src\doc\api\a00327.html", "HTML", 0, 0, 0, 0, 0, 0, 0, 175, 0, 0, 0, 0, 0, 0, 0, 0, 0, 0, 5, 8, 188
"c:\Users\brian\Desktop\Code\My Game\build\_deps\glm-src\doc\api\a00328.html", "HTML", 0, 0, 0, 0, 0, 0, 0, 169, 0, 0, 0, 0, 0, 0, 0, 0, 0, 0, 5, 8, 182
"c:\Users\brian\Desktop\Code\My Game\build\_deps\glm-src\doc\api\a00329.html", "HTML", 0, 0, 0, 0, 0, 0, 0, 87, 0, 0, 0, 0, 0, 0, 0, 0, 0, 0, 5, 4, 96
"c:\Users\brian\Desktop\Code\My Game\build\_deps\glm-src\doc\api\a00330.html", "HTML", 0, 0, 0, 0, 0, 0, 0, 337, 0, 0, 0, 0, 0, 0, 0, 0, 0, 0, 5, 25, 367
"c:\Users\brian\Desktop\Code\My Game\build\_deps\glm-src\doc\api\a00331.html", "HTML", 0, 0, 0, 0, 0, 0, 0, 431, 0, 0, 0, 0, 0, 0, 0, 0, 0, 0, 5, 16, 452
"c:\Users\brian\Desktop\Code\My Game\build\_deps\glm-src\doc\api\a00332.html", "HTML", 0, 0, 0, 0, 0, 0, 0, 89, 0, 0, 0, 0, 0, 0, 0, 0, 0, 0, 5, 4, 98
"c:\Users\brian\Desktop\Code\My Game\build\_deps\glm-src\doc\api\a00333.html", "HTML", 0, 0, 0, 0, 0, 0, 0, 157, 0, 0, 0, 0, 0, 0, 0, 0, 0, 0, 5, 8, 170
"c:\Users\brian\Desktop\Code\My Game\build\_deps\glm-src\doc\api\a00334.html", "HTML", 0, 0, 0, 0, 0, 0, 0, 137, 0, 0, 0, 0, 0, 0, 0, 0, 0, 0, 5, 8, 150
"c:\Users\brian\Desktop\Code\My Game\build\_deps\glm-src\doc\api\a00335.html", "HTML", 0, 0, 0, 0, 0, 0, 0, 150, 0, 0, 0, 0, 0, 0, 0, 0, 0, 0, 5, 6, 161
"c:\Users\brian\Desktop\Code\My Game\build\_deps\glm-src\doc\api\a00336.html", "HTML", 0, 0, 0, 0, 0, 0, 0, 181, 0, 0, 0, 0, 0, 0, 0, 0, 0, 0, 5, 12, 198
"c:\Users\brian\Desktop\Code\My Game\build\_deps\glm-src\doc\api\a00337.html", "HTML", 0, 0, 0, 0, 0, 0, 0, 221, 0, 0, 0, 0, 0, 0, 0, 0, 0, 0, 5, 12, 238
"c:\Users\brian\Desktop\Code\My Game\build\_deps\glm-src\doc\api\a00338.html", "HTML", 0, 0, 0, 0, 0, 0, 0, 443, 0, 0, 0, 0, 0, 0, 0, 0, 0, 0, 5, 28, 476
"c:\Users\brian\Desktop\Code\My Game\build\_deps\glm-src\doc\api\a00339.html", "HTML", 0, 0, 0, 0, 0, 0, 0, 347, 0, 0, 0, 0, 0, 0, 0, 0, 0, 0, 5, 28, 380
"c:\Users\brian\Desktop\Code\My Game\build\_deps\glm-src\doc\api\a00340.html", "HTML", 0, 0, 0, 0, 0, 0, 0, 343, 0, 0, 0, 0, 0, 0, 0, 0, 0, 0, 5, 20, 368
"c:\Users\brian\Desktop\Code\My Game\build\_deps\glm-src\doc\api\a00341.html", "HTML", 0, 0, 0, 0, 0, 0, 0, 280, 0, 0, 0, 0, 0, 0, 0, 0, 0, 0, 5, 14, 299
"c:\Users\brian\Desktop\Code\My Game\build\_deps\glm-src\doc\api\a00342.html", "HTML", 0, 0, 0, 0, 0, 0, 0, 99, 0, 0, 0, 0, 0, 0, 0, 0, 0, 0, 5, 4, 108
"c:\Users\brian\Desktop\Code\My Game\build\_deps\glm-src\doc\api\a00343.html", "HTML", 0, 0, 0, 0, 0, 0, 0, 371, 0, 0, 0, 0, 0, 0, 0, 0, 0, 0, 5, 24, 400
"c:\Users\brian\Desktop\Code\My Game\build\_deps\glm-src\doc\api\a00344.html", "HTML", 0, 0, 0, 0, 0, 0, 0, 132, 0, 0, 0, 0, 0, 0, 0, 0, 0, 0, 5, 6, 143
"c:\Users\brian\Desktop\Code\My Game\build\_deps\glm-src\doc\api\a00345.html", "HTML", 0, 0, 0, 0, 0, 0, 0, 159, 0, 0, 0, 0, 0, 0, 0, 0, 0, 0, 5, 8, 172
"c:\Users\brian\Desktop\Code\My Game\build\_deps\glm-src\doc\api\a00346.html", "HTML", 0, 0, 0, 0, 0, 0, 0, 134, 0, 0, 0, 0, 0, 0, 0, 0, 0, 0, 5, 4, 143
"c:\Users\brian\Desktop\Code\My Game\build\_deps\glm-src\doc\api\a00347.html", "HTML", 0, 0, 0, 0, 0, 0, 0, 158, 0, 0, 0, 0, 0, 0, 0, 0, 0, 0, 5, 10, 173
"c:\Users\brian\Desktop\Code\My Game\build\_deps\glm-src\doc\api\a00348.html", "HTML", 0, 0, 0, 0, 0, 0, 0, 147, 0, 0, 0, 0, 0, 0, 0, 0, 0, 0, 5, 8, 160
"c:\Users\brian\Desktop\Code\My Game\build\_deps\glm-src\doc\api\a00349.html", "HTML", 0, 0, 0, 0, 0, 0, 0, 126, 0, 0, 0, 0, 0, 0, 0, 0, 0, 0, 5, 6, 137
"c:\Users\brian\Desktop\Code\My Game\build\_deps\glm-src\doc\api\a00350.html", "HTML", 0, 0, 0, 0, 0, 0, 0, 137, 0, 0, 0, 0, 0, 0, 0, 0, 0, 0, 5, 8, 150
"c:\Users\brian\Desktop\Code\My Game\build\_deps\glm-src\doc\api\a00351.html", "HTML", 0, 0, 0, 0, 0, 0, 0, 133, 0, 0, 0, 0, 0, 0, 0, 0, 0, 0, 5, 6, 144
"c:\Users\brian\Desktop\Code\My Game\build\_deps\glm-src\doc\api\a00352.html", "HTML", 0, 0, 0, 0, 0, 0, 0, 574, 0, 0, 0, 0, 0, 0, 0, 0, 0, 0, 5, 44, 623
"c:\Users\brian\Desktop\Code\My Game\build\_deps\glm-src\doc\api\a00353.html", "HTML", 0, 0, 0, 0, 0, 0, 0, 88, 0, 0, 0, 0, 0, 0, 0, 0, 0, 0, 5, 4, 97
"c:\Users\brian\Desktop\Code\My Game\build\_deps\glm-src\doc\api\a00354.html", "HTML", 0, 0, 0, 0, 0, 0, 0, 163, 0, 0, 0, 0, 0, 0, 0, 0, 0, 0, 5, 16, 184
"c:\Users\brian\Desktop\Code\My Game\build\_deps\glm-src\doc\api\a00355.html", "HTML", 0, 0, 0, 0, 0, 0, 0, 197, 0, 0, 0, 0, 0, 0, 0, 0, 0, 0, 5, 8, 210
"c:\Users\brian\Desktop\Code\My Game\build\_deps\glm-src\doc\api\a00356.html", "HTML", 0, 0, 0, 0, 0, 0, 0, 462, 0, 0, 0, 0, 0, 0, 0, 0, 0, 0, 5, 26, 493
"c:\Users\brian\Desktop\Code\My Game\build\_deps\glm-src\doc\api\a00357.html", "HTML", 0, 0, 0, 0, 0, 0, 0, 87, 0, 0, 0, 0, 0, 0, 0, 0, 0, 0, 5, 4, 96
"c:\Users\brian\Desktop\Code\My Game\build\_deps\glm-src\doc\api\a00358.html", "HTML", 0, 0, 0, 0, 0, 0, 0, 242, 0, 0, 0, 0, 0, 0, 0, 0, 0, 0, 5, 10, 257
"c:\Users\brian\Desktop\Code\My Game\build\_deps\glm-src\doc\api\a00359.html", "HTML", 0, 0, 0, 0, 0, 0, 0, 231, 0, 0, 0, 0, 0, 0, 0, 0, 0, 0, 5, 28, 264
"c:\Users\brian\Desktop\Code\My Game\build\_deps\glm-src\doc\api\a00360.html", "HTML", 0, 0, 0, 0, 0, 0, 0, 117, 0, 0, 0, 0, 0, 0, 0, 0, 0, 0, 5, 6, 128
"c:\Users\brian\Desktop\Code\My Game\build\_deps\glm-src\doc\api\a00361.html", "HTML", 0, 0, 0, 0, 0, 0, 0, 129, 0, 0, 0, 0, 0, 0, 0, 0, 0, 0, 5, 6, 140
"c:\Users\brian\Desktop\Code\My Game\build\_deps\glm-src\doc\api\a00362.html", "HTML", 0, 0, 0, 0, 0, 0, 0, 174, 0, 0, 0, 0, 0, 0, 0, 0, 0, 0, 5, 10, 189
"c:\Users\brian\Desktop\Code\My Game\build\_deps\glm-src\doc\api\a00363.html", "HTML", 0, 0, 0, 0, 0, 0, 0, 397, 0, 0, 0, 0, 0, 0, 0, 0, 0, 0, 5, 22, 424
"c:\Users\brian\Desktop\Code\My Game\build\_deps\glm-src\doc\api\a00364.html", "HTML", 0, 0, 0, 0, 0, 0, 0, 7525, 0, 0, 0, 0, 0, 0, 0, 0, 0, 0, 5, 416, 7946
"c:\Users\brian\Desktop\Code\My Game\build\_deps\glm-src\doc\api\a00365.html", "HTML", 0, 0, 0, 0, 0, 0, 0, 88, 0, 0, 0, 0, 0, 0, 0, 0, 0, 0, 5, 4, 97
"c:\Users\brian\Desktop\Code\My Game\build\_deps\glm-src\doc\api\a00366.html", "HTML", 0, 0, 0, 0, 0, 0, 0, 87, 0, 0, 0, 0, 0, 0, 0, 0, 0, 0, 5, 4, 96
"c:\Users\brian\Desktop\Code\My Game\build\_deps\glm-src\doc\api\a00367.html", "HTML", 0, 0, 0, 0, 0, 0, 0, 194, 0, 0, 0, 0, 0, 0, 0, 0, 0, 0, 5, 10, 209
"c:\Users\brian\Desktop\Code\My Game\build\_deps\glm-src\doc\api\a00368.html", "HTML", 0, 0, 0, 0, 0, 0, 0, 299, 0, 0, 0, 0, 0, 0, 0, 0, 0, 0, 5, 16, 320
"c:\Users\brian\Desktop\Code\My Game\build\_deps\glm-src\doc\api\a00369.html", "HTML", 0, 0, 0, 0, 0, 0, 0, 179, 0, 0, 0, 0, 0, 0, 0, 0, 0, 0, 5, 12, 196
"c:\Users\brian\Desktop\Code\My Game\build\_deps\glm-src\doc\api\a00370.html", "HTML", 0, 0, 0, 0, 0, 0, 0, 605, 0, 0, 0, 0, 0, 0, 0, 0, 0, 0, 5, 30, 640
"c:\Users\brian\Desktop\Code\My Game\build\_deps\glm-src\doc\api\a00371.html", "HTML", 0, 0, 0, 0, 0, 0, 0, 275, 0, 0, 0, 0, 0, 0, 0, 0, 0, 0, 5, 14, 294
"c:\Users\brian\Desktop\Code\My Game\build\_deps\glm-src\doc\api\a00372.html", "HTML", 0, 0, 0, 0, 0, 0, 0, 388, 0, 0, 0, 0, 0, 0, 0, 0, 0, 0, 5, 28, 421
"c:\Users\brian\Desktop\Code\My Game\build\_deps\glm-src\doc\api\a00373.html", "HTML", 0, 0, 0, 0, 0, 0, 0, 582, 0, 0, 0, 0, 0, 0, 0, 0, 0, 0, 5, 35, 622
"c:\Users\brian\Desktop\Code\My Game\build\_deps\glm-src\doc\api\a00374.html", "HTML", 0, 0, 0, 0, 0, 0, 0, 426, 0, 0, 0, 0, 0, 0, 0, 0, 0, 0, 5, 22, 453
"c:\Users\brian\Desktop\Code\My Game\build\_deps\glm-src\doc\api\dir_033f5edb0915b828d2c46ed4804e5503.html", "HTML", 0, 0, 0, 0, 0, 0, 0, 157, 0, 0, 0, 0, 0, 0, 0, 0, 0, 0, 5, 3, 165
"c:\Users\brian\Desktop\Code\My Game\build\_deps\glm-src\doc\api\dir_3a581ba30d25676e4b797b1f96d53b45.html", "HTML", 0, 0, 0, 0, 0, 0, 0, 93, 0, 0, 0, 0, 0, 0, 0, 0, 0, 0, 5, 3, 101
"c:\Users\brian\Desktop\Code\My Game\build\_deps\glm-src\doc\api\dir_44e5e654415abd9ca6fdeaddaff8565e.html", "HTML", 0, 0, 0, 0, 0, 0, 0, 95, 0, 0, 0, 0, 0, 0, 0, 0, 0, 0, 5, 3, 103
"c:\Users\brian\Desktop\Code\My Game\build\_deps\glm-src\doc\api\dir_4c6bd29c73fa4e5a2509e1c15f846751.html", "HTML", 0, 0, 0, 0, 0, 0, 0, 151, 0, 0, 0, 0, 0, 0, 0, 0, 0, 0, 5, 3, 159
"c:\Users\brian\Desktop\Code\My Game\build\_deps\glm-src\doc\api\dir_5189610d3ba09ec39b766fb99b34cd93.html", "HTML", 0, 0, 0, 0, 0, 0, 0, 93, 0, 0, 0, 0, 0, 0, 0, 0, 0, 0, 5, 3, 101
"c:\Users\brian\Desktop\Code\My Game\build\_deps\glm-src\doc\api\dir_6b66465792d005310484819a0eb0b0d3.html", "HTML", 0, 0, 0, 0, 0, 0, 0, 396, 0, 0, 0, 0, 0, 0, 0, 0, 0, 0, 5, 3, 404
"c:\Users\brian\Desktop\Code\My Game\build\_deps\glm-src\doc\api\dir_9e5fe034a00e89334fd5186c3e7db156.html", "HTML", 0, 0, 0, 0, 0, 0, 0, 93, 0, 0, 0, 0, 0, 0, 0, 0, 0, 0, 5, 3, 101
"c:\Users\brian\Desktop\Code\My Game\build\_deps\glm-src\doc\api\dir_a8bee7be44182a33f3820393ae0b105d.html", "HTML", 0, 0, 0, 0, 0, 0, 0, 93, 0, 0, 0, 0, 0, 0, 0, 0, 0, 0, 5, 3, 101
"c:\Users\brian\Desktop\Code\My Game\build\_deps\glm-src\doc\api\dir_cef2d71d502cb69a9252bca2297d9549.html", "HTML", 0, 0, 0, 0, 0, 0, 0, 170, 0, 0, 0, 0, 0, 0, 0, 0, 0, 0, 5, 3, 178
"c:\Users\brian\Desktop\Code\My Game\build\_deps\glm-src\doc\api\dir_d9496f0844b48bc7e53b5af8c99b9ab2.html", "HTML", 0, 0, 0, 0, 0, 0, 0, 93, 0, 0, 0, 0, 0, 0, 0, 0, 0, 0, 5, 3, 101
"c:\Users\brian\Desktop\Code\My Game\build\_deps\glm-src\doc\api\dir_f35778ec600a1b9bbc4524e62e226aa2.html", "HTML", 0, 0, 0, 0, 0, 0, 0, 280, 0, 0, 0, 0, 0, 0, 0, 0, 0, 0, 5, 3, 288
"c:\Users\brian\Desktop\Code\My Game\build\_deps\glm-src\doc\api\doxygen.css", "PostCSS", 0, 0, 0, 0, 0, 0, 0, 0, 0, 0, 0, 0, 0, 1214, 0, 0, 0, 0, 46, 237, 1497
"c:\Users\brian\Desktop\Code\My Game\build\_deps\glm-src\doc\api\dynsections.js", "JavaScript", 0, 0, 0, 0, 0, 0, 0, 0, 86, 0, 0, 0, 0, 0, 0, 0, 0, 0, 7, 12, 105
"c:\Users\brian\Desktop\Code\My Game\build\_deps\glm-src\doc\api\files.html", "HTML", 0, 0, 0, 0, 0, 0, 0, 327, 0, 0, 0, 0, 0, 0, 0, 0, 0, 0, 5, 3, 335
"c:\Users\brian\Desktop\Code\My Game\build\_deps\glm-src\doc\api\index.html", "HTML", 0, 0, 0, 0, 0, 0, 0, 88, 0, 0, 0, 0, 0, 0, 0, 0, 0, 0, 5, 3, 96
"c:\Users\brian\Desktop\Code\My Game\build\_deps\glm-src\doc\api\jquery.js", "JavaScript", 0, 0, 0, 0, 0, 0, 0, 0, 47, 0, 0, 0, 0, 0, 0, 0, 0, 0, 21, 0, 68
"c:\Users\brian\Desktop\Code\My Game\build\_deps\glm-src\doc\api\modules.html", "HTML", 0, 0, 0, 0, 0, 0, 0, 221, 0, 0, 0, 0, 0, 0, 0, 0, 0, 0, 5, 3, 229
"c:\Users\brian\Desktop\Code\My Game\build\_deps\glm-src\doc\api\search\all_0.html", "HTML", 0, 0, 0, 0, 0, 0, 0, 26, 0, 0, 0, 0, 0, 0, 0, 0, 0, 0, 0, 1, 27
"c:\Users\brian\Desktop\Code\My Game\build\_deps\glm-src\doc\api\search\all_0.js", "JavaScript", 0, 0, 0, 0, 0, 0, 0, 0, 209, 0, 0, 0, 0, 0, 0, 0, 0, 0, 0, 1, 210
"c:\Users\brian\Desktop\Code\My Game\build\_deps\glm-src\doc\api\search\all_1.html", "HTML", 0, 0, 0, 0, 0, 0, 0, 26, 0, 0, 0, 0, 0, 0, 0, 0, 0, 0, 0, 1, 27
"c:\Users\brian\Desktop\Code\My Game\build\_deps\glm-src\doc\api\search\all_1.js", "JavaScript", 0, 0, 0, 0, 0, 0, 0, 0, 41, 0, 0, 0, 0, 0, 0, 0, 0, 0, 0, 1, 42
"c:\Users\brian\Desktop\Code\My Game\build\_deps\glm-src\doc\api\search\all_10.html", "HTML", 0, 0, 0, 0, 0, 0, 0, 26, 0, 0, 0, 0, 0, 0, 0, 0, 0, 0, 0, 1, 27
"c:\Users\brian\Desktop\Code\My Game\build\_deps\glm-src\doc\api\search\all_10.js", "JavaScript", 0, 0, 0, 0, 0, 0, 0, 0, 50, 0, 0, 0, 0, 0, 0, 0, 0, 0, 0, 1, 51
"c:\Users\brian\Desktop\Code\My Game\build\_deps\glm-src\doc\api\search\all_11.html", "HTML", 0, 0, 0, 0, 0, 0, 0, 26, 0, 0, 0, 0, 0, 0, 0, 0, 0, 0, 0, 1, 27
"c:\Users\brian\Desktop\Code\My Game\build\_deps\glm-src\doc\api\search\all_11.js", "JavaScript", 0, 0, 0, 0, 0, 0, 0, 0, 41, 0, 0, 0, 0, 0, 0, 0, 0, 0, 0, 1, 42
"c:\Users\brian\Desktop\Code\My Game\build\_deps\glm-src\doc\api\search\all_12.html", "HTML", 0, 0, 0, 0, 0, 0, 0, 26, 0, 0, 0, 0, 0, 0, 0, 0, 0, 0, 0, 1, 27
"c:\Users\brian\Desktop\Code\My Game\build\_deps\glm-src\doc\api\search\all_12.js", "JavaScript", 0, 0, 0, 0, 0, 0, 0, 0, 97, 0, 0, 0, 0, 0, 0, 0, 0, 0, 0, 1, 98
"c:\Users\brian\Desktop\Code\My Game\build\_deps\glm-src\doc\api\search\all_13.html", "HTML", 0, 0, 0, 0, 0, 0, 0, 26, 0, 0, 0, 0, 0, 0, 0, 0, 0, 0, 0, 1, 27
"c:\Users\brian\Desktop\Code\My Game\build\_deps\glm-src\doc\api\search\all_13.js", "JavaScript", 0, 0, 0, 0, 0, 0, 0, 0, 62, 0, 0, 0, 0, 0, 0, 0, 0, 0, 0, 1, 63
"c:\Users\brian\Desktop\Code\My Game\build\_deps\glm-src\doc\api\search\all_14.html", "HTML", 0, 0, 0, 0, 0, 0, 0, 26, 0, 0, 0, 0, 0, 0, 0, 0, 0, 0, 0, 1, 27
"c:\Users\brian\Desktop\Code\My Game\build\_deps\glm-src\doc\api\search\all_14.js", "JavaScript", 0, 0, 0, 0, 0, 0, 0, 0, 6, 0, 0, 0, 0, 0, 0, 0, 0, 0, 0, 1, 7
"c:\Users\brian\Desktop\Code\My Game\build\_deps\glm-src\doc\api\search\all_15.html", "HTML", 0, 0, 0, 0, 0, 0, 0, 26, 0, 0, 0, 0, 0, 0, 0, 0, 0, 0, 0, 1, 27
"c:\Users\brian\Desktop\Code\My Game\build\_deps\glm-src\doc\api\search\all_15.js", "JavaScript", 0, 0, 0, 0, 0, 0, 0, 0, 7, 0, 0, 0, 0, 0, 0, 0, 0, 0, 0, 1, 8
"c:\Users\brian\Desktop\Code\My Game\build\_deps\glm-src\doc\api\search\all_16.html", "HTML", 0, 0, 0, 0, 0, 0, 0, 26, 0, 0, 0, 0, 0, 0, 0, 0, 0, 0, 0, 1, 27
"c:\Users\brian\Desktop\Code\My Game\build\_deps\glm-src\doc\api\search\all_16.js", "JavaScript", 0, 0, 0, 0, 0, 0, 0, 0, 4, 0, 0, 0, 0, 0, 0, 0, 0, 0, 0, 1, 5
"c:\Users\brian\Desktop\Code\My Game\build\_deps\glm-src\doc\api\search\all_2.html", "HTML", 0, 0, 0, 0, 0, 0, 0, 26, 0, 0, 0, 0, 0, 0, 0, 0, 0, 0, 0, 1, 27
"c:\Users\brian\Desktop\Code\My Game\build\_deps\glm-src\doc\api\search\all_2.js", "JavaScript", 0, 0, 0, 0, 0, 0, 0, 0, 51, 0, 0, 0, 0, 0, 0, 0, 0, 0, 0, 1, 52
"c:\Users\brian\Desktop\Code\My Game\build\_deps\glm-src\doc\api\search\all_3.html", "HTML", 0, 0, 0, 0, 0, 0, 0, 26, 0, 0, 0, 0, 0, 0, 0, 0, 0, 0, 0, 1, 27
"c:\Users\brian\Desktop\Code\My Game\build\_deps\glm-src\doc\api\search\all_3.js", "JavaScript", 0, 0, 0, 0, 0, 0, 0, 0, 59, 0, 0, 0, 0, 0, 0, 0, 0, 0, 0, 1, 60
"c:\Users\brian\Desktop\Code\My Game\build\_deps\glm-src\doc\api\search\all_4.html", "HTML", 0, 0, 0, 0, 0, 0, 0, 26, 0, 0, 0, 0, 0, 0, 0, 0, 0, 0, 0, 1, 27
"c:\Users\brian\Desktop\Code\My Game\build\_deps\glm-src\doc\api\search\all_4.js", "JavaScript", 0, 0, 0, 0, 0, 0, 0, 0, 68, 0, 0, 0, 0, 0, 0, 0, 0, 0, 0, 1, 69
"c:\Users\brian\Desktop\Code\My Game\build\_deps\glm-src\doc\api\search\all_5.html", "HTML", 0, 0, 0, 0, 0, 0, 0, 26, 0, 0, 0, 0, 0, 0, 0, 0, 0, 0, 0, 1, 27
"c:\Users\brian\Desktop\Code\My Game\build\_deps\glm-src\doc\api\search\all_5.js", "JavaScript", 0, 0, 0, 0, 0, 0, 0, 0, 131, 0, 0, 0, 0, 0, 0, 0, 0, 0, 0, 1, 132
"c:\Users\brian\Desktop\Code\My Game\build\_deps\glm-src\doc\api\search\all_6.html", "HTML", 0, 0, 0, 0, 0, 0, 0, 26, 0, 0, 0, 0, 0, 0, 0, 0, 0, 0, 0, 1, 27
"c:\Users\brian\Desktop\Code\My Game\build\_deps\glm-src\doc\api\search\all_6.js", "JavaScript", 0, 0, 0, 0, 0, 0, 0, 0, 143, 0, 0, 0, 0, 0, 0, 0, 0, 0, 0, 1, 144
"c:\Users\brian\Desktop\Code\My Game\build\_deps\glm-src\doc\api\search\all_7.html", "HTML", 0, 0, 0, 0, 0, 0, 0, 26, 0, 0, 0, 0, 0, 0, 0, 0, 0, 0, 0, 1, 27
"c:\Users\brian\Desktop\Code\My Game\build\_deps\glm-src\doc\api\search\all_7.js", "JavaScript", 0, 0, 0, 0, 0, 0, 0, 0, 194, 0, 0, 0, 0, 0, 0, 0, 0, 0, 0, 1, 195
"c:\Users\brian\Desktop\Code\My Game\build\_deps\glm-src\doc\api\search\all_8.html", "HTML", 0, 0, 0, 0, 0, 0, 0, 26, 0, 0, 0, 0, 0, 0, 0, 0, 0, 0, 0, 1, 27
"c:\Users\brian\Desktop\Code\My Game\build\_deps\glm-src\doc\api\search\all_8.js", "JavaScript", 0, 0, 0, 0, 0, 0, 0, 0, 93, 0, 0, 0, 0, 0, 0, 0, 0, 0, 0, 1, 94
"c:\Users\brian\Desktop\Code\My Game\build\_deps\glm-src\doc\api\search\all_9.html", "HTML", 0, 0, 0, 0, 0, 0, 0, 26, 0, 0, 0, 0, 0, 0, 0, 0, 0, 0, 0, 1, 27
"c:\Users\brian\Desktop\Code\My Game\build\_deps\glm-src\doc\api\search\all_9.js", "JavaScript", 0, 0, 0, 0, 0, 0, 0, 0, 214, 0, 0, 0, 0, 0, 0, 0, 0, 0, 0, 1, 215
"c:\Users\brian\Desktop\Code\My Game\build\_deps\glm-src\doc\api\search\all_a.html", "HTML", 0, 0, 0, 0, 0, 0, 0, 26, 0, 0, 0, 0, 0, 0, 0, 0, 0, 0, 0, 1, 27
"c:\Users\brian\Desktop\Code\My Game\build\_deps\glm-src\doc\api\search\all_a.js", "JavaScript", 0, 0, 0, 0, 0, 0, 0, 0, 297, 0, 0, 0, 0, 0, 0, 0, 0, 0, 0, 1, 298
"c:\Users\brian\Desktop\Code\My Game\build\_deps\glm-src\doc\api\search\all_b.html", "HTML", 0, 0, 0, 0, 0, 0, 0, 26, 0, 0, 0, 0, 0, 0, 0, 0, 0, 0, 0, 1, 27
"c:\Users\brian\Desktop\Code\My Game\build\_deps\glm-src\doc\api\search\all_b.js", "JavaScript", 0, 0, 0, 0, 0, 0, 0, 0, 15, 0, 0, 0, 0, 0, 0, 0, 0, 0, 0, 1, 16
"c:\Users\brian\Desktop\Code\My Game\build\_deps\glm-src\doc\api\search\all_c.html", "HTML", 0, 0, 0, 0, 0, 0, 0, 26, 0, 0, 0, 0, 0, 0, 0, 0, 0, 0, 0, 1, 27
"c:\Users\brian\Desktop\Code\My Game\build\_deps\glm-src\doc\api\search\all_c.js", "JavaScript", 0, 0, 0, 0, 0, 0, 0, 0, 27, 0, 0, 0, 0, 0, 0, 0, 0, 0, 0, 1, 28
"c:\Users\brian\Desktop\Code\My Game\build\_deps\glm-src\doc\api\search\all_d.html", "HTML", 0, 0, 0, 0, 0, 0, 0, 26, 0, 0, 0, 0, 0, 0, 0, 0, 0, 0, 0, 1, 27
"c:\Users\brian\Desktop\Code\My Game\build\_deps\glm-src\doc\api\search\all_d.js", "JavaScript", 0, 0, 0, 0, 0, 0, 0, 0, 263, 0, 0, 0, 0, 0, 0, 0, 0, 0, 0, 1, 264
"c:\Users\brian\Desktop\Code\My Game\build\_deps\glm-src\doc\api\search\all_e.html", "HTML", 0, 0, 0, 0, 0, 0, 0, 26, 0, 0, 0, 0, 0, 0, 0, 0, 0, 0, 0, 1, 27
"c:\Users\brian\Desktop\Code\My Game\build\_deps\glm-src\doc\api\search\all_e.js", "JavaScript", 0, 0, 0, 0, 0, 0, 0, 0, 31, 0, 0, 0, 0, 0, 0, 0, 0, 0, 0, 1, 32
"c:\Users\brian\Desktop\Code\My Game\build\_deps\glm-src\doc\api\search\all_f.html", "HTML", 0, 0, 0, 0, 0, 0, 0, 26, 0, 0, 0, 0, 0, 0, 0, 0, 0, 0, 0, 1, 27
"c:\Users\brian\Desktop\Code\My Game\build\_deps\glm-src\doc\api\search\all_f.js", "JavaScript", 0, 0, 0, 0, 0, 0, 0, 0, 43, 0, 0, 0, 0, 0, 0, 0, 0, 0, 0, 1, 44
"c:\Users\brian\Desktop\Code\My Game\build\_deps\glm-src\doc\api\search\files_0.html", "HTML", 0, 0, 0, 0, 0, 0, 0, 26, 0, 0, 0, 0, 0, 0, 0, 0, 0, 0, 0, 1, 27
"c:\Users\brian\Desktop\Code\My Game\build\_deps\glm-src\doc\api\search\files_0.js", "JavaScript", 0, 0, 0, 0, 0, 0, 0, 0, 4, 0, 0, 0, 0, 0, 0, 0, 0, 0, 0, 1, 5
"c:\Users\brian\Desktop\Code\My Game\build\_deps\glm-src\doc\api\search\files_1.html", "HTML", 0, 0, 0, 0, 0, 0, 0, 26, 0, 0, 0, 0, 0, 0, 0, 0, 0, 0, 0, 1, 27
"c:\Users\brian\Desktop\Code\My Game\build\_deps\glm-src\doc\api\search\files_1.js", "JavaScript", 0, 0, 0, 0, 0, 0, 0, 0, 5, 0, 0, 0, 0, 0, 0, 0, 0, 0, 0, 1, 6
"c:\Users\brian\Desktop\Code\My Game\build\_deps\glm-src\doc\api\search\files_10.html", "HTML", 0, 0, 0, 0, 0, 0, 0, 26, 0, 0, 0, 0, 0, 0, 0, 0, 0, 0, 0, 1, 27
"c:\Users\brian\Desktop\Code\My Game\build\_deps\glm-src\doc\api\search\files_10.js", "JavaScript", 0, 0, 0, 0, 0, 0, 0, 0, 13, 0, 0, 0, 0, 0, 0, 0, 0, 0, 0, 1, 14
"c:\Users\brian\Desktop\Code\My Game\build\_deps\glm-src\doc\api\search\files_11.html", "HTML", 0, 0, 0, 0, 0, 0, 0, 26, 0, 0, 0, 0, 0, 0, 0, 0, 0, 0, 0, 1, 27
"c:\Users\brian\Desktop\Code\My Game\build\_deps\glm-src\doc\api\search\files_11.js", "JavaScript", 0, 0, 0, 0, 0, 0, 0, 0, 24, 0, 0, 0, 0, 0, 0, 0, 0, 0, 0, 1, 25
"c:\Users\brian\Desktop\Code\My Game\build\_deps\glm-src\doc\api\search\files_12.html", "HTML", 0, 0, 0, 0, 0, 0, 0, 26, 0, 0, 0, 0, 0, 0, 0, 0, 0, 0, 0, 1, 27
"c:\Users\brian\Desktop\Code\My Game\build\_deps\glm-src\doc\api\search\files_12.js", "JavaScript", 0, 0, 0, 0, 0, 0, 0, 0, 4, 0, 0, 0, 0, 0, 0, 0, 0, 0, 0, 1, 5
"c:\Users\brian\Desktop\Code\My Game\build\_deps\glm-src\doc\api\search\files_13.html", "HTML", 0, 0, 0, 0, 0, 0, 0, 26, 0, 0, 0, 0, 0, 0, 0, 0, 0, 0, 0, 1, 27
"c:\Users\brian\Desktop\Code\My Game\build\_deps\glm-src\doc\api\search\files_13.js", "JavaScript", 0, 0, 0, 0, 0, 0, 0, 0, 54, 0, 0, 0, 0, 0, 0, 0, 0, 0, 0, 1, 55
"c:\Users\brian\Desktop\Code\My Game\build\_deps\glm-src\doc\api\search\files_14.html", "HTML", 0, 0, 0, 0, 0, 0, 0, 26, 0, 0, 0, 0, 0, 0, 0, 0, 0, 0, 0, 1, 27
"c:\Users\brian\Desktop\Code\My Game\build\_deps\glm-src\doc\api\search\files_14.js", "JavaScript", 0, 0, 0, 0, 0, 0, 0, 0, 4, 0, 0, 0, 0, 0, 0, 0, 0, 0, 0, 1, 5
"c:\Users\brian\Desktop\Code\My Game\build\_deps\glm-src\doc\api\search\files_2.html", "HTML", 0, 0, 0, 0, 0, 0, 0, 26, 0, 0, 0, 0, 0, 0, 0, 0, 0, 0, 0, 1, 27
"c:\Users\brian\Desktop\Code\My Game\build\_deps\glm-src\doc\api\search\files_2.js", "JavaScript", 0, 0, 0, 0, 0, 0, 0, 0, 10, 0, 0, 0, 0, 0, 0, 0, 0, 0, 0, 1, 11
"c:\Users\brian\Desktop\Code\My Game\build\_deps\glm-src\doc\api\search\files_3.html", "HTML", 0, 0, 0, 0, 0, 0, 0, 26, 0, 0, 0, 0, 0, 0, 0, 0, 0, 0, 0, 1, 27
"c:\Users\brian\Desktop\Code\My Game\build\_deps\glm-src\doc\api\search\files_3.js", "JavaScript", 0, 0, 0, 0, 0, 0, 0, 0, 4, 0, 0, 0, 0, 0, 0, 0, 0, 0, 0, 1, 5
"c:\Users\brian\Desktop\Code\My Game\build\_deps\glm-src\doc\api\search\files_4.html", "HTML", 0, 0, 0, 0, 0, 0, 0, 26, 0, 0, 0, 0, 0, 0, 0, 0, 0, 0, 0, 1, 27
"c:\Users\brian\Desktop\Code\My Game\build\_deps\glm-src\doc\api\search\files_4.js", "JavaScript", 0, 0, 0, 0, 0, 0, 0, 0, 14, 0, 0, 0, 0, 0, 0, 0, 0, 0, 0, 1, 15
"c:\Users\brian\Desktop\Code\My Game\build\_deps\glm-src\doc\api\search\files_5.html", "HTML", 0, 0, 0, 0, 0, 0, 0, 26, 0, 0, 0, 0, 0, 0, 0, 0, 0, 0, 0, 1, 27
"c:\Users\brian\Desktop\Code\My Game\build\_deps\glm-src\doc\api\search\files_5.js", "JavaScript", 0, 0, 0, 0, 0, 0, 0, 0, 7, 0, 0, 0, 0, 0, 0, 0, 0, 0, 0, 1, 8
"c:\Users\brian\Desktop\Code\My Game\build\_deps\glm-src\doc\api\search\files_6.html", "HTML", 0, 0, 0, 0, 0, 0, 0, 26, 0, 0, 0, 0, 0, 0, 0, 0, 0, 0, 0, 1, 27
"c:\Users\brian\Desktop\Code\My Game\build\_deps\glm-src\doc\api\search\files_6.js", "JavaScript", 0, 0, 0, 0, 0, 0, 0, 0, 18, 0, 0, 0, 0, 0, 0, 0, 0, 0, 0, 1, 19
"c:\Users\brian\Desktop\Code\My Game\build\_deps\glm-src\doc\api\search\files_7.html", "HTML", 0, 0, 0, 0, 0, 0, 0, 26, 0, 0, 0, 0, 0, 0, 0, 0, 0, 0, 0, 1, 27
"c:\Users\brian\Desktop\Code\My Game\build\_deps\glm-src\doc\api\search\files_7.js", "JavaScript", 0, 0, 0, 0, 0, 0, 0, 0, 5, 0, 0, 0, 0, 0, 0, 0, 0, 0, 0, 1, 6
"c:\Users\brian\Desktop\Code\My Game\build\_deps\glm-src\doc\api\search\files_8.html", "HTML", 0, 0, 0, 0, 0, 0, 0, 26, 0, 0, 0, 0, 0, 0, 0, 0, 0, 0, 0, 1, 27
"c:\Users\brian\Desktop\Code\My Game\build\_deps\glm-src\doc\api\search\files_8.js", "JavaScript", 0, 0, 0, 0, 0, 0, 0, 0, 6, 0, 0, 0, 0, 0, 0, 0, 0, 0, 0, 1, 7
"c:\Users\brian\Desktop\Code\My Game\build\_deps\glm-src\doc\api\search\files_9.html", "HTML", 0, 0, 0, 0, 0, 0, 0, 26, 0, 0, 0, 0, 0, 0, 0, 0, 0, 0, 0, 1, 27
"c:\Users\brian\Desktop\Code\My Game\build\_deps\glm-src\doc\api\search\files_9.js", "JavaScript", 0, 0, 0, 0, 0, 0, 0, 0, 4, 0, 0, 0, 0, 0, 0, 0, 0, 0, 0, 1, 5
"c:\Users\brian\Desktop\Code\My Game\build\_deps\glm-src\doc\api\search\files_a.html", "HTML", 0, 0, 0, 0, 0, 0, 0, 26, 0, 0, 0, 0, 0, 0, 0, 0, 0, 0, 0, 1, 27
"c:\Users\brian\Desktop\Code\My Game\build\_deps\glm-src\doc\api\search\files_a.js", "JavaScript", 0, 0, 0, 0, 0, 0, 0, 0, 64, 0, 0, 0, 0, 0, 0, 0, 0, 0, 0, 1, 65
"c:\Users\brian\Desktop\Code\My Game\build\_deps\glm-src\doc\api\search\files_b.html", "HTML", 0, 0, 0, 0, 0, 0, 0, 26, 0, 0, 0, 0, 0, 0, 0, 0, 0, 0, 0, 1, 27
"c:\Users\brian\Desktop\Code\My Game\build\_deps\glm-src\doc\api\search\files_b.js", "JavaScript", 0, 0, 0, 0, 0, 0, 0, 0, 8, 0, 0, 0, 0, 0, 0, 0, 0, 0, 0, 1, 9
"c:\Users\brian\Desktop\Code\My Game\build\_deps\glm-src\doc\api\search\files_c.html", "HTML", 0, 0, 0, 0, 0, 0, 0, 26, 0, 0, 0, 0, 0, 0, 0, 0, 0, 0, 0, 1, 27
"c:\Users\brian\Desktop\Code\My Game\build\_deps\glm-src\doc\api\search\files_c.js", "JavaScript", 0, 0, 0, 0, 0, 0, 0, 0, 5, 0, 0, 0, 0, 0, 0, 0, 0, 0, 0, 1, 6
"c:\Users\brian\Desktop\Code\My Game\build\_deps\glm-src\doc\api\search\files_d.html", "HTML", 0, 0, 0, 0, 0, 0, 0, 26, 0, 0, 0, 0, 0, 0, 0, 0, 0, 0, 0, 1, 27
"c:\Users\brian\Desktop\Code\My Game\build\_deps\glm-src\doc\api\search\files_d.js", "JavaScript", 0, 0, 0, 0, 0, 0, 0, 0, 7, 0, 0, 0, 0, 0, 0, 0, 0, 0, 0, 1, 8
"c:\Users\brian\Desktop\Code\My Game\build\_deps\glm-src\doc\api\search\files_e.html", "HTML", 0, 0, 0, 0, 0, 0, 0, 26, 0, 0, 0, 0, 0, 0, 0, 0, 0, 0, 0, 1, 27
"c:\Users\brian\Desktop\Code\My Game\build\_deps\glm-src\doc\api\search\files_e.js", "JavaScript", 0, 0, 0, 0, 0, 0, 0, 0, 13, 0, 0, 0, 0, 0, 0, 0, 0, 0, 0, 1, 14
"c:\Users\brian\Desktop\Code\My Game\build\_deps\glm-src\doc\api\search\files_f.html", "HTML", 0, 0, 0, 0, 0, 0, 0, 26, 0, 0, 0, 0, 0, 0, 0, 0, 0, 0, 0, 1, 27
"c:\Users\brian\Desktop\Code\My Game\build\_deps\glm-src\doc\api\search\files_f.js", "JavaScript", 0, 0, 0, 0, 0, 0, 0, 0, 10, 0, 0, 0, 0, 0, 0, 0, 0, 0, 0, 1, 11
"c:\Users\brian\Desktop\Code\My Game\build\_deps\glm-src\doc\api\search\functions_0.html", "HTML", 0, 0, 0, 0, 0, 0, 0, 26, 0, 0, 0, 0, 0, 0, 0, 0, 0, 0, 0, 1, 27
"c:\Users\brian\Desktop\Code\My Game\build\_deps\glm-src\doc\api\search\functions_0.js", "JavaScript", 0, 0, 0, 0, 0, 0, 0, 0, 31, 0, 0, 0, 0, 0, 0, 0, 0, 0, 0, 1, 32
"c:\Users\brian\Desktop\Code\My Game\build\_deps\glm-src\doc\api\search\functions_1.html", "HTML", 0, 0, 0, 0, 0, 0, 0, 26, 0, 0, 0, 0, 0, 0, 0, 0, 0, 0, 0, 1, 27
"c:\Users\brian\Desktop\Code\My Game\build\_deps\glm-src\doc\api\search\functions_1.js", "JavaScript", 0, 0, 0, 0, 0, 0, 0, 0, 20, 0, 0, 0, 0, 0, 0, 0, 0, 0, 0, 1, 21
"c:\Users\brian\Desktop\Code\My Game\build\_deps\glm-src\doc\api\search\functions_10.html", "HTML", 0, 0, 0, 0, 0, 0, 0, 26, 0, 0, 0, 0, 0, 0, 0, 0, 0, 0, 0, 1, 27
"c:\Users\brian\Desktop\Code\My Game\build\_deps\glm-src\doc\api\search\functions_10.js", "JavaScript", 0, 0, 0, 0, 0, 0, 0, 0, 30, 0, 0, 0, 0, 0, 0, 0, 0, 0, 0, 1, 31
"c:\Users\brian\Desktop\Code\My Game\build\_deps\glm-src\doc\api\search\functions_11.html", "HTML", 0, 0, 0, 0, 0, 0, 0, 26, 0, 0, 0, 0, 0, 0, 0, 0, 0, 0, 0, 1, 27
"c:\Users\brian\Desktop\Code\My Game\build\_deps\glm-src\doc\api\search\functions_11.js", "JavaScript", 0, 0, 0, 0, 0, 0, 0, 0, 20, 0, 0, 0, 0, 0, 0, 0, 0, 0, 0, 1, 21
"c:\Users\brian\Desktop\Code\My Game\build\_deps\glm-src\doc\api\search\functions_12.html", "HTML", 0, 0, 0, 0, 0, 0, 0, 26, 0, 0, 0, 0, 0, 0, 0, 0, 0, 0, 0, 1, 27
"c:\Users\brian\Desktop\Code\My Game\build\_deps\glm-src\doc\api\search\functions_12.js", "JavaScript", 0, 0, 0, 0, 0, 0, 0, 0, 52, 0, 0, 0, 0, 0, 0, 0, 0, 0, 0, 1, 53
"c:\Users\brian\Desktop\Code\My Game\build\_deps\glm-src\doc\api\search\functions_13.html", "HTML", 0, 0, 0, 0, 0, 0, 0, 26, 0, 0, 0, 0, 0, 0, 0, 0, 0, 0, 0, 1, 27
"c:\Users\brian\Desktop\Code\My Game\build\_deps\glm-src\doc\api\search\functions_13.js", "JavaScript", 0, 0, 0, 0, 0, 0, 0, 0, 4, 0, 0, 0, 0, 0, 0, 0, 0, 0, 0, 1, 5
"c:\Users\brian\Desktop\Code\My Game\build\_deps\glm-src\doc\api\search\functions_14.html", "HTML", 0, 0, 0, 0, 0, 0, 0, 26, 0, 0, 0, 0, 0, 0, 0, 0, 0, 0, 0, 1, 27
"c:\Users\brian\Desktop\Code\My Game\build\_deps\glm-src\doc\api\search\functions_14.js", "JavaScript", 0, 0, 0, 0, 0, 0, 0, 0, 4, 0, 0, 0, 0, 0, 0, 0, 0, 0, 0, 1, 5
"c:\Users\brian\Desktop\Code\My Game\build\_deps\glm-src\doc\api\search\functions_15.html", "HTML", 0, 0, 0, 0, 0, 0, 0, 26, 0, 0, 0, 0, 0, 0, 0, 0, 0, 0, 0, 1, 27
"c:\Users\brian\Desktop\Code\My Game\build\_deps\glm-src\doc\api\search\functions_15.js", "JavaScript", 0, 0, 0, 0, 0, 0, 0, 0, 7, 0, 0, 0, 0, 0, 0, 0, 0, 0, 0, 1, 8
"c:\Users\brian\Desktop\Code\My Game\build\_deps\glm-src\doc\api\search\functions_16.html", "HTML", 0, 0, 0, 0, 0, 0, 0, 26, 0, 0, 0, 0, 0, 0, 0, 0, 0, 0, 0, 1, 27
"c:\Users\brian\Desktop\Code\My Game\build\_deps\glm-src\doc\api\search\functions_16.js", "JavaScript", 0, 0, 0, 0, 0, 0, 0, 0, 4, 0, 0, 0, 0, 0, 0, 0, 0, 0, 0, 1, 5
"c:\Users\brian\Desktop\Code\My Game\build\_deps\glm-src\doc\api\search\functions_2.html", "HTML", 0, 0, 0, 0, 0, 0, 0, 26, 0, 0, 0, 0, 0, 0, 0, 0, 0, 0, 0, 1, 27
"c:\Users\brian\Desktop\Code\My Game\build\_deps\glm-src\doc\api\search\functions_2.js", "JavaScript", 0, 0, 0, 0, 0, 0, 0, 0, 42, 0, 0, 0, 0, 0, 0, 0, 0, 0, 0, 1, 43
"c:\Users\brian\Desktop\Code\My Game\build\_deps\glm-src\doc\api\search\functions_3.html", "HTML", 0, 0, 0, 0, 0, 0, 0, 26, 0, 0, 0, 0, 0, 0, 0, 0, 0, 0, 0, 1, 27
"c:\Users\brian\Desktop\Code\My Game\build\_deps\glm-src\doc\api\search\functions_3.js", "JavaScript", 0, 0, 0, 0, 0, 0, 0, 0, 24, 0, 0, 0, 0, 0, 0, 0, 0, 0, 0, 1, 25
"c:\Users\brian\Desktop\Code\My Game\build\_deps\glm-src\doc\api\search\functions_4.html", "HTML", 0, 0, 0, 0, 0, 0, 0, 26, 0, 0, 0, 0, 0, 0, 0, 0, 0, 0, 0, 1, 27
"c:\Users\brian\Desktop\Code\My Game\build\_deps\glm-src\doc\api\search\functions_4.js", "JavaScript", 0, 0, 0, 0, 0, 0, 0, 0, 55, 0, 0, 0, 0, 0, 0, 0, 0, 0, 0, 1, 56
"c:\Users\brian\Desktop\Code\My Game\build\_deps\glm-src\doc\api\search\functions_5.html", "HTML", 0, 0, 0, 0, 0, 0, 0, 26, 0, 0, 0, 0, 0, 0, 0, 0, 0, 0, 0, 1, 27
"c:\Users\brian\Desktop\Code\My Game\build\_deps\glm-src\doc\api\search\functions_5.js", "JavaScript", 0, 0, 0, 0, 0, 0, 0, 0, 51, 0, 0, 0, 0, 0, 0, 0, 0, 0, 0, 1, 52
"c:\Users\brian\Desktop\Code\My Game\build\_deps\glm-src\doc\api\search\functions_6.html", "HTML", 0, 0, 0, 0, 0, 0, 0, 26, 0, 0, 0, 0, 0, 0, 0, 0, 0, 0, 0, 1, 27
"c:\Users\brian\Desktop\Code\My Game\build\_deps\glm-src\doc\api\search\functions_6.js", "JavaScript", 0, 0, 0, 0, 0, 0, 0, 0, 9, 0, 0, 0, 0, 0, 0, 0, 0, 0, 0, 1, 10
"c:\Users\brian\Desktop\Code\My Game\build\_deps\glm-src\doc\api\search\functions_7.html", "HTML", 0, 0, 0, 0, 0, 0, 0, 26, 0, 0, 0, 0, 0, 0, 0, 0, 0, 0, 0, 1, 27
"c:\Users\brian\Desktop\Code\My Game\build\_deps\glm-src\doc\api\search\functions_7.js", "JavaScript", 0, 0, 0, 0, 0, 0, 0, 0, 7, 0, 0, 0, 0, 0, 0, 0, 0, 0, 0, 1, 8
"c:\Users\brian\Desktop\Code\My Game\build\_deps\glm-src\doc\api\search\functions_8.html", "HTML", 0, 0, 0, 0, 0, 0, 0, 26, 0, 0, 0, 0, 0, 0, 0, 0, 0, 0, 0, 1, 27
"c:\Users\brian\Desktop\Code\My Game\build\_deps\glm-src\doc\api\search\functions_8.js", "JavaScript", 0, 0, 0, 0, 0, 0, 0, 0, 31, 0, 0, 0, 0, 0, 0, 0, 0, 0, 0, 1, 32
"c:\Users\brian\Desktop\Code\My Game\build\_deps\glm-src\doc\api\search\functions_9.html", "HTML", 0, 0, 0, 0, 0, 0, 0, 26, 0, 0, 0, 0, 0, 0, 0, 0, 0, 0, 0, 1, 27
"c:\Users\brian\Desktop\Code\My Game\build\_deps\glm-src\doc\api\search\functions_9.js", "JavaScript", 0, 0, 0, 0, 0, 0, 0, 0, 28, 0, 0, 0, 0, 0, 0, 0, 0, 0, 0, 1, 29
"c:\Users\brian\Desktop\Code\My Game\build\_deps\glm-src\doc\api\search\functions_a.html", "HTML", 0, 0, 0, 0, 0, 0, 0, 26, 0, 0, 0, 0, 0, 0, 0, 0, 0, 0, 0, 1, 27
"c:\Users\brian\Desktop\Code\My Game\build\_deps\glm-src\doc\api\search\functions_a.js", "JavaScript", 0, 0, 0, 0, 0, 0, 0, 0, 36, 0, 0, 0, 0, 0, 0, 0, 0, 0, 0, 1, 37
"c:\Users\brian\Desktop\Code\My Game\build\_deps\glm-src\doc\api\search\functions_b.html", "HTML", 0, 0, 0, 0, 0, 0, 0, 26, 0, 0, 0, 0, 0, 0, 0, 0, 0, 0, 0, 1, 27
"c:\Users\brian\Desktop\Code\My Game\build\_deps\glm-src\doc\api\search\functions_b.js", "JavaScript", 0, 0, 0, 0, 0, 0, 0, 0, 10, 0, 0, 0, 0, 0, 0, 0, 0, 0, 0, 1, 11
"c:\Users\brian\Desktop\Code\My Game\build\_deps\glm-src\doc\api\search\functions_c.html", "HTML", 0, 0, 0, 0, 0, 0, 0, 26, 0, 0, 0, 0, 0, 0, 0, 0, 0, 0, 0, 1, 27
"c:\Users\brian\Desktop\Code\My Game\build\_deps\glm-src\doc\api\search\functions_c.js", "JavaScript", 0, 0, 0, 0, 0, 0, 0, 0, 24, 0, 0, 0, 0, 0, 0, 0, 0, 0, 0, 1, 25
"c:\Users\brian\Desktop\Code\My Game\build\_deps\glm-src\doc\api\search\functions_d.html", "HTML", 0, 0, 0, 0, 0, 0, 0, 26, 0, 0, 0, 0, 0, 0, 0, 0, 0, 0, 0, 1, 27
"c:\Users\brian\Desktop\Code\My Game\build\_deps\glm-src\doc\api\search\functions_d.js", "JavaScript", 0, 0, 0, 0, 0, 0, 0, 0, 83, 0, 0, 0, 0, 0, 0, 0, 0, 0, 0, 1, 84
"c:\Users\brian\Desktop\Code\My Game\build\_deps\glm-src\doc\api\search\functions_e.html", "HTML", 0, 0, 0, 0, 0, 0, 0, 26, 0, 0, 0, 0, 0, 0, 0, 0, 0, 0, 0, 1, 27
"c:\Users\brian\Desktop\Code\My Game\build\_deps\glm-src\doc\api\search\functions_e.js", "JavaScript", 0, 0, 0, 0, 0, 0, 0, 0, 19, 0, 0, 0, 0, 0, 0, 0, 0, 0, 0, 1, 20
"c:\Users\brian\Desktop\Code\My Game\build\_deps\glm-src\doc\api\search\functions_f.html", "HTML", 0, 0, 0, 0, 0, 0, 0, 26, 0, 0, 0, 0, 0, 0, 0, 0, 0, 0, 0, 1, 27
"c:\Users\brian\Desktop\Code\My Game\build\_deps\glm-src\doc\api\search\functions_f.js", "JavaScript", 0, 0, 0, 0, 0, 0, 0, 0, 35, 0, 0, 0, 0, 0, 0, 0, 0, 0, 0, 1, 36
"c:\Users\brian\Desktop\Code\My Game\build\_deps\glm-src\doc\api\search\groups_0.html", "HTML", 0, 0, 0, 0, 0, 0, 0, 26, 0, 0, 0, 0, 0, 0, 0, 0, 0, 0, 0, 1, 27
"c:\Users\brian\Desktop\Code\My Game\build\_deps\glm-src\doc\api\search\groups_0.js", "JavaScript", 0, 0, 0, 0, 0, 0, 0, 0, 4, 0, 0, 0, 0, 0, 0, 0, 0, 0, 0, 1, 5
"c:\Users\brian\Desktop\Code\My Game\build\_deps\glm-src\doc\api\search\groups_1.html", "HTML", 0, 0, 0, 0, 0, 0, 0, 26, 0, 0, 0, 0, 0, 0, 0, 0, 0, 0, 0, 1, 27
"c:\Users\brian\Desktop\Code\My Game\build\_deps\glm-src\doc\api\search\groups_1.js", "JavaScript", 0, 0, 0, 0, 0, 0, 0, 0, 5, 0, 0, 0, 0, 0, 0, 0, 0, 0, 0, 1, 6
"c:\Users\brian\Desktop\Code\My Game\build\_deps\glm-src\doc\api\search\groups_2.html", "HTML", 0, 0, 0, 0, 0, 0, 0, 26, 0, 0, 0, 0, 0, 0, 0, 0, 0, 0, 0, 1, 27
"c:\Users\brian\Desktop\Code\My Game\build\_deps\glm-src\doc\api\search\groups_2.js", "JavaScript", 0, 0, 0, 0, 0, 0, 0, 0, 5, 0, 0, 0, 0, 0, 0, 0, 0, 0, 0, 1, 6
"c:\Users\brian\Desktop\Code\My Game\build\_deps\glm-src\doc\api\search\groups_3.html", "HTML", 0, 0, 0, 0, 0, 0, 0, 26, 0, 0, 0, 0, 0, 0, 0, 0, 0, 0, 0, 1, 27
"c:\Users\brian\Desktop\Code\My Game\build\_deps\glm-src\doc\api\search\groups_3.js", "JavaScript", 0, 0, 0, 0, 0, 0, 0, 0, 4, 0, 0, 0, 0, 0, 0, 0, 0, 0, 0, 1, 5
"c:\Users\brian\Desktop\Code\My Game\build\_deps\glm-src\doc\api\search\groups_4.html", "HTML", 0, 0, 0, 0, 0, 0, 0, 26, 0, 0, 0, 0, 0, 0, 0, 0, 0, 0, 0, 1, 27
"c:\Users\brian\Desktop\Code\My Game\build\_deps\glm-src\doc\api\search\groups_4.js", "JavaScript", 0, 0, 0, 0, 0, 0, 0, 0, 122, 0, 0, 0, 0, 0, 0, 0, 0, 0, 0, 1, 123
"c:\Users\brian\Desktop\Code\My Game\build\_deps\glm-src\doc\api\search\groups_5.html", "HTML", 0, 0, 0, 0, 0, 0, 0, 26, 0, 0, 0, 0, 0, 0, 0, 0, 0, 0, 0, 1, 27
"c:\Users\brian\Desktop\Code\My Game\build\_deps\glm-src\doc\api\search\groups_5.js", "JavaScript", 0, 0, 0, 0, 0, 0, 0, 0, 4, 0, 0, 0, 0, 0, 0, 0, 0, 0, 0, 1, 5
"c:\Users\brian\Desktop\Code\My Game\build\_deps\glm-src\doc\api\search\groups_6.html", "HTML", 0, 0, 0, 0, 0, 0, 0, 26, 0, 0, 0, 0, 0, 0, 0, 0, 0, 0, 0, 1, 27
"c:\Users\brian\Desktop\Code\My Game\build\_deps\glm-src\doc\api\search\groups_6.js", "JavaScript", 0, 0, 0, 0, 0, 0, 0, 0, 6, 0, 0, 0, 0, 0, 0, 0, 0, 0, 0, 1, 7
"c:\Users\brian\Desktop\Code\My Game\build\_deps\glm-src\doc\api\search\groups_7.html", "HTML", 0, 0, 0, 0, 0, 0, 0, 26, 0, 0, 0, 0, 0, 0, 0, 0, 0, 0, 0, 1, 27
"c:\Users\brian\Desktop\Code\My Game\build\_deps\glm-src\doc\api\search\groups_7.js", "JavaScript", 0, 0, 0, 0, 0, 0, 0, 0, 4, 0, 0, 0, 0, 0, 0, 0, 0, 0, 0, 1, 5
"c:\Users\brian\Desktop\Code\My Game\build\_deps\glm-src\doc\api\search\groups_8.html", "HTML", 0, 0, 0, 0, 0, 0, 0, 26, 0, 0, 0, 0, 0, 0, 0, 0, 0, 0, 0, 1, 27
"c:\Users\brian\Desktop\Code\My Game\build\_deps\glm-src\doc\api\search\groups_8.js", "JavaScript", 0, 0, 0, 0, 0, 0, 0, 0, 4, 0, 0, 0, 0, 0, 0, 0, 0, 0, 0, 1, 5
"c:\Users\brian\Desktop\Code\My Game\build\_deps\glm-src\doc\api\search\groups_9.html", "HTML", 0, 0, 0, 0, 0, 0, 0, 26, 0, 0, 0, 0, 0, 0, 0, 0, 0, 0, 0, 1, 27
"c:\Users\brian\Desktop\Code\My Game\build\_deps\glm-src\doc\api\search\groups_9.js", "JavaScript", 0, 0, 0, 0, 0, 0, 0, 0, 6, 0, 0, 0, 0, 0, 0, 0, 0, 0, 0, 1, 7
"c:\Users\brian\Desktop\Code\My Game\build\_deps\glm-src\doc\api\search\nomatches.html", "HTML", 0, 0, 0, 0, 0, 0, 0, 12, 0, 0, 0, 0, 0, 0, 0, 0, 0, 0, 0, 1, 13
"c:\Users\brian\Desktop\Code\My Game\build\_deps\glm-src\doc\api\search\pages_0.html", "HTML", 0, 0, 0, 0, 0, 0, 0, 26, 0, 0, 0, 0, 0, 0, 0, 0, 0, 0, 0, 1, 27
"c:\Users\brian\Desktop\Code\My Game\build\_deps\glm-src\doc\api\search\pages_0.js", "JavaScript", 0, 0, 0, 0, 0, 0, 0, 0, 4, 0, 0, 0, 0, 0, 0, 0, 0, 0, 0, 1, 5
"c:\Users\brian\Desktop\Code\My Game\build\_deps\glm-src\doc\api\search\search.css", "PostCSS", 0, 0, 0, 0, 0, 0, 0, 0, 0, 0, 0, 0, 0, 220, 0, 0, 0, 0, 5, 47, 272
"c:\Users\brian\Desktop\Code\My Game\build\_deps\glm-src\doc\api\search\search.js", "JavaScript", 0, 0, 0, 0, 0, 0, 0, 0, 688, 0, 0, 0, 0, 0, 0, 0, 0, 0, 36, 68, 792
"c:\Users\brian\Desktop\Code\My Game\build\_deps\glm-src\doc\api\search\searchdata.js", "JavaScript", 0, 0, 0, 0, 0, 0, 0, 0, 27, 0, 0, 0, 0, 0, 0, 0, 0, 0, 0, 4, 31
"c:\Users\brian\Desktop\Code\My Game\build\_deps\glm-src\doc\api\search\typedefs_0.html", "HTML", 0, 0, 0, 0, 0, 0, 0, 26, 0, 0, 0, 0, 0, 0, 0, 0, 0, 0, 0, 1, 27
"c:\Users\brian\Desktop\Code\My Game\build\_deps\glm-src\doc\api\search\typedefs_0.js", "JavaScript", 0, 0, 0, 0, 0, 0, 0, 0, 179, 0, 0, 0, 0, 0, 0, 0, 0, 0, 0, 1, 180
"c:\Users\brian\Desktop\Code\My Game\build\_deps\glm-src\doc\api\search\typedefs_1.html", "HTML", 0, 0, 0, 0, 0, 0, 0, 26, 0, 0, 0, 0, 0, 0, 0, 0, 0, 0, 0, 1, 27
"c:\Users\brian\Desktop\Code\My Game\build\_deps\glm-src\doc\api\search\typedefs_1.js", "JavaScript", 0, 0, 0, 0, 0, 0, 0, 0, 22, 0, 0, 0, 0, 0, 0, 0, 0, 0, 0, 1, 23
"c:\Users\brian\Desktop\Code\My Game\build\_deps\glm-src\doc\api\search\typedefs_2.html", "HTML", 0, 0, 0, 0, 0, 0, 0, 26, 0, 0, 0, 0, 0, 0, 0, 0, 0, 0, 0, 1, 27
"c:\Users\brian\Desktop\Code\My Game\build\_deps\glm-src\doc\api\search\typedefs_2.js", "JavaScript", 0, 0, 0, 0, 0, 0, 0, 0, 37, 0, 0, 0, 0, 0, 0, 0, 0, 0, 0, 1, 38
"c:\Users\brian\Desktop\Code\My Game\build\_deps\glm-src\doc\api\search\typedefs_3.html", "HTML", 0, 0, 0, 0, 0, 0, 0, 26, 0, 0, 0, 0, 0, 0, 0, 0, 0, 0, 0, 1, 27
"c:\Users\brian\Desktop\Code\My Game\build\_deps\glm-src\doc\api\search\typedefs_3.js", "JavaScript", 0, 0, 0, 0, 0, 0, 0, 0, 78, 0, 0, 0, 0, 0, 0, 0, 0, 0, 0, 1, 79
"c:\Users\brian\Desktop\Code\My Game\build\_deps\glm-src\doc\api\search\typedefs_4.html", "HTML", 0, 0, 0, 0, 0, 0, 0, 26, 0, 0, 0, 0, 0, 0, 0, 0, 0, 0, 0, 1, 27
"c:\Users\brian\Desktop\Code\My Game\build\_deps\glm-src\doc\api\search\typedefs_4.js", "JavaScript", 0, 0, 0, 0, 0, 0, 0, 0, 188, 0, 0, 0, 0, 0, 0, 0, 0, 0, 0, 1, 189
"c:\Users\brian\Desktop\Code\My Game\build\_deps\glm-src\doc\api\search\typedefs_5.html", "HTML", 0, 0, 0, 0, 0, 0, 0, 26, 0, 0, 0, 0, 0, 0, 0, 0, 0, 0, 0, 1, 27
"c:\Users\brian\Desktop\Code\My Game\build\_deps\glm-src\doc\api\search\typedefs_5.js", "JavaScript", 0, 0, 0, 0, 0, 0, 0, 0, 61, 0, 0, 0, 0, 0, 0, 0, 0, 0, 0, 1, 62
"c:\Users\brian\Desktop\Code\My Game\build\_deps\glm-src\doc\api\search\typedefs_6.html", "HTML", 0, 0, 0, 0, 0, 0, 0, 26, 0, 0, 0, 0, 0, 0, 0, 0, 0, 0, 0, 1, 27
"c:\Users\brian\Desktop\Code\My Game\build\_deps\glm-src\doc\api\search\typedefs_6.js", "JavaScript", 0, 0, 0, 0, 0, 0, 0, 0, 188, 0, 0, 0, 0, 0, 0, 0, 0, 0, 0, 1, 189
"c:\Users\brian\Desktop\Code\My Game\build\_deps\glm-src\doc\api\search\typedefs_7.html", "HTML", 0, 0, 0, 0, 0, 0, 0, 26, 0, 0, 0, 0, 0, 0, 0, 0, 0, 0, 0, 1, 27
"c:\Users\brian\Desktop\Code\My Game\build\_deps\glm-src\doc\api\search\typedefs_7.js", "JavaScript", 0, 0, 0, 0, 0, 0, 0, 0, 200, 0, 0, 0, 0, 0, 0, 0, 0, 0, 0, 1, 201
"c:\Users\brian\Desktop\Code\My Game\build\_deps\glm-src\doc\api\search\typedefs_8.html", "HTML", 0, 0, 0, 0, 0, 0, 0, 26, 0, 0, 0, 0, 0, 0, 0, 0, 0, 0, 0, 1, 27
"c:\Users\brian\Desktop\Code\My Game\build\_deps\glm-src\doc\api\search\typedefs_8.js", "JavaScript", 0, 0, 0, 0, 0, 0, 0, 0, 179, 0, 0, 0, 0, 0, 0, 0, 0, 0, 0, 1, 180
"c:\Users\brian\Desktop\Code\My Game\build\_deps\glm-src\doc\api\search\typedefs_9.html", "HTML", 0, 0, 0, 0, 0, 0, 0, 26, 0, 0, 0, 0, 0, 0, 0, 0, 0, 0, 0, 1, 27
"c:\Users\brian\Desktop\Code\My Game\build\_deps\glm-src\doc\api\search\typedefs_9.js", "JavaScript", 0, 0, 0, 0, 0, 0, 0, 0, 5, 0, 0, 0, 0, 0, 0, 0, 0, 0, 0, 1, 6
"c:\Users\brian\Desktop\Code\My Game\build\_deps\glm-src\doc\api\search\typedefs_a.html", "HTML", 0, 0, 0, 0, 0, 0, 0, 26, 0, 0, 0, 0, 0, 0, 0, 0, 0, 0, 0, 1, 27
"c:\Users\brian\Desktop\Code\My Game\build\_deps\glm-src\doc\api\search\typedefs_a.js", "JavaScript", 0, 0, 0, 0, 0, 0, 0, 0, 12, 0, 0, 0, 0, 0, 0, 0, 0, 0, 0, 1, 13
"c:\Users\brian\Desktop\Code\My Game\build\_deps\glm-src\doc\api\search\typedefs_b.html", "HTML", 0, 0, 0, 0, 0, 0, 0, 26, 0, 0, 0, 0, 0, 0, 0, 0, 0, 0, 0, 1, 27
"c:\Users\brian\Desktop\Code\My Game\build\_deps\glm-src\doc\api\search\typedefs_b.js", "JavaScript", 0, 0, 0, 0, 0, 0, 0, 0, 47, 0, 0, 0, 0, 0, 0, 0, 0, 0, 0, 1, 48
"c:\Users\brian\Desktop\Code\My Game\build\_deps\glm-src\doc\api\search\typedefs_c.html", "HTML", 0, 0, 0, 0, 0, 0, 0, 26, 0, 0, 0, 0, 0, 0, 0, 0, 0, 0, 0, 1, 27
"c:\Users\brian\Desktop\Code\My Game\build\_deps\glm-src\doc\api\search\typedefs_c.js", "JavaScript", 0, 0, 0, 0, 0, 0, 0, 0, 7, 0, 0, 0, 0, 0, 0, 0, 0, 0, 0, 1, 8
"c:\Users\brian\Desktop\Code\My Game\build\_deps\glm-src\doc\api\search\typedefs_d.html", "HTML", 0, 0, 0, 0, 0, 0, 0, 26, 0, 0, 0, 0, 0, 0, 0, 0, 0, 0, 0, 1, 27
"c:\Users\brian\Desktop\Code\My Game\build\_deps\glm-src\doc\api\search\typedefs_d.js", "JavaScript", 0, 0, 0, 0, 0, 0, 0, 0, 4, 0, 0, 0, 0, 0, 0, 0, 0, 0, 0, 1, 5
"c:\Users\brian\Desktop\Code\My Game\build\_deps\glm-src\doc\api\tabs.css", "PostCSS", 0, 0, 0, 0, 0, 0, 0, 0, 0, 0, 0, 0, 0, 53, 0, 0, 0, 0, 0, 8, 61
"c:\Users\brian\Desktop\Code\My Game\build\_deps\glm-src\doc\theme\doxygen.css", "PostCSS", 0, 0, 0, 0, 0, 0, 0, 0, 0, 0, 0, 0, 0, 1214, 0, 0, 0, 0, 46, 237, 1497
"c:\Users\brian\Desktop\Code\My Game\build\_deps\glm-src\glm\CMakeLists.txt", "CMake", 0, 0, 61, 0, 0, 0, 0, 0, 0, 0, 0, 0, 0, 0, 0, 0, 0, 0, 0, 10, 71
"c:\Users\brian\Desktop\Code\My Game\build\_deps\glm-src\glm\common.hpp", "C++", 97, 0, 0, 0, 0, 0, 0, 0, 0, 0, 0, 0, 0, 0, 0, 0, 0, 0, 389, 54, 540
"c:\Users\brian\Desktop\Code\My Game\build\_deps\glm-src\glm\detail\_features.hpp", "C++", 110, 0, 0, 0, 0, 0, 0, 0, 0, 0, 0, 0, 0, 0, 0, 0, 0, 0, 185, 100, 395
"c:\Users\brian\Desktop\Code\My Game\build\_deps\glm-src\glm\detail\_fixes.hpp", "C++", 16, 0, 0, 0, 0, 0, 0, 0, 0, 0, 0, 0, 0, 0, 0, 0, 0, 0, 5, 7, 28
"c:\Users\brian\Desktop\Code\My Game\build\_deps\glm-src\glm\detail\_noise.hpp", "C++", 67, 0, 0, 0, 0, 0, 0, 0, 0, 0, 0, 0, 0, 0, 0, 0, 0, 0, 0, 15, 82
"c:\Users\brian\Desktop\Code\My Game\build\_deps\glm-src\glm\detail\_swizzle.hpp", "C++", 704, 0, 0, 0, 0, 0, 0, 0, 0, 0, 0, 0, 0, 0, 0, 0, 0, 0, 55, 46, 805
"c:\Users\brian\Desktop\Code\My Game\build\_deps\glm-src\glm\detail\_swizzle_func.hpp", "C++", 648, 0, 0, 0, 0, 0, 0, 0, 0, 0, 0, 0, 0, 0, 0, 0, 0, 0, 0, 35, 683
"c:\Users\brian\Desktop\Code\My Game\build\_deps\glm-src\glm\detail\_vectorize.hpp", "C++", 142, 0, 0, 0, 0, 0, 0, 0, 0, 0, 0, 0, 0, 0, 0, 0, 0, 0, 0, 21, 163
"c:\Users\brian\Desktop\Code\My Game\build\_deps\glm-src\glm\detail\compute_common.hpp", "C++", 43, 0, 0, 0, 0, 0, 0, 0, 0, 0, 0, 0, 0, 0, 0, 0, 0, 0, 1, 7, 51
"c:\Users\brian\Desktop\Code\My Game\build\_deps\glm-src\glm\detail\compute_vector_relational.hpp", "C++", 16, 0, 0, 0, 0, 0, 0, 0, 0, 0, 0, 0, 0, 0, 0, 0, 0, 0, 12, 3, 31
"c:\Users\brian\Desktop\Code\My Game\build\_deps\glm-src\glm\detail\func_common.inl", "C++", 638, 0, 0, 0, 0, 0, 0, 0, 0, 0, 0, 0, 0, 0, 0, 0, 0, 0, 43, 112, 793
"c:\Users\brian\Desktop\Code\My Game\build\_deps\glm-src\glm\detail\func_common_simd.inl", "C++", 195, 0, 0, 0, 0, 0, 0, 0, 0, 0, 0, 0, 0, 0, 0, 0, 0, 0, 14, 23, 232
"c:\Users\brian\Desktop\Code\My Game\build\_deps\glm-src\glm\detail\func_exponential.inl", "C++", 123, 0, 0, 0, 0, 0, 0, 0, 0, 0, 0, 0, 0, 0, 0, 0, 0, 0, 9, 21, 153
"c:\Users\brian\Desktop\Code\My Game\build\_deps\glm-src\glm\detail\func_exponential_simd.inl", "C++", 30, 0, 0, 0, 0, 0, 0, 0, 0, 0, 0, 0, 0, 0, 0, 0, 0, 0, 2, 6, 38
"c:\Users\brian\Desktop\Code\My Game\build\_deps\glm-src\glm\detail\func_geometric.inl", "C++", 193, 0, 0, 0, 0, 0, 0, 0, 0, 0, 0, 0, 0, 0, 0, 0, 0, 0, 17, 34, 244
"c:\Users\brian\Desktop\Code\My Game\build\_deps\glm-src\glm\detail\func_geometric_simd.inl", "C++", 143, 0, 0, 0, 0, 0, 0, 0, 0, 0, 0, 0, 0, 0, 0, 0, 0, 0, 2, 19, 164
"c:\Users\brian\Desktop\Code\My Game\build\_deps\glm-src\glm\detail\func_integer.inl", "C++", 308, 0, 0, 0, 0, 0, 0, 0, 0, 0, 0, 0, 0, 0, 0, 0, 0, 0, 11, 54, 373
"c:\Users\brian\Desktop\Code\My Game\build\_deps\glm-src\glm\detail\func_integer_simd.inl", "C++", 52, 0, 0, 0, 0, 0, 0, 0, 0, 0, 0, 0, 0, 0, 0, 0, 0, 0, 0, 14, 66
"c:\Users\brian\Desktop\Code\My Game\build\_deps\glm-src\glm\detail\func_matrix.inl", "C++", 347, 0, 0, 0, 0, 0, 0, 0, 0, 0, 0, 0, 0, 0, 0, 0, 0, 0, 0, 52, 399
"c:\Users\brian\Desktop\Code\My Game\build\_deps\glm-src\glm\detail\func_matrix_simd.inl", "C++", 191, 0, 0, 0, 0, 0, 0, 0, 0, 0, 0, 0, 0, 0, 0, 0, 0, 0, 24, 35, 250
"c:\Users\brian\Desktop\Code\My Game\build\_deps\glm-src\glm\detail\func_packing.inl", "C++", 144, 0, 0, 0, 0, 0, 0, 0, 0, 0, 0, 0, 0, 0, 0, 0, 0, 0, 2, 44, 190
"c:\Users\brian\Desktop\Code\My Game\build\_deps\glm-src\glm\detail\func_packing_simd.inl", "C++", 5, 0, 0, 0, 0, 0, 0, 0, 0, 0, 0, 0, 0, 0, 0, 0, 0, 0, 0, 2, 7
"c:\Users\brian\Desktop\Code\My Game\build\_deps\glm-src\glm\detail\func_trigonometric.inl", "C++", 145, 0, 0, 0, 0, 0, 0, 0, 0, 0, 0, 0, 0, 0, 0, 0, 0, 0, 14, 39, 198
"c:\Users\brian\Desktop\Code\My Game\build\_deps\glm-src\glm\detail\func_trigonometric_simd.inl", "C++", 0, 0, 0, 0, 0, 0, 0, 0, 0, 0, 0, 0, 0, 0, 0, 0, 0, 0, 0, 1, 1
"c:\Users\brian\Desktop\Code\My Game\build\_deps\glm-src\glm\detail\func_vector_relational.inl", "C++", 78, 0, 0, 0, 0, 0, 0, 0, 0, 0, 0, 0, 0, 0, 0, 0, 0, 0, 0, 10, 88
"c:\Users\brian\Desktop\Code\My Game\build\_deps\glm-src\glm\detail\func_vector_relational_simd.inl", "C++", 5, 0, 0, 0, 0, 0, 0, 0, 0, 0, 0, 0, 0, 0, 0, 0, 0, 0, 0, 2, 7
"c:\Users\brian\Desktop\Code\My Game\build\_deps\glm-src\glm\detail\glm.cpp", "C++", 198, 0, 0, 0, 0, 0, 0, 0, 0, 0, 0, 0, 0, 0, 0, 0, 0, 0, 17, 49, 264
"c:\Users\brian\Desktop\Code\My Game\build\_deps\glm-src\glm\detail\qualifier.hpp", "C++", 196, 0, 0, 0, 0, 0, 0, 0, 0, 0, 0, 0, 0, 0, 0, 0, 0, 0, 1, 34, 231
"c:\Users\brian\Desktop\Code\My Game\build\_deps\glm-src\glm\detail\setup.hpp", "C++", 861, 0, 0, 0, 0, 0, 0, 0, 0, 0, 0, 0, 0, 0, 0, 0, 0, 0, 108, 167, 1136
"c:\Users\brian\Desktop\Code\My Game\build\_deps\glm-src\glm\detail\type_float.hpp", "C++", 51, 0, 0, 0, 0, 0, 0, 0, 0, 0, 0, 0, 0, 0, 0, 0, 0, 0, 3, 15, 69
"c:\Users\brian\Desktop\Code\My Game\build\_deps\glm-src\glm\detail\type_half.hpp", "C++", 11, 0, 0, 0, 0, 0, 0, 0, 0, 0, 0, 0, 0, 0, 0, 0, 0, 0, 0, 6, 17
"c:\Users\brian\Desktop\Code\My Game\build\_deps\glm-src\glm\detail\type_half.inl", "C++", 121, 0, 0, 0, 0, 0, 0, 0, 0, 0, 0, 0, 0, 0, 0, 0, 0, 0, 80, 41, 242
"c:\Users\brian\Desktop\Code\My Game\build\_deps\glm-src\glm\detail\type_mat2x2.hpp", "C++", 120, 0, 0, 0, 0, 0, 0, 0, 0, 0, 0, 0, 0, 0, 0, 0, 0, 0, 11, 47, 178
"c:\Users\brian\Desktop\Code\My Game\build\_deps\glm-src\glm\detail\type_mat2x2.inl", "C++", 465, 0, 0, 0, 0, 0, 0, 0, 0, 0, 0, 0, 0, 0, 0, 0, 0, 0, 9, 63, 537
"c:\Users\brian\Desktop\Code\My Game\build\_deps\glm-src\glm\detail\type_mat2x3.hpp", "C++", 107, 0, 0, 0, 0, 0, 0, 0, 0, 0, 0, 0, 0, 0, 0, 0, 0, 0, 11, 42, 160
"c:\Users\brian\Desktop\Code\My Game\build\_deps\glm-src\glm\detail\type_mat2x3.inl", "C++", 445, 0, 0, 0, 0, 0, 0, 0, 0, 0, 0, 0, 0, 0, 0, 0, 0, 0, 9, 57, 511
"c:\Users\brian\Desktop\Code\My Game\build\_deps\glm-src\glm\detail\type_mat2x4.hpp", "C++", 109, 0, 0, 0, 0, 0, 0, 0, 0, 0, 0, 0, 0, 0, 0, 0, 0, 0, 11, 42, 162
"c:\Users\brian\Desktop\Code\My Game\build\_deps\glm-src\glm\detail\type_mat2x4.inl", "C++", 455, 0, 0, 0, 0, 0, 0, 0, 0, 0, 0, 0, 0, 0, 0, 0, 0, 0, 9, 57, 521
"c:\Users\brian\Desktop\Code\My Game\build\_deps\glm-src\glm\detail\type_mat3x2.hpp", "C++", 114, 0, 0, 0, 0, 0, 0, 0, 0, 0, 0, 0, 0, 0, 0, 0, 0, 0, 11, 43, 168
"c:\Users\brian\Desktop\Code\My Game\build\_deps\glm-src\glm\detail\type_mat3x2.inl", "C++", 467, 0, 0, 0, 0, 0, 0, 0, 0, 0, 0, 0, 0, 0, 0, 0, 0, 0, 9, 57, 533
"c:\Users\brian\Desktop\Code\My Game\build\_deps\glm-src\glm\detail\type_mat3x3.hpp", "C++", 127, 0, 0, 0, 0, 0, 0, 0, 0, 0, 0, 0, 0, 0, 0, 0, 0, 0, 11, 47, 185
"c:\Users\brian\Desktop\Code\My Game\build\_deps\glm-src\glm\detail\type_mat3x3.inl", "C++", 528, 0, 0, 0, 0, 0, 0, 0, 0, 0, 0, 0, 0, 0, 0, 0, 0, 0, 9, 65, 602
"c:\Users\brian\Desktop\Code\My Game\build\_deps\glm-src\glm\detail\type_mat3x4.hpp", "C++", 114, 0, 0, 0, 0, 0, 0, 0, 0, 0, 0, 0, 0, 0, 0, 0, 0, 0, 11, 42, 167
"c:\Users\brian\Desktop\Code\My Game\build\_deps\glm-src\glm\detail\type_mat3x4.inl", "C++", 513, 0, 0, 0, 0, 0, 0, 0, 0, 0, 0, 0, 0, 0, 0, 0, 0, 0, 9, 57, 579
"c:\Users\brian\Desktop\Code\My Game\build\_deps\glm-src\glm\detail\type_mat4x2.hpp", "C++", 119, 0, 0, 0, 0, 0, 0, 0, 0, 0, 0, 0, 0, 0, 0, 0, 0, 0, 11, 42, 172
"c:\Users\brian\Desktop\Code\My Game\build\_deps\glm-src\glm\detail\type_mat4x2.inl", "C++", 509, 0, 0, 0, 0, 0, 0, 0, 0, 0, 0, 0, 0, 0, 0, 0, 0, 0, 9, 57, 575
"c:\Users\brian\Desktop\Code\My Game\build\_deps\glm-src\glm\detail\type_mat4x3.hpp", "C++", 119, 0, 0, 0, 0, 0, 0, 0, 0, 0, 0, 0, 0, 0, 0, 0, 0, 0, 11, 42, 172
"c:\Users\brian\Desktop\Code\My Game\build\_deps\glm-src\glm\detail\type_mat4x3.inl", "C++", 533, 0, 0, 0, 0, 0, 0, 0, 0, 0, 0, 0, 0, 0, 0, 0, 0, 0, 9, 57, 599
"c:\Users\brian\Desktop\Code\My Game\build\_deps\glm-src\glm\detail\type_mat4x4.hpp", "C++", 132, 0, 0, 0, 0, 0, 0, 0, 0, 0, 0, 0, 0, 0, 0, 0, 0, 0, 11, 47, 190
"c:\Users\brian\Desktop\Code\My Game\build\_deps\glm-src\glm\detail\type_mat4x4.inl", "C++", 598, 0, 0, 0, 0, 0, 0, 0, 0, 0, 0, 0, 0, 0, 0, 0, 0, 0, 36, 73, 707
"c:\Users\brian\Desktop\Code\My Game\build\_deps\glm-src\glm\detail\type_mat4x4_simd.inl", "C++", 3, 0, 0, 0, 0, 0, 0, 0, 0, 0, 0, 0, 0, 0, 0, 0, 0, 0, 1, 3, 7
"c:\Users\brian\Desktop\Code\My Game\build\_deps\glm-src\glm\detail\type_quat.hpp", "C++", 121, 0, 0, 0, 0, 0, 0, 0, 0, 0, 0, 0, 0, 0, 0, 0, 0, 0, 22, 44, 187
"c:\Users\brian\Desktop\Code\My Game\build\_deps\glm-src\glm\detail\type_quat.inl", "C++", 321, 0, 0, 0, 0, 0, 0, 0, 0, 0, 0, 0, 0, 0, 0, 0, 0, 0, 29, 59, 409
"c:\Users\brian\Desktop\Code\My Game\build\_deps\glm-src\glm\detail\type_quat_simd.inl", "C++", 117, 0, 0, 0, 0, 0, 0, 0, 0, 0, 0, 0, 0, 0, 0, 0, 0, 0, 55, 17, 189
"c:\Users\brian\Desktop\Code\My Game\build\_deps\glm-src\glm\detail\type_vec1.hpp", "C++", 194, 0, 0, 0, 0, 0, 0, 0, 0, 0, 0, 0, 0, 0, 0, 0, 0, 0, 47, 68, 309
"c:\Users\brian\Desktop\Code\My Game\build\_deps\glm-src\glm\detail\type_vec1.inl", "C++", 453, 0, 0, 0, 0, 0, 0, 0, 0, 0, 0, 0, 0, 0, 0, 0, 0, 0, 13, 86, 552
"c:\Users\brian\Desktop\Code\My Game\build\_deps\glm-src\glm\detail\type_vec2.hpp", "C++", 285, 0, 0, 0, 0, 0, 0, 0, 0, 0, 0, 0, 0, 0, 0, 0, 0, 0, 21, 94, 400
"c:\Users\brian\Desktop\Code\My Game\build\_deps\glm-src\glm\detail\type_vec2.inl", "C++", 779, 0, 0, 0, 0, 0, 0, 0, 0, 0, 0, 0, 0, 0, 0, 0, 0, 0, 13, 122, 914
"c:\Users\brian\Desktop\Code\My Game\build\_deps\glm-src\glm\detail\type_vec3.hpp", "C++", 313, 0, 0, 0, 0, 0, 0, 0, 0, 0, 0, 0, 0, 0, 0, 0, 0, 0, 24, 96, 433
"c:\Users\brian\Desktop\Code\My Game\build\_deps\glm-src\glm\detail\type_vec3.inl", "C++", 927, 0, 0, 0, 0, 0, 0, 0, 0, 0, 0, 0, 0, 0, 0, 0, 0, 0, 13, 129, 1069
"c:\Users\brian\Desktop\Code\My Game\build\_deps\glm-src\glm\detail\type_vec4.hpp", "C++", 369, 0, 0, 0, 0, 0, 0, 0, 0, 0, 0, 0, 0, 0, 0, 0, 0, 0, 36, 101, 506
"c:\Users\brian\Desktop\Code\My Game\build\_deps\glm-src\glm\detail\type_vec4.inl", "C++", 966, 0, 0, 0, 0, 0, 0, 0, 0, 0, 0, 0, 0, 0, 0, 0, 0, 0, 13, 162, 1141
"c:\Users\brian\Desktop\Code\My Game\build\_deps\glm-src\glm\detail\type_vec4_simd.inl", "C++", 681, 0, 0, 0, 0, 0, 0, 0, 0, 0, 0, 0, 0, 0, 0, 0, 0, 0, 2, 93, 776
"c:\Users\brian\Desktop\Code\My Game\build\_deps\glm-src\glm\exponential.hpp", "C++", 24, 0, 0, 0, 0, 0, 0, 0, 0, 0, 0, 0, 0, 0, 0, 0, 0, 0, 74, 13, 111
"c:\Users\brian\Desktop\Code\My Game\build\_deps\glm-src\glm\ext.hpp", "C++", 227, 0, 0, 0, 0, 0, 0, 0, 0, 0, 0, 0, 0, 0, 0, 0, 0, 0, 3, 24, 254
"c:\Users\brian\Desktop\Code\My Game\build\_deps\glm-src\glm\ext\matrix_clip_space.hpp", "C++", 137, 0, 0, 0, 0, 0, 0, 0, 0, 0, 0, 0, 0, 0, 0, 0, 0, 0, 336, 50, 523
"c:\Users\brian\Desktop\Code\My Game\build\_deps\glm-src\glm\ext\matrix_clip_space.inl", "C++", 492, 0, 0, 0, 0, 0, 0, 0, 0, 0, 0, 0, 0, 0, 0, 0, 0, 0, 1, 63, 556
"c:\Users\brian\Desktop\Code\My Game\build\_deps\glm-src\glm\ext\matrix_common.hpp", "C++", 14, 0, 0, 0, 0, 0, 0, 0, 0, 0, 0, 0, 0, 0, 0, 0, 0, 0, 14, 9, 37
"c:\Users\brian\Desktop\Code\My Game\build\_deps\glm-src\glm\ext\matrix_common.inl", "C++", 14, 0, 0, 0, 0, 0, 0, 0, 0, 0, 0, 0, 0, 0, 0, 0, 0, 0, 0, 3, 17
"c:\Users\brian\Desktop\Code\My Game\build\_deps\glm-src\glm\ext\matrix_double2x2.hpp", "C++", 7, 0, 0, 0, 0, 0, 0, 0, 0, 0, 0, 0, 0, 0, 0, 0, 0, 0, 11, 6, 24
"c:\Users\brian\Desktop\Code\My Game\build\_deps\glm-src\glm\ext\matrix_double2x2_precision.hpp", "C++", 11, 0, 0, 0, 0, 0, 0, 0, 0, 0, 0, 0, 0, 0, 0, 0, 0, 0, 29, 10, 50
"c:\Users\brian\Desktop\Code\My Game\build\_deps\glm-src\glm\ext\matrix_double2x3.hpp", "C++", 6, 0, 0, 0, 0, 0, 0, 0, 0, 0, 0, 0, 0, 0, 0, 0, 0, 0, 8, 5, 19
"c:\Users\brian\Desktop\Code\My Game\build\_deps\glm-src\glm\ext\matrix_double2x3_precision.hpp", "C++", 8, 0, 0, 0, 0, 0, 0, 0, 0, 0, 0, 0, 0, 0, 0, 0, 0, 0, 17, 7, 32
"c:\Users\brian\Desktop\Code\My Game\build\_deps\glm-src\glm\ext\matrix_double2x4.hpp", "C++", 6, 0, 0, 0, 0, 0, 0, 0, 0, 0, 0, 0, 0, 0, 0, 0, 0, 0, 8, 5, 19
"c:\Users\brian\Desktop\Code\My Game\build\_deps\glm-src\glm\ext\matrix_double2x4_precision.hpp", "C++", 8, 0, 0, 0, 0, 0, 0, 0, 0, 0, 0, 0, 0, 0, 0, 0, 0, 0, 17, 7, 32
"c:\Users\brian\Desktop\Code\My Game\build\_deps\glm-src\glm\ext\matrix_double3x2.hpp", "C++", 6, 0, 0, 0, 0, 0, 0, 0, 0, 0, 0, 0, 0, 0, 0, 0, 0, 0, 8, 5, 19
"c:\Users\brian\Desktop\Code\My Game\build\_deps\glm-src\glm\ext\matrix_double3x2_precision.hpp", "C++", 8, 0, 0, 0, 0, 0, 0, 0, 0, 0, 0, 0, 0, 0, 0, 0, 0, 0, 17, 7, 32
"c:\Users\brian\Desktop\Code\My Game\build\_deps\glm-src\glm\ext\matrix_double3x3.hpp", "C++", 7, 0, 0, 0, 0, 0, 0, 0, 0, 0, 0, 0, 0, 0, 0, 0, 0, 0, 11, 6, 24
"c:\Users\brian\Desktop\Code\My Game\build\_deps\glm-src\glm\ext\matrix_double3x3_precision.hpp", "C++", 11, 0, 0, 0, 0, 0, 0, 0, 0, 0, 0, 0, 0, 0, 0, 0, 0, 0, 29, 10, 50
"c:\Users\brian\Desktop\Code\My Game\build\_deps\glm-src\glm\ext\matrix_double3x4.hpp", "C++", 6, 0, 0, 0, 0, 0, 0, 0, 0, 0, 0, 0, 0, 0, 0, 0, 0, 0, 8, 5, 19
"c:\Users\brian\Desktop\Code\My Game\build\_deps\glm-src\glm\ext\matrix_double3x4_precision.hpp", "C++", 8, 0, 0, 0, 0, 0, 0, 0, 0, 0, 0, 0, 0, 0, 0, 0, 0, 0, 17, 7, 32
"c:\Users\brian\Desktop\Code\My Game\build\_deps\glm-src\glm\ext\matrix_double4x2.hpp", "C++", 6, 0, 0, 0, 0, 0, 0, 0, 0, 0, 0, 0, 0, 0, 0, 0, 0, 0, 8, 5, 19
"c:\Users\brian\Desktop\Code\My Game\build\_deps\glm-src\glm\ext\matrix_double4x2_precision.hpp", "C++", 8, 0, 0, 0, 0, 0, 0, 0, 0, 0, 0, 0, 0, 0, 0, 0, 0, 0, 17, 7, 32
"c:\Users\brian\Desktop\Code\My Game\build\_deps\glm-src\glm\ext\matrix_double4x3.hpp", "C++", 6, 0, 0, 0, 0, 0, 0, 0, 0, 0, 0, 0, 0, 0, 0, 0, 0, 0, 8, 5, 19
"c:\Users\brian\Desktop\Code\My Game\build\_deps\glm-src\glm\ext\matrix_double4x3_precision.hpp", "C++", 8, 0, 0, 0, 0, 0, 0, 0, 0, 0, 0, 0, 0, 0, 0, 0, 0, 0, 17, 7, 32
"c:\Users\brian\Desktop\Code\My Game\build\_deps\glm-src\glm\ext\matrix_double4x4.hpp", "C++", 7, 0, 0, 0, 0, 0, 0, 0, 0, 0, 0, 0, 0, 0, 0, 0, 0, 0, 11, 6, 24
"c:\Users\brian\Desktop\Code\My Game\build\_deps\glm-src\glm\ext\matrix_double4x4_precision.hpp", "C++", 11, 0, 0, 0, 0, 0, 0, 0, 0, 0, 0, 0, 0, 0, 0, 0, 0, 0, 29, 10, 50
"c:\Users\brian\Desktop\Code\My Game\build\_deps\glm-src\glm\ext\matrix_float2x2.hpp", "C++", 7, 0, 0, 0, 0, 0, 0, 0, 0, 0, 0, 0, 0, 0, 0, 0, 0, 0, 11, 6, 24
"c:\Users\brian\Desktop\Code\My Game\build\_deps\glm-src\glm\ext\matrix_float2x2_precision.hpp", "C++", 11, 0, 0, 0, 0, 0, 0, 0, 0, 0, 0, 0, 0, 0, 0, 0, 0, 0, 29, 10, 50
"c:\Users\brian\Desktop\Code\My Game\build\_deps\glm-src\glm\ext\matrix_float2x3.hpp", "C++", 6, 0, 0, 0, 0, 0, 0, 0, 0, 0, 0, 0, 0, 0, 0, 0, 0, 0, 8, 5, 19
"c:\Users\brian\Desktop\Code\My Game\build\_deps\glm-src\glm\ext\matrix_float2x3_precision.hpp", "C++", 8, 0, 0, 0, 0, 0, 0, 0, 0, 0, 0, 0, 0, 0, 0, 0, 0, 0, 17, 7, 32
"c:\Users\brian\Desktop\Code\My Game\build\_deps\glm-src\glm\ext\matrix_float2x4.hpp", "C++", 6, 0, 0, 0, 0, 0, 0, 0, 0, 0, 0, 0, 0, 0, 0, 0, 0, 0, 8, 5, 19
"c:\Users\brian\Desktop\Code\My Game\build\_deps\glm-src\glm\ext\matrix_float2x4_precision.hpp", "C++", 8, 0, 0, 0, 0, 0, 0, 0, 0, 0, 0, 0, 0, 0, 0, 0, 0, 0, 17, 7, 32
"c:\Users\brian\Desktop\Code\My Game\build\_deps\glm-src\glm\ext\matrix_float3x2.hpp", "C++", 6, 0, 0, 0, 0, 0, 0, 0, 0, 0, 0, 0, 0, 0, 0, 0, 0, 0, 8, 5, 19
"c:\Users\brian\Desktop\Code\My Game\build\_deps\glm-src\glm\ext\matrix_float3x2_precision.hpp", "C++", 8, 0, 0, 0, 0, 0, 0, 0, 0, 0, 0, 0, 0, 0, 0, 0, 0, 0, 17, 7, 32
"c:\Users\brian\Desktop\Code\My Game\build\_deps\glm-src\glm\ext\matrix_float3x3.hpp", "C++", 7, 0, 0, 0, 0, 0, 0, 0, 0, 0, 0, 0, 0, 0, 0, 0, 0, 0, 11, 6, 24
"c:\Users\brian\Desktop\Code\My Game\build\_deps\glm-src\glm\ext\matrix_float3x3_precision.hpp", "C++", 11, 0, 0, 0, 0, 0, 0, 0, 0, 0, 0, 0, 0, 0, 0, 0, 0, 0, 29, 10, 50
"c:\Users\brian\Desktop\Code\My Game\build\_deps\glm-src\glm\ext\matrix_float3x4.hpp", "C++", 6, 0, 0, 0, 0, 0, 0, 0, 0, 0, 0, 0, 0, 0, 0, 0, 0, 0, 8, 5, 19
"c:\Users\brian\Desktop\Code\My Game\build\_deps\glm-src\glm\ext\matrix_float3x4_precision.hpp", "C++", 8, 0, 0, 0, 0, 0, 0, 0, 0, 0, 0, 0, 0, 0, 0, 0, 0, 0, 17, 7, 32
"c:\Users\brian\Desktop\Code\My Game\build\_deps\glm-src\glm\ext\matrix_float4x2.hpp", "C++", 6, 0, 0, 0, 0, 0, 0, 0, 0, 0, 0, 0, 0, 0, 0, 0, 0, 0, 8, 5, 19
"c:\Users\brian\Desktop\Code\My Game\build\_deps\glm-src\glm\ext\matrix_float4x2_precision.hpp", "C++", 8, 0, 0, 0, 0, 0, 0, 0, 0, 0, 0, 0, 0, 0, 0, 0, 0, 0, 17, 7, 32
"c:\Users\brian\Desktop\Code\My Game\build\_deps\glm-src\glm\ext\matrix_float4x3.hpp", "C++", 6, 0, 0, 0, 0, 0, 0, 0, 0, 0, 0, 0, 0, 0, 0, 0, 0, 0, 8, 5, 19
"c:\Users\brian\Desktop\Code\My Game\build\_deps\glm-src\glm\ext\matrix_float4x3_precision.hpp", "C++", 8, 0, 0, 0, 0, 0, 0, 0, 0, 0, 0, 0, 0, 0, 0, 0, 0, 0, 17, 7, 32
"c:\Users\brian\Desktop\Code\My Game\build\_deps\glm-src\glm\ext\matrix_float4x4.hpp", "C++", 7, 0, 0, 0, 0, 0, 0, 0, 0, 0, 0, 0, 0, 0, 0, 0, 0, 0, 11, 6, 24
"c:\Users\brian\Desktop\Code\My Game\build\_deps\glm-src\glm\ext\matrix_float4x4_precision.hpp", "C++", 11, 0, 0, 0, 0, 0, 0, 0, 0, 0, 0, 0, 0, 0, 0, 0, 0, 0, 29, 10, 50
"c:\Users\brian\Desktop\Code\My Game\build\_deps\glm-src\glm\ext\matrix_int2x2.hpp", "C++", 10, 0, 0, 0, 0, 0, 0, 0, 0, 0, 0, 0, 0, 0, 0, 0, 0, 0, 21, 8, 39
"c:\Users\brian\Desktop\Code\My Game\build\_deps\glm-src\glm\ext\matrix_int2x2_sized.hpp", "C++", 17, 0, 0, 0, 0, 0, 0, 0, 0, 0, 0, 0, 0, 0, 0, 0, 0, 0, 39, 15, 71
"c:\Users\brian\Desktop\Code\My Game\build\_deps\glm-src\glm\ext\matrix_int2x3.hpp", "C++", 9, 0, 0, 0, 0, 0, 0, 0, 0, 0, 0, 0, 0, 0, 0, 0, 0, 0, 18, 7, 34
"c:\Users\brian\Desktop\Code\My Game\build\_deps\glm-src\glm\ext\matrix_int2x3_sized.hpp", "C++", 13, 0, 0, 0, 0, 0, 0, 0, 0, 0, 0, 0, 0, 0, 0, 0, 0, 0, 27, 10, 50
"c:\Users\brian\Desktop\Code\My Game\build\_deps\glm-src\glm\ext\matrix_int2x4.hpp", "C++", 9, 0, 0, 0, 0, 0, 0, 0, 0, 0, 0, 0, 0, 0, 0, 0, 0, 0, 18, 7, 34
"c:\Users\brian\Desktop\Code\My Game\build\_deps\glm-src\glm\ext\matrix_int2x4_sized.hpp", "C++", 13, 0, 0, 0, 0, 0, 0, 0, 0, 0, 0, 0, 0, 0, 0, 0, 0, 0, 27, 10, 50
"c:\Users\brian\Desktop\Code\My Game\build\_deps\glm-src\glm\ext\matrix_int3x2.hpp", "C++", 9, 0, 0, 0, 0, 0, 0, 0, 0, 0, 0, 0, 0, 0, 0, 0, 0, 0, 18, 7, 34
"c:\Users\brian\Desktop\Code\My Game\build\_deps\glm-src\glm\ext\matrix_int3x2_sized.hpp", "C++", 13, 0, 0, 0, 0, 0, 0, 0, 0, 0, 0, 0, 0, 0, 0, 0, 0, 0, 27, 10, 50
"c:\Users\brian\Desktop\Code\My Game\build\_deps\glm-src\glm\ext\matrix_int3x3.hpp", "C++", 10, 0, 0, 0, 0, 0, 0, 0, 0, 0, 0, 0, 0, 0, 0, 0, 0, 0, 21, 8, 39
"c:\Users\brian\Desktop\Code\My Game\build\_deps\glm-src\glm\ext\matrix_int3x3_sized.hpp", "C++", 17, 0, 0, 0, 0, 0, 0, 0, 0, 0, 0, 0, 0, 0, 0, 0, 0, 0, 39, 15, 71
"c:\Users\brian\Desktop\Code\My Game\build\_deps\glm-src\glm\ext\matrix_int3x4.hpp", "C++", 9, 0, 0, 0, 0, 0, 0, 0, 0, 0, 0, 0, 0, 0, 0, 0, 0, 0, 18, 7, 34
"c:\Users\brian\Desktop\Code\My Game\build\_deps\glm-src\glm\ext\matrix_int3x4_sized.hpp", "C++", 13, 0, 0, 0, 0, 0, 0, 0, 0, 0, 0, 0, 0, 0, 0, 0, 0, 0, 27, 10, 50
"c:\Users\brian\Desktop\Code\My Game\build\_deps\glm-src\glm\ext\matrix_int4x2.hpp", "C++", 9, 0, 0, 0, 0, 0, 0, 0, 0, 0, 0, 0, 0, 0, 0, 0, 0, 0, 18, 7, 34
"c:\Users\brian\Desktop\Code\My Game\build\_deps\glm-src\glm\ext\matrix_int4x2_sized.hpp", "C++", 13, 0, 0, 0, 0, 0, 0, 0, 0, 0, 0, 0, 0, 0, 0, 0, 0, 0, 27, 10, 50
"c:\Users\brian\Desktop\Code\My Game\build\_deps\glm-src\glm\ext\matrix_int4x3.hpp", "C++", 9, 0, 0, 0, 0, 0, 0, 0, 0, 0, 0, 0, 0, 0, 0, 0, 0, 0, 18, 7, 34
"c:\Users\brian\Desktop\Code\My Game\build\_deps\glm-src\glm\ext\matrix_int4x3_sized.hpp", "C++", 13, 0, 0, 0, 0, 0, 0, 0, 0, 0, 0, 0, 0, 0, 0, 0, 0, 0, 27, 10, 50
"c:\Users\brian\Desktop\Code\My Game\build\_deps\glm-src\glm\ext\matrix_int4x4.hpp", "C++", 10, 0, 0, 0, 0, 0, 0, 0, 0, 0, 0, 0, 0, 0, 0, 0, 0, 0, 21, 8, 39
"c:\Users\brian\Desktop\Code\My Game\build\_deps\glm-src\glm\ext\matrix_int4x4_sized.hpp", "C++", 17, 0, 0, 0, 0, 0, 0, 0, 0, 0, 0, 0, 0, 0, 0, 0, 0, 0, 39, 15, 71
"c:\Users\brian\Desktop\Code\My Game\build\_deps\glm-src\glm\ext\matrix_projection.hpp", "C++", 33, 0, 0, 0, 0, 0, 0, 0, 0, 0, 0, 0, 0, 0, 0, 0, 0, 0, 103, 14, 150
"c:\Users\brian\Desktop\Code\My Game\build\_deps\glm-src\glm\ext\matrix_projection.inl", "C++", 85, 0, 0, 0, 0, 0, 0, 0, 0, 0, 0, 0, 0, 0, 0, 0, 0, 0, 1, 21, 107
"c:\Users\brian\Desktop\Code\My Game\build\_deps\glm-src\glm\ext\matrix_relational.hpp", "C++", 29, 0, 0, 0, 0, 0, 0, 0, 0, 0, 0, 0, 0, 0, 0, 0, 0, 0, 87, 17, 133
"c:\Users\brian\Desktop\Code\My Game\build\_deps\glm-src\glm\ext\matrix_relational.inl", "C++", 67, 0, 0, 0, 0, 0, 0, 0, 0, 0, 0, 0, 0, 0, 0, 0, 0, 0, 3, 13, 83
"c:\Users\brian\Desktop\Code\My Game\build\_deps\glm-src\glm\ext\matrix_transform.hpp", "C++", 32, 0, 0, 0, 0, 0, 0, 0, 0, 0, 0, 0, 0, 0, 0, 0, 0, 0, 99, 14, 145
"c:\Users\brian\Desktop\Code\My Game\build\_deps\glm-src\glm\ext\matrix_transform.inl", "C++", 132, 0, 0, 0, 0, 0, 0, 0, 0, 0, 0, 0, 0, 0, 0, 0, 0, 0, 0, 21, 153
"c:\Users\brian\Desktop\Code\My Game\build\_deps\glm-src\glm\ext\matrix_uint2x2.hpp", "C++", 10, 0, 0, 0, 0, 0, 0, 0, 0, 0, 0, 0, 0, 0, 0, 0, 0, 0, 21, 8, 39
"c:\Users\brian\Desktop\Code\My Game\build\_deps\glm-src\glm\ext\matrix_uint2x2_sized.hpp", "C++", 17, 0, 0, 0, 0, 0, 0, 0, 0, 0, 0, 0, 0, 0, 0, 0, 0, 0, 39, 15, 71
"c:\Users\brian\Desktop\Code\My Game\build\_deps\glm-src\glm\ext\matrix_uint2x3.hpp", "C++", 9, 0, 0, 0, 0, 0, 0, 0, 0, 0, 0, 0, 0, 0, 0, 0, 0, 0, 18, 7, 34
"c:\Users\brian\Desktop\Code\My Game\build\_deps\glm-src\glm\ext\matrix_uint2x3_sized.hpp", "C++", 13, 0, 0, 0, 0, 0, 0, 0, 0, 0, 0, 0, 0, 0, 0, 0, 0, 0, 27, 10, 50
"c:\Users\brian\Desktop\Code\My Game\build\_deps\glm-src\glm\ext\matrix_uint2x4.hpp", "C++", 9, 0, 0, 0, 0, 0, 0, 0, 0, 0, 0, 0, 0, 0, 0, 0, 0, 0, 18, 7, 34
"c:\Users\brian\Desktop\Code\My Game\build\_deps\glm-src\glm\ext\matrix_uint2x4_sized.hpp", "C++", 13, 0, 0, 0, 0, 0, 0, 0, 0, 0, 0, 0, 0, 0, 0, 0, 0, 0, 27, 10, 50
"c:\Users\brian\Desktop\Code\My Game\build\_deps\glm-src\glm\ext\matrix_uint3x2.hpp", "C++", 9, 0, 0, 0, 0, 0, 0, 0, 0, 0, 0, 0, 0, 0, 0, 0, 0, 0, 18, 7, 34
"c:\Users\brian\Desktop\Code\My Game\build\_deps\glm-src\glm\ext\matrix_uint3x2_sized.hpp", "C++", 13, 0, 0, 0, 0, 0, 0, 0, 0, 0, 0, 0, 0, 0, 0, 0, 0, 0, 27, 10, 50
"c:\Users\brian\Desktop\Code\My Game\build\_deps\glm-src\glm\ext\matrix_uint3x3.hpp", "C++", 10, 0, 0, 0, 0, 0, 0, 0, 0, 0, 0, 0, 0, 0, 0, 0, 0, 0, 21, 8, 39
"c:\Users\brian\Desktop\Code\My Game\build\_deps\glm-src\glm\ext\matrix_uint3x3_sized.hpp", "C++", 17, 0, 0, 0, 0, 0, 0, 0, 0, 0, 0, 0, 0, 0, 0, 0, 0, 0, 39, 15, 71
"c:\Users\brian\Desktop\Code\My Game\build\_deps\glm-src\glm\ext\matrix_uint3x4.hpp", "C++", 9, 0, 0, 0, 0, 0, 0, 0, 0, 0, 0, 0, 0, 0, 0, 0, 0, 0, 18, 7, 34
"c:\Users\brian\Desktop\Code\My Game\build\_deps\glm-src\glm\ext\matrix_uint3x4_sized.hpp", "C++", 13, 0, 0, 0, 0, 0, 0, 0, 0, 0, 0, 0, 0, 0, 0, 0, 0, 0, 27, 10, 50
"c:\Users\brian\Desktop\Code\My Game\build\_deps\glm-src\glm\ext\matrix_uint4x2.hpp", "C++", 9, 0, 0, 0, 0, 0, 0, 0, 0, 0, 0, 0, 0, 0, 0, 0, 0, 0, 18, 7, 34
"c:\Users\brian\Desktop\Code\My Game\build\_deps\glm-src\glm\ext\matrix_uint4x2_sized.hpp", "C++", 13, 0, 0, 0, 0, 0, 0, 0, 0, 0, 0, 0, 0, 0, 0, 0, 0, 0, 27, 10, 50
"c:\Users\brian\Desktop\Code\My Game\build\_deps\glm-src\glm\ext\matrix_uint4x3.hpp", "C++", 9, 0, 0, 0, 0, 0, 0, 0, 0, 0, 0, 0, 0, 0, 0, 0, 0, 0, 18, 7, 34
"c:\Users\brian\Desktop\Code\My Game\build\_deps\glm-src\glm\ext\matrix_uint4x3_sized.hpp", "C++", 13, 0, 0, 0, 0, 0, 0, 0, 0, 0, 0, 0, 0, 0, 0, 0, 0, 0, 27, 10, 50
"c:\Users\brian\Desktop\Code\My Game\build\_deps\glm-src\glm\ext\matrix_uint4x4.hpp", "C++", 10, 0, 0, 0, 0, 0, 0, 0, 0, 0, 0, 0, 0, 0, 0, 0, 0, 0, 21, 8, 39
"c:\Users\brian\Desktop\Code\My Game\build\_deps\glm-src\glm\ext\matrix_uint4x4_sized.hpp", "C++", 17, 0, 0, 0, 0, 0, 0, 0, 0, 0, 0, 0, 0, 0, 0, 0, 0, 0, 39, 15, 71
"c:\Users\brian\Desktop\Code\My Game\build\_deps\glm-src\glm\ext\quaternion_common.hpp", "C++", 30, 0, 0, 0, 0, 0, 0, 0, 0, 0, 0, 0, 0, 0, 0, 0, 0, 0, 91, 15, 136
"c:\Users\brian\Desktop\Code\My Game\build\_deps\glm-src\glm\ext\quaternion_common.inl", "C++", 107, 0, 0, 0, 0, 0, 0, 0, 0, 0, 0, 0, 0, 0, 0, 0, 0, 0, 14, 24, 145
"c:\Users\brian\Desktop\Code\My Game\build\_deps\glm-src\glm\ext\quaternion_common_simd.inl", "C++", 15, 0, 0, 0, 0, 0, 0, 0, 0, 0, 0, 0, 0, 0, 0, 0, 0, 0, 0, 4, 19
"c:\Users\brian\Desktop\Code\My Game\build\_deps\glm-src\glm\ext\quaternion_double.hpp", "C++", 9, 0, 0, 0, 0, 0, 0, 0, 0, 0, 0, 0, 0, 0, 0, 0, 0, 0, 23, 8, 40
"c:\Users\brian\Desktop\Code\My Game\build\_deps\glm-src\glm\ext\quaternion_double_precision.hpp", "C++", 11, 0, 0, 0, 0, 0, 0, 0, 0, 0, 0, 0, 0, 0, 0, 0, 0, 0, 22, 10, 43
"c:\Users\brian\Desktop\Code\My Game\build\_deps\glm-src\glm\ext\quaternion_exponential.hpp", "C++", 20, 0, 0, 0, 0, 0, 0, 0, 0, 0, 0, 0, 0, 0, 0, 0, 0, 0, 33, 11, 64
"c:\Users\brian\Desktop\Code\My Game\build\_deps\glm-src\glm\ext\quaternion_exponential.inl", "C++", 64, 0, 0, 0, 0, 0, 0, 0, 0, 0, 0, 0, 0, 0, 0, 0, 0, 0, 8, 14, 86
"c:\Users\brian\Desktop\Code\My Game\build\_deps\glm-src\glm\ext\quaternion_float.hpp", "C++", 9, 0, 0, 0, 0, 0, 0, 0, 0, 0, 0, 0, 0, 0, 0, 0, 0, 0, 23, 8, 40
"c:\Users\brian\Desktop\Code\My Game\build\_deps\glm-src\glm\ext\quaternion_float_precision.hpp", "C++", 11, 0, 0, 0, 0, 0, 0, 0, 0, 0, 0, 0, 0, 0, 0, 0, 0, 0, 16, 10, 37
"c:\Users\brian\Desktop\Code\My Game\build\_deps\glm-src\glm\ext\quaternion_geometric.hpp", "C++", 19, 0, 0, 0, 0, 0, 0, 0, 0, 0, 0, 0, 0, 0, 0, 0, 0, 0, 41, 11, 71
"c:\Users\brian\Desktop\Code\My Game\build\_deps\glm-src\glm\ext\quaternion_geometric.inl", "C++", 32, 0, 0, 0, 0, 0, 0, 0, 0, 0, 0, 0, 0, 0, 0, 0, 0, 0, 0, 5, 37
"c:\Users\brian\Desktop\Code\My Game\build\_deps\glm-src\glm\ext\quaternion_relational.hpp", "C++", 17, 0, 0, 0, 0, 0, 0, 0, 0, 0, 0, 0, 0, 0, 0, 0, 0, 0, 35, 11, 63
"c:\Users\brian\Desktop\Code\My Game\build\_deps\glm-src\glm\ext\quaternion_relational.inl", "C++", 31, 0, 0, 0, 0, 0, 0, 0, 0, 0, 0, 0, 0, 0, 0, 0, 0, 0, 0, 5, 36
"c:\Users\brian\Desktop\Code\My Game\build\_deps\glm-src\glm\ext\quaternion_transform.hpp", "C++", 13, 0, 0, 0, 0, 0, 0, 0, 0, 0, 0, 0, 0, 0, 0, 0, 0, 0, 28, 7, 48
"c:\Users\brian\Desktop\Code\My Game\build\_deps\glm-src\glm\ext\quaternion_transform.inl", "C++", 19, 0, 0, 0, 0, 0, 0, 0, 0, 0, 0, 0, 0, 0, 0, 0, 0, 0, 1, 5, 25
"c:\Users\brian\Desktop\Code\My Game\build\_deps\glm-src\glm\ext\quaternion_trigonometric.hpp", "C++", 19, 0, 0, 0, 0, 0, 0, 0, 0, 0, 0, 0, 0, 0, 0, 0, 0, 0, 35, 10, 64
"c:\Users\brian\Desktop\Code\My Game\build\_deps\glm-src\glm\ext\quaternion_trigonometric.inl", "C++", 29, 0, 0, 0, 0, 0, 0, 0, 0, 0, 0, 0, 0, 0, 0, 0, 0, 0, 0, 6, 35
"c:\Users\brian\Desktop\Code\My Game\build\_deps\glm-src\glm\ext\scalar_common.hpp", "C++", 39, 0, 0, 0, 0, 0, 0, 0, 0, 0, 0, 0, 0, 0, 0, 0, 0, 0, 97, 22, 158
"c:\Users\brian\Desktop\Code\My Game\build\_deps\glm-src\glm\ext\scalar_common.inl", "C++", 130, 0, 0, 0, 0, 0, 0, 0, 0, 0, 0, 0, 0, 0, 0, 0, 0, 0, 1, 22, 153
"c:\Users\brian\Desktop\Code\My Game\build\_deps\glm-src\glm\ext\scalar_constants.hpp", "C++", 15, 0, 0, 0, 0, 0, 0, 0, 0, 0, 0, 0, 0, 0, 0, 0, 0, 0, 16, 10, 41
"c:\Users\brian\Desktop\Code\My Game\build\_deps\glm-src\glm\ext\scalar_constants.inl", "C++", 21, 0, 0, 0, 0, 0, 0, 0, 0, 0, 0, 0, 0, 0, 0, 0, 0, 0, 0, 4, 25
"c:\Users\brian\Desktop\Code\My Game\build\_deps\glm-src\glm\ext\scalar_int_sized.hpp", "C++", 38, 0, 0, 0, 0, 0, 0, 0, 0, 0, 0, 0, 0, 0, 0, 0, 0, 0, 18, 15, 71
"c:\Users\brian\Desktop\Code\My Game\build\_deps\glm-src\glm\ext\scalar_integer.hpp", "C++", 29, 0, 0, 0, 0, 0, 0, 0, 0, 0, 0, 0, 0, 0, 0, 0, 0, 0, 50, 14, 93
"c:\Users\brian\Desktop\Code\My Game\build\_deps\glm-src\glm\ext\scalar_integer.inl", "C++", 208, 0, 0, 0, 0, 0, 0, 0, 0, 0, 0, 0, 0, 0, 0, 0, 0, 0, 0, 36, 244
"c:\Users\brian\Desktop\Code\My Game\build\_deps\glm-src\glm\ext\scalar_packing.hpp", "C++", 9, 0, 0, 0, 0, 0, 0, 0, 0, 0, 0, 0, 0, 0, 0, 0, 0, 0, 16, 8, 33
"c:\Users\brian\Desktop\Code\My Game\build\_deps\glm-src\glm\ext\scalar_packing.inl", "C++", 0, 0, 0, 0, 0, 0, 0, 0, 0, 0, 0, 0, 0, 0, 0, 0, 0, 0, 0, 1, 1
"c:\Users\brian\Desktop\Code\My Game\build\_deps\glm-src\glm\ext\scalar_relational.hpp", "C++", 17, 0, 0, 0, 0, 0, 0, 0, 0, 0, 0, 0, 0, 0, 0, 0, 0, 0, 39, 10, 66
"c:\Users\brian\Desktop\Code\My Game\build\_deps\glm-src\glm\ext\scalar_relational.inl", "C++", 32, 0, 0, 0, 0, 0, 0, 0, 0, 0, 0, 0, 0, 0, 0, 0, 0, 0, 2, 7, 41
"c:\Users\brian\Desktop\Code\My Game\build\_deps\glm-src\glm\ext\scalar_uint_sized.hpp", "C++", 38, 0, 0, 0, 0, 0, 0, 0, 0, 0, 0, 0, 0, 0, 0, 0, 0, 0, 18, 15, 71
"c:\Users\brian\Desktop\Code\My Game\build\_deps\glm-src\glm\ext\scalar_ulp.hpp", "C++", 21, 0, 0, 0, 0, 0, 0, 0, 0, 0, 0, 0, 0, 0, 0, 0, 0, 0, 42, 12, 75
"c:\Users\brian\Desktop\Code\My Game\build\_deps\glm-src\glm\ext\scalar_ulp.inl", "C++", 250, 0, 0, 0, 0, 0, 0, 0, 0, 0, 0, 0, 0, 0, 0, 0, 0, 0, 7, 28, 285
"c:\Users\brian\Desktop\Code\My Game\build\_deps\glm-src\glm\ext\vector_bool1.hpp", "C++", 9, 0, 0, 0, 0, 0, 0, 0, 0, 0, 0, 0, 0, 0, 0, 0, 0, 0, 15, 7, 31
"c:\Users\brian\Desktop\Code\My Game\build\_deps\glm-src\glm\ext\vector_bool1_precision.hpp", "C++", 11, 0, 0, 0, 0, 0, 0, 0, 0, 0, 0, 0, 0, 0, 0, 0, 0, 0, 15, 9, 35
"c:\Users\brian\Desktop\Code\My Game\build\_deps\glm-src\glm\ext\vector_bool2.hpp", "C++", 6, 0, 0, 0, 0, 0, 0, 0, 0, 0, 0, 0, 0, 0, 0, 0, 0, 0, 8, 5, 19
"c:\Users\brian\Desktop\Code\My Game\build\_deps\glm-src\glm\ext\vector_bool2_precision.hpp", "C++", 8, 0, 0, 0, 0, 0, 0, 0, 0, 0, 0, 0, 0, 0, 0, 0, 0, 0, 17, 7, 32
"c:\Users\brian\Desktop\Code\My Game\build\_deps\glm-src\glm\ext\vector_bool3.hpp", "C++", 6, 0, 0, 0, 0, 0, 0, 0, 0, 0, 0, 0, 0, 0, 0, 0, 0, 0, 8, 5, 19
"c:\Users\brian\Desktop\Code\My Game\build\_deps\glm-src\glm\ext\vector_bool3_precision.hpp", "C++", 8, 0, 0, 0, 0, 0, 0, 0, 0, 0, 0, 0, 0, 0, 0, 0, 0, 0, 17, 7, 32
"c:\Users\brian\Desktop\Code\My Game\build\_deps\glm-src\glm\ext\vector_bool4.hpp", "C++", 6, 0, 0, 0, 0, 0, 0, 0, 0, 0, 0, 0, 0, 0, 0, 0, 0, 0, 8, 5, 19
"c:\Users\brian\Desktop\Code\My Game\build\_deps\glm-src\glm\ext\vector_bool4_precision.hpp", "C++", 8, 0, 0, 0, 0, 0, 0, 0, 0, 0, 0, 0, 0, 0, 0, 0, 0, 0, 17, 7, 32
"c:\Users\brian\Desktop\Code\My Game\build\_deps\glm-src\glm\ext\vector_common.hpp", "C++", 46, 0, 0, 0, 0, 0, 0, 0, 0, 0, 0, 0, 0, 0, 0, 0, 0, 0, 134, 25, 205
"c:\Users\brian\Desktop\Code\My Game\build\_deps\glm-src\glm\ext\vector_common.inl", "C++", 111, 0, 0, 0, 0, 0, 0, 0, 0, 0, 0, 0, 0, 0, 0, 0, 0, 0, 0, 19, 130
"c:\Users\brian\Desktop\Code\My Game\build\_deps\glm-src\glm\ext\vector_double1.hpp", "C++", 9, 0, 0, 0, 0, 0, 0, 0, 0, 0, 0, 0, 0, 0, 0, 0, 0, 0, 16, 7, 32
"c:\Users\brian\Desktop\Code\My Game\build\_deps\glm-src\glm\ext\vector_double1_precision.hpp", "C++", 11, 0, 0, 0, 0, 0, 0, 0, 0, 0, 0, 0, 0, 0, 0, 0, 0, 0, 17, 9, 37
"c:\Users\brian\Desktop\Code\My Game\build\_deps\glm-src\glm\ext\vector_double2.hpp", "C++", 6, 0, 0, 0, 0, 0, 0, 0, 0, 0, 0, 0, 0, 0, 0, 0, 0, 0, 8, 5, 19
"c:\Users\brian\Desktop\Code\My Game\build\_deps\glm-src\glm\ext\vector_double2_precision.hpp", "C++", 8, 0, 0, 0, 0, 0, 0, 0, 0, 0, 0, 0, 0, 0, 0, 0, 0, 0, 17, 7, 32
"c:\Users\brian\Desktop\Code\My Game\build\_deps\glm-src\glm\ext\vector_double3.hpp", "C++", 6, 0, 0, 0, 0, 0, 0, 0, 0, 0, 0, 0, 0, 0, 0, 0, 0, 0, 8, 5, 19
"c:\Users\brian\Desktop\Code\My Game\build\_deps\glm-src\glm\ext\vector_double3_precision.hpp", "C++", 8, 0, 0, 0, 0, 0, 0, 0, 0, 0, 0, 0, 0, 0, 0, 0, 0, 0, 20, 7, 35
"c:\Users\brian\Desktop\Code\My Game\build\_deps\glm-src\glm\ext\vector_double4.hpp", "C++", 6, 0, 0, 0, 0, 0, 0, 0, 0, 0, 0, 0, 0, 0, 0, 0, 0, 0, 8, 5, 19
"c:\Users\brian\Desktop\Code\My Game\build\_deps\glm-src\glm\ext\vector_double4_precision.hpp", "C++", 9, 0, 0, 0, 0, 0, 0, 0, 0, 0, 0, 0, 0, 0, 0, 0, 0, 0, 20, 7, 36
"c:\Users\brian\Desktop\Code\My Game\build\_deps\glm-src\glm\ext\vector_float1.hpp", "C++", 9, 0, 0, 0, 0, 0, 0, 0, 0, 0, 0, 0, 0, 0, 0, 0, 0, 0, 16, 7, 32
"c:\Users\brian\Desktop\Code\My Game\build\_deps\glm-src\glm\ext\vector_float1_precision.hpp", "C++", 11, 0, 0, 0, 0, 0, 0, 0, 0, 0, 0, 0, 0, 0, 0, 0, 0, 0, 17, 9, 37
"c:\Users\brian\Desktop\Code\My Game\build\_deps\glm-src\glm\ext\vector_float2.hpp", "C++", 6, 0, 0, 0, 0, 0, 0, 0, 0, 0, 0, 0, 0, 0, 0, 0, 0, 0, 8, 5, 19
"c:\Users\brian\Desktop\Code\My Game\build\_deps\glm-src\glm\ext\vector_float2_precision.hpp", "C++", 8, 0, 0, 0, 0, 0, 0, 0, 0, 0, 0, 0, 0, 0, 0, 0, 0, 0, 17, 7, 32
"c:\Users\brian\Desktop\Code\My Game\build\_deps\glm-src\glm\ext\vector_float3.hpp", "C++", 6, 0, 0, 0, 0, 0, 0, 0, 0, 0, 0, 0, 0, 0, 0, 0, 0, 0, 8, 5, 19
"c:\Users\brian\Desktop\Code\My Game\build\_deps\glm-src\glm\ext\vector_float3_precision.hpp", "C++", 8, 0, 0, 0, 0, 0, 0, 0, 0, 0, 0, 0, 0, 0, 0, 0, 0, 0, 17, 7, 32
"c:\Users\brian\Desktop\Code\My Game\build\_deps\glm-src\glm\ext\vector_float4.hpp", "C++", 6, 0, 0, 0, 0, 0, 0, 0, 0, 0, 0, 0, 0, 0, 0, 0, 0, 0, 8, 5, 19
"c:\Users\brian\Desktop\Code\My Game\build\_deps\glm-src\glm\ext\vector_float4_precision.hpp", "C++", 8, 0, 0, 0, 0, 0, 0, 0, 0, 0, 0, 0, 0, 0, 0, 0, 0, 0, 17, 7, 32
"c:\Users\brian\Desktop\Code\My Game\build\_deps\glm-src\glm\ext\vector_int1.hpp", "C++", 9, 0, 0, 0, 0, 0, 0, 0, 0, 0, 0, 0, 0, 0, 0, 0, 0, 0, 16, 8, 33
"c:\Users\brian\Desktop\Code\My Game\build\_deps\glm-src\glm\ext\vector_int1_sized.hpp", "C++", 13, 0, 0, 0, 0, 0, 0, 0, 0, 0, 0, 0, 0, 0, 0, 0, 0, 0, 27, 10, 50
"c:\Users\brian\Desktop\Code\My Game\build\_deps\glm-src\glm\ext\vector_int2.hpp", "C++", 6, 0, 0, 0, 0, 0, 0, 0, 0, 0, 0, 0, 0, 0, 0, 0, 0, 0, 8, 5, 19
"c:\Users\brian\Desktop\Code\My Game\build\_deps\glm-src\glm\ext\vector_int2_sized.hpp", "C++", 13, 0, 0, 0, 0, 0, 0, 0, 0, 0, 0, 0, 0, 0, 0, 0, 0, 0, 27, 10, 50
"c:\Users\brian\Desktop\Code\My Game\build\_deps\glm-src\glm\ext\vector_int3.hpp", "C++", 6, 0, 0, 0, 0, 0, 0, 0, 0, 0, 0, 0, 0, 0, 0, 0, 0, 0, 8, 5, 19
"c:\Users\brian\Desktop\Code\My Game\build\_deps\glm-src\glm\ext\vector_int3_sized.hpp", "C++", 13, 0, 0, 0, 0, 0, 0, 0, 0, 0, 0, 0, 0, 0, 0, 0, 0, 0, 27, 10, 50
"c:\Users\brian\Desktop\Code\My Game\build\_deps\glm-src\glm\ext\vector_int4.hpp", "C++", 6, 0, 0, 0, 0, 0, 0, 0, 0, 0, 0, 0, 0, 0, 0, 0, 0, 0, 8, 5, 19
"c:\Users\brian\Desktop\Code\My Game\build\_deps\glm-src\glm\ext\vector_int4_sized.hpp", "C++", 13, 0, 0, 0, 0, 0, 0, 0, 0, 0, 0, 0, 0, 0, 0, 0, 0, 0, 27, 10, 50
"c:\Users\brian\Desktop\Code\My Game\build\_deps\glm-src\glm\ext\vector_integer.hpp", "C++", 34, 0, 0, 0, 0, 0, 0, 0, 0, 0, 0, 0, 0, 0, 0, 0, 0, 0, 99, 17, 150
"c:\Users\brian\Desktop\Code\My Game\build\_deps\glm-src\glm\ext\vector_integer.inl", "C++", 65, 0, 0, 0, 0, 0, 0, 0, 0, 0, 0, 0, 0, 0, 0, 0, 0, 0, 0, 21, 86
"c:\Users\brian\Desktop\Code\My Game\build\_deps\glm-src\glm\ext\vector_packing.hpp", "C++", 9, 0, 0, 0, 0, 0, 0, 0, 0, 0, 0, 0, 0, 0, 0, 0, 0, 0, 16, 8, 33
"c:\Users\brian\Desktop\Code\My Game\build\_deps\glm-src\glm\ext\vector_packing.inl", "C++", 0, 0, 0, 0, 0, 0, 0, 0, 0, 0, 0, 0, 0, 0, 0, 0, 0, 0, 0, 1, 1
"c:\Users\brian\Desktop\Code\My Game\build\_deps\glm-src\glm\ext\vector_relational.hpp", "C++", 25, 0, 0, 0, 0, 0, 0, 0, 0, 0, 0, 0, 0, 0, 0, 0, 0, 0, 68, 15, 108
"c:\Users\brian\Desktop\Code\My Game\build\_deps\glm-src\glm\ext\vector_relational.inl", "C++", 62, 0, 0, 0, 0, 0, 0, 0, 0, 0, 0, 0, 0, 0, 0, 0, 0, 0, 3, 11, 76
"c:\Users\brian\Desktop\Code\My Game\build\_deps\glm-src\glm\ext\vector_uint1.hpp", "C++", 9, 0, 0, 0, 0, 0, 0, 0, 0, 0, 0, 0, 0, 0, 0, 0, 0, 0, 16, 8, 33
"c:\Users\brian\Desktop\Code\My Game\build\_deps\glm-src\glm\ext\vector_uint1_sized.hpp", "C++", 13, 0, 0, 0, 0, 0, 0, 0, 0, 0, 0, 0, 0, 0, 0, 0, 0, 0, 27, 10, 50
"c:\Users\brian\Desktop\Code\My Game\build\_deps\glm-src\glm\ext\vector_uint2.hpp", "C++", 6, 0, 0, 0, 0, 0, 0, 0, 0, 0, 0, 0, 0, 0, 0, 0, 0, 0, 8, 5, 19
"c:\Users\brian\Desktop\Code\My Game\build\_deps\glm-src\glm\ext\vector_uint2_sized.hpp", "C++", 13, 0, 0, 0, 0, 0, 0, 0, 0, 0, 0, 0, 0, 0, 0, 0, 0, 0, 27, 10, 50
"c:\Users\brian\Desktop\Code\My Game\build\_deps\glm-src\glm\ext\vector_uint3.hpp", "C++", 6, 0, 0, 0, 0, 0, 0, 0, 0, 0, 0, 0, 0, 0, 0, 0, 0, 0, 8, 5, 19
"c:\Users\brian\Desktop\Code\My Game\build\_deps\glm-src\glm\ext\vector_uint3_sized.hpp", "C++", 13, 0, 0, 0, 0, 0, 0, 0, 0, 0, 0, 0, 0, 0, 0, 0, 0, 0, 27, 10, 50
"c:\Users\brian\Desktop\Code\My Game\build\_deps\glm-src\glm\ext\vector_uint4.hpp", "C++", 6, 0, 0, 0, 0, 0, 0, 0, 0, 0, 0, 0, 0, 0, 0, 0, 0, 0, 8, 5, 19
"c:\Users\brian\Desktop\Code\My Game\build\_deps\glm-src\glm\ext\vector_uint4_sized.hpp", "C++", 13, 0, 0, 0, 0, 0, 0, 0, 0, 0, 0, 0, 0, 0, 0, 0, 0, 0, 27, 10, 50
"c:\Users\brian\Desktop\Code\My Game\build\_deps\glm-src\glm\ext\vector_ulp.hpp", "C++", 25, 0, 0, 0, 0, 0, 0, 0, 0, 0, 0, 0, 0, 0, 0, 0, 0, 0, 71, 14, 110
"c:\Users\brian\Desktop\Code\My Game\build\_deps\glm-src\glm\ext\vector_ulp.inl", "C++", 67, 0, 0, 0, 0, 0, 0, 0, 0, 0, 0, 0, 0, 0, 0, 0, 0, 0, 0, 8, 75
"c:\Users\brian\Desktop\Code\My Game\build\_deps\glm-src\glm\fwd.hpp", "C++", 1013, 0, 0, 0, 0, 0, 0, 0, 0, 0, 0, 0, 0, 0, 0, 0, 0, 0, 12, 209, 1234
"c:\Users\brian\Desktop\Code\My Game\build\_deps\glm-src\glm\geometric.hpp", "C++", 30, 0, 0, 0, 0, 0, 0, 0, 0, 0, 0, 0, 0, 0, 0, 0, 0, 0, 73, 14, 117
"c:\Users\brian\Desktop\Code\My Game\build\_deps\glm-src\glm\glm.hpp", "C++", 29, 0, 0, 0, 0, 0, 0, 0, 0, 0, 0, 0, 0, 0, 0, 0, 0, 0, 101, 7, 137
"c:\Users\brian\Desktop\Code\My Game\build\_deps\glm-src\glm\gtc\bitfield.hpp", "C++", 57, 0, 0, 0, 0, 0, 0, 0, 0, 0, 0, 0, 0, 0, 0, 0, 0, 0, 170, 40, 267
"c:\Users\brian\Desktop\Code\My Game\build\_deps\glm-src\glm\gtc\bitfield.inl", "C++", 486, 0, 0, 0, 0, 0, 0, 0, 0, 0, 0, 0, 0, 0, 0, 0, 0, 0, 1, 140, 627
"c:\Users\brian\Desktop\Code\My Game\build\_deps\glm-src\glm\gtc\color_space.hpp", "C++", 22, 0, 0, 0, 0, 0, 0, 0, 0, 0, 0, 0, 0, 0, 0, 0, 0, 0, 24, 11, 57
"c:\Users\brian\Desktop\Code\My Game\build\_deps\glm-src\glm\gtc\color_space.inl", "C++", 72, 0, 0, 0, 0, 0, 0, 0, 0, 0, 0, 0, 0, 0, 0, 0, 0, 0, 2, 11, 85
"c:\Users\brian\Desktop\Code\My Game\build\_deps\glm-src\glm\gtc\constants.hpp", "C++", 63, 0, 0, 0, 0, 0, 0, 0, 0, 0, 0, 0, 0, 0, 0, 0, 0, 0, 69, 34, 166
"c:\Users\brian\Desktop\Code\My Game\build\_deps\glm-src\glm\gtc\constants.inl", "C++", 138, 0, 0, 0, 0, 0, 0, 0, 0, 0, 0, 0, 0, 0, 0, 0, 0, 0, 1, 29, 168
"c:\Users\brian\Desktop\Code\My Game\build\_deps\glm-src\glm\gtc\epsilon.hpp", "C++", 18, 0, 0, 0, 0, 0, 0, 0, 0, 0, 0, 0, 0, 0, 0, 0, 0, 0, 32, 11, 61
"c:\Users\brian\Desktop\Code\My Game\build\_deps\glm-src\glm\gtc\epsilon.inl", "C++", 67, 0, 0, 0, 0, 0, 0, 0, 0, 0, 0, 0, 0, 0, 0, 0, 0, 0, 2, 12, 81
"c:\Users\brian\Desktop\Code\My Game\build\_deps\glm-src\glm\gtc\integer.hpp", "C++", 20, 0, 0, 0, 0, 0, 0, 0, 0, 0, 0, 0, 0, 0, 0, 0, 0, 0, 36, 10, 66
"c:\Users\brian\Desktop\Code\My Game\build\_deps\glm-src\glm\gtc\integer.inl", "C++", 56, 0, 0, 0, 0, 0, 0, 0, 0, 0, 0, 0, 0, 0, 0, 0, 0, 0, 3, 10, 69
"c:\Users\brian\Desktop\Code\My Game\build\_deps\glm-src\glm\gtc\matrix_access.hpp", "C++", 27, 0, 0, 0, 0, 0, 0, 0, 0, 0, 0, 0, 0, 0, 0, 0, 0, 0, 23, 11, 61
"c:\Users\brian\Desktop\Code\My Game\build\_deps\glm-src\glm\gtc\matrix_access.inl", "C++", 53, 0, 0, 0, 0, 0, 0, 0, 0, 0, 0, 0, 0, 0, 0, 0, 0, 0, 1, 9, 63
"c:\Users\brian\Desktop\Code\My Game\build\_deps\glm-src\glm\gtc\matrix_integer.hpp", "C++", 112, 0, 0, 0, 0, 0, 0, 0, 0, 0, 0, 0, 0, 0, 0, 0, 0, 0, 207, 115, 434
"c:\Users\brian\Desktop\Code\My Game\build\_deps\glm-src\glm\gtc\matrix_inverse.hpp", "C++", 17, 0, 0, 0, 0, 0, 0, 0, 0, 0, 0, 0, 0, 0, 0, 0, 0, 0, 25, 9, 51
"c:\Users\brian\Desktop\Code\My Game\build\_deps\glm-src\glm\gtc\matrix_inverse.inl", "C++", 99, 0, 0, 0, 0, 0, 0, 0, 0, 0, 0, 0, 0, 0, 0, 0, 0, 0, 1, 19, 119
"c:\Users\brian\Desktop\Code\My Game\build\_deps\glm-src\glm\gtc\matrix_transform.hpp", "C++", 12, 0, 0, 0, 0, 0, 0, 0, 0, 0, 0, 0, 0, 0, 0, 0, 0, 0, 20, 5, 37
"c:\Users\brian\Desktop\Code\My Game\build\_deps\glm-src\glm\gtc\matrix_transform.inl", "C++", 3, 0, 0, 0, 0, 0, 0, 0, 0, 0, 0, 0, 0, 0, 0, 0, 0, 0, 0, 1, 4
"c:\Users\brian\Desktop\Code\My Game\build\_deps\glm-src\glm\gtc\noise.hpp", "C++", 27, 0, 0, 0, 0, 0, 0, 0, 0, 0, 0, 0, 0, 0, 0, 0, 0, 0, 25, 10, 62
"c:\Users\brian\Desktop\Code\My Game\build\_deps\glm-src\glm\gtc\noise.inl", "C++", 582, 0, 0, 0, 0, 0, 0, 0, 0, 0, 0, 0, 0, 0, 0, 0, 0, 0, 133, 93, 808
"c:\Users\brian\Desktop\Code\My Game\build\_deps\glm-src\glm\gtc\packing.hpp", "C++", 88, 0, 0, 0, 0, 0, 0, 0, 0, 0, 0, 0, 0, 0, 0, 0, 0, 0, 561, 80, 729
"c:\Users\brian\Desktop\Code\My Game\build\_deps\glm-src\glm\gtc\packing.inl", "C++", 752, 0, 0, 0, 0, 0, 0, 0, 0, 0, 0, 0, 0, 0, 0, 0, 0, 0, 61, 126, 939
"c:\Users\brian\Desktop\Code\My Game\build\_deps\glm-src\glm\gtc\quaternion.hpp", "C++", 60, 0, 0, 0, 0, 0, 0, 0, 0, 0, 0, 0, 0, 0, 0, 0, 0, 0, 93, 21, 174
"c:\Users\brian\Desktop\Code\My Game\build\_deps\glm-src\glm\gtc\quaternion.inl", "C++", 171, 0, 0, 0, 0, 0, 0, 0, 0, 0, 0, 0, 0, 0, 0, 0, 0, 0, 1, 31, 203
"c:\Users\brian\Desktop\Code\My Game\build\_deps\glm-src\glm\gtc\quaternion_simd.inl", "C++", 0, 0, 0, 0, 0, 0, 0, 0, 0, 0, 0, 0, 0, 0, 0, 0, 0, 0, 0, 1, 1
"c:\Users\brian\Desktop\Code\My Game\build\_deps\glm-src\glm\gtc\random.hpp", "C++", 25, 0, 0, 0, 0, 0, 0, 0, 0, 0, 0, 0, 0, 0, 0, 0, 0, 0, 44, 14, 83
"c:\Users\brian\Desktop\Code\My Game\build\_deps\glm-src\glm\gtc\random.inl", "C++", 262, 0, 0, 0, 0, 0, 0, 0, 0, 0, 0, 0, 0, 0, 0, 0, 0, 0, 0, 42, 304
"c:\Users\brian\Desktop\Code\My Game\build\_deps\glm-src\glm\gtc\reciprocal.hpp", "C++", 33, 0, 0, 0, 0, 0, 0, 0, 0, 0, 0, 0, 0, 0, 0, 0, 0, 0, 84, 19, 136
"c:\Users\brian\Desktop\Code\My Game\build\_deps\glm-src\glm\gtc\reciprocal.inl", "C++", 151, 0, 0, 0, 0, 0, 0, 0, 0, 0, 0, 0, 0, 0, 0, 0, 0, 0, 13, 28, 192
"c:\Users\brian\Desktop\Code\My Game\build\_deps\glm-src\glm\gtc\round.hpp", "C++", 38, 0, 0, 0, 0, 0, 0, 0, 0, 0, 0, 0, 0, 0, 0, 0, 0, 0, 104, 19, 161
"c:\Users\brian\Desktop\Code\My Game\build\_deps\glm-src\glm\gtc\round.inl", "C++", 118, 0, 0, 0, 0, 0, 0, 0, 0, 0, 0, 0, 0, 0, 0, 0, 0, 0, 13, 25, 156
"c:\Users\brian\Desktop\Code\My Game\build\_deps\glm-src\glm\gtc\type_aligned.hpp", "C++", 547, 0, 0, 0, 0, 0, 0, 0, 0, 0, 0, 0, 0, 0, 0, 0, 0, 0, 384, 385, 1316
"c:\Users\brian\Desktop\Code\My Game\build\_deps\glm-src\glm\gtc\type_precision.hpp", "C++", 514, 0, 0, 0, 0, 0, 0, 0, 0, 0, 0, 0, 0, 0, 0, 0, 0, 0, 1018, 563, 2095
"c:\Users\brian\Desktop\Code\My Game\build\_deps\glm-src\glm\gtc\type_precision.inl", "C++", 3, 0, 0, 0, 0, 0, 0, 0, 0, 0, 0, 0, 0, 0, 0, 0, 0, 0, 1, 3, 7
"c:\Users\brian\Desktop\Code\My Game\build\_deps\glm-src\glm\gtc\type_ptr.hpp", "C++", 89, 0, 0, 0, 0, 0, 0, 0, 0, 0, 0, 0, 0, 0, 0, 0, 0, 0, 102, 40, 231
"c:\Users\brian\Desktop\Code\My Game\build\_deps\glm-src\glm\gtc\type_ptr.inl", "C++", 320, 0, 0, 0, 0, 0, 0, 0, 0, 0, 0, 0, 0, 0, 0, 0, 0, 0, 4, 63, 387
"c:\Users\brian\Desktop\Code\My Game\build\_deps\glm-src\glm\gtc\ulp.hpp", "C++", 38, 0, 0, 0, 0, 0, 0, 0, 0, 0, 0, 0, 0, 0, 0, 0, 0, 0, 95, 20, 153
"c:\Users\brian\Desktop\Code\My Game\build\_deps\glm-src\glm\gtc\ulp.inl", "C++", 150, 0, 0, 0, 0, 0, 0, 0, 0, 0, 0, 0, 0, 0, 0, 0, 0, 0, 1, 23, 174
"c:\Users\brian\Desktop\Code\My Game\build\_deps\glm-src\glm\gtc\vec1.hpp", "C++", 14, 0, 0, 0, 0, 0, 0, 0, 0, 0, 0, 0, 0, 0, 0, 0, 0, 0, 12, 5, 31
"c:\Users\brian\Desktop\Code\My Game\build\_deps\glm-src\glm\gtx\associated_min_max.hpp", "C++", 119, 0, 0, 0, 0, 0, 0, 0, 0, 0, 0, 0, 0, 0, 0, 0, 0, 0, 60, 29, 208
"c:\Users\brian\Desktop\Code\My Game\build\_deps\glm-src\glm\gtx\associated_min_max.inl", "C++", 310, 0, 0, 0, 0, 0, 0, 0, 0, 0, 0, 0, 0, 0, 0, 0, 0, 0, 19, 26, 355
"c:\Users\brian\Desktop\Code\My Game\build\_deps\glm-src\glm\gtx\bit.hpp", "C++", 31, 0, 0, 0, 0, 0, 0, 0, 0, 0, 0, 0, 0, 0, 0, 0, 0, 0, 50, 18, 99
"c:\Users\brian\Desktop\Code\My Game\build\_deps\glm-src\glm\gtx\bit.inl", "C++", 64, 0, 0, 0, 0, 0, 0, 0, 0, 0, 0, 0, 0, 0, 0, 0, 0, 0, 11, 18, 93
"c:\Users\brian\Desktop\Code\My Game\build\_deps\glm-src\glm\gtx\closest_point.hpp", "C++", 23, 0, 0, 0, 0, 0, 0, 0, 0, 0, 0, 0, 0, 0, 0, 0, 0, 0, 18, 9, 50
"c:\Users\brian\Desktop\Code\My Game\build\_deps\glm-src\glm\gtx\closest_point.inl", "C++", 35, 0, 0, 0, 0, 0, 0, 0, 0, 0, 0, 0, 0, 0, 0, 0, 0, 0, 3, 8, 46
"c:\Users\brian\Desktop\Code\My Game\build\_deps\glm-src\glm\gtx\color_encoding.hpp", "C++", 24, 0, 0, 0, 0, 0, 0, 0, 0, 0, 0, 0, 0, 0, 0, 0, 0, 0, 20, 11, 55
"c:\Users\brian\Desktop\Code\My Game\build\_deps\glm-src\glm\gtx\color_encoding.inl", "C++", 35, 0, 0, 0, 0, 0, 0, 0, 0, 0, 0, 0, 0, 0, 0, 0, 0, 0, 1, 10, 46
"c:\Users\brian\Desktop\Code\My Game\build\_deps\glm-src\glm\gtx\color_space.hpp", "C++", 33, 0, 0, 0, 0, 0, 0, 0, 0, 0, 0, 0, 0, 0, 0, 0, 0, 0, 27, 13, 73
"c:\Users\brian\Desktop\Code\My Game\build\_deps\glm-src\glm\gtx\color_space.inl", "C++", 117, 0, 0, 0, 0, 0, 0, 0, 0, 0, 0, 0, 0, 0, 0, 0, 0, 0, 7, 18, 142
"c:\Users\brian\Desktop\Code\My Game\build\_deps\glm-src\glm\gtx\color_space_YCoCg.hpp", "C++", 25, 0, 0, 0, 0, 0, 0, 0, 0, 0, 0, 0, 0, 0, 0, 0, 0, 0, 25, 11, 61
"c:\Users\brian\Desktop\Code\My Game\build\_deps\glm-src\glm\gtx\color_space_YCoCg.inl", "C++", 98, 0, 0, 0, 0, 0, 0, 0, 0, 0, 0, 0, 0, 0, 0, 0, 0, 0, 1, 9, 108
"c:\Users\brian\Desktop\Code\My Game\build\_deps\glm-src\glm\gtx\common.hpp", "C++", 24, 0, 0, 0, 0, 0, 0, 0, 0, 0, 0, 0, 0, 0, 0, 0, 0, 0, 42, 11, 77
"c:\Users\brian\Desktop\Code\My Game\build\_deps\glm-src\glm\gtx\common.inl", "C++", 105, 0, 0, 0, 0, 0, 0, 0, 0, 0, 0, 0, 0, 0, 0, 0, 0, 0, 2, 19, 126
"c:\Users\brian\Desktop\Code\My Game\build\_deps\glm-src\glm\gtx\compatibility.hpp", "C++", 98, 0, 0, 0, 0, 0, 0, 0, 0, 0, 0, 0, 0, 0, 0, 0, 0, 0, 15, 21, 134
"c:\Users\brian\Desktop\Code\My Game\build\_deps\glm-src\glm\gtx\compatibility.inl", "C++", 55, 0, 0, 0, 0, 0, 0, 0, 0, 0, 0, 0, 0, 0, 0, 0, 0, 0, 1, 7, 63
"c:\Users\brian\Desktop\Code\My Game\build\_deps\glm-src\glm\gtx\component_wise.hpp", "C++", 26, 0, 0, 0, 0, 0, 0, 0, 0, 0, 0, 0, 0, 0, 0, 0, 0, 0, 31, 13, 70
"c:\Users\brian\Desktop\Code\My Game\build\_deps\glm-src\glm\gtx\component_wise.inl", "C++", 109, 0, 0, 0, 0, 0, 0, 0, 0, 0, 0, 0, 0, 0, 0, 0, 0, 0, 1, 18, 128
"c:\Users\brian\Desktop\Code\My Game\build\_deps\glm-src\glm\gtx\dual_quaternion.hpp", "C++", 121, 0, 0, 0, 0, 0, 0, 0, 0, 0, 0, 0, 0, 0, 0, 0, 0, 0, 89, 65, 275
"c:\Users\brian\Desktop\Code\My Game\build\_deps\glm-src\glm\gtx\dual_quaternion.inl", "C++", 286, 0, 0, 0, 0, 0, 0, 0, 0, 0, 0, 0, 0, 0, 0, 0, 0, 0, 12, 55, 353
"c:\Users\brian\Desktop\Code\My Game\build\_deps\glm-src\glm\gtx\easing.hpp", "C++", 82, 0, 0, 0, 0, 0, 0, 0, 0, 0, 0, 0, 0, 0, 0, 0, 0, 0, 97, 41, 220
"c:\Users\brian\Desktop\Code\My Game\build\_deps\glm-src\glm\gtx\easing.inl", "C++", 334, 0, 0, 0, 0, 0, 0, 0, 0, 0, 0, 0, 0, 0, 0, 0, 0, 0, 32, 71, 437
"c:\Users\brian\Desktop\Code\My Game\build\_deps\glm-src\glm\gtx\euler_angles.hpp", "C++", 188, 0, 0, 0, 0, 0, 0, 0, 0, 0, 0, 0, 0, 0, 0, 0, 0, 0, 100, 48, 336
"c:\Users\brian\Desktop\Code\My Game\build\_deps\glm-src\glm\gtx\euler_angles.inl", "C++", 833, 0, 0, 0, 0, 0, 0, 0, 0, 0, 0, 0, 0, 0, 0, 0, 0, 0, 1, 66, 900
"c:\Users\brian\Desktop\Code\My Game\build\_deps\glm-src\glm\gtx\extend.hpp", "C++", 18, 0, 0, 0, 0, 0, 0, 0, 0, 0, 0, 0, 0, 0, 0, 0, 0, 0, 17, 8, 43
"c:\Users\brian\Desktop\Code\My Game\build\_deps\glm-src\glm\gtx\extend.inl", "C++", 43, 0, 0, 0, 0, 0, 0, 0, 0, 0, 0, 0, 0, 0, 0, 0, 0, 0, 1, 5, 49
"c:\Users\brian\Desktop\Code\My Game\build\_deps\glm-src\glm\gtx\extended_min_max.hpp", "C++", 80, 0, 0, 0, 0, 0, 0, 0, 0, 0, 0, 0, 0, 0, 0, 0, 0, 0, 39, 19, 138
"c:\Users\brian\Desktop\Code\My Game\build\_deps\glm-src\glm\gtx\extended_min_max.inl", "C++", 125, 0, 0, 0, 0, 0, 0, 0, 0, 0, 0, 0, 0, 0, 0, 0, 0, 0, 1, 13, 139
"c:\Users\brian\Desktop\Code\My Game\build\_deps\glm-src\glm\gtx\exterior_product.hpp", "C++", 16, 0, 0, 0, 0, 0, 0, 0, 0, 0, 0, 0, 0, 0, 0, 0, 0, 0, 22, 8, 46
"c:\Users\brian\Desktop\Code\My Game\build\_deps\glm-src\glm\gtx\exterior_product.inl", "C++", 20, 0, 0, 0, 0, 0, 0, 0, 0, 0, 0, 0, 0, 0, 0, 0, 0, 0, 1, 6, 27
"c:\Users\brian\Desktop\Code\My Game\build\_deps\glm-src\glm\gtx\fast_exponential.hpp", "C++", 37, 0, 0, 0, 0, 0, 0, 0, 0, 0, 0, 0, 0, 0, 0, 0, 0, 0, 40, 19, 96
"c:\Users\brian\Desktop\Code\My Game\build\_deps\glm-src\glm\gtx\fast_exponential.inl", "C++", 73, 0, 0, 0, 0, 0, 0, 0, 0, 0, 0, 0, 0, 0, 0, 0, 0, 0, 50, 14, 137
"c:\Users\brian\Desktop\Code\My Game\build\_deps\glm-src\glm\gtx\fast_square_root.hpp", "C++", 33, 0, 0, 0, 0, 0, 0, 0, 0, 0, 0, 0, 0, 0, 0, 0, 0, 0, 44, 16, 93
"c:\Users\brian\Desktop\Code\My Game\build\_deps\glm-src\glm\gtx\fast_square_root.inl", "C++", 56, 0, 0, 0, 0, 0, 0, 0, 0, 0, 0, 0, 0, 0, 0, 0, 0, 0, 6, 14, 76
"c:\Users\brian\Desktop\Code\My Game\build\_deps\glm-src\glm\gtx\fast_trigonometry.hpp", "C++", 29, 0, 0, 0, 0, 0, 0, 0, 0, 0, 0, 0, 0, 0, 0, 0, 0, 0, 36, 15, 80
"c:\Users\brian\Desktop\Code\My Game\build\_deps\glm-src\glm\gtx\fast_trigonometry.inl", "C++", 113, 0, 0, 0, 0, 0, 0, 0, 0, 0, 0, 0, 0, 0, 0, 0, 0, 0, 8, 22, 143
"c:\Users\brian\Desktop\Code\My Game\build\_deps\glm-src\glm\gtx\float_notmalize.inl", "C++", 9, 0, 0, 0, 0, 0, 0, 0, 0, 0, 0, 0, 0, 0, 0, 0, 0, 0, 1, 4, 14
"c:\Users\brian\Desktop\Code\My Game\build\_deps\glm-src\glm\gtx\functions.hpp", "C++", 25, 0, 0, 0, 0, 0, 0, 0, 0, 0, 0, 0, 0, 0, 0, 0, 0, 0, 22, 10, 57
"c:\Users\brian\Desktop\Code\My Game\build\_deps\glm-src\glm\gtx\functions.inl", "C++", 25, 0, 0, 0, 0, 0, 0, 0, 0, 0, 0, 0, 0, 0, 0, 0, 0, 0, 1, 5, 31
"c:\Users\brian\Desktop\Code\My Game\build\_deps\glm-src\glm\gtx\gradient_paint.hpp", "C++", 25, 0, 0, 0, 0, 0, 0, 0, 0, 0, 0, 0, 0, 0, 0, 0, 0, 0, 20, 9, 54
"c:\Users\brian\Desktop\Code\My Game\build\_deps\glm-src\glm\gtx\gradient_paint.inl", "C++", 32, 0, 0, 0, 0, 0, 0, 0, 0, 0, 0, 0, 0, 0, 0, 0, 0, 0, 1, 4, 37
"c:\Users\brian\Desktop\Code\My Game\build\_deps\glm-src\glm\gtx\handed_coordinate_space.hpp", "C++", 23, 0, 0, 0, 0, 0, 0, 0, 0, 0, 0, 0, 0, 0, 0, 0, 0, 0, 19, 9, 51
"c:\Users\brian\Desktop\Code\My Game\build\_deps\glm-src\glm\gtx\handed_coordinate_space.inl", "C++", 23, 0, 0, 0, 0, 0, 0, 0, 0, 0, 0, 0, 0, 0, 0, 0, 0, 0, 1, 3, 27
"c:\Users\brian\Desktop\Code\My Game\build\_deps\glm-src\glm\gtx\hash.hpp", "C++", 106, 0, 0, 0, 0, 0, 0, 0, 0, 0, 0, 0, 0, 0, 0, 0, 0, 0, 11, 26, 143
"c:\Users\brian\Desktop\Code\My Game\build\_deps\glm-src\glm\gtx\hash.inl", "C++", 158, 0, 0, 0, 0, 0, 0, 0, 0, 0, 0, 0, 0, 0, 0, 0, 0, 0, 10, 17, 185
"c:\Users\brian\Desktop\Code\My Game\build\_deps\glm-src\glm\gtx\integer.hpp", "C++", 25, 0, 0, 0, 0, 0, 0, 0, 0, 0, 0, 0, 0, 0, 0, 0, 0, 0, 35, 17, 77
"c:\Users\brian\Desktop\Code\My Game\build\_deps\glm-src\glm\gtx\integer.inl", "C++", 131, 0, 0, 0, 0, 0, 0, 0, 0, 0, 0, 0, 0, 0, 0, 0, 0, 0, 25, 30, 186
"c:\Users\brian\Desktop\Code\My Game\build\_deps\glm-src\glm\gtx\intersect.hpp", "C++", 49, 0, 0, 0, 0, 0, 0, 0, 0, 0, 0, 0, 0, 0, 0, 0, 0, 0, 31, 13, 93
"c:\Users\brian\Desktop\Code\My Game\build\_deps\glm-src\glm\gtx\intersect.inl", "C++", 156, 0, 0, 0, 0, 0, 0, 0, 0, 0, 0, 0, 0, 0, 0, 0, 0, 0, 13, 32, 201
"c:\Users\brian\Desktop\Code\My Game\build\_deps\glm-src\glm\gtx\io.hpp", "C++", 138, 0, 0, 0, 0, 0, 0, 0, 0, 0, 0, 0, 0, 0, 0, 0, 0, 0, 23, 41, 202
"c:\Users\brian\Desktop\Code\My Game\build\_deps\glm-src\glm\gtx\io.inl", "C++", 367, 0, 0, 0, 0, 0, 0, 0, 0, 0, 0, 0, 0, 0, 0, 0, 0, 0, 2, 72, 441
"c:\Users\brian\Desktop\Code\My Game\build\_deps\glm-src\glm\gtx\log_base.hpp", "C++", 21, 0, 0, 0, 0, 0, 0, 0, 0, 0, 0, 0, 0, 0, 0, 0, 0, 0, 19, 9, 49
"c:\Users\brian\Desktop\Code\My Game\build\_deps\glm-src\glm\gtx\log_base.inl", "C++", 13, 0, 0, 0, 0, 0, 0, 0, 0, 0, 0, 0, 0, 0, 0, 0, 0, 0, 1, 3, 17
"c:\Users\brian\Desktop\Code\My Game\build\_deps\glm-src\glm\gtx\matrix_cross_product.hpp", "C++", 19, 0, 0, 0, 0, 0, 0, 0, 0, 0, 0, 0, 0, 0, 0, 0, 0, 0, 20, 9, 48
"c:\Users\brian\Desktop\Code\My Game\build\_deps\glm-src\glm\gtx\matrix_cross_product.inl", "C++", 33, 0, 0, 0, 0, 0, 0, 0, 0, 0, 0, 0, 0, 0, 0, 0, 0, 0, 1, 4, 38
"c:\Users\brian\Desktop\Code\My Game\build\_deps\glm-src\glm\gtx\matrix_decompose.hpp", "C++", 22, 0, 0, 0, 0, 0, 0, 0, 0, 0, 0, 0, 0, 0, 0, 0, 0, 0, 17, 8, 47
"c:\Users\brian\Desktop\Code\My Game\build\_deps\glm-src\glm\gtx\matrix_decompose.inl", "C++", 113, 0, 0, 0, 0, 0, 0, 0, 0, 0, 0, 0, 0, 0, 0, 0, 0, 0, 42, 32, 187
"c:\Users\brian\Desktop\Code\My Game\build\_deps\glm-src\glm\gtx\matrix_factorisation.hpp", "C++", 21, 0, 0, 0, 0, 0, 0, 0, 0, 0, 0, 0, 0, 0, 0, 0, 0, 0, 37, 12, 70
"c:\Users\brian\Desktop\Code\My Game\build\_deps\glm-src\glm\gtx\matrix_factorisation.inl", "C++", 53, 0, 0, 0, 0, 0, 0, 0, 0, 0, 0, 0, 0, 0, 0, 0, 0, 0, 17, 15, 85
"c:\Users\brian\Desktop\Code\My Game\build\_deps\glm-src\glm\gtx\matrix_interpolation.hpp", "C++", 25, 0, 0, 0, 0, 0, 0, 0, 0, 0, 0, 0, 0, 0, 0, 0, 0, 0, 25, 11, 61
"c:\Users\brian\Desktop\Code\My Game\build\_deps\glm-src\glm\gtx\matrix_interpolation.inl", "C++", 121, 0, 0, 0, 0, 0, 0, 0, 0, 0, 0, 0, 0, 0, 0, 0, 0, 0, 1, 8, 130
"c:\Users\brian\Desktop\Code\My Game\build\_deps\glm-src\glm\gtx\matrix_major_storage.hpp", "C++", 61, 0, 0, 0, 0, 0, 0, 0, 0, 0, 0, 0, 0, 0, 0, 0, 0, 0, 40, 19, 120
"c:\Users\brian\Desktop\Code\My Game\build\_deps\glm-src\glm\gtx\matrix_major_storage.inl", "C++", 153, 0, 0, 0, 0, 0, 0, 0, 0, 0, 0, 0, 0, 0, 0, 0, 0, 0, 1, 13, 167
"c:\Users\brian\Desktop\Code\My Game\build\_deps\glm-src\glm\gtx\matrix_operation.hpp", "C++", 46, 0, 0, 0, 0, 0, 0, 0, 0, 0, 0, 0, 0, 0, 0, 0, 0, 0, 39, 19, 104
"c:\Users\brian\Desktop\Code\My Game\build\_deps\glm-src\glm\gtx\matrix_operation.inl", "C++", 156, 0, 0, 0, 0, 0, 0, 0, 0, 0, 0, 0, 0, 0, 0, 0, 0, 0, 1, 20, 177
"c:\Users\brian\Desktop\Code\My Game\build\_deps\glm-src\glm\gtx\matrix_query.hpp", "C++", 31, 0, 0, 0, 0, 0, 0, 0, 0, 0, 0, 0, 0, 0, 0, 0, 0, 0, 32, 15, 78
"c:\Users\brian\Desktop\Code\My Game\build\_deps\glm-src\glm\gtx\matrix_query.inl", "C++", 103, 0, 0, 0, 0, 0, 0, 0, 0, 0, 0, 0, 0, 0, 0, 0, 0, 0, 1, 10, 114
"c:\Users\brian\Desktop\Code\My Game\build\_deps\glm-src\glm\gtx\matrix_transform_2d.hpp", "C++", 34, 0, 0, 0, 0, 0, 0, 0, 0, 0, 0, 0, 0, 0, 0, 0, 0, 0, 36, 12, 82
"c:\Users\brian\Desktop\Code\My Game\build\_deps\glm-src\glm\gtx\matrix_transform_2d.inl", "C++", 56, 0, 0, 0, 0, 0, 0, 0, 0, 0, 0, 0, 0, 0, 0, 0, 0, 0, 2, 11, 69
"c:\Users\brian\Desktop\Code\My Game\build\_deps\glm-src\glm\gtx\mixed_product.hpp", "C++", 18, 0, 0, 0, 0, 0, 0, 0, 0, 0, 0, 0, 0, 0, 0, 0, 0, 0, 16, 8, 42
"c:\Users\brian\Desktop\Code\My Game\build\_deps\glm-src\glm\gtx\mixed_product.inl", "C++", 13, 0, 0, 0, 0, 0, 0, 0, 0, 0, 0, 0, 0, 0, 0, 0, 0, 0, 1, 2, 16
"c:\Users\brian\Desktop\Code\My Game\build\_deps\glm-src\glm\gtx\norm.hpp", "C++", 35, 0, 0, 0, 0, 0, 0, 0, 0, 0, 0, 0, 0, 0, 0, 0, 0, 0, 37, 17, 89
"c:\Users\brian\Desktop\Code\My Game\build\_deps\glm-src\glm\gtx\norm.inl", "C++", 79, 0, 0, 0, 0, 0, 0, 0, 0, 0, 0, 0, 0, 0, 0, 0, 0, 0, 1, 16, 96
"c:\Users\brian\Desktop\Code\My Game\build\_deps\glm-src\glm\gtx\normal.hpp", "C++", 15, 0, 0, 0, 0, 0, 0, 0, 0, 0, 0, 0, 0, 0, 0, 0, 0, 0, 19, 8, 42
"c:\Users\brian\Desktop\Code\My Game\build\_deps\glm-src\glm\gtx\normal.inl", "C++", 13, 0, 0, 0, 0, 0, 0, 0, 0, 0, 0, 0, 0, 0, 0, 0, 0, 0, 1, 2, 16
"c:\Users\brian\Desktop\Code\My Game\build\_deps\glm-src\glm\gtx\normalize_dot.hpp", "C++", 17, 0, 0, 0, 0, 0, 0, 0, 0, 0, 0, 0, 0, 0, 0, 0, 0, 0, 24, 9, 50
"c:\Users\brian\Desktop\Code\My Game\build\_deps\glm-src\glm\gtx\normalize_dot.inl", "C++", 13, 0, 0, 0, 0, 0, 0, 0, 0, 0, 0, 0, 0, 0, 0, 0, 0, 0, 1, 3, 17
"c:\Users\brian\Desktop\Code\My Game\build\_deps\glm-src\glm\gtx\number_precision.hpp", "C++", 26, 0, 0, 0, 0, 0, 0, 0, 0, 0, 0, 0, 0, 0, 0, 0, 0, 0, 23, 13, 62
"c:\Users\brian\Desktop\Code\My Game\build\_deps\glm-src\glm\gtx\number_precision.inl", "C++", 3, 0, 0, 0, 0, 0, 0, 0, 0, 0, 0, 0, 0, 0, 0, 0, 0, 0, 1, 3, 7
"c:\Users\brian\Desktop\Code\My Game\build\_deps\glm-src\glm\gtx\optimum_pow.hpp", "C++", 21, 0, 0, 0, 0, 0, 0, 0, 0, 0, 0, 0, 0, 0, 0, 0, 0, 0, 24, 10, 55
"c:\Users\brian\Desktop\Code\My Game\build\_deps\glm-src\glm\gtx\optimum_pow.inl", "C++", 18, 0, 0, 0, 0, 0, 0, 0, 0, 0, 0, 0, 0, 0, 0, 0, 0, 0, 1, 4, 23
"c:\Users\brian\Desktop\Code\My Game\build\_deps\glm-src\glm\gtx\orthonormalize.hpp", "C++", 19, 0, 0, 0, 0, 0, 0, 0, 0, 0, 0, 0, 0, 0, 0, 0, 0, 0, 22, 9, 50
"c:\Users\brian\Desktop\Code\My Game\build\_deps\glm-src\glm\gtx\orthonormalize.inl", "C++", 22, 0, 0, 0, 0, 0, 0, 0, 0, 0, 0, 0, 0, 0, 0, 0, 0, 0, 1, 7, 30
"c:\Users\brian\Desktop\Code\My Game\build\_deps\glm-src\glm\gtx\perpendicular.hpp", "C++", 16, 0, 0, 0, 0, 0, 0, 0, 0, 0, 0, 0, 0, 0, 0, 0, 0, 0, 18, 8, 42
"c:\Users\brian\Desktop\Code\My Game\build\_deps\glm-src\glm\gtx\perpendicular.inl", "C++", 8, 0, 0, 0, 0, 0, 0, 0, 0, 0, 0, 0, 0, 0, 0, 0, 0, 0, 1, 2, 11
"c:\Users\brian\Desktop\Code\My Game\build\_deps\glm-src\glm\gtx\polar_coordinates.hpp", "C++", 19, 0, 0, 0, 0, 0, 0, 0, 0, 0, 0, 0, 0, 0, 0, 0, 0, 0, 21, 9, 49
"c:\Users\brian\Desktop\Code\My Game\build\_deps\glm-src\glm\gtx\polar_coordinates.inl", "C++", 30, 0, 0, 0, 0, 0, 0, 0, 0, 0, 0, 0, 0, 0, 0, 0, 0, 0, 1, 6, 37
"c:\Users\brian\Desktop\Code\My Game\build\_deps\glm-src\glm\gtx\projection.hpp", "C++", 15, 0, 0, 0, 0, 0, 0, 0, 0, 0, 0, 0, 0, 0, 0, 0, 0, 0, 21, 8, 44
"c:\Users\brian\Desktop\Code\My Game\build\_deps\glm-src\glm\gtx\projection.inl", "C++", 8, 0, 0, 0, 0, 0, 0, 0, 0, 0, 0, 0, 0, 0, 0, 0, 0, 0, 1, 2, 11
"c:\Users\brian\Desktop\Code\My Game\build\_deps\glm-src\glm\gtx\quaternion.hpp", "C++", 78, 0, 0, 0, 0, 0, 0, 0, 0, 0, 0, 0, 0, 0, 0, 0, 0, 0, 73, 24, 175
"c:\Users\brian\Desktop\Code\My Game\build\_deps\glm-src\glm\gtx\quaternion.inl", "C++", 128, 0, 0, 0, 0, 0, 0, 0, 0, 0, 0, 0, 0, 0, 0, 0, 0, 0, 9, 23, 160
"c:\Users\brian\Desktop\Code\My Game\build\_deps\glm-src\glm\gtx\range.hpp", "C++", 66, 0, 0, 0, 0, 0, 0, 0, 0, 0, 0, 0, 0, 0, 0, 0, 0, 0, 15, 18, 99
"c:\Users\brian\Desktop\Code\My Game\build\_deps\glm-src\glm\gtx\raw_data.hpp", "C++", 18, 0, 0, 0, 0, 0, 0, 0, 0, 0, 0, 0, 0, 0, 0, 0, 0, 0, 23, 11, 52
"c:\Users\brian\Desktop\Code\My Game\build\_deps\glm-src\glm\gtx\raw_data.inl", "C++", 0, 0, 0, 0, 0, 0, 0, 0, 0, 0, 0, 0, 0, 0, 0, 0, 0, 0, 1, 2, 3
"c:\Users\brian\Desktop\Code\My Game\build\_deps\glm-src\glm\gtx\rotate_normalized_axis.hpp", "C++", 25, 0, 0, 0, 0, 0, 0, 0, 0, 0, 0, 0, 0, 0, 0, 0, 0, 0, 35, 9, 69
"c:\Users\brian\Desktop\Code\My Game\build\_deps\glm-src\glm\gtx\rotate_normalized_axis.inl", "C++", 46, 0, 0, 0, 0, 0, 0, 0, 0, 0, 0, 0, 0, 0, 0, 0, 0, 0, 2, 11, 59
"c:\Users\brian\Desktop\Code\My Game\build\_deps\glm-src\glm\gtx\rotate_vector.hpp", "C++", 63, 0, 0, 0, 0, 0, 0, 0, 0, 0, 0, 0, 0, 0, 0, 0, 0, 0, 43, 18, 124
"c:\Users\brian\Desktop\Code\My Game\build\_deps\glm-src\glm\gtx\rotate_vector.inl", "C++", 149, 0, 0, 0, 0, 0, 0, 0, 0, 0, 0, 0, 0, 0, 0, 0, 0, 0, 18, 21, 188
"c:\Users\brian\Desktop\Code\My Game\build\_deps\glm-src\glm\gtx\scalar_multiplication.hpp", "C++", 53, 0, 0, 0, 0, 0, 0, 0, 0, 0, 0, 0, 0, 0, 0, 0, 0, 0, 13, 10, 76
"c:\Users\brian\Desktop\Code\My Game\build\_deps\glm-src\glm\gtx\scalar_relational.hpp", "C++", 13, 0, 0, 0, 0, 0, 0, 0, 0, 0, 0, 0, 0, 0, 0, 0, 0, 0, 15, 9, 37
"c:\Users\brian\Desktop\Code\My Game\build\_deps\glm-src\glm\gtx\scalar_relational.inl", "C++", 78, 0, 0, 0, 0, 0, 0, 0, 0, 0, 0, 0, 0, 0, 0, 0, 0, 0, 1, 10, 89
"c:\Users\brian\Desktop\Code\My Game\build\_deps\glm-src\glm\gtx\spline.hpp", "C++", 35, 0, 0, 0, 0, 0, 0, 0, 0, 0, 0, 0, 0, 0, 0, 0, 0, 0, 21, 10, 66
"c:\Users\brian\Desktop\Code\My Game\build\_deps\glm-src\glm\gtx\spline.inl", "C++", 51, 0, 0, 0, 0, 0, 0, 0, 0, 0, 0, 0, 0, 0, 0, 0, 0, 0, 1, 9, 61
"c:\Users\brian\Desktop\Code\My Game\build\_deps\glm-src\glm\gtx\std_based_type.hpp", "C++", 22, 0, 0, 0, 0, 0, 0, 0, 0, 0, 0, 0, 0, 0, 0, 0, 0, 0, 32, 15, 69
"c:\Users\brian\Desktop\Code\My Game\build\_deps\glm-src\glm\gtx\std_based_type.inl", "C++", 3, 0, 0, 0, 0, 0, 0, 0, 0, 0, 0, 0, 0, 0, 0, 0, 0, 0, 1, 3, 7
"c:\Users\brian\Desktop\Code\My Game\build\_deps\glm-src\glm\gtx\string_cast.hpp", "C++", 23, 0, 0, 0, 0, 0, 0, 0, 0, 0, 0, 0, 0, 0, 0, 0, 0, 0, 21, 9, 53
"c:\Users\brian\Desktop\Code\My Game\build\_deps\glm-src\glm\gtx\string_cast.inl", "C++", 427, 0, 0, 0, 0, 0, 0, 0, 0, 0, 0, 0, 0, 0, 0, 0, 0, 0, 1, 65, 493
"c:\Users\brian\Desktop\Code\My Game\build\_deps\glm-src\glm\gtx\texture.hpp", "C++", 17, 0, 0, 0, 0, 0, 0, 0, 0, 0, 0, 0, 0, 0, 0, 0, 0, 0, 21, 9, 47
"c:\Users\brian\Desktop\Code\My Game\build\_deps\glm-src\glm\gtx\texture.inl", "C++", 13, 0, 0, 0, 0, 0, 0, 0, 0, 0, 0, 0, 0, 0, 0, 0, 0, 0, 1, 4, 18
"c:\Users\brian\Desktop\Code\My Game\build\_deps\glm-src\glm\gtx\transform.hpp", "C++", 24, 0, 0, 0, 0, 0, 0, 0, 0, 0, 0, 0, 0, 0, 0, 0, 0, 0, 27, 10, 61
"c:\Users\brian\Desktop\Code\My Game\build\_deps\glm-src\glm\gtx\transform.inl", "C++", 18, 0, 0, 0, 0, 0, 0, 0, 0, 0, 0, 0, 0, 0, 0, 0, 0, 0, 1, 5, 24
"c:\Users\brian\Desktop\Code\My Game\build\_deps\glm-src\glm\gtx\transform2.hpp", "C++", 32, 0, 0, 0, 0, 0, 0, 0, 0, 0, 0, 0, 0, 0, 0, 0, 0, 0, 40, 18, 90
"c:\Users\brian\Desktop\Code\My Game\build\_deps\glm-src\glm\gtx\transform2.inl", "C++", 110, 0, 0, 0, 0, 0, 0, 0, 0, 0, 0, 0, 0, 0, 0, 0, 0, 0, 1, 15, 126
"c:\Users\brian\Desktop\Code\My Game\build\_deps\glm-src\glm\gtx\type_aligned.hpp", "C++", 231, 0, 0, 0, 0, 0, 0, 0, 0, 0, 0, 0, 0, 0, 0, 0, 0, 0, 468, 284, 983
"c:\Users\brian\Desktop\Code\My Game\build\_deps\glm-src\glm\gtx\type_aligned.inl", "C++", 3, 0, 0, 0, 0, 0, 0, 0, 0, 0, 0, 0, 0, 0, 0, 0, 0, 0, 1, 3, 7
"c:\Users\brian\Desktop\Code\My Game\build\_deps\glm-src\glm\gtx\type_trait.hpp", "C++", 59, 0, 0, 0, 0, 0, 0, 0, 0, 0, 0, 0, 0, 0, 0, 0, 0, 0, 15, 12, 86
"c:\Users\brian\Desktop\Code\My Game\build\_deps\glm-src\glm\gtx\type_trait.inl", "C++", 51, 0, 0, 0, 0, 0, 0, 0, 0, 0, 0, 0, 0, 0, 0, 0, 0, 0, 5, 6, 62
"c:\Users\brian\Desktop\Code\My Game\build\_deps\glm-src\glm\gtx\vec_swizzle.hpp", "C++", 1947, 0, 0, 0, 0, 0, 0, 0, 0, 0, 0, 0, 0, 0, 0, 0, 0, 0, 347, 489, 2783
"c:\Users\brian\Desktop\Code\My Game\build\_deps\glm-src\glm\gtx\vector_angle.hpp", "C++", 22, 0, 0, 0, 0, 0, 0, 0, 0, 0, 0, 0, 0, 0, 0, 0, 0, 0, 26, 10, 58
"c:\Users\brian\Desktop\Code\My Game\build\_deps\glm-src\glm\gtx\vector_angle.inl", "C++", 36, 0, 0, 0, 0, 0, 0, 0, 0, 0, 0, 0, 0, 0, 0, 0, 0, 0, 2, 7, 45
"c:\Users\brian\Desktop\Code\My Game\build\_deps\glm-src\glm\gtx\vector_query.hpp", "C++", 27, 0, 0, 0, 0, 0, 0, 0, 0, 0, 0, 0, 0, 0, 0, 0, 0, 0, 27, 13, 67
"c:\Users\brian\Desktop\Code\My Game\build\_deps\glm-src\glm\gtx\vector_query.inl", "C++", 128, 0, 0, 0, 0, 0, 0, 0, 0, 0, 0, 0, 0, 0, 0, 0, 0, 0, 1, 26, 155
"c:\Users\brian\Desktop\Code\My Game\build\_deps\glm-src\glm\gtx\wrap.hpp", "C++", 16, 0, 0, 0, 0, 0, 0, 0, 0, 0, 0, 0, 0, 0, 0, 0, 0, 0, 15, 7, 38
"c:\Users\brian\Desktop\Code\My Game\build\_deps\glm-src\glm\gtx\wrap.inl", "C++", 3, 0, 0, 0, 0, 0, 0, 0, 0, 0, 0, 0, 0, 0, 0, 0, 0, 0, 1, 3, 7
"c:\Users\brian\Desktop\Code\My Game\build\_deps\glm-src\glm\integer.hpp", "C++", 55, 0, 0, 0, 0, 0, 0, 0, 0, 0, 0, 0, 0, 0, 0, 0, 0, 0, 139, 19, 213
"c:\Users\brian\Desktop\Code\My Game\build\_deps\glm-src\glm\mat2x2.hpp", "C++", 5, 0, 0, 0, 0, 0, 0, 0, 0, 0, 0, 0, 0, 0, 0, 0, 0, 0, 2, 3, 10
"c:\Users\brian\Desktop\Code\My Game\build\_deps\glm-src\glm\mat2x3.hpp", "C++", 5, 0, 0, 0, 0, 0, 0, 0, 0, 0, 0, 0, 0, 0, 0, 0, 0, 0, 2, 3, 10
"c:\Users\brian\Desktop\Code\My Game\build\_deps\glm-src\glm\mat2x4.hpp", "C++", 5, 0, 0, 0, 0, 0, 0, 0, 0, 0, 0, 0, 0, 0, 0, 0, 0, 0, 2, 3, 10
"c:\Users\brian\Desktop\Code\My Game\build\_deps\glm-src\glm\mat3x2.hpp", "C++", 5, 0, 0, 0, 0, 0, 0, 0, 0, 0, 0, 0, 0, 0, 0, 0, 0, 0, 2, 3, 10
"c:\Users\brian\Desktop\Code\My Game\build\_deps\glm-src\glm\mat3x3.hpp", "C++", 5, 0, 0, 0, 0, 0, 0, 0, 0, 0, 0, 0, 0, 0, 0, 0, 0, 0, 2, 2, 9
"c:\Users\brian\Desktop\Code\My Game\build\_deps\glm-src\glm\mat3x4.hpp", "C++", 5, 0, 0, 0, 0, 0, 0, 0, 0, 0, 0, 0, 0, 0, 0, 0, 0, 0, 2, 2, 9
"c:\Users\brian\Desktop\Code\My Game\build\_deps\glm-src\glm\mat4x2.hpp", "C++", 5, 0, 0, 0, 0, 0, 0, 0, 0, 0, 0, 0, 0, 0, 0, 0, 0, 0, 2, 3, 10
"c:\Users\brian\Desktop\Code\My Game\build\_deps\glm-src\glm\mat4x3.hpp", "C++", 5, 0, 0, 0, 0, 0, 0, 0, 0, 0, 0, 0, 0, 0, 0, 0, 0, 0, 2, 2, 9
"c:\Users\brian\Desktop\Code\My Game\build\_deps\glm-src\glm\mat4x4.hpp", "C++", 5, 0, 0, 0, 0, 0, 0, 0, 0, 0, 0, 0, 0, 0, 0, 0, 0, 0, 2, 3, 10
"c:\Users\brian\Desktop\Code\My Game\build\_deps\glm-src\glm\matrix.hpp", "C++", 78, 0, 0, 0, 0, 0, 0, 0, 0, 0, 0, 0, 0, 0, 0, 0, 0, 0, 63, 21, 162
"c:\Users\brian\Desktop\Code\My Game\build\_deps\glm-src\glm\packing.hpp", "C++", 20, 0, 0, 0, 0, 0, 0, 0, 0, 0, 0, 0, 0, 0, 0, 0, 0, 0, 136, 18, 174
"c:\Users\brian\Desktop\Code\My Game\build\_deps\glm-src\glm\simd\common.h", "C++", 197, 0, 0, 0, 0, 0, 0, 0, 0, 0, 0, 0, 0, 0, 0, 0, 0, 0, 11, 33, 241
"c:\Users\brian\Desktop\Code\My Game\build\_deps\glm-src\glm\simd\exponential.h", "C++", 12, 0, 0, 0, 0, 0, 0, 0, 0, 0, 0, 0, 0, 0, 0, 0, 0, 0, 2, 7, 21
"c:\Users\brian\Desktop\Code\My Game\build\_deps\glm-src\glm\simd\geometric.h", "C++", 105, 0, 0, 0, 0, 0, 0, 0, 0, 0, 0, 0, 0, 0, 0, 0, 0, 0, 2, 18, 125
"c:\Users\brian\Desktop\Code\My Game\build\_deps\glm-src\glm\simd\integer.h", "C++", 63, 0, 0, 0, 0, 0, 0, 0, 0, 0, 0, 0, 0, 0, 0, 0, 0, 0, 29, 24, 116
"c:\Users\brian\Desktop\Code\My Game\build\_deps\glm-src\glm\simd\matrix.h", "C++", 546, 0, 0, 0, 0, 0, 0, 0, 0, 0, 0, 0, 0, 0, 0, 0, 0, 0, 310, 173, 1029
"c:\Users\brian\Desktop\Code\My Game\build\_deps\glm-src\glm\simd\neon.h", "C++", 144, 0, 0, 0, 0, 0, 0, 0, 0, 0, 0, 0, 0, 0, 0, 0, 0, 0, 2, 10, 156
"c:\Users\brian\Desktop\Code\My Game\build\_deps\glm-src\glm\simd\packing.h", "C++", 3, 0, 0, 0, 0, 0, 0, 0, 0, 0, 0, 0, 0, 0, 0, 0, 0, 0, 2, 4, 9
"c:\Users\brian\Desktop\Code\My Game\build\_deps\glm-src\glm\simd\platform.h", "C++", 343, 0, 0, 0, 0, 0, 0, 0, 0, 0, 0, 0, 0, 0, 0, 0, 0, 0, 21, 35, 399
"c:\Users\brian\Desktop\Code\My Game\build\_deps\glm-src\glm\simd\trigonometric.h", "C++", 3, 0, 0, 0, 0, 0, 0, 0, 0, 0, 0, 0, 0, 0, 0, 0, 0, 0, 2, 5, 10
"c:\Users\brian\Desktop\Code\My Game\build\_deps\glm-src\glm\simd\vector_relational.h", "C++", 3, 0, 0, 0, 0, 0, 0, 0, 0, 0, 0, 0, 0, 0, 0, 0, 0, 0, 2, 4, 9
"c:\Users\brian\Desktop\Code\My Game\build\_deps\glm-src\glm\trigonometric.hpp", "C++", 37, 0, 0, 0, 0, 0, 0, 0, 0, 0, 0, 0, 0, 0, 0, 0, 0, 0, 153, 21, 211
"c:\Users\brian\Desktop\Code\My Game\build\_deps\glm-src\glm\vec2.hpp", "C++", 11, 0, 0, 0, 0, 0, 0, 0, 0, 0, 0, 0, 0, 0, 0, 0, 0, 0, 2, 2, 15
"c:\Users\brian\Desktop\Code\My Game\build\_deps\glm-src\glm\vec3.hpp", "C++", 11, 0, 0, 0, 0, 0, 0, 0, 0, 0, 0, 0, 0, 0, 0, 0, 0, 0, 2, 2, 15
"c:\Users\brian\Desktop\Code\My Game\build\_deps\glm-src\glm\vec4.hpp", "C++", 11, 0, 0, 0, 0, 0, 0, 0, 0, 0, 0, 0, 0, 0, 0, 0, 0, 0, 2, 3, 16
"c:\Users\brian\Desktop\Code\My Game\build\_deps\glm-src\glm\vector_relational.hpp", "C++", 25, 0, 0, 0, 0, 0, 0, 0, 0, 0, 0, 0, 0, 0, 0, 0, 0, 0, 82, 15, 122
"c:\Users\brian\Desktop\Code\My Game\build\_deps\glm-src\manual.md", "Markdown", 0, 0, 0, 0, 0, 1590, 0, 0, 0, 0, 0, 0, 0, 0, 0, 0, 0, 0, 0, 822, 2412
"c:\Users\brian\Desktop\Code\My Game\build\_deps\glm-src\readme.md", "Markdown", 0, 0, 0, 0, 0, 1046, 0, 0, 0, 0, 0, 0, 0, 0, 0, 0, 0, 0, 0, 164, 1210
"c:\Users\brian\Desktop\Code\My Game\build\_deps\glm-src\test\CMakeLists.txt", "CMake", 0, 0, 202, 0, 0, 0, 0, 0, 0, 0, 0, 0, 0, 0, 0, 0, 0, 0, 1, 44, 247
"c:\Users\brian\Desktop\Code\My Game\build\_deps\glm-src\test\bug\CMakeLists.txt", "CMake", 0, 0, 1, 0, 0, 0, 0, 0, 0, 0, 0, 0, 0, 0, 0, 0, 0, 0, 0, 1, 2
"c:\Users\brian\Desktop\Code\My Game\build\_deps\glm-src\test\bug\bug_ms_vec_static.cpp", "C++", 23, 0, 0, 0, 0, 0, 0, 0, 0, 0, 0, 0, 0, 0, 0, 0, 0, 0, 2, 7, 32
"c:\Users\brian\Desktop\Code\My Game\build\_deps\glm-src\test\cmake\CMakeLists.txt", "CMake", 0, 0, 5, 0, 0, 0, 0, 0, 0, 0, 0, 0, 0, 0, 0, 0, 0, 0, 0, 4, 9
"c:\Users\brian\Desktop\Code\My Game\build\_deps\glm-src\test\cmake\test_find_glm.cpp", "C++", 19, 0, 0, 0, 0, 0, 0, 0, 0, 0, 0, 0, 0, 0, 0, 0, 0, 0, 0, 4, 23
"c:\Users\brian\Desktop\Code\My Game\build\_deps\glm-src\test\core\CMakeLists.txt", "CMake", 0, 0, 52, 0, 0, 0, 0, 0, 0, 0, 0, 0, 0, 0, 0, 0, 0, 0, 0, 1, 53
"c:\Users\brian\Desktop\Code\My Game\build\_deps\glm-src\test\core\core_cpp_constexpr.cpp", "C++", 586, 0, 0, 0, 0, 0, 0, 0, 0, 0, 0, 0, 0, 0, 0, 0, 0, 0, 0, 165, 751
"c:\Users\brian\Desktop\Code\My Game\build\_deps\glm-src\test\core\core_cpp_defaulted_ctor.cpp", "C++", 118, 0, 0, 0, 0, 0, 0, 0, 0, 0, 0, 0, 0, 0, 0, 0, 0, 0, 0, 28, 146
"c:\Users\brian\Desktop\Code\My Game\build\_deps\glm-src\test\core\core_force_aligned_gentypes.cpp", "C++", 7, 0, 0, 0, 0, 0, 0, 0, 0, 0, 0, 0, 0, 0, 0, 0, 0, 0, 0, 4, 11
"c:\Users\brian\Desktop\Code\My Game\build\_deps\glm-src\test\core\core_force_arch_unknown.cpp", "C++", 10, 0, 0, 0, 0, 0, 0, 0, 0, 0, 0, 0, 0, 0, 0, 0, 0, 0, 0, 5, 15
"c:\Users\brian\Desktop\Code\My Game\build\_deps\glm-src\test\core\core_force_compiler_unknown.cpp", "C++", 10, 0, 0, 0, 0, 0, 0, 0, 0, 0, 0, 0, 0, 0, 0, 0, 0, 0, 0, 5, 15
"c:\Users\brian\Desktop\Code\My Game\build\_deps\glm-src\test\core\core_force_ctor_init.cpp", "C++", 100, 0, 0, 0, 0, 0, 0, 0, 0, 0, 0, 0, 0, 0, 0, 0, 0, 0, 0, 40, 140
"c:\Users\brian\Desktop\Code\My Game\build\_deps\glm-src\test\core\core_force_cxx03.cpp", "C++", 10, 0, 0, 0, 0, 0, 0, 0, 0, 0, 0, 0, 0, 0, 0, 0, 0, 0, 0, 5, 15
"c:\Users\brian\Desktop\Code\My Game\build\_deps\glm-src\test\core\core_force_cxx98.cpp", "C++", 10, 0, 0, 0, 0, 0, 0, 0, 0, 0, 0, 0, 0, 0, 0, 0, 0, 0, 0, 5, 15
"c:\Users\brian\Desktop\Code\My Game\build\_deps\glm-src\test\core\core_force_cxx_unknown.cpp", "C++", 10, 0, 0, 0, 0, 0, 0, 0, 0, 0, 0, 0, 0, 0, 0, 0, 0, 0, 0, 5, 15
"c:\Users\brian\Desktop\Code\My Game\build\_deps\glm-src\test\core\core_force_depth_zero_to_one.cpp", "C++", 8, 0, 0, 0, 0, 0, 0, 0, 0, 0, 0, 0, 0, 0, 0, 0, 0, 0, 0, 5, 13
"c:\Users\brian\Desktop\Code\My Game\build\_deps\glm-src\test\core\core_force_explicit_ctor.cpp", "C++", 10, 0, 0, 0, 0, 0, 0, 0, 0, 0, 0, 0, 0, 0, 0, 0, 0, 0, 1, 7, 18
"c:\Users\brian\Desktop\Code\My Game\build\_deps\glm-src\test\core\core_force_inline.cpp", "C++", 8, 0, 0, 0, 0, 0, 0, 0, 0, 0, 0, 0, 0, 0, 0, 0, 0, 0, 0, 5, 13
"c:\Users\brian\Desktop\Code\My Game\build\_deps\glm-src\test\core\core_force_left_handed.cpp", "C++", 8, 0, 0, 0, 0, 0, 0, 0, 0, 0, 0, 0, 0, 0, 0, 0, 0, 0, 0, 5, 13
"c:\Users\brian\Desktop\Code\My Game\build\_deps\glm-src\test\core\core_force_platform_unknown.cpp", "C++", 10, 0, 0, 0, 0, 0, 0, 0, 0, 0, 0, 0, 0, 0, 0, 0, 0, 0, 0, 5, 15
"c:\Users\brian\Desktop\Code\My Game\build\_deps\glm-src\test\core\core_force_pure.cpp", "C++", 351, 0, 0, 0, 0, 0, 0, 0, 0, 0, 0, 0, 0, 0, 0, 0, 0, 0, 2, 82, 435
"c:\Users\brian\Desktop\Code\My Game\build\_deps\glm-src\test\core\core_force_quat_wxyz.cpp", "C++", 9, 0, 0, 0, 0, 0, 0, 0, 0, 0, 0, 0, 0, 0, 0, 0, 0, 0, 0, 5, 14
"c:\Users\brian\Desktop\Code\My Game\build\_deps\glm-src\test\core\core_force_size_t_length.cpp", "C++", 8, 0, 0, 0, 0, 0, 0, 0, 0, 0, 0, 0, 0, 0, 0, 0, 0, 0, 0, 5, 13
"c:\Users\brian\Desktop\Code\My Game\build\_deps\glm-src\test\core\core_force_unrestricted_gentype.cpp", "C++", 8, 0, 0, 0, 0, 0, 0, 0, 0, 0, 0, 0, 0, 0, 0, 0, 0, 0, 0, 5, 13
"c:\Users\brian\Desktop\Code\My Game\build\_deps\glm-src\test\core\core_force_xyzw_only.cpp", "C++", 46, 0, 0, 0, 0, 0, 0, 0, 0, 0, 0, 0, 0, 0, 0, 0, 0, 0, 0, 13, 59
"c:\Users\brian\Desktop\Code\My Game\build\_deps\glm-src\test\core\core_func_common.cpp", "C++", 1076, 0, 0, 0, 0, 0, 0, 0, 0, 0, 0, 0, 0, 0, 0, 0, 0, 0, 12, 262, 1350
"c:\Users\brian\Desktop\Code\My Game\build\_deps\glm-src\test\core\core_func_exponential.cpp", "C++", 130, 0, 0, 0, 0, 0, 0, 0, 0, 0, 0, 0, 0, 0, 0, 0, 0, 0, 1, 55, 186
"c:\Users\brian\Desktop\Code\My Game\build\_deps\glm-src\test\core\core_func_geometric.cpp", "C++", 162, 0, 0, 0, 0, 0, 0, 0, 0, 0, 0, 0, 0, 0, 0, 0, 0, 0, 0, 39, 201
"c:\Users\brian\Desktop\Code\My Game\build\_deps\glm-src\test\core\core_func_integer.cpp", "C++", 1231, 0, 0, 0, 0, 0, 0, 0, 0, 0, 0, 0, 0, 0, 0, 0, 0, 0, 42, 284, 1557
"c:\Users\brian\Desktop\Code\My Game\build\_deps\glm-src\test\core\core_func_integer_bit_count.cpp", "C++", 222, 0, 0, 0, 0, 0, 0, 0, 0, 0, 0, 0, 0, 0, 0, 0, 0, 0, 15, 55, 292
"c:\Users\brian\Desktop\Code\My Game\build\_deps\glm-src\test\core\core_func_integer_find_lsb.cpp", "C++", 312, 0, 0, 0, 0, 0, 0, 0, 0, 0, 0, 0, 0, 0, 0, 0, 0, 0, 30, 75, 417
"c:\Users\brian\Desktop\Code\My Game\build\_deps\glm-src\test\core\core_func_integer_find_msb.cpp", "C++", 306, 0, 0, 0, 0, 0, 0, 0, 0, 0, 0, 0, 0, 0, 0, 0, 0, 0, 60, 75, 441
"c:\Users\brian\Desktop\Code\My Game\build\_deps\glm-src\test\core\core_func_matrix.cpp", "C++", 269, 0, 0, 0, 0, 0, 0, 0, 0, 0, 0, 0, 0, 0, 0, 0, 0, 0, 3, 58, 330
"c:\Users\brian\Desktop\Code\My Game\build\_deps\glm-src\test\core\core_func_noise.cpp", "C++", 5, 0, 0, 0, 0, 0, 0, 0, 0, 0, 0, 0, 0, 0, 0, 0, 0, 0, 0, 3, 8
"c:\Users\brian\Desktop\Code\My Game\build\_deps\glm-src\test\core\core_func_packing.cpp", "C++", 120, 0, 0, 0, 0, 0, 0, 0, 0, 0, 0, 0, 0, 0, 0, 0, 0, 0, 7, 30, 157
"c:\Users\brian\Desktop\Code\My Game\build\_deps\glm-src\test\core\core_func_swizzle.cpp", "C++", 121, 0, 0, 0, 0, 0, 0, 0, 0, 0, 0, 0, 0, 0, 0, 0, 0, 0, 0, 44, 165
"c:\Users\brian\Desktop\Code\My Game\build\_deps\glm-src\test\core\core_func_trigonometric.cpp", "C++", 6, 0, 0, 0, 0, 0, 0, 0, 0, 0, 0, 0, 0, 0, 0, 0, 0, 0, 0, 5, 11
"c:\Users\brian\Desktop\Code\My Game\build\_deps\glm-src\test\core\core_func_vector_relational.cpp", "C++", 143, 0, 0, 0, 0, 0, 0, 0, 0, 0, 0, 0, 0, 0, 0, 0, 0, 0, 0, 38, 181
"c:\Users\brian\Desktop\Code\My Game\build\_deps\glm-src\test\core\core_setup_force_cxx98.cpp", "C++", 10, 0, 0, 0, 0, 0, 0, 0, 0, 0, 0, 0, 0, 0, 0, 0, 0, 0, 0, 3, 13
"c:\Users\brian\Desktop\Code\My Game\build\_deps\glm-src\test\core\core_setup_force_size_t_length.cpp", "C++", 18, 0, 0, 0, 0, 0, 0, 0, 0, 0, 0, 0, 0, 0, 0, 0, 0, 0, 0, 5, 23
"c:\Users\brian\Desktop\Code\My Game\build\_deps\glm-src\test\core\core_setup_message.cpp", "C++", 209, 0, 0, 0, 0, 0, 0, 0, 0, 0, 0, 0, 0, 0, 0, 0, 0, 0, 0, 22, 231
"c:\Users\brian\Desktop\Code\My Game\build\_deps\glm-src\test\core\core_setup_platform_unknown.cpp", "C++", 19, 0, 0, 0, 0, 0, 0, 0, 0, 0, 0, 0, 0, 0, 0, 0, 0, 0, 0, 3, 22
"c:\Users\brian\Desktop\Code\My Game\build\_deps\glm-src\test\core\core_setup_precision.cpp", "C++", 45, 0, 0, 0, 0, 0, 0, 0, 0, 0, 0, 0, 0, 0, 0, 0, 0, 0, 0, 14, 59
"c:\Users\brian\Desktop\Code\My Game\build\_deps\glm-src\test\core\core_type_aligned.cpp", "C++", 72, 0, 0, 0, 0, 0, 0, 0, 0, 0, 0, 0, 0, 0, 0, 0, 0, 0, 0, 21, 93
"c:\Users\brian\Desktop\Code\My Game\build\_deps\glm-src\test\core\core_type_cast.cpp", "C++", 110, 0, 0, 0, 0, 0, 0, 0, 0, 0, 0, 0, 0, 0, 0, 0, 0, 0, 0, 37, 147
"c:\Users\brian\Desktop\Code\My Game\build\_deps\glm-src\test\core\core_type_ctor.cpp", "C++", 278, 0, 0, 0, 0, 0, 0, 0, 0, 0, 0, 0, 0, 0, 0, 0, 0, 0, 0, 74, 352
"c:\Users\brian\Desktop\Code\My Game\build\_deps\glm-src\test\core\core_type_int.cpp", "C++", 19, 0, 0, 0, 0, 0, 0, 0, 0, 0, 0, 0, 0, 0, 0, 0, 0, 0, 0, 8, 27
"c:\Users\brian\Desktop\Code\My Game\build\_deps\glm-src\test\core\core_type_length.cpp", "C++", 60, 0, 0, 0, 0, 0, 0, 0, 0, 0, 0, 0, 0, 0, 0, 0, 0, 0, 0, 20, 80
"c:\Users\brian\Desktop\Code\My Game\build\_deps\glm-src\test\core\core_type_mat2x2.cpp", "C++", 143, 0, 0, 0, 0, 0, 0, 0, 0, 0, 0, 0, 0, 0, 0, 0, 0, 0, 0, 35, 178
"c:\Users\brian\Desktop\Code\My Game\build\_deps\glm-src\test\core\core_type_mat2x3.cpp", "C++", 116, 0, 0, 0, 0, 0, 0, 0, 0, 0, 0, 0, 0, 0, 0, 0, 0, 0, 0, 27, 143
"c:\Users\brian\Desktop\Code\My Game\build\_deps\glm-src\test\core\core_type_mat2x4.cpp", "C++", 118, 0, 0, 0, 0, 0, 0, 0, 0, 0, 0, 0, 0, 0, 0, 0, 0, 0, 0, 30, 148
"c:\Users\brian\Desktop\Code\My Game\build\_deps\glm-src\test\core\core_type_mat3x2.cpp", "C++", 120, 0, 0, 0, 0, 0, 0, 0, 0, 0, 0, 0, 0, 0, 0, 0, 0, 0, 0, 29, 149
"c:\Users\brian\Desktop\Code\My Game\build\_deps\glm-src\test\core\core_type_mat3x3.cpp", "C++", 161, 0, 0, 0, 0, 0, 0, 0, 0, 0, 0, 0, 0, 0, 0, 0, 0, 0, 0, 37, 198
"c:\Users\brian\Desktop\Code\My Game\build\_deps\glm-src\test\core\core_type_mat3x4.cpp", "C++", 122, 0, 0, 0, 0, 0, 0, 0, 0, 0, 0, 0, 0, 0, 0, 0, 0, 0, 0, 28, 150
"c:\Users\brian\Desktop\Code\My Game\build\_deps\glm-src\test\core\core_type_mat4x2.cpp", "C++", 124, 0, 0, 0, 0, 0, 0, 0, 0, 0, 0, 0, 0, 0, 0, 0, 0, 0, 0, 28, 152
"c:\Users\brian\Desktop\Code\My Game\build\_deps\glm-src\test\core\core_type_mat4x3.cpp", "C++", 124, 0, 0, 0, 0, 0, 0, 0, 0, 0, 0, 0, 0, 0, 0, 0, 0, 0, 0, 29, 153
"c:\Users\brian\Desktop\Code\My Game\build\_deps\glm-src\test\core\core_type_mat4x4.cpp", "C++", 164, 0, 0, 0, 0, 0, 0, 0, 0, 0, 0, 0, 0, 0, 0, 0, 0, 0, 4, 51, 219
"c:\Users\brian\Desktop\Code\My Game\build\_deps\glm-src\test\core\core_type_vec1.cpp", "C++", 113, 0, 0, 0, 0, 0, 0, 0, 0, 0, 0, 0, 0, 0, 0, 0, 0, 0, 24, 33, 170
"c:\Users\brian\Desktop\Code\My Game\build\_deps\glm-src\test\core\core_type_vec2.cpp", "C++", 312, 0, 0, 0, 0, 0, 0, 0, 0, 0, 0, 0, 0, 0, 0, 0, 0, 0, 3, 78, 393
"c:\Users\brian\Desktop\Code\My Game\build\_deps\glm-src\test\core\core_type_vec3.cpp", "C++", 478, 0, 0, 0, 0, 0, 0, 0, 0, 0, 0, 0, 0, 0, 0, 0, 0, 0, 27, 124, 629
"c:\Users\brian\Desktop\Code\My Game\build\_deps\glm-src\test\core\core_type_vec4.cpp", "C++", 612, 0, 0, 0, 0, 0, 0, 0, 0, 0, 0, 0, 0, 0, 0, 0, 0, 0, 66, 173, 851
"c:\Users\brian\Desktop\Code\My Game\build\_deps\glm-src\test\ext\CMakeLists.txt", "CMake", 0, 0, 51, 0, 0, 0, 0, 0, 0, 0, 0, 0, 0, 0, 0, 0, 0, 0, 0, 2, 53
"c:\Users\brian\Desktop\Code\My Game\build\_deps\glm-src\test\ext\ext_matrix_clip_space.cpp", "C++", 11, 0, 0, 0, 0, 0, 0, 0, 0, 0, 0, 0, 0, 0, 0, 0, 0, 0, 0, 3, 14
"c:\Users\brian\Desktop\Code\My Game\build\_deps\glm-src\test\ext\ext_matrix_common.cpp", "C++", 44, 0, 0, 0, 0, 0, 0, 0, 0, 0, 0, 0, 0, 0, 0, 0, 0, 0, 0, 10, 54
"c:\Users\brian\Desktop\Code\My Game\build\_deps\glm-src\test\ext\ext_matrix_int2x2_sized.cpp", "C++", 21, 0, 0, 0, 0, 0, 0, 0, 0, 0, 0, 0, 0, 0, 0, 0, 0, 0, 0, 8, 29
"c:\Users\brian\Desktop\Code\My Game\build\_deps\glm-src\test\ext\ext_matrix_int2x3_sized.cpp", "C++", 21, 0, 0, 0, 0, 0, 0, 0, 0, 0, 0, 0, 0, 0, 0, 0, 0, 0, 0, 8, 29
"c:\Users\brian\Desktop\Code\My Game\build\_deps\glm-src\test\ext\ext_matrix_int2x4_sized.cpp", "C++", 21, 0, 0, 0, 0, 0, 0, 0, 0, 0, 0, 0, 0, 0, 0, 0, 0, 0, 0, 8, 29
"c:\Users\brian\Desktop\Code\My Game\build\_deps\glm-src\test\ext\ext_matrix_int3x2_sized.cpp", "C++", 21, 0, 0, 0, 0, 0, 0, 0, 0, 0, 0, 0, 0, 0, 0, 0, 0, 0, 0, 8, 29
"c:\Users\brian\Desktop\Code\My Game\build\_deps\glm-src\test\ext\ext_matrix_int3x3_sized.cpp", "C++", 21, 0, 0, 0, 0, 0, 0, 0, 0, 0, 0, 0, 0, 0, 0, 0, 0, 0, 0, 8, 29
"c:\Users\brian\Desktop\Code\My Game\build\_deps\glm-src\test\ext\ext_matrix_int3x4_sized.cpp", "C++", 21, 0, 0, 0, 0, 0, 0, 0, 0, 0, 0, 0, 0, 0, 0, 0, 0, 0, 0, 8, 29
"c:\Users\brian\Desktop\Code\My Game\build\_deps\glm-src\test\ext\ext_matrix_int4x2_sized.cpp", "C++", 21, 0, 0, 0, 0, 0, 0, 0, 0, 0, 0, 0, 0, 0, 0, 0, 0, 0, 0, 8, 29
"c:\Users\brian\Desktop\Code\My Game\build\_deps\glm-src\test\ext\ext_matrix_int4x3_sized.cpp", "C++", 21, 0, 0, 0, 0, 0, 0, 0, 0, 0, 0, 0, 0, 0, 0, 0, 0, 0, 0, 8, 29
"c:\Users\brian\Desktop\Code\My Game\build\_deps\glm-src\test\ext\ext_matrix_int4x4_sized.cpp", "C++", 21, 0, 0, 0, 0, 0, 0, 0, 0, 0, 0, 0, 0, 0, 0, 0, 0, 0, 0, 8, 29
"c:\Users\brian\Desktop\Code\My Game\build\_deps\glm-src\test\ext\ext_matrix_projection.cpp", "C++", 11, 0, 0, 0, 0, 0, 0, 0, 0, 0, 0, 0, 0, 0, 0, 0, 0, 0, 0, 3, 14
"c:\Users\brian\Desktop\Code\My Game\build\_deps\glm-src\test\ext\ext_matrix_relational.cpp", "C++", 129, 0, 0, 0, 0, 0, 0, 0, 0, 0, 0, 0, 0, 0, 0, 0, 0, 0, 0, 35, 164
"c:\Users\brian\Desktop\Code\My Game\build\_deps\glm-src\test\ext\ext_matrix_transform.cpp", "C++", 46, 0, 0, 0, 0, 0, 0, 0, 0, 0, 0, 0, 0, 0, 0, 0, 0, 0, 0, 16, 62
"c:\Users\brian\Desktop\Code\My Game\build\_deps\glm-src\test\ext\ext_matrix_uint2x2_sized.cpp", "C++", 21, 0, 0, 0, 0, 0, 0, 0, 0, 0, 0, 0, 0, 0, 0, 0, 0, 0, 0, 8, 29
"c:\Users\brian\Desktop\Code\My Game\build\_deps\glm-src\test\ext\ext_matrix_uint2x3_sized.cpp", "C++", 21, 0, 0, 0, 0, 0, 0, 0, 0, 0, 0, 0, 0, 0, 0, 0, 0, 0, 0, 8, 29
"c:\Users\brian\Desktop\Code\My Game\build\_deps\glm-src\test\ext\ext_matrix_uint2x4_sized.cpp", "C++", 21, 0, 0, 0, 0, 0, 0, 0, 0, 0, 0, 0, 0, 0, 0, 0, 0, 0, 0, 8, 29
"c:\Users\brian\Desktop\Code\My Game\build\_deps\glm-src\test\ext\ext_matrix_uint3x2_sized.cpp", "C++", 21, 0, 0, 0, 0, 0, 0, 0, 0, 0, 0, 0, 0, 0, 0, 0, 0, 0, 0, 8, 29
"c:\Users\brian\Desktop\Code\My Game\build\_deps\glm-src\test\ext\ext_matrix_uint3x3_sized.cpp", "C++", 21, 0, 0, 0, 0, 0, 0, 0, 0, 0, 0, 0, 0, 0, 0, 0, 0, 0, 0, 8, 29
"c:\Users\brian\Desktop\Code\My Game\build\_deps\glm-src\test\ext\ext_matrix_uint3x4_sized.cpp", "C++", 21, 0, 0, 0, 0, 0, 0, 0, 0, 0, 0, 0, 0, 0, 0, 0, 0, 0, 0, 8, 29
"c:\Users\brian\Desktop\Code\My Game\build\_deps\glm-src\test\ext\ext_matrix_uint4x2_sized.cpp", "C++", 21, 0, 0, 0, 0, 0, 0, 0, 0, 0, 0, 0, 0, 0, 0, 0, 0, 0, 0, 8, 29
"c:\Users\brian\Desktop\Code\My Game\build\_deps\glm-src\test\ext\ext_matrix_uint4x3_sized.cpp", "C++", 21, 0, 0, 0, 0, 0, 0, 0, 0, 0, 0, 0, 0, 0, 0, 0, 0, 0, 0, 8, 29
"c:\Users\brian\Desktop\Code\My Game\build\_deps\glm-src\test\ext\ext_matrix_uint4x4_sized.cpp", "C++", 21, 0, 0, 0, 0, 0, 0, 0, 0, 0, 0, 0, 0, 0, 0, 0, 0, 0, 0, 8, 29
"c:\Users\brian\Desktop\Code\My Game\build\_deps\glm-src\test\ext\ext_quaternion_common.cpp", "C++", 47, 0, 0, 0, 0, 0, 0, 0, 0, 0, 0, 0, 0, 0, 0, 0, 0, 0, 0, 15, 62
"c:\Users\brian\Desktop\Code\My Game\build\_deps\glm-src\test\ext\ext_quaternion_exponential.cpp", "C++", 67, 0, 0, 0, 0, 0, 0, 0, 0, 0, 0, 0, 0, 0, 0, 0, 0, 0, 0, 21, 88
"c:\Users\brian\Desktop\Code\My Game\build\_deps\glm-src\test\ext\ext_quaternion_geometric.cpp", "C++", 70, 0, 0, 0, 0, 0, 0, 0, 0, 0, 0, 0, 0, 0, 0, 0, 0, 0, 0, 19, 89
"c:\Users\brian\Desktop\Code\My Game\build\_deps\glm-src\test\ext\ext_quaternion_relational.cpp", "C++", 41, 0, 0, 0, 0, 0, 0, 0, 0, 0, 0, 0, 0, 0, 0, 0, 0, 0, 0, 11, 52
"c:\Users\brian\Desktop\Code\My Game\build\_deps\glm-src\test\ext\ext_quaternion_transform.cpp", "C++", 32, 0, 0, 0, 0, 0, 0, 0, 0, 0, 0, 0, 0, 0, 0, 0, 0, 0, 2, 12, 46
"c:\Users\brian\Desktop\Code\My Game\build\_deps\glm-src\test\ext\ext_quaternion_trigonometric.cpp", "C++", 26, 0, 0, 0, 0, 0, 0, 0, 0, 0, 0, 0, 0, 0, 0, 0, 0, 0, 0, 9, 35
"c:\Users\brian\Desktop\Code\My Game\build\_deps\glm-src\test\ext\ext_quaternion_type.cpp", "C++", 85, 0, 0, 0, 0, 0, 0, 0, 0, 0, 0, 0, 0, 0, 0, 0, 0, 0, 4, 25, 114
"c:\Users\brian\Desktop\Code\My Game\build\_deps\glm-src\test\ext\ext_scalar_common.cpp", "C++", 252, 0, 0, 0, 0, 0, 0, 0, 0, 0, 0, 0, 0, 0, 0, 0, 0, 0, 0, 76, 328
"c:\Users\brian\Desktop\Code\My Game\build\_deps\glm-src\test\ext\ext_scalar_constants.cpp", "C++", 27, 0, 0, 0, 0, 0, 0, 0, 0, 0, 0, 0, 0, 0, 0, 0, 0, 0, 0, 10, 37
"c:\Users\brian\Desktop\Code\My Game\build\_deps\glm-src\test\ext\ext_scalar_int_sized.cpp", "C++", 33, 0, 0, 0, 0, 0, 0, 0, 0, 0, 0, 0, 0, 0, 0, 0, 0, 0, 0, 11, 44
"c:\Users\brian\Desktop\Code\My Game\build\_deps\glm-src\test\ext\ext_scalar_integer.cpp", "C++", 542, 0, 0, 0, 0, 0, 0, 0, 0, 0, 0, 0, 0, 0, 0, 0, 0, 0, 0, 145, 687
"c:\Users\brian\Desktop\Code\My Game\build\_deps\glm-src\test\ext\ext_scalar_packing.cpp", "C++", 19, 0, 0, 0, 0, 0, 0, 0, 0, 0, 0, 0, 0, 0, 0, 0, 0, 0, 0, 10, 29
"c:\Users\brian\Desktop\Code\My Game\build\_deps\glm-src\test\ext\ext_scalar_relational.cpp", "C++", 75, 0, 0, 0, 0, 0, 0, 0, 0, 0, 0, 0, 0, 0, 0, 0, 0, 0, 0, 32, 107
"c:\Users\brian\Desktop\Code\My Game\build\_deps\glm-src\test\ext\ext_scalar_uint_sized.cpp", "C++", 33, 0, 0, 0, 0, 0, 0, 0, 0, 0, 0, 0, 0, 0, 0, 0, 0, 0, 0, 11, 44
"c:\Users\brian\Desktop\Code\My Game\build\_deps\glm-src\test\ext\ext_scalar_ulp.cpp", "C++", 73, 0, 0, 0, 0, 0, 0, 0, 0, 0, 0, 0, 0, 0, 0, 0, 0, 0, 0, 24, 97
"c:\Users\brian\Desktop\Code\My Game\build\_deps\glm-src\test\ext\ext_vec1.cpp", "C++", 119, 0, 0, 0, 0, 0, 0, 0, 0, 0, 0, 0, 0, 0, 0, 0, 0, 0, 2, 37, 158
"c:\Users\brian\Desktop\Code\My Game\build\_deps\glm-src\test\ext\ext_vector_bool1.cpp", "C++", 80, 0, 0, 0, 0, 0, 0, 0, 0, 0, 0, 0, 0, 0, 0, 0, 0, 0, 0, 25, 105
"c:\Users\brian\Desktop\Code\My Game\build\_deps\glm-src\test\ext\ext_vector_common.cpp", "C++", 257, 0, 0, 0, 0, 0, 0, 0, 0, 0, 0, 0, 0, 0, 0, 0, 0, 0, 0, 76, 333
"c:\Users\brian\Desktop\Code\My Game\build\_deps\glm-src\test\ext\ext_vector_iec559.cpp", "C++", 126, 0, 0, 0, 0, 0, 0, 0, 0, 0, 0, 0, 0, 0, 0, 0, 0, 0, 0, 41, 167
"c:\Users\brian\Desktop\Code\My Game\build\_deps\glm-src\test\ext\ext_vector_int1_sized.cpp", "C++", 31, 0, 0, 0, 0, 0, 0, 0, 0, 0, 0, 0, 0, 0, 0, 0, 0, 0, 0, 11, 42
"c:\Users\brian\Desktop\Code\My Game\build\_deps\glm-src\test\ext\ext_vector_int2_sized.cpp", "C++", 31, 0, 0, 0, 0, 0, 0, 0, 0, 0, 0, 0, 0, 0, 0, 0, 0, 0, 0, 11, 42
"c:\Users\brian\Desktop\Code\My Game\build\_deps\glm-src\test\ext\ext_vector_int3_sized.cpp", "C++", 31, 0, 0, 0, 0, 0, 0, 0, 0, 0, 0, 0, 0, 0, 0, 0, 0, 0, 0, 11, 42
"c:\Users\brian\Desktop\Code\My Game\build\_deps\glm-src\test\ext\ext_vector_int4_sized.cpp", "C++", 31, 0, 0, 0, 0, 0, 0, 0, 0, 0, 0, 0, 0, 0, 0, 0, 0, 0, 0, 11, 42
"c:\Users\brian\Desktop\Code\My Game\build\_deps\glm-src\test\ext\ext_vector_integer.cpp", "C++", 441, 0, 0, 0, 0, 0, 0, 0, 0, 0, 0, 0, 0, 0, 0, 0, 0, 0, 0, 107, 548
"c:\Users\brian\Desktop\Code\My Game\build\_deps\glm-src\test\ext\ext_vector_integer_sized.cpp", "C++", 169, 0, 0, 0, 0, 0, 0, 0, 0, 0, 0, 0, 0, 0, 0, 0, 0, 0, 0, 48, 217
"c:\Users\brian\Desktop\Code\My Game\build\_deps\glm-src\test\ext\ext_vector_packing.cpp", "C++", 47, 0, 0, 0, 0, 0, 0, 0, 0, 0, 0, 0, 0, 0, 0, 0, 0, 0, 0, 12, 59
"c:\Users\brian\Desktop\Code\My Game\build\_deps\glm-src\test\ext\ext_vector_relational.cpp", "C++", 167, 0, 0, 0, 0, 0, 0, 0, 0, 0, 0, 0, 0, 0, 0, 0, 0, 0, 0, 39, 206
"c:\Users\brian\Desktop\Code\My Game\build\_deps\glm-src\test\ext\ext_vector_uint1_sized.cpp", "C++", 31, 0, 0, 0, 0, 0, 0, 0, 0, 0, 0, 0, 0, 0, 0, 0, 0, 0, 0, 11, 42
"c:\Users\brian\Desktop\Code\My Game\build\_deps\glm-src\test\ext\ext_vector_uint2_sized.cpp", "C++", 31, 0, 0, 0, 0, 0, 0, 0, 0, 0, 0, 0, 0, 0, 0, 0, 0, 0, 0, 11, 42
"c:\Users\brian\Desktop\Code\My Game\build\_deps\glm-src\test\ext\ext_vector_uint3_sized.cpp", "C++", 31, 0, 0, 0, 0, 0, 0, 0, 0, 0, 0, 0, 0, 0, 0, 0, 0, 0, 0, 11, 42
"c:\Users\brian\Desktop\Code\My Game\build\_deps\glm-src\test\ext\ext_vector_uint4_sized.cpp", "C++", 31, 0, 0, 0, 0, 0, 0, 0, 0, 0, 0, 0, 0, 0, 0, 0, 0, 0, 0, 11, 42
"c:\Users\brian\Desktop\Code\My Game\build\_deps\glm-src\test\ext\ext_vector_ulp.cpp", "C++", 76, 0, 0, 0, 0, 0, 0, 0, 0, 0, 0, 0, 0, 0, 0, 0, 0, 0, 0, 24, 100
"c:\Users\brian\Desktop\Code\My Game\build\_deps\glm-src\test\gtc\CMakeLists.txt", "CMake", 0, 0, 20, 0, 0, 0, 0, 0, 0, 0, 0, 0, 0, 0, 0, 0, 0, 0, 0, 1, 21
"c:\Users\brian\Desktop\Code\My Game\build\_deps\glm-src\test\gtc\gtc_bitfield.cpp", "C++", 640, 0, 0, 0, 0, 0, 0, 0, 0, 0, 0, 0, 0, 0, 0, 0, 0, 0, 110, 187, 937
"c:\Users\brian\Desktop\Code\My Game\build\_deps\glm-src\test\gtc\gtc_color_space.cpp", "C++", 62, 0, 0, 0, 0, 0, 0, 0, 0, 0, 0, 0, 0, 0, 0, 0, 0, 0, 0, 17, 79
"c:\Users\brian\Desktop\Code\My Game\build\_deps\glm-src\test\gtc\gtc_constants.cpp", "C++", 20, 0, 0, 0, 0, 0, 0, 0, 0, 0, 0, 0, 0, 0, 0, 0, 0, 0, 3, 8, 31
"c:\Users\brian\Desktop\Code\My Game\build\_deps\glm-src\test\gtc\gtc_epsilon.cpp", "C++", 61, 0, 0, 0, 0, 0, 0, 0, 0, 0, 0, 0, 0, 0, 0, 0, 0, 0, 0, 18, 79
"c:\Users\brian\Desktop\Code\My Game\build\_deps\glm-src\test\gtc\gtc_integer.cpp", "C++", 177, 0, 0, 0, 0, 0, 0, 0, 0, 0, 0, 0, 0, 0, 0, 0, 0, 0, 0, 57, 234
"c:\Users\brian\Desktop\Code\My Game\build\_deps\glm-src\test\gtc\gtc_matrix_access.cpp", "C++", 281, 0, 0, 0, 0, 0, 0, 0, 0, 0, 0, 0, 0, 0, 0, 0, 0, 0, 0, 103, 384
"c:\Users\brian\Desktop\Code\My Game\build\_deps\glm-src\test\gtc\gtc_matrix_integer.cpp", "C++", 6, 0, 0, 0, 0, 0, 0, 0, 0, 0, 0, 0, 0, 0, 0, 0, 0, 0, 0, 3, 9
"c:\Users\brian\Desktop\Code\My Game\build\_deps\glm-src\test\gtc\gtc_matrix_inverse.cpp", "C++", 42, 0, 0, 0, 0, 0, 0, 0, 0, 0, 0, 0, 0, 0, 0, 0, 0, 0, 0, 10, 52
"c:\Users\brian\Desktop\Code\My Game\build\_deps\glm-src\test\gtc\gtc_matrix_transform.cpp", "C++", 39, 0, 0, 0, 0, 0, 0, 0, 0, 0, 0, 0, 0, 0, 0, 0, 0, 0, 0, 17, 56
"c:\Users\brian\Desktop\Code\My Game\build\_deps\glm-src\test\gtc\gtc_noise.cpp", "C++", 63, 0, 0, 0, 0, 0, 0, 0, 0, 0, 0, 0, 0, 0, 0, 0, 0, 0, 0, 24, 87
"c:\Users\brian\Desktop\Code\My Game\build\_deps\glm-src\test\gtc\gtc_packing.cpp", "C++", 688, 0, 0, 0, 0, 0, 0, 0, 0, 0, 0, 0, 0, 0, 0, 0, 0, 0, 3, 188, 879
"c:\Users\brian\Desktop\Code\My Game\build\_deps\glm-src\test\gtc\gtc_quaternion.cpp", "C++", 227, 0, 0, 0, 0, 0, 0, 0, 0, 0, 0, 0, 0, 0, 0, 0, 0, 0, 48, 71, 346
"c:\Users\brian\Desktop\Code\My Game\build\_deps\glm-src\test\gtc\gtc_random.cpp", "C++", 282, 0, 0, 0, 0, 0, 0, 0, 0, 0, 0, 0, 0, 0, 0, 0, 0, 0, 46, 54, 382
"c:\Users\brian\Desktop\Code\My Game\build\_deps\glm-src\test\gtc\gtc_reciprocal.cpp", "C++", 6, 0, 0, 0, 0, 0, 0, 0, 0, 0, 0, 0, 0, 0, 0, 0, 0, 0, 0, 3, 9
"c:\Users\brian\Desktop\Code\My Game\build\_deps\glm-src\test\gtc\gtc_round.cpp", "C++", 368, 0, 0, 0, 0, 0, 0, 0, 0, 0, 0, 0, 0, 0, 0, 0, 0, 0, 0, 91, 459
"c:\Users\brian\Desktop\Code\My Game\build\_deps\glm-src\test\gtc\gtc_type_aligned.cpp", "C++", 141, 0, 0, 0, 0, 0, 0, 0, 0, 0, 0, 0, 0, 0, 0, 0, 0, 0, 1, 40, 182
"c:\Users\brian\Desktop\Code\My Game\build\_deps\glm-src\test\gtc\gtc_type_precision.cpp", "C++", 862, 0, 0, 0, 0, 0, 0, 0, 0, 0, 0, 0, 0, 0, 0, 0, 0, 0, 0, 180, 1042
"c:\Users\brian\Desktop\Code\My Game\build\_deps\glm-src\test\gtc\gtc_type_ptr.cpp", "C++", 283, 0, 0, 0, 0, 0, 0, 0, 0, 0, 0, 0, 0, 0, 0, 0, 0, 0, 0, 53, 336
"c:\Users\brian\Desktop\Code\My Game\build\_deps\glm-src\test\gtc\gtc_ulp.cpp", "C++", 74, 0, 0, 0, 0, 0, 0, 0, 0, 0, 0, 0, 0, 0, 0, 0, 0, 0, 0, 26, 100
"c:\Users\brian\Desktop\Code\My Game\build\_deps\glm-src\test\gtc\gtc_user_defined_types.cpp", "C++", 14, 0, 0, 0, 0, 0, 0, 0, 0, 0, 0, 0, 0, 0, 0, 0, 0, 0, 9, 8, 31
"c:\Users\brian\Desktop\Code\My Game\build\_deps\glm-src\test\gtc\gtc_vec1.cpp", "C++", 6, 0, 0, 0, 0, 0, 0, 0, 0, 0, 0, 0, 0, 0, 0, 0, 0, 0, 0, 3, 9
"c:\Users\brian\Desktop\Code\My Game\build\_deps\glm-src\test\gtx\CMakeLists.txt", "CMake", 0, 0, 58, 0, 0, 0, 0, 0, 0, 0, 0, 0, 0, 0, 0, 0, 0, 0, 0, 1, 59
"c:\Users\brian\Desktop\Code\My Game\build\_deps\glm-src\test\gtx\gtx.cpp", "C++", 6, 0, 0, 0, 0, 0, 0, 0, 0, 0, 0, 0, 0, 0, 0, 0, 0, 0, 0, 3, 9
"c:\Users\brian\Desktop\Code\My Game\build\_deps\glm-src\test\gtx\gtx_associated_min_max.cpp", "C++", 8, 0, 0, 0, 0, 0, 0, 0, 0, 0, 0, 0, 0, 0, 0, 0, 0, 0, 0, 3, 11
"c:\Users\brian\Desktop\Code\My Game\build\_deps\glm-src\test\gtx\gtx_closest_point.cpp", "C++", 7, 0, 0, 0, 0, 0, 0, 0, 0, 0, 0, 0, 0, 0, 0, 0, 0, 0, 0, 3, 10
"c:\Users\brian\Desktop\Code\My Game\build\_deps\glm-src\test\gtx\gtx_color_encoding.cpp", "C++", 35, 0, 0, 0, 0, 0, 0, 0, 0, 0, 0, 0, 0, 0, 0, 0, 0, 0, 7, 10, 52
"c:\Users\brian\Desktop\Code\My Game\build\_deps\glm-src\test\gtx\gtx_color_space.cpp", "C++", 14, 0, 0, 0, 0, 0, 0, 0, 0, 0, 0, 0, 0, 0, 0, 0, 0, 0, 0, 7, 21
"c:\Users\brian\Desktop\Code\My Game\build\_deps\glm-src\test\gtx\gtx_color_space_YCoCg.cpp", "C++", 7, 0, 0, 0, 0, 0, 0, 0, 0, 0, 0, 0, 0, 0, 0, 0, 0, 0, 0, 3, 10
"c:\Users\brian\Desktop\Code\My Game\build\_deps\glm-src\test\gtx\gtx_common.cpp", "C++", 116, 0, 0, 0, 0, 0, 0, 0, 0, 0, 0, 0, 0, 0, 0, 0, 0, 0, 4, 42, 162
"c:\Users\brian\Desktop\Code\My Game\build\_deps\glm-src\test\gtx\gtx_compatibility.cpp", "C++", 15, 0, 0, 0, 0, 0, 0, 0, 0, 0, 0, 0, 0, 0, 0, 0, 0, 0, 0, 5, 20
"c:\Users\brian\Desktop\Code\My Game\build\_deps\glm-src\test\gtx\gtx_component_wise.cpp", "C++", 93, 0, 0, 0, 0, 0, 0, 0, 0, 0, 0, 0, 0, 0, 0, 0, 0, 0, 0, 24, 117
"c:\Users\brian\Desktop\Code\My Game\build\_deps\glm-src\test\gtx\gtx_dual_quaternion.cpp", "C++", 154, 0, 0, 0, 0, 0, 0, 0, 0, 0, 0, 0, 0, 0, 0, 0, 0, 0, 7, 45, 206
"c:\Users\brian\Desktop\Code\My Game\build\_deps\glm-src\test\gtx\gtx_easing.cpp", "C++", 48, 0, 0, 0, 0, 0, 0, 0, 0, 0, 0, 0, 0, 0, 0, 0, 0, 0, 0, 18, 66
"c:\Users\brian\Desktop\Code\My Game\build\_deps\glm-src\test\gtx\gtx_euler_angle.cpp", "C++", 448, 0, 0, 0, 0, 0, 0, 0, 0, 0, 0, 0, 0, 0, 0, 0, 0, 0, 1, 91, 540
"c:\Users\brian\Desktop\Code\My Game\build\_deps\glm-src\test\gtx\gtx_extend.cpp", "C++", 7, 0, 0, 0, 0, 0, 0, 0, 0, 0, 0, 0, 0, 0, 0, 0, 0, 0, 0, 3, 10
"c:\Users\brian\Desktop\Code\My Game\build\_deps\glm-src\test\gtx\gtx_extended_min_max.cpp", "C++", 78, 0, 0, 0, 0, 0, 0, 0, 0, 0, 0, 0, 0, 0, 0, 0, 0, 0, 1, 23, 102
"c:\Users\brian\Desktop\Code\My Game\build\_deps\glm-src\test\gtx\gtx_extented_min_max.cpp", "C++", 6, 0, 0, 0, 0, 0, 0, 0, 0, 0, 0, 0, 0, 0, 0, 0, 0, 0, 30, 4, 40
"c:\Users\brian\Desktop\Code\My Game\build\_deps\glm-src\test\gtx\gtx_exterior_product.cpp", "C++", 10, 0, 0, 0, 0, 0, 0, 0, 0, 0, 0, 0, 0, 0, 0, 0, 0, 0, 0, 5, 15
"c:\Users\brian\Desktop\Code\My Game\build\_deps\glm-src\test\gtx\gtx_fast_exponential.cpp", "C++", 7, 0, 0, 0, 0, 0, 0, 0, 0, 0, 0, 0, 0, 0, 0, 0, 0, 0, 0, 3, 10
"c:\Users\brian\Desktop\Code\My Game\build\_deps\glm-src\test\gtx\gtx_fast_square_root.cpp", "C++", 35, 0, 0, 0, 0, 0, 0, 0, 0, 0, 0, 0, 0, 0, 0, 0, 0, 0, 0, 11, 46
"c:\Users\brian\Desktop\Code\My Game\build\_deps\glm-src\test\gtx\gtx_fast_trigonometry.cpp", "C++", 419, 0, 0, 0, 0, 0, 0, 0, 0, 0, 0, 0, 0, 0, 0, 0, 0, 0, 22, 124, 565
"c:\Users\brian\Desktop\Code\My Game\build\_deps\glm-src\test\gtx\gtx_functions.cpp", "C++", 26, 0, 0, 0, 0, 0, 0, 0, 0, 0, 0, 0, 0, 0, 0, 0, 0, 0, 0, 11, 37
"c:\Users\brian\Desktop\Code\My Game\build\_deps\glm-src\test\gtx\gtx_gradient_paint.cpp", "C++", 23, 0, 0, 0, 0, 0, 0, 0, 0, 0, 0, 0, 0, 0, 0, 0, 0, 0, 0, 12, 35
"c:\Users\brian\Desktop\Code\My Game\build\_deps\glm-src\test\gtx\gtx_handed_coordinate_space.cpp", "C++", 7, 0, 0, 0, 0, 0, 0, 0, 0, 0, 0, 0, 0, 0, 0, 0, 0, 0, 0, 3, 10
"c:\Users\brian\Desktop\Code\My Game\build\_deps\glm-src\test\gtx\gtx_int_10_10_10_2.cpp", "C++", 7, 0, 0, 0, 0, 0, 0, 0, 0, 0, 0, 0, 0, 0, 0, 0, 0, 0, 8, 4, 19
"c:\Users\brian\Desktop\Code\My Game\build\_deps\glm-src\test\gtx\gtx_integer.cpp", "C++", 63, 0, 0, 0, 0, 0, 0, 0, 0, 0, 0, 0, 0, 0, 0, 0, 0, 0, 20, 26, 109
"c:\Users\brian\Desktop\Code\My Game\build\_deps\glm-src\test\gtx\gtx_intersect.cpp", "C++", 69, 0, 0, 0, 0, 0, 0, 0, 0, 0, 0, 0, 0, 0, 0, 0, 0, 0, 2, 18, 89
"c:\Users\brian\Desktop\Code\My Game\build\_deps\glm-src\test\gtx\gtx_io.cpp", "C++", 153, 0, 0, 0, 0, 0, 0, 0, 0, 0, 0, 0, 0, 0, 0, 0, 0, 0, 0, 34, 187
"c:\Users\brian\Desktop\Code\My Game\build\_deps\glm-src\test\gtx\gtx_load.cpp", "C++", 7, 0, 0, 0, 0, 0, 0, 0, 0, 0, 0, 0, 0, 0, 0, 0, 0, 0, 117, 1, 125
"c:\Users\brian\Desktop\Code\My Game\build\_deps\glm-src\test\gtx\gtx_log_base.cpp", "C++", 44, 0, 0, 0, 0, 0, 0, 0, 0, 0, 0, 0, 0, 0, 0, 0, 0, 0, 0, 11, 55
"c:\Users\brian\Desktop\Code\My Game\build\_deps\glm-src\test\gtx\gtx_matrix_cross_product.cpp", "C++", 7, 0, 0, 0, 0, 0, 0, 0, 0, 0, 0, 0, 0, 0, 0, 0, 0, 0, 0, 3, 10
"c:\Users\brian\Desktop\Code\My Game\build\_deps\glm-src\test\gtx\gtx_matrix_decompose.cpp", "C++", 14, 0, 0, 0, 0, 0, 0, 0, 0, 0, 0, 0, 0, 0, 0, 0, 0, 0, 0, 6, 20
"c:\Users\brian\Desktop\Code\My Game\build\_deps\glm-src\test\gtx\gtx_matrix_factorisation.cpp", "C++", 64, 0, 0, 0, 0, 0, 0, 0, 0, 0, 0, 0, 0, 0, 0, 0, 0, 0, 12, 30, 106
"c:\Users\brian\Desktop\Code\My Game\build\_deps\glm-src\test\gtx\gtx_matrix_interpolation.cpp", "C++", 44, 0, 0, 0, 0, 0, 0, 0, 0, 0, 0, 0, 0, 0, 0, 0, 0, 0, 0, 16, 60
"c:\Users\brian\Desktop\Code\My Game\build\_deps\glm-src\test\gtx\gtx_matrix_major_storage.cpp", "C++", 7, 0, 0, 0, 0, 0, 0, 0, 0, 0, 0, 0, 0, 0, 0, 0, 0, 0, 0, 3, 10
"c:\Users\brian\Desktop\Code\My Game\build\_deps\glm-src\test\gtx\gtx_matrix_operation.cpp", "C++", 7, 0, 0, 0, 0, 0, 0, 0, 0, 0, 0, 0, 0, 0, 0, 0, 0, 0, 0, 3, 10
"c:\Users\brian\Desktop\Code\My Game\build\_deps\glm-src\test\gtx\gtx_matrix_query.cpp", "C++", 49, 0, 0, 0, 0, 0, 0, 0, 0, 0, 0, 0, 0, 0, 0, 0, 0, 0, 0, 18, 67
"c:\Users\brian\Desktop\Code\My Game\build\_deps\glm-src\test\gtx\gtx_matrix_transform_2d.cpp", "C++", 7, 0, 0, 0, 0, 0, 0, 0, 0, 0, 0, 0, 0, 0, 0, 0, 0, 0, 0, 3, 10
"c:\Users\brian\Desktop\Code\My Game\build\_deps\glm-src\test\gtx\gtx_mixed_product.cpp", "C++", 7, 0, 0, 0, 0, 0, 0, 0, 0, 0, 0, 0, 0, 0, 0, 0, 0, 0, 8, 4, 19
"c:\Users\brian\Desktop\Code\My Game\build\_deps\glm-src\test\gtx\gtx_norm.cpp", "C++", 65, 0, 0, 0, 0, 0, 0, 0, 0, 0, 0, 0, 0, 0, 0, 0, 0, 0, 0, 17, 82
"c:\Users\brian\Desktop\Code\My Game\build\_deps\glm-src\test\gtx\gtx_normal.cpp", "C++", 7, 0, 0, 0, 0, 0, 0, 0, 0, 0, 0, 0, 0, 0, 0, 0, 0, 0, 0, 3, 10
"c:\Users\brian\Desktop\Code\My Game\build\_deps\glm-src\test\gtx\gtx_normalize_dot.cpp", "C++", 7, 0, 0, 0, 0, 0, 0, 0, 0, 0, 0, 0, 0, 0, 0, 0, 0, 0, 0, 3, 10
"c:\Users\brian\Desktop\Code\My Game\build\_deps\glm-src\test\gtx\gtx_number_precision.cpp", "C++", 7, 0, 0, 0, 0, 0, 0, 0, 0, 0, 0, 0, 0, 0, 0, 0, 0, 0, 0, 3, 10
"c:\Users\brian\Desktop\Code\My Game\build\_deps\glm-src\test\gtx\gtx_optimum_pow.cpp", "C++", 7, 0, 0, 0, 0, 0, 0, 0, 0, 0, 0, 0, 0, 0, 0, 0, 0, 0, 0, 3, 10
"c:\Users\brian\Desktop\Code\My Game\build\_deps\glm-src\test\gtx\gtx_orthonormalize.cpp", "C++", 7, 0, 0, 0, 0, 0, 0, 0, 0, 0, 0, 0, 0, 0, 0, 0, 0, 0, 0, 3, 10
"c:\Users\brian\Desktop\Code\My Game\build\_deps\glm-src\test\gtx\gtx_perpendicular.cpp", "C++", 7, 0, 0, 0, 0, 0, 0, 0, 0, 0, 0, 0, 0, 0, 0, 0, 0, 0, 0, 3, 10
"c:\Users\brian\Desktop\Code\My Game\build\_deps\glm-src\test\gtx\gtx_polar_coordinates.cpp", "C++", 7, 0, 0, 0, 0, 0, 0, 0, 0, 0, 0, 0, 0, 0, 0, 0, 0, 0, 0, 3, 10
"c:\Users\brian\Desktop\Code\My Game\build\_deps\glm-src\test\gtx\gtx_projection.cpp", "C++", 7, 0, 0, 0, 0, 0, 0, 0, 0, 0, 0, 0, 0, 0, 0, 0, 0, 0, 0, 3, 10
"c:\Users\brian\Desktop\Code\My Game\build\_deps\glm-src\test\gtx\gtx_quaternion.cpp", "C++", 82, 0, 0, 0, 0, 0, 0, 0, 0, 0, 0, 0, 0, 0, 0, 0, 0, 0, 0, 26, 108
"c:\Users\brian\Desktop\Code\My Game\build\_deps\glm-src\test\gtx\gtx_random.cpp", "C++", 75, 0, 0, 0, 0, 0, 0, 0, 0, 0, 0, 0, 0, 0, 0, 0, 0, 0, 8, 17, 100
"c:\Users\brian\Desktop\Code\My Game\build\_deps\glm-src\test\gtx\gtx_range.cpp", "C++", 66, 0, 0, 0, 0, 0, 0, 0, 0, 0, 0, 0, 0, 0, 0, 0, 0, 0, 0, 18, 84
"c:\Users\brian\Desktop\Code\My Game\build\_deps\glm-src\test\gtx\gtx_rotate_normalized_axis.cpp", "C++", 7, 0, 0, 0, 0, 0, 0, 0, 0, 0, 0, 0, 0, 0, 0, 0, 0, 0, 0, 3, 10
"c:\Users\brian\Desktop\Code\My Game\build\_deps\glm-src\test\gtx\gtx_rotate_vector.cpp", "C++", 56, 0, 0, 0, 0, 0, 0, 0, 0, 0, 0, 0, 0, 0, 0, 0, 0, 0, 0, 22, 78
"c:\Users\brian\Desktop\Code\My Game\build\_deps\glm-src\test\gtx\gtx_scalar_multiplication.cpp", "C++", 28, 0, 0, 0, 0, 0, 0, 0, 0, 0, 0, 0, 0, 0, 0, 0, 0, 0, 0, 10, 38
"c:\Users\brian\Desktop\Code\My Game\build\_deps\glm-src\test\gtx\gtx_scalar_relational.cpp", "C++", 144, 0, 0, 0, 0, 0, 0, 0, 0, 0, 0, 0, 0, 0, 0, 0, 0, 0, 0, 31, 175
"c:\Users\brian\Desktop\Code\My Game\build\_deps\glm-src\test\gtx\gtx_simd_mat4.cpp", "C++", 225, 0, 0, 0, 0, 0, 0, 0, 0, 0, 0, 0, 0, 0, 0, 0, 0, 0, 37, 63, 325
"c:\Users\brian\Desktop\Code\My Game\build\_deps\glm-src\test\gtx\gtx_simd_vec4.cpp", "C++", 25, 0, 0, 0, 0, 0, 0, 0, 0, 0, 0, 0, 0, 0, 0, 0, 0, 0, 35, 12, 72
"c:\Users\brian\Desktop\Code\My Game\build\_deps\glm-src\test\gtx\gtx_spline.cpp", "C++", 82, 0, 0, 0, 0, 0, 0, 0, 0, 0, 0, 0, 0, 0, 0, 0, 0, 0, 0, 19, 101
"c:\Users\brian\Desktop\Code\My Game\build\_deps\glm-src\test\gtx\gtx_string_cast.cpp", "C++", 117, 0, 0, 0, 0, 0, 0, 0, 0, 0, 0, 0, 0, 0, 0, 0, 0, 0, 0, 39, 156
"c:\Users\brian\Desktop\Code\My Game\build\_deps\glm-src\test\gtx\gtx_texture.cpp", "C++", 16, 0, 0, 0, 0, 0, 0, 0, 0, 0, 0, 0, 0, 0, 0, 0, 0, 0, 0, 7, 23
"c:\Users\brian\Desktop\Code\My Game\build\_deps\glm-src\test\gtx\gtx_type_aligned.cpp", "C++", 87, 0, 0, 0, 0, 0, 0, 0, 0, 0, 0, 0, 0, 0, 0, 0, 0, 0, 0, 28, 115
"c:\Users\brian\Desktop\Code\My Game\build\_deps\glm-src\test\gtx\gtx_type_trait.cpp", "C++", 8, 0, 0, 0, 0, 0, 0, 0, 0, 0, 0, 0, 0, 0, 0, 0, 0, 0, 0, 6, 14
"c:\Users\brian\Desktop\Code\My Game\build\_deps\glm-src\test\gtx\gtx_vec_swizzle.cpp", "C++", 7, 0, 0, 0, 0, 0, 0, 0, 0, 0, 0, 0, 0, 0, 0, 0, 0, 0, 0, 5, 12
"c:\Users\brian\Desktop\Code\My Game\build\_deps\glm-src\test\gtx\gtx_vector_angle.cpp", "C++", 45, 0, 0, 0, 0, 0, 0, 0, 0, 0, 0, 0, 0, 0, 0, 0, 0, 0, 0, 15, 60
"c:\Users\brian\Desktop\Code\My Game\build\_deps\glm-src\test\gtx\gtx_vector_query.cpp", "C++", 60, 0, 0, 0, 0, 0, 0, 0, 0, 0, 0, 0, 0, 0, 0, 0, 0, 0, 0, 23, 83
"c:\Users\brian\Desktop\Code\My Game\build\_deps\glm-src\test\gtx\gtx_wrap.cpp", "C++", 135, 0, 0, 0, 0, 0, 0, 0, 0, 0, 0, 0, 0, 0, 0, 0, 0, 0, 0, 57, 192
"c:\Users\brian\Desktop\Code\My Game\build\_deps\glm-src\test\perf\CMakeLists.txt", "CMake", 0, 0, 6, 0, 0, 0, 0, 0, 0, 0, 0, 0, 0, 0, 0, 0, 0, 0, 0, 1, 7
"c:\Users\brian\Desktop\Code\My Game\build\_deps\glm-src\test\perf\perf_matrix_div.cpp", "C++", 114, 0, 0, 0, 0, 0, 0, 0, 0, 0, 0, 0, 0, 0, 0, 0, 0, 0, 0, 40, 154
"c:\Users\brian\Desktop\Code\My Game\build\_deps\glm-src\test\perf\perf_matrix_inverse.cpp", "C++", 111, 0, 0, 0, 0, 0, 0, 0, 0, 0, 0, 0, 0, 0, 0, 0, 0, 0, 0, 40, 151
"c:\Users\brian\Desktop\Code\My Game\build\_deps\glm-src\test\perf\perf_matrix_mul.cpp", "C++", 115, 0, 0, 0, 0, 0, 0, 0, 0, 0, 0, 0, 0, 0, 0, 0, 0, 0, 0, 40, 155
"c:\Users\brian\Desktop\Code\My Game\build\_deps\glm-src\test\perf\perf_matrix_mul_vector.cpp", "C++", 115, 0, 0, 0, 0, 0, 0, 0, 0, 0, 0, 0, 0, 0, 0, 0, 0, 0, 0, 40, 155
"c:\Users\brian\Desktop\Code\My Game\build\_deps\glm-src\test\perf\perf_matrix_transpose.cpp", "C++", 111, 0, 0, 0, 0, 0, 0, 0, 0, 0, 0, 0, 0, 0, 0, 0, 0, 0, 0, 40, 151
"c:\Users\brian\Desktop\Code\My Game\build\_deps\glm-src\test\perf\perf_vector_mul_matrix.cpp", "C++", 115, 0, 0, 0, 0, 0, 0, 0, 0, 0, 0, 0, 0, 0, 0, 0, 0, 0, 0, 40, 155
"c:\Users\brian\Desktop\Code\My Game\build\_deps\vma-build\cmake_install.cmake", "CMake", 0, 0, 33, 0, 0, 0, 0, 0, 0, 0, 0, 0, 0, 0, 0, 0, 0, 0, 6, 7, 46
"c:\Users\brian\Desktop\Code\My Game\build\_deps\vma-src\.github\workflows\linux.yaml", "YAML", 0, 0, 0, 0, 0, 0, 0, 0, 0, 0, 0, 0, 102, 0, 0, 0, 0, 0, 0, 11, 113
"c:\Users\brian\Desktop\Code\My Game\build\_deps\vma-src\.github\workflows\static_code_analysis.yaml", "YAML", 0, 0, 0, 0, 0, 0, 0, 0, 0, 0, 0, 0, 63, 0, 0, 0, 0, 0, 0, 13, 76
"c:\Users\brian\Desktop\Code\My Game\build\_deps\vma-src\.github\workflows\windows.yaml", "YAML", 0, 0, 0, 0, 0, 0, 0, 0, 0, 0, 0, 0, 61, 0, 0, 0, 0, 0, 0, 9, 70
"c:\Users\brian\Desktop\Code\My Game\build\_deps\vma-src\AGENTS.md", "Markdown", 0, 0, 0, 0, 0, 67, 0, 0, 0, 0, 0, 0, 0, 0, 0, 0, 0, 0, 0, 31, 98
"c:\Users\brian\Desktop\Code\My Game\build\_deps\vma-src\CHANGELOG.md", "Markdown", 0, 0, 0, 0, 0, 194, 0, 0, 0, 0, 0, 0, 0, 0, 0, 0, 0, 0, 0, 63, 257
"c:\Users\brian\Desktop\Code\My Game\build\_deps\vma-src\CMakeLists.txt", "CMake", 0, 0, 37, 0, 0, 0, 0, 0, 0, 0, 0, 0, 0, 0, 0, 0, 0, 0, 25, 11, 73
"c:\Users\brian\Desktop\Code\My Game\build\_deps\vma-src\README.md", "Markdown", 0, 0, 0, 0, 0, 144, 0, 0, 0, 0, 0, 0, 0, 0, 0, 0, 0, 0, 0, 48, 192
"c:\Users\brian\Desktop\Code\My Game\build\_deps\vma-src\docs\html\allocation_annotation.html", "HTML", 0, 0, 0, 0, 0, 0, 0, 147, 0, 0, 0, 0, 0, 0, 0, 0, 0, 0, 5, 3, 155
"c:\Users\brian\Desktop\Code\My Game\build\_deps\vma-src\docs\html\annotated.html", "HTML", 0, 0, 0, 0, 0, 0, 0, 133, 0, 0, 0, 0, 0, 0, 0, 0, 0, 0, 5, 3, 141
"c:\Users\brian\Desktop\Code\My Game\build\_deps\vma-src\docs\html\choosing_memory_type.html", "HTML", 0, 0, 0, 0, 0, 0, 0, 205, 0, 0, 0, 0, 0, 0, 0, 0, 0, 0, 5, 3, 213
"c:\Users\brian\Desktop\Code\My Game\build\_deps\vma-src\docs\html\classes.html", "HTML", 0, 0, 0, 0, 0, 0, 0, 110, 0, 0, 0, 0, 0, 0, 0, 0, 0, 0, 5, 3, 118
"c:\Users\brian\Desktop\Code\My Game\build\_deps\vma-src\docs\html\clipboard.js", "JavaScript", 0, 0, 0, 0, 0, 0, 0, 0, 29, 0, 0, 0, 0, 0, 0, 0, 0, 0, 30, 3, 62
"c:\Users\brian\Desktop\Code\My Game\build\_deps\vma-src\docs\html\codefolding.js", "JavaScript", 0, 0, 0, 0, 0, 0, 0, 0, 97, 0, 0, 0, 0, 0, 0, 0, 0, 0, 40, 7, 144
"c:\Users\brian\Desktop\Code\My Game\build\_deps\vma-src\docs\html\configuration.html", "HTML", 0, 0, 0, 0, 0, 0, 0, 136, 0, 0, 0, 0, 0, 0, 0, 0, 0, 0, 5, 3, 144
"c:\Users\brian\Desktop\Code\My Game\build\_deps\vma-src\docs\html\cookie.js", "JavaScript", 0, 0, 0, 0, 0, 0, 0, 0, 50, 0, 0, 0, 0, 0, 0, 0, 0, 0, 5, 4, 59
"c:\Users\brian\Desktop\Code\My Game\build\_deps\vma-src\docs\html\custom_memory_pools.html", "HTML", 0, 0, 0, 0, 0, 0, 0, 254, 0, 0, 0, 0, 0, 0, 0, 0, 0, 0, 5, 3, 262
"c:\Users\brian\Desktop\Code\My Game\build\_deps\vma-src\docs\html\debugging_memory_usage.html", "HTML", 0, 0, 0, 0, 0, 0, 0, 147, 0, 0, 0, 0, 0, 0, 0, 0, 0, 0, 5, 3, 155
"c:\Users\brian\Desktop\Code\My Game\build\_deps\vma-src\docs\html\defragmentation.html", "HTML", 0, 0, 0, 0, 0, 0, 0, 231, 0, 0, 0, 0, 0, 0, 0, 0, 0, 0, 5, 3, 239
"c:\Users\brian\Desktop\Code\My Game\build\_deps\vma-src\docs\html\deprecated.html", "HTML", 0, 0, 0, 0, 0, 0, 0, 121, 0, 0, 0, 0, 0, 0, 0, 0, 0, 0, 5, 3, 129
"c:\Users\brian\Desktop\Code\My Game\build\_deps\vma-src\docs\html\dir_d44c64559bbebec7f509842c48db8b23.html", "HTML", 0, 0, 0, 0, 0, 0, 0, 113, 0, 0, 0, 0, 0, 0, 0, 0, 0, 0, 5, 3, 121
"c:\Users\brian\Desktop\Code\My Game\build\_deps\vma-src\docs\html\doc.svg", "XML", 0, 0, 0, 0, 0, 0, 0, 0, 0, 0, 0, 0, 0, 0, 12, 0, 0, 0, 0, 1, 13
"c:\Users\brian\Desktop\Code\My Game\build\_deps\vma-src\docs\html\docd.svg", "XML", 0, 0, 0, 0, 0, 0, 0, 0, 0, 0, 0, 0, 0, 0, 12, 0, 0, 0, 0, 1, 13
"c:\Users\brian\Desktop\Code\My Game\build\_deps\vma-src\docs\html\doxygen.css", "PostCSS", 0, 0, 0, 0, 0, 0, 0, 0, 0, 0, 0, 0, 0, 2113, 0, 0, 0, 0, 51, 397, 2561
"c:\Users\brian\Desktop\Code\My Game\build\_deps\vma-src\docs\html\doxygen.svg", "XML", 0, 0, 0, 0, 0, 0, 0, 0, 0, 0, 0, 0, 0, 0, 28, 0, 0, 0, 0, 1, 29
"c:\Users\brian\Desktop\Code\My Game\build\_deps\vma-src\docs\html\doxygen_crawl.html", "HTML", 0, 0, 0, 0, 0, 0, 0, 463, 0, 0, 0, 0, 0, 0, 0, 0, 0, 0, 0, 1, 464
"c:\Users\brian\Desktop\Code\My Game\build\_deps\vma-src\docs\html\dynsections.js", "JavaScript", 0, 0, 0, 0, 0, 0, 0, 0, 128, 0, 0, 0, 0, 0, 0, 0, 0, 0, 48, 16, 192
"c:\Users\brian\Desktop\Code\My Game\build\_deps\vma-src\docs\html\enabling_buffer_device_address.html", "HTML", 0, 0, 0, 0, 0, 0, 0, 126, 0, 0, 0, 0, 0, 0, 0, 0, 0, 0, 5, 3, 134
"c:\Users\brian\Desktop\Code\My Game\build\_deps\vma-src\docs\html\faq.html", "HTML", 0, 0, 0, 0, 0, 0, 0, 182, 0, 0, 0, 0, 0, 0, 0, 0, 0, 0, 5, 3, 190
"c:\Users\brian\Desktop\Code\My Game\build\_deps\vma-src\docs\html\files.html", "HTML", 0, 0, 0, 0, 0, 0, 0, 110, 0, 0, 0, 0, 0, 0, 0, 0, 0, 0, 5, 3, 118
"c:\Users\brian\Desktop\Code\My Game\build\_deps\vma-src\docs\html\folderclosed.svg", "XML", 0, 0, 0, 0, 0, 0, 0, 0, 0, 0, 0, 0, 0, 0, 11, 0, 0, 0, 0, 1, 12
"c:\Users\brian\Desktop\Code\My Game\build\_deps\vma-src\docs\html\folderclosedd.svg", "XML", 0, 0, 0, 0, 0, 0, 0, 0, 0, 0, 0, 0, 0, 0, 11, 0, 0, 0, 0, 1, 12
"c:\Users\brian\Desktop\Code\My Game\build\_deps\vma-src\docs\html\folderopen.svg", "XML", 0, 0, 0, 0, 0, 0, 0, 0, 0, 0, 0, 0, 0, 0, 17, 0, 0, 0, 0, 1, 18
"c:\Users\brian\Desktop\Code\My Game\build\_deps\vma-src\docs\html\folderopend.svg", "XML", 0, 0, 0, 0, 0, 0, 0, 0, 0, 0, 0, 0, 0, 0, 12, 0, 0, 0, 0, 1, 13
"c:\Users\brian\Desktop\Code\My Game\build\_deps\vma-src\docs\html\functions.html", "HTML", 0, 0, 0, 0, 0, 0, 0, 217, 0, 0, 0, 0, 0, 0, 0, 0, 0, 0, 5, 29, 251
"c:\Users\brian\Desktop\Code\My Game\build\_deps\vma-src\docs\html\functions_vars.html", "HTML", 0, 0, 0, 0, 0, 0, 0, 217, 0, 0, 0, 0, 0, 0, 0, 0, 0, 0, 5, 29, 251
"c:\Users\brian\Desktop\Code\My Game\build\_deps\vma-src\docs\html\general_considerations.html", "HTML", 0, 0, 0, 0, 0, 0, 0, 162, 0, 0, 0, 0, 0, 0, 0, 0, 0, 0, 5, 3, 170
"c:\Users\brian\Desktop\Code\My Game\build\_deps\vma-src\docs\html\globals.html", "HTML", 0, 0, 0, 0, 0, 0, 0, 283, 0, 0, 0, 0, 0, 0, 0, 0, 0, 0, 5, 7, 295
"c:\Users\brian\Desktop\Code\My Game\build\_deps\vma-src\docs\html\globals_defs.html", "HTML", 0, 0, 0, 0, 0, 0, 0, 107, 0, 0, 0, 0, 0, 0, 0, 0, 0, 0, 5, 3, 115
"c:\Users\brian\Desktop\Code\My Game\build\_deps\vma-src\docs\html\globals_enum.html", "HTML", 0, 0, 0, 0, 0, 0, 0, 113, 0, 0, 0, 0, 0, 0, 0, 0, 0, 0, 5, 3, 121
"c:\Users\brian\Desktop\Code\My Game\build\_deps\vma-src\docs\html\globals_eval.html", "HTML", 0, 0, 0, 0, 0, 0, 0, 167, 0, 0, 0, 0, 0, 0, 0, 0, 0, 0, 5, 5, 177
"c:\Users\brian\Desktop\Code\My Game\build\_deps\vma-src\docs\html\globals_func.html", "HTML", 0, 0, 0, 0, 0, 0, 0, 181, 0, 0, 0, 0, 0, 0, 0, 0, 0, 0, 5, 5, 191
"c:\Users\brian\Desktop\Code\My Game\build\_deps\vma-src\docs\html\globals_type.html", "HTML", 0, 0, 0, 0, 0, 0, 0, 143, 0, 0, 0, 0, 0, 0, 0, 0, 0, 0, 5, 7, 155
"c:\Users\brian\Desktop\Code\My Game\build\_deps\vma-src\docs\html\group__group__alloc.html", "HTML", 0, 0, 0, 0, 0, 0, 0, 2651, 0, 0, 0, 0, 0, 0, 0, 0, 0, 0, 5, 218, 2874
"c:\Users\brian\Desktop\Code\My Game\build\_deps\vma-src\docs\html\group__group__init.html", "HTML", 0, 0, 0, 0, 0, 0, 0, 585, 0, 0, 0, 0, 0, 0, 0, 0, 0, 0, 5, 53, 643
"c:\Users\brian\Desktop\Code\My Game\build\_deps\vma-src\docs\html\group__group__stats.html", "HTML", 0, 0, 0, 0, 0, 0, 0, 440, 0, 0, 0, 0, 0, 0, 0, 0, 0, 0, 5, 38, 483
"c:\Users\brian\Desktop\Code\My Game\build\_deps\vma-src\docs\html\group__group__virtual.html", "HTML", 0, 0, 0, 0, 0, 0, 0, 562, 0, 0, 0, 0, 0, 0, 0, 0, 0, 0, 5, 61, 628
"c:\Users\brian\Desktop\Code\My Game\build\_deps\vma-src\docs\html\index.html", "HTML", 0, 0, 0, 0, 0, 0, 0, 208, 0, 0, 0, 0, 0, 0, 0, 0, 0, 0, 5, 3, 216
"c:\Users\brian\Desktop\Code\My Game\build\_deps\vma-src\docs\html\jquery.js", "JavaScript", 0, 0, 0, 0, 0, 0, 0, 0, 177, 0, 0, 0, 0, 0, 0, 0, 0, 0, 27, 1, 205
"c:\Users\brian\Desktop\Code\My Game\build\_deps\vma-src\docs\html\memory_mapping.html", "HTML", 0, 0, 0, 0, 0, 0, 0, 196, 0, 0, 0, 0, 0, 0, 0, 0, 0, 0, 5, 3, 204
"c:\Users\brian\Desktop\Code\My Game\build\_deps\vma-src\docs\html\menu.js", "JavaScript", 0, 0, 0, 0, 0, 0, 0, 0, 416, 0, 0, 0, 0, 0, 0, 0, 0, 0, 78, 76, 570
"c:\Users\brian\Desktop\Code\My Game\build\_deps\vma-src\docs\html\menudata.js", "JavaScript", 0, 0, 0, 0, 0, 0, 0, 0, 51, 0, 0, 0, 0, 0, 0, 0, 0, 0, 24, 1, 76
"c:\Users\brian\Desktop\Code\My Game\build\_deps\vma-src\docs\html\minus.svg", "XML", 0, 0, 0, 0, 0, 0, 0, 0, 0, 0, 0, 0, 0, 0, 8, 0, 0, 0, 0, 1, 9
"c:\Users\brian\Desktop\Code\My Game\build\_deps\vma-src\docs\html\minusd.svg", "XML", 0, 0, 0, 0, 0, 0, 0, 0, 0, 0, 0, 0, 0, 0, 8, 0, 0, 0, 0, 1, 9
"c:\Users\brian\Desktop\Code\My Game\build\_deps\vma-src\docs\html\navtree.css", "PostCSS", 0, 0, 0, 0, 0, 0, 0, 0, 0, 0, 0, 0, 0, 279, 0, 0, 0, 0, 2, 47, 328
"c:\Users\brian\Desktop\Code\My Game\build\_deps\vma-src\docs\html\other_api_interop.html", "HTML", 0, 0, 0, 0, 0, 0, 0, 264, 0, 0, 0, 0, 0, 0, 0, 0, 0, 0, 5, 3, 272
"c:\Users\brian\Desktop\Code\My Game\build\_deps\vma-src\docs\html\pages.html", "HTML", 0, 0, 0, 0, 0, 0, 0, 109, 0, 0, 0, 0, 0, 0, 0, 0, 0, 0, 5, 3, 117
"c:\Users\brian\Desktop\Code\My Game\build\_deps\vma-src\docs\html\plus.svg", "XML", 0, 0, 0, 0, 0, 0, 0, 0, 0, 0, 0, 0, 0, 0, 9, 0, 0, 0, 0, 1, 10
"c:\Users\brian\Desktop\Code\My Game\build\_deps\vma-src\docs\html\plusd.svg", "XML", 0, 0, 0, 0, 0, 0, 0, 0, 0, 0, 0, 0, 0, 0, 9, 0, 0, 0, 0, 1, 10
"c:\Users\brian\Desktop\Code\My Game\build\_deps\vma-src\docs\html\quick_start.html", "HTML", 0, 0, 0, 0, 0, 0, 0, 259, 0, 0, 0, 0, 0, 0, 0, 0, 0, 0, 5, 3, 267
"c:\Users\brian\Desktop\Code\My Game\build\_deps\vma-src\docs\html\resize.js", "JavaScript", 0, 0, 0, 0, 0, 0, 0, 0, 96, 0, 0, 0, 0, 0, 0, 0, 0, 0, 45, 7, 148
"c:\Users\brian\Desktop\Code\My Game\build\_deps\vma-src\docs\html\resource_aliasing.html", "HTML", 0, 0, 0, 0, 0, 0, 0, 191, 0, 0, 0, 0, 0, 0, 0, 0, 0, 0, 5, 3, 199
"c:\Users\brian\Desktop\Code\My Game\build\_deps\vma-src\docs\html\search\all_0.js", "JavaScript", 0, 0, 0, 0, 0, 0, 0, 0, 36, 0, 0, 0, 0, 0, 0, 0, 0, 0, 0, 1, 37
"c:\Users\brian\Desktop\Code\My Game\build\_deps\vma-src\docs\html\search\all_1.js", "JavaScript", 0, 0, 0, 0, 0, 0, 0, 0, 12, 0, 0, 0, 0, 0, 0, 0, 0, 0, 0, 1, 13
"c:\Users\brian\Desktop\Code\My Game\build\_deps\vma-src\docs\html\search\all_10.js", "JavaScript", 0, 0, 0, 0, 0, 0, 0, 0, 11, 0, 0, 0, 0, 0, 0, 0, 0, 0, 0, 1, 12
"c:\Users\brian\Desktop\Code\My Game\build\_deps\vma-src\docs\html\search\all_11.js", "JavaScript", 0, 0, 0, 0, 0, 0, 0, 0, 16, 0, 0, 0, 0, 0, 0, 0, 0, 0, 0, 1, 17
"c:\Users\brian\Desktop\Code\My Game\build\_deps\vma-src\docs\html\search\all_12.js", "JavaScript", 0, 0, 0, 0, 0, 0, 0, 0, 10, 0, 0, 0, 0, 0, 0, 0, 0, 0, 0, 1, 11
"c:\Users\brian\Desktop\Code\My Game\build\_deps\vma-src\docs\html\search\all_13.js", "JavaScript", 0, 0, 0, 0, 0, 0, 0, 0, 15, 0, 0, 0, 0, 0, 0, 0, 0, 0, 0, 1, 16
"c:\Users\brian\Desktop\Code\My Game\build\_deps\vma-src\docs\html\search\all_14.js", "JavaScript", 0, 0, 0, 0, 0, 0, 0, 0, 222, 0, 0, 0, 0, 0, 0, 0, 0, 0, 0, 1, 223
"c:\Users\brian\Desktop\Code\My Game\build\_deps\vma-src\docs\html\search\all_15.js", "JavaScript", 0, 0, 0, 0, 0, 0, 0, 0, 8, 0, 0, 0, 0, 0, 0, 0, 0, 0, 0, 1, 9
"c:\Users\brian\Desktop\Code\My Game\build\_deps\vma-src\docs\html\search\all_2.js", "JavaScript", 0, 0, 0, 0, 0, 0, 0, 0, 21, 0, 0, 0, 0, 0, 0, 0, 0, 0, 0, 1, 22
"c:\Users\brian\Desktop\Code\My Game\build\_deps\vma-src\docs\html\search\all_3.js", "JavaScript", 0, 0, 0, 0, 0, 0, 0, 0, 22, 0, 0, 0, 0, 0, 0, 0, 0, 0, 0, 1, 23
"c:\Users\brian\Desktop\Code\My Game\build\_deps\vma-src\docs\html\search\all_4.js", "JavaScript", 0, 0, 0, 0, 0, 0, 0, 0, 10, 0, 0, 0, 0, 0, 0, 0, 0, 0, 0, 1, 11
"c:\Users\brian\Desktop\Code\My Game\build\_deps\vma-src\docs\html\search\all_5.js", "JavaScript", 0, 0, 0, 0, 0, 0, 0, 0, 12, 0, 0, 0, 0, 0, 0, 0, 0, 0, 0, 1, 13
"c:\Users\brian\Desktop\Code\My Game\build\_deps\vma-src\docs\html\search\all_6.js", "JavaScript", 0, 0, 0, 0, 0, 0, 0, 0, 6, 0, 0, 0, 0, 0, 0, 0, 0, 0, 0, 1, 7
"c:\Users\brian\Desktop\Code\My Game\build\_deps\vma-src\docs\html\search\all_7.js", "JavaScript", 0, 0, 0, 0, 0, 0, 0, 0, 6, 0, 0, 0, 0, 0, 0, 0, 0, 0, 0, 1, 7
"c:\Users\brian\Desktop\Code\My Game\build\_deps\vma-src\docs\html\search\all_8.js", "JavaScript", 0, 0, 0, 0, 0, 0, 0, 0, 13, 0, 0, 0, 0, 0, 0, 0, 0, 0, 0, 1, 14
"c:\Users\brian\Desktop\Code\My Game\build\_deps\vma-src\docs\html\search\all_9.js", "JavaScript", 0, 0, 0, 0, 0, 0, 0, 0, 4, 0, 0, 0, 0, 0, 0, 0, 0, 0, 0, 1, 5
"c:\Users\brian\Desktop\Code\My Game\build\_deps\vma-src\docs\html\search\all_a.js", "JavaScript", 0, 0, 0, 0, 0, 0, 0, 0, 9, 0, 0, 0, 0, 0, 0, 0, 0, 0, 0, 1, 10
"c:\Users\brian\Desktop\Code\My Game\build\_deps\vma-src\docs\html\search\all_b.js", "JavaScript", 0, 0, 0, 0, 0, 0, 0, 0, 33, 0, 0, 0, 0, 0, 0, 0, 0, 0, 0, 1, 34
"c:\Users\brian\Desktop\Code\My Game\build\_deps\vma-src\docs\html\search\all_c.js", "JavaScript", 0, 0, 0, 0, 0, 0, 0, 0, 8, 0, 0, 0, 0, 0, 0, 0, 0, 0, 0, 1, 9
"c:\Users\brian\Desktop\Code\My Game\build\_deps\vma-src\docs\html\search\all_d.js", "JavaScript", 0, 0, 0, 0, 0, 0, 0, 0, 12, 0, 0, 0, 0, 0, 0, 0, 0, 0, 0, 1, 13
"c:\Users\brian\Desktop\Code\My Game\build\_deps\vma-src\docs\html\search\all_e.js", "JavaScript", 0, 0, 0, 0, 0, 0, 0, 0, 33, 0, 0, 0, 0, 0, 0, 0, 0, 0, 0, 1, 34
"c:\Users\brian\Desktop\Code\My Game\build\_deps\vma-src\docs\html\search\all_f.js", "JavaScript", 0, 0, 0, 0, 0, 0, 0, 0, 6, 0, 0, 0, 0, 0, 0, 0, 0, 0, 0, 1, 7
"c:\Users\brian\Desktop\Code\My Game\build\_deps\vma-src\docs\html\search\classes_0.js", "JavaScript", 0, 0, 0, 0, 0, 0, 0, 0, 28, 0, 0, 0, 0, 0, 0, 0, 0, 0, 0, 1, 29
"c:\Users\brian\Desktop\Code\My Game\build\_deps\vma-src\docs\html\search\close.svg", "XML", 0, 0, 0, 0, 0, 0, 0, 0, 0, 0, 0, 0, 0, 0, 18, 0, 0, 0, 0, 1, 19
"c:\Users\brian\Desktop\Code\My Game\build\_deps\vma-src\docs\html\search\defines_0.js", "JavaScript", 0, 0, 0, 0, 0, 0, 0, 0, 5, 0, 0, 0, 0, 0, 0, 0, 0, 0, 0, 1, 6
"c:\Users\brian\Desktop\Code\My Game\build\_deps\vma-src\docs\html\search\enums_0.js", "JavaScript", 0, 0, 0, 0, 0, 0, 0, 0, 11, 0, 0, 0, 0, 0, 0, 0, 0, 0, 0, 1, 12
"c:\Users\brian\Desktop\Code\My Game\build\_deps\vma-src\docs\html\search\enumvalues_0.js", "JavaScript", 0, 0, 0, 0, 0, 0, 0, 0, 65, 0, 0, 0, 0, 0, 0, 0, 0, 0, 0, 1, 66
"c:\Users\brian\Desktop\Code\My Game\build\_deps\vma-src\docs\html\search\files_0.js", "JavaScript", 0, 0, 0, 0, 0, 0, 0, 0, 4, 0, 0, 0, 0, 0, 0, 0, 0, 0, 0, 1, 5
"c:\Users\brian\Desktop\Code\My Game\build\_deps\vma-src\docs\html\search\functions_0.js", "JavaScript", 0, 0, 0, 0, 0, 0, 0, 0, 79, 0, 0, 0, 0, 0, 0, 0, 0, 0, 0, 1, 80
"c:\Users\brian\Desktop\Code\My Game\build\_deps\vma-src\docs\html\search\groups_0.js", "JavaScript", 0, 0, 0, 0, 0, 0, 0, 0, 5, 0, 0, 0, 0, 0, 0, 0, 0, 0, 0, 1, 6
"c:\Users\brian\Desktop\Code\My Game\build\_deps\vma-src\docs\html\search\groups_1.js", "JavaScript", 0, 0, 0, 0, 0, 0, 0, 0, 4, 0, 0, 0, 0, 0, 0, 0, 0, 0, 0, 1, 5
"c:\Users\brian\Desktop\Code\My Game\build\_deps\vma-src\docs\html\search\groups_2.js", "JavaScript", 0, 0, 0, 0, 0, 0, 0, 0, 4, 0, 0, 0, 0, 0, 0, 0, 0, 0, 0, 1, 5
"c:\Users\brian\Desktop\Code\My Game\build\_deps\vma-src\docs\html\search\groups_3.js", "JavaScript", 0, 0, 0, 0, 0, 0, 0, 0, 4, 0, 0, 0, 0, 0, 0, 0, 0, 0, 0, 1, 5
"c:\Users\brian\Desktop\Code\My Game\build\_deps\vma-src\docs\html\search\groups_4.js", "JavaScript", 0, 0, 0, 0, 0, 0, 0, 0, 4, 0, 0, 0, 0, 0, 0, 0, 0, 0, 0, 1, 5
"c:\Users\brian\Desktop\Code\My Game\build\_deps\vma-src\docs\html\search\groups_5.js", "JavaScript", 0, 0, 0, 0, 0, 0, 0, 0, 4, 0, 0, 0, 0, 0, 0, 0, 0, 0, 0, 1, 5
"c:\Users\brian\Desktop\Code\My Game\build\_deps\vma-src\docs\html\search\mag.svg", "XML", 0, 0, 0, 0, 0, 0, 0, 0, 0, 0, 0, 0, 0, 0, 24, 0, 0, 0, 0, 1, 25
"c:\Users\brian\Desktop\Code\My Game\build\_deps\vma-src\docs\html\search\mag_d.svg", "XML", 0, 0, 0, 0, 0, 0, 0, 0, 0, 0, 0, 0, 0, 0, 24, 0, 0, 0, 0, 1, 25
"c:\Users\brian\Desktop\Code\My Game\build\_deps\vma-src\docs\html\search\mag_sel.svg", "XML", 0, 0, 0, 0, 0, 0, 0, 0, 0, 0, 0, 0, 0, 0, 30, 0, 0, 0, 1, 1, 32
"c:\Users\brian\Desktop\Code\My Game\build\_deps\vma-src\docs\html\search\mag_seld.svg", "XML", 0, 0, 0, 0, 0, 0, 0, 0, 0, 0, 0, 0, 0, 0, 30, 0, 0, 0, 1, 1, 32
"c:\Users\brian\Desktop\Code\My Game\build\_deps\vma-src\docs\html\search\pages_0.js", "JavaScript", 0, 0, 0, 0, 0, 0, 0, 0, 30, 0, 0, 0, 0, 0, 0, 0, 0, 0, 0, 1, 31
"c:\Users\brian\Desktop\Code\My Game\build\_deps\vma-src\docs\html\search\pages_1.js", "JavaScript", 0, 0, 0, 0, 0, 0, 0, 0, 7, 0, 0, 0, 0, 0, 0, 0, 0, 0, 0, 1, 8
"c:\Users\brian\Desktop\Code\My Game\build\_deps\vma-src\docs\html\search\pages_10.js", "JavaScript", 0, 0, 0, 0, 0, 0, 0, 0, 10, 0, 0, 0, 0, 0, 0, 0, 0, 0, 0, 1, 11
"c:\Users\brian\Desktop\Code\My Game\build\_deps\vma-src\docs\html\search\pages_11.js", "JavaScript", 0, 0, 0, 0, 0, 0, 0, 0, 14, 0, 0, 0, 0, 0, 0, 0, 0, 0, 0, 1, 15
"c:\Users\brian\Desktop\Code\My Game\build\_deps\vma-src\docs\html\search\pages_12.js", "JavaScript", 0, 0, 0, 0, 0, 0, 0, 0, 9, 0, 0, 0, 0, 0, 0, 0, 0, 0, 0, 1, 10
"c:\Users\brian\Desktop\Code\My Game\build\_deps\vma-src\docs\html\search\pages_13.js", "JavaScript", 0, 0, 0, 0, 0, 0, 0, 0, 12, 0, 0, 0, 0, 0, 0, 0, 0, 0, 0, 1, 13
"c:\Users\brian\Desktop\Code\My Game\build\_deps\vma-src\docs\html\search\pages_14.js", "JavaScript", 0, 0, 0, 0, 0, 0, 0, 0, 15, 0, 0, 0, 0, 0, 0, 0, 0, 0, 0, 1, 16
"c:\Users\brian\Desktop\Code\My Game\build\_deps\vma-src\docs\html\search\pages_15.js", "JavaScript", 0, 0, 0, 0, 0, 0, 0, 0, 8, 0, 0, 0, 0, 0, 0, 0, 0, 0, 0, 1, 9
"c:\Users\brian\Desktop\Code\My Game\build\_deps\vma-src\docs\html\search\pages_2.js", "JavaScript", 0, 0, 0, 0, 0, 0, 0, 0, 21, 0, 0, 0, 0, 0, 0, 0, 0, 0, 0, 1, 22
"c:\Users\brian\Desktop\Code\My Game\build\_deps\vma-src\docs\html\search\pages_3.js", "JavaScript", 0, 0, 0, 0, 0, 0, 0, 0, 17, 0, 0, 0, 0, 0, 0, 0, 0, 0, 0, 1, 18
"c:\Users\brian\Desktop\Code\My Game\build\_deps\vma-src\docs\html\search\pages_4.js", "JavaScript", 0, 0, 0, 0, 0, 0, 0, 0, 10, 0, 0, 0, 0, 0, 0, 0, 0, 0, 0, 1, 11
"c:\Users\brian\Desktop\Code\My Game\build\_deps\vma-src\docs\html\search\pages_5.js", "JavaScript", 0, 0, 0, 0, 0, 0, 0, 0, 12, 0, 0, 0, 0, 0, 0, 0, 0, 0, 0, 1, 13
"c:\Users\brian\Desktop\Code\My Game\build\_deps\vma-src\docs\html\search\pages_6.js", "JavaScript", 0, 0, 0, 0, 0, 0, 0, 0, 6, 0, 0, 0, 0, 0, 0, 0, 0, 0, 0, 1, 7
"c:\Users\brian\Desktop\Code\My Game\build\_deps\vma-src\docs\html\search\pages_7.js", "JavaScript", 0, 0, 0, 0, 0, 0, 0, 0, 6, 0, 0, 0, 0, 0, 0, 0, 0, 0, 0, 1, 7
"c:\Users\brian\Desktop\Code\My Game\build\_deps\vma-src\docs\html\search\pages_8.js", "JavaScript", 0, 0, 0, 0, 0, 0, 0, 0, 12, 0, 0, 0, 0, 0, 0, 0, 0, 0, 0, 1, 13
"c:\Users\brian\Desktop\Code\My Game\build\_deps\vma-src\docs\html\search\pages_9.js", "JavaScript", 0, 0, 0, 0, 0, 0, 0, 0, 4, 0, 0, 0, 0, 0, 0, 0, 0, 0, 0, 1, 5
"c:\Users\brian\Desktop\Code\My Game\build\_deps\vma-src\docs\html\search\pages_a.js", "JavaScript", 0, 0, 0, 0, 0, 0, 0, 0, 8, 0, 0, 0, 0, 0, 0, 0, 0, 0, 0, 1, 9
"c:\Users\brian\Desktop\Code\My Game\build\_deps\vma-src\docs\html\search\pages_b.js", "JavaScript", 0, 0, 0, 0, 0, 0, 0, 0, 22, 0, 0, 0, 0, 0, 0, 0, 0, 0, 0, 1, 23
"c:\Users\brian\Desktop\Code\My Game\build\_deps\vma-src\docs\html\search\pages_c.js", "JavaScript", 0, 0, 0, 0, 0, 0, 0, 0, 8, 0, 0, 0, 0, 0, 0, 0, 0, 0, 0, 1, 9
"c:\Users\brian\Desktop\Code\My Game\build\_deps\vma-src\docs\html\search\pages_d.js", "JavaScript", 0, 0, 0, 0, 0, 0, 0, 0, 10, 0, 0, 0, 0, 0, 0, 0, 0, 0, 0, 1, 11
"c:\Users\brian\Desktop\Code\My Game\build\_deps\vma-src\docs\html\search\pages_e.js", "JavaScript", 0, 0, 0, 0, 0, 0, 0, 0, 11, 0, 0, 0, 0, 0, 0, 0, 0, 0, 0, 1, 12
"c:\Users\brian\Desktop\Code\My Game\build\_deps\vma-src\docs\html\search\pages_f.js", "JavaScript", 0, 0, 0, 0, 0, 0, 0, 0, 6, 0, 0, 0, 0, 0, 0, 0, 0, 0, 0, 1, 7
"c:\Users\brian\Desktop\Code\My Game\build\_deps\vma-src\docs\html\search\search.css", "PostCSS", 0, 0, 0, 0, 0, 0, 0, 0, 0, 0, 0, 0, 0, 304, 0, 0, 0, 0, 9, 65, 378
"c:\Users\brian\Desktop\Code\My Game\build\_deps\vma-src\docs\html\search\search.js", "JavaScript", 0, 0, 0, 0, 0, 0, 0, 0, 580, 0, 0, 0, 0, 0, 0, 0, 0, 0, 60, 69, 709
"c:\Users\brian\Desktop\Code\My Game\build\_deps\vma-src\docs\html\search\searchdata.js", "JavaScript", 0, 0, 0, 0, 0, 0, 0, 0, 42, 0, 0, 0, 0, 0, 0, 0, 0, 0, 0, 4, 46
"c:\Users\brian\Desktop\Code\My Game\build\_deps\vma-src\docs\html\search\typedefs_0.js", "JavaScript", 0, 0, 0, 0, 0, 0, 0, 0, 6, 0, 0, 0, 0, 0, 0, 0, 0, 0, 0, 1, 7
"c:\Users\brian\Desktop\Code\My Game\build\_deps\vma-src\docs\html\search\typedefs_1.js", "JavaScript", 0, 0, 0, 0, 0, 0, 0, 0, 36, 0, 0, 0, 0, 0, 0, 0, 0, 0, 0, 1, 37
"c:\Users\brian\Desktop\Code\My Game\build\_deps\vma-src\docs\html\search\variables_0.js", "JavaScript", 0, 0, 0, 0, 0, 0, 0, 0, 10, 0, 0, 0, 0, 0, 0, 0, 0, 0, 0, 1, 11
"c:\Users\brian\Desktop\Code\My Game\build\_deps\vma-src\docs\html\search\variables_1.js", "JavaScript", 0, 0, 0, 0, 0, 0, 0, 0, 9, 0, 0, 0, 0, 0, 0, 0, 0, 0, 0, 1, 10
"c:\Users\brian\Desktop\Code\My Game\build\_deps\vma-src\docs\html\search\variables_2.js", "JavaScript", 0, 0, 0, 0, 0, 0, 0, 0, 8, 0, 0, 0, 0, 0, 0, 0, 0, 0, 0, 1, 9
"c:\Users\brian\Desktop\Code\My Game\build\_deps\vma-src\docs\html\search\variables_3.js", "JavaScript", 0, 0, 0, 0, 0, 0, 0, 0, 4, 0, 0, 0, 0, 0, 0, 0, 0, 0, 0, 1, 5
"c:\Users\brian\Desktop\Code\My Game\build\_deps\vma-src\docs\html\search\variables_4.js", "JavaScript", 0, 0, 0, 0, 0, 0, 0, 0, 4, 0, 0, 0, 0, 0, 0, 0, 0, 0, 0, 1, 5
"c:\Users\brian\Desktop\Code\My Game\build\_deps\vma-src\docs\html\search\variables_5.js", "JavaScript", 0, 0, 0, 0, 0, 0, 0, 0, 14, 0, 0, 0, 0, 0, 0, 0, 0, 0, 0, 1, 15
"c:\Users\brian\Desktop\Code\My Game\build\_deps\vma-src\docs\html\search\variables_6.js", "JavaScript", 0, 0, 0, 0, 0, 0, 0, 0, 5, 0, 0, 0, 0, 0, 0, 0, 0, 0, 0, 1, 6
"c:\Users\brian\Desktop\Code\My Game\build\_deps\vma-src\docs\html\search\variables_7.js", "JavaScript", 0, 0, 0, 0, 0, 0, 0, 0, 22, 0, 0, 0, 0, 0, 0, 0, 0, 0, 0, 1, 23
"c:\Users\brian\Desktop\Code\My Game\build\_deps\vma-src\docs\html\search\variables_8.js", "JavaScript", 0, 0, 0, 0, 0, 0, 0, 0, 4, 0, 0, 0, 0, 0, 0, 0, 0, 0, 0, 1, 5
"c:\Users\brian\Desktop\Code\My Game\build\_deps\vma-src\docs\html\search\variables_9.js", "JavaScript", 0, 0, 0, 0, 0, 0, 0, 0, 6, 0, 0, 0, 0, 0, 0, 0, 0, 0, 0, 1, 7
"c:\Users\brian\Desktop\Code\My Game\build\_deps\vma-src\docs\html\search\variables_a.js", "JavaScript", 0, 0, 0, 0, 0, 0, 0, 0, 4, 0, 0, 0, 0, 0, 0, 0, 0, 0, 0, 1, 5
"c:\Users\brian\Desktop\Code\My Game\build\_deps\vma-src\docs\html\search\variables_b.js", "JavaScript", 0, 0, 0, 0, 0, 0, 0, 0, 7, 0, 0, 0, 0, 0, 0, 0, 0, 0, 0, 1, 8
"c:\Users\brian\Desktop\Code\My Game\build\_deps\vma-src\docs\html\search\variables_c.js", "JavaScript", 0, 0, 0, 0, 0, 0, 0, 0, 30, 0, 0, 0, 0, 0, 0, 0, 0, 0, 0, 1, 31
"c:\Users\brian\Desktop\Code\My Game\build\_deps\vma-src\docs\html\statistics.html", "HTML", 0, 0, 0, 0, 0, 0, 0, 136, 0, 0, 0, 0, 0, 0, 0, 0, 0, 0, 5, 3, 144
"c:\Users\brian\Desktop\Code\My Game\build\_deps\vma-src\docs\html\staying_within_budget.html", "HTML", 0, 0, 0, 0, 0, 0, 0, 135, 0, 0, 0, 0, 0, 0, 0, 0, 0, 0, 5, 3, 143
"c:\Users\brian\Desktop\Code\My Game\build\_deps\vma-src\docs\html\struct_vma_allocation.html", "HTML", 0, 0, 0, 0, 0, 0, 0, 115, 0, 0, 0, 0, 0, 0, 0, 0, 0, 0, 5, 4, 124
"c:\Users\brian\Desktop\Code\My Game\build\_deps\vma-src\docs\html\struct_vma_allocation_create_info-members.html", "HTML", 0, 0, 0, 0, 0, 0, 0, 115, 0, 0, 0, 0, 0, 0, 0, 0, 0, 0, 5, 4, 124
"c:\Users\brian\Desktop\Code\My Game\build\_deps\vma-src\docs\html\struct_vma_allocation_create_info.html", "HTML", 0, 0, 0, 0, 0, 0, 0, 268, 0, 0, 0, 0, 0, 0, 0, 0, 0, 0, 5, 31, 304
"c:\Users\brian\Desktop\Code\My Game\build\_deps\vma-src\docs\html\struct_vma_allocation_info-members.html", "HTML", 0, 0, 0, 0, 0, 0, 0, 113, 0, 0, 0, 0, 0, 0, 0, 0, 0, 0, 5, 4, 122
"c:\Users\brian\Desktop\Code\My Game\build\_deps\vma-src\docs\html\struct_vma_allocation_info.html", "HTML", 0, 0, 0, 0, 0, 0, 0, 235, 0, 0, 0, 0, 0, 0, 0, 0, 0, 0, 5, 24, 264
"c:\Users\brian\Desktop\Code\My Game\build\_deps\vma-src\docs\html\struct_vma_allocation_info2-members.html", "HTML", 0, 0, 0, 0, 0, 0, 0, 109, 0, 0, 0, 0, 0, 0, 0, 0, 0, 0, 5, 4, 118
"c:\Users\brian\Desktop\Code\My Game\build\_deps\vma-src\docs\html\struct_vma_allocation_info2.html", "HTML", 0, 0, 0, 0, 0, 0, 0, 167, 0, 0, 0, 0, 0, 0, 0, 0, 0, 0, 5, 13, 185
"c:\Users\brian\Desktop\Code\My Game\build\_deps\vma-src\docs\html\struct_vma_allocator.html", "HTML", 0, 0, 0, 0, 0, 0, 0, 113, 0, 0, 0, 0, 0, 0, 0, 0, 0, 0, 5, 4, 122
"c:\Users\brian\Desktop\Code\My Game\build\_deps\vma-src\docs\html\struct_vma_allocator_create_info-members.html", "HTML", 0, 0, 0, 0, 0, 0, 0, 117, 0, 0, 0, 0, 0, 0, 0, 0, 0, 0, 5, 4, 126
"c:\Users\brian\Desktop\Code\My Game\build\_deps\vma-src\docs\html\struct_vma_allocator_create_info.html", "HTML", 0, 0, 0, 0, 0, 0, 0, 302, 0, 0, 0, 0, 0, 0, 0, 0, 0, 0, 5, 37, 344
"c:\Users\brian\Desktop\Code\My Game\build\_deps\vma-src\docs\html\struct_vma_allocator_info-members.html", "HTML", 0, 0, 0, 0, 0, 0, 0, 109, 0, 0, 0, 0, 0, 0, 0, 0, 0, 0, 5, 4, 118
"c:\Users\brian\Desktop\Code\My Game\build\_deps\vma-src\docs\html\struct_vma_allocator_info.html", "HTML", 0, 0, 0, 0, 0, 0, 0, 167, 0, 0, 0, 0, 0, 0, 0, 0, 0, 0, 5, 13, 185
"c:\Users\brian\Desktop\Code\My Game\build\_deps\vma-src\docs\html\struct_vma_budget-members.html", "HTML", 0, 0, 0, 0, 0, 0, 0, 109, 0, 0, 0, 0, 0, 0, 0, 0, 0, 0, 5, 4, 118
"c:\Users\brian\Desktop\Code\My Game\build\_deps\vma-src\docs\html\struct_vma_budget.html", "HTML", 0, 0, 0, 0, 0, 0, 0, 169, 0, 0, 0, 0, 0, 0, 0, 0, 0, 0, 5, 13, 187
"c:\Users\brian\Desktop\Code\My Game\build\_deps\vma-src\docs\html\struct_vma_defragmentation_context.html", "HTML", 0, 0, 0, 0, 0, 0, 0, 112, 0, 0, 0, 0, 0, 0, 0, 0, 0, 0, 5, 4, 121
"c:\Users\brian\Desktop\Code\My Game\build\_deps\vma-src\docs\html\struct_vma_defragmentation_info-members.html", "HTML", 0, 0, 0, 0, 0, 0, 0, 112, 0, 0, 0, 0, 0, 0, 0, 0, 0, 0, 5, 4, 121
"c:\Users\brian\Desktop\Code\My Game\build\_deps\vma-src\docs\html\struct_vma_defragmentation_info.html", "HTML", 0, 0, 0, 0, 0, 0, 0, 214, 0, 0, 0, 0, 0, 0, 0, 0, 0, 0, 5, 22, 241
"c:\Users\brian\Desktop\Code\My Game\build\_deps\vma-src\docs\html\struct_vma_defragmentation_move-members.html", "HTML", 0, 0, 0, 0, 0, 0, 0, 109, 0, 0, 0, 0, 0, 0, 0, 0, 0, 0, 5, 4, 118
"c:\Users\brian\Desktop\Code\My Game\build\_deps\vma-src\docs\html\struct_vma_defragmentation_move.html", "HTML", 0, 0, 0, 0, 0, 0, 0, 165, 0, 0, 0, 0, 0, 0, 0, 0, 0, 0, 5, 13, 183
"c:\Users\brian\Desktop\Code\My Game\build\_deps\vma-src\docs\html\struct_vma_defragmentation_pass_move_info-members.html", "HTML", 0, 0, 0, 0, 0, 0, 0, 108, 0, 0, 0, 0, 0, 0, 0, 0, 0, 0, 5, 4, 117
"c:\Users\brian\Desktop\Code\My Game\build\_deps\vma-src\docs\html\struct_vma_defragmentation_pass_move_info.html", "HTML", 0, 0, 0, 0, 0, 0, 0, 166, 0, 0, 0, 0, 0, 0, 0, 0, 0, 0, 5, 10, 181
"c:\Users\brian\Desktop\Code\My Game\build\_deps\vma-src\docs\html\struct_vma_defragmentation_stats-members.html", "HTML", 0, 0, 0, 0, 0, 0, 0, 110, 0, 0, 0, 0, 0, 0, 0, 0, 0, 0, 5, 4, 119
"c:\Users\brian\Desktop\Code\My Game\build\_deps\vma-src\docs\html\struct_vma_defragmentation_stats.html", "HTML", 0, 0, 0, 0, 0, 0, 0, 179, 0, 0, 0, 0, 0, 0, 0, 0, 0, 0, 5, 16, 200
"c:\Users\brian\Desktop\Code\My Game\build\_deps\vma-src\docs\html\struct_vma_detailed_statistics-members.html", "HTML", 0, 0, 0, 0, 0, 0, 0, 112, 0, 0, 0, 0, 0, 0, 0, 0, 0, 0, 5, 4, 121
"c:\Users\brian\Desktop\Code\My Game\build\_deps\vma-src\docs\html\struct_vma_detailed_statistics.html", "HTML", 0, 0, 0, 0, 0, 0, 0, 214, 0, 0, 0, 0, 0, 0, 0, 0, 0, 0, 5, 22, 241
"c:\Users\brian\Desktop\Code\My Game\build\_deps\vma-src\docs\html\struct_vma_device_memory_callbacks-members.html", "HTML", 0, 0, 0, 0, 0, 0, 0, 109, 0, 0, 0, 0, 0, 0, 0, 0, 0, 0, 5, 4, 118
"c:\Users\brian\Desktop\Code\My Game\build\_deps\vma-src\docs\html\struct_vma_device_memory_callbacks.html", "HTML", 0, 0, 0, 0, 0, 0, 0, 166, 0, 0, 0, 0, 0, 0, 0, 0, 0, 0, 5, 13, 184
"c:\Users\brian\Desktop\Code\My Game\build\_deps\vma-src\docs\html\struct_vma_pool.html", "HTML", 0, 0, 0, 0, 0, 0, 0, 113, 0, 0, 0, 0, 0, 0, 0, 0, 0, 0, 5, 4, 122
"c:\Users\brian\Desktop\Code\My Game\build\_deps\vma-src\docs\html\struct_vma_pool_create_info-members.html", "HTML", 0, 0, 0, 0, 0, 0, 0, 114, 0, 0, 0, 0, 0, 0, 0, 0, 0, 0, 5, 4, 123
"c:\Users\brian\Desktop\Code\My Game\build\_deps\vma-src\docs\html\struct_vma_pool_create_info.html", "HTML", 0, 0, 0, 0, 0, 0, 0, 249, 0, 0, 0, 0, 0, 0, 0, 0, 0, 0, 5, 28, 282
"c:\Users\brian\Desktop\Code\My Game\build\_deps\vma-src\docs\html\struct_vma_statistics-members.html", "HTML", 0, 0, 0, 0, 0, 0, 0, 110, 0, 0, 0, 0, 0, 0, 0, 0, 0, 0, 5, 4, 119
"c:\Users\brian\Desktop\Code\My Game\build\_deps\vma-src\docs\html\struct_vma_statistics.html", "HTML", 0, 0, 0, 0, 0, 0, 0, 183, 0, 0, 0, 0, 0, 0, 0, 0, 0, 0, 5, 16, 204
"c:\Users\brian\Desktop\Code\My Game\build\_deps\vma-src\docs\html\struct_vma_total_statistics-members.html", "HTML", 0, 0, 0, 0, 0, 0, 0, 109, 0, 0, 0, 0, 0, 0, 0, 0, 0, 0, 5, 4, 118
"c:\Users\brian\Desktop\Code\My Game\build\_deps\vma-src\docs\html\struct_vma_total_statistics.html", "HTML", 0, 0, 0, 0, 0, 0, 0, 159, 0, 0, 0, 0, 0, 0, 0, 0, 0, 0, 5, 10, 174
"c:\Users\brian\Desktop\Code\My Game\build\_deps\vma-src\docs\html\struct_vma_virtual_allocation.html", "HTML", 0, 0, 0, 0, 0, 0, 0, 113, 0, 0, 0, 0, 0, 0, 0, 0, 0, 0, 5, 4, 122
"c:\Users\brian\Desktop\Code\My Game\build\_deps\vma-src\docs\html\struct_vma_virtual_allocation_create_info-members.html", "HTML", 0, 0, 0, 0, 0, 0, 0, 110, 0, 0, 0, 0, 0, 0, 0, 0, 0, 0, 5, 4, 119
"c:\Users\brian\Desktop\Code\My Game\build\_deps\vma-src\docs\html\struct_vma_virtual_allocation_create_info.html", "HTML", 0, 0, 0, 0, 0, 0, 0, 182, 0, 0, 0, 0, 0, 0, 0, 0, 0, 0, 5, 16, 203
"c:\Users\brian\Desktop\Code\My Game\build\_deps\vma-src\docs\html\struct_vma_virtual_allocation_info-members.html", "HTML", 0, 0, 0, 0, 0, 0, 0, 109, 0, 0, 0, 0, 0, 0, 0, 0, 0, 0, 5, 4, 118
"c:\Users\brian\Desktop\Code\My Game\build\_deps\vma-src\docs\html\struct_vma_virtual_allocation_info.html", "HTML", 0, 0, 0, 0, 0, 0, 0, 167, 0, 0, 0, 0, 0, 0, 0, 0, 0, 0, 5, 13, 185
"c:\Users\brian\Desktop\Code\My Game\build\_deps\vma-src\docs\html\struct_vma_virtual_block.html", "HTML", 0, 0, 0, 0, 0, 0, 0, 113, 0, 0, 0, 0, 0, 0, 0, 0, 0, 0, 5, 4, 122
"c:\Users\brian\Desktop\Code\My Game\build\_deps\vma-src\docs\html\struct_vma_virtual_block_create_info-members.html", "HTML", 0, 0, 0, 0, 0, 0, 0, 109, 0, 0, 0, 0, 0, 0, 0, 0, 0, 0, 5, 4, 118
"c:\Users\brian\Desktop\Code\My Game\build\_deps\vma-src\docs\html\struct_vma_virtual_block_create_info.html", "HTML", 0, 0, 0, 0, 0, 0, 0, 166, 0, 0, 0, 0, 0, 0, 0, 0, 0, 0, 5, 13, 184
"c:\Users\brian\Desktop\Code\My Game\build\_deps\vma-src\docs\html\struct_vma_vulkan_functions-members.html", "HTML", 0, 0, 0, 0, 0, 0, 0, 132, 0, 0, 0, 0, 0, 0, 0, 0, 0, 0, 5, 4, 141
"c:\Users\brian\Desktop\Code\My Game\build\_deps\vma-src\docs\html\struct_vma_vulkan_functions.html", "HTML", 0, 0, 0, 0, 0, 0, 0, 474, 0, 0, 0, 0, 0, 0, 0, 0, 0, 0, 5, 64, 543
"c:\Users\brian\Desktop\Code\My Game\build\_deps\vma-src\docs\html\tabs.css", "PostCSS", 0, 0, 0, 0, 0, 0, 0, 0, 0, 0, 0, 0, 0, 402, 0, 0, 0, 0, 0, 81, 483
"c:\Users\brian\Desktop\Code\My Game\build\_deps\vma-src\docs\html\topics.html", "HTML", 0, 0, 0, 0, 0, 0, 0, 112, 0, 0, 0, 0, 0, 0, 0, 0, 0, 0, 5, 3, 120
"c:\Users\brian\Desktop\Code\My Game\build\_deps\vma-src\docs\html\usage_patterns.html", "HTML", 0, 0, 0, 0, 0, 0, 0, 330, 0, 0, 0, 0, 0, 0, 0, 0, 0, 0, 5, 3, 338
"c:\Users\brian\Desktop\Code\My Game\build\_deps\vma-src\docs\html\virtual_allocator.html", "HTML", 0, 0, 0, 0, 0, 0, 0, 215, 0, 0, 0, 0, 0, 0, 0, 0, 0, 0, 5, 3, 223
"c:\Users\brian\Desktop\Code\My Game\build\_deps\vma-src\docs\html\vk__mem__alloc_8h.html", "HTML", 0, 0, 0, 0, 0, 0, 0, 512, 0, 0, 0, 0, 0, 0, 0, 0, 0, 0, 5, 7, 524
"c:\Users\brian\Desktop\Code\My Game\build\_deps\vma-src\docs\html\vk_amd_device_coherent_memory.html", "HTML", 0, 0, 0, 0, 0, 0, 0, 130, 0, 0, 0, 0, 0, 0, 0, 0, 0, 0, 5, 3, 138
"c:\Users\brian\Desktop\Code\My Game\build\_deps\vma-src\docs\html\vk_ext_memory_priority.html", "HTML", 0, 0, 0, 0, 0, 0, 0, 162, 0, 0, 0, 0, 0, 0, 0, 0, 0, 0, 5, 3, 170
"c:\Users\brian\Desktop\Code\My Game\build\_deps\vma-src\docs\html\vk_khr_dedicated_allocation.html", "HTML", 0, 0, 0, 0, 0, 0, 0, 133, 0, 0, 0, 0, 0, 0, 0, 0, 0, 0, 5, 3, 141
"c:\Users\brian\Desktop\Code\My Game\build\_deps\vma-src\docs\html\vk_khr_external_memory_win32.html", "HTML", 0, 0, 0, 0, 0, 0, 0, 196, 0, 0, 0, 0, 0, 0, 0, 0, 0, 0, 5, 3, 204
"c:\Users\brian\Desktop\Code\My Game\build\_deps\vma-src\include\vk_mem_alloc.h", "C++", 12337, 0, 0, 0, 0, 0, 0, 0, 0, 0, 0, 0, 0, 0, 0, 0, 0, 0, 5736, 1903, 19976
"c:\Users\brian\Desktop\Code\My Game\build\_deps\vma-src\src\CMakeLists.txt", "CMake", 0, 0, 60, 0, 0, 0, 0, 0, 0, 0, 0, 0, 0, 0, 0, 0, 0, 0, 26, 16, 102
"c:\Users\brian\Desktop\Code\My Game\build\_deps\vma-src\src\Common.cpp", "C++", 263, 0, 0, 0, 0, 0, 0, 0, 0, 0, 0, 0, 0, 0, 0, 0, 0, 0, 29, 37, 329
"c:\Users\brian\Desktop\Code\My Game\build\_deps\vma-src\src\Common.h", "C++", 265, 0, 0, 0, 0, 0, 0, 0, 0, 0, 0, 0, 0, 0, 0, 0, 0, 0, 23, 52, 340
"c:\Users\brian\Desktop\Code\My Game\build\_deps\vma-src\src\Shaders\CMakeLists.txt", "CMake", 0, 0, 26, 0, 0, 0, 0, 0, 0, 0, 0, 0, 0, 0, 0, 0, 0, 0, 26, 11, 63
"c:\Users\brian\Desktop\Code\My Game\build\_deps\vma-src\src\Shaders\CompileShaders.bat", "Batch", 0, 0, 0, 0, 0, 0, 0, 0, 0, 0, 4, 0, 0, 0, 0, 0, 0, 0, 0, 1, 5
"c:\Users\brian\Desktop\Code\My Game\build\_deps\vma-src\src\Shaders\Shader.frag", "GLSL", 0, 0, 0, 0, 0, 0, 0, 0, 0, 0, 0, 11, 0, 0, 0, 0, 0, 0, 21, 6, 38
"c:\Users\brian\Desktop\Code\My Game\build\_deps\vma-src\src\Shaders\Shader.vert", "GLSL", 0, 0, 0, 0, 0, 0, 0, 0, 0, 0, 0, 16, 0, 0, 0, 0, 0, 0, 21, 6, 43
"c:\Users\brian\Desktop\Code\My Game\build\_deps\vma-src\src\SparseBindingTest.cpp", "C++", 428, 0, 0, 0, 0, 0, 0, 0, 0, 0, 0, 0, 0, 0, 0, 0, 0, 0, 62, 99, 589
"c:\Users\brian\Desktop\Code\My Game\build\_deps\vma-src\src\SparseBindingTest.h", "C++", 4, 0, 0, 0, 0, 0, 0, 0, 0, 0, 0, 0, 0, 0, 0, 0, 0, 0, 21, 5, 30
"c:\Users\brian\Desktop\Code\My Game\build\_deps\vma-src\src\Tests.cpp", "C++", 7063, 0, 0, 0, 0, 0, 0, 0, 0, 0, 0, 0, 0, 0, 0, 0, 0, 0, 544, 1338, 8945
"c:\Users\brian\Desktop\Code\My Game\build\_deps\vma-src\src\Tests.h", "C++", 6, 0, 0, 0, 0, 0, 0, 0, 0, 0, 0, 0, 0, 0, 0, 0, 0, 0, 21, 6, 33
"c:\Users\brian\Desktop\Code\My Game\build\_deps\vma-src\src\VmaUsage.cpp", "C++", 2, 0, 0, 0, 0, 0, 0, 0, 0, 0, 0, 0, 0, 0, 0, 0, 0, 0, 25, 4, 31
"c:\Users\brian\Desktop\Code\My Game\build\_deps\vma-src\src\VmaUsage.h", "C++", 48, 0, 0, 0, 0, 0, 0, 0, 0, 0, 0, 0, 0, 0, 0, 0, 0, 0, 48, 24, 120
"c:\Users\brian\Desktop\Code\My Game\build\_deps\vma-src\src\VolkUsage.cpp", "C++", 4, 0, 0, 0, 0, 0, 0, 0, 0, 0, 0, 0, 0, 0, 0, 0, 0, 0, 21, 4, 29
"c:\Users\brian\Desktop\Code\My Game\build\_deps\vma-src\src\VulkanSample.cpp", "C++", 2318, 0, 0, 0, 0, 0, 0, 0, 0, 0, 0, 0, 0, 0, 0, 0, 0, 0, 91, 403, 2812
"c:\Users\brian\Desktop\Code\My Game\build\_deps\vma-src\tools\GpuMemDumpVis\GpuMemDump.schema.json", "JSON", 0, 0, 0, 0, 163, 0, 0, 0, 0, 0, 0, 0, 0, 0, 0, 0, 0, 0, 0, 1, 164
"c:\Users\brian\Desktop\Code\My Game\build\_deps\vma-src\tools\GpuMemDumpVis\GpuMemDumpVis.py", "Python", 0, 0, 0, 0, 0, 0, 254, 0, 0, 0, 0, 0, 0, 0, 0, 0, 0, 0, 55, 26, 335
"c:\Users\brian\Desktop\Code\My Game\build\_deps\vma-src\tools\GpuMemDumpVis\README.md", "Markdown", 0, 0, 0, 0, 0, 35, 0, 0, 0, 0, 0, 0, 0, 0, 0, 0, 0, 0, 0, 15, 50
"c:\Users\brian\Desktop\Code\My Game\build\_deps\vma-src\tools\GpuMemDumpVis\Sample.json", "JSON", 0, 0, 0, 0, 426, 0, 0, 0, 0, 0, 0, 0, 0, 0, 0, 0, 0, 0, 0, 0, 426
"c:\Users\brian\Desktop\Code\My Game\build\cmake_install.cmake", "CMake", 0, 0, 54, 0, 0, 0, 0, 0, 0, 0, 0, 0, 0, 0, 0, 0, 0, 0, 8, 10, 72
"c:\Users\brian\Desktop\Code\My Game\build\compile_commands.json", "JSON", 0, 0, 0, 0, 62, 0, 0, 0, 0, 0, 0, 0, 0, 0, 0, 0, 0, 0, 0, 1, 63
"c:\Users\brian\Desktop\Code\My Game\glfw3.4\include\GLFW\glfw3.h", "C++", 654, 0, 0, 0, 0, 0, 0, 0, 0, 0, 0, 0, 0, 0, 0, 0, 0, 0, 5627, 267, 6548
"c:\Users\brian\Desktop\Code\My Game\glfw3.4\include\GLFW\glfw3native.h", "C++", 97, 0, 0, 0, 0, 0, 0, 0, 0, 0, 0, 0, 0, 0, 0, 0, 0, 0, 522, 45, 664
"c:\Users\brian\Desktop\Code\My Game\glfw3.4\lib\cmake\glfw3\glfw3Config.cmake", "CMake", 0, 0, 3, 0, 0, 0, 0, 0, 0, 0, 0, 0, 0, 0, 0, 0, 0, 0, 0, 1, 4
"c:\Users\brian\Desktop\Code\My Game\glfw3.4\lib\cmake\glfw3\glfw3ConfigVersion.cmake", "CMake", 0, 0, 44, 0, 0, 0, 0, 0, 0, 0, 0, 0, 0, 0, 0, 0, 0, 0, 12, 10, 66
"c:\Users\brian\Desktop\Code\My Game\glfw3.4\lib\cmake\glfw3\glfw3Targets-debug.cmake", "CMake", 0, 0, 9, 0, 0, 0, 0, 0, 0, 0, 0, 0, 0, 0, 0, 0, 0, 0, 6, 5, 20
"c:\Users\brian\Desktop\Code\My Game\glfw3.4\lib\cmake\glfw3\glfw3Targets.cmake", "CMake", 0, 0, 81, 0, 0, 0, 0, 0, 0, 0, 0, 0, 0, 0, 0, 0, 0, 0, 14, 13, 108
"c:\Users\brian\Desktop\Code\My Game\src\Camera.hpp", "C++", 21, 0, 0, 0, 0, 0, 0, 0, 0, 0, 0, 0, 0, 0, 0, 0, 0, 0, 0, 8, 29
"c:\Users\brian\Desktop\Code\My Game\src\MeshBuffers.hpp", "C++", 13, 0, 0, 0, 0, 0, 0, 0, 0, 0, 0, 0, 0, 0, 0, 0, 0, 0, 2, 9, 24
"c:\Users\brian\Desktop\Code\My Game\src\ModelInstance.hpp", "C++", 17, 0, 0, 0, 0, 0, 0, 0, 0, 0, 0, 0, 0, 0, 0, 0, 0, 0, 0, 5, 22
"c:\Users\brian\Desktop\Code\My Game\src\Scene.hpp", "C++", 72, 0, 0, 0, 0, 0, 0, 0, 0, 0, 0, 0, 0, 0, 0, 0, 0, 0, 0, 16, 88
"c:\Users\brian\Desktop\Code\My Game\src\Vertex.hpp", "C++", 25, 0, 0, 0, 0, 0, 0, 0, 0, 0, 0, 0, 0, 0, 0, 0, 0, 0, 2, 7, 34
"c:\Users\brian\Desktop\Code\My Game\src\VulkanInterface.hpp", "C++", 196, 0, 0, 0, 0, 0, 0, 0, 0, 0, 0, 0, 0, 0, 0, 0, 0, 0, 5, 53, 254
"c:\Users\brian\Desktop\Code\My Game\src\VulkanInterfaceDraw.cpp", "C++", 189, 0, 0, 0, 0, 0, 0, 0, 0, 0, 0, 0, 0, 0, 0, 0, 0, 0, 3, 23, 215
"c:\Users\brian\Desktop\Code\My Game\src\VulkanInterfaceHelpers.cpp", "C++", 349, 0, 0, 0, 0, 0, 0, 0, 0, 0, 0, 0, 0, 0, 0, 0, 0, 0, 10, 36, 395
"c:\Users\brian\Desktop\Code\My Game\src\VulkanInterfaceInit.cpp", "C++", 253, 0, 0, 0, 0, 0, 0, 0, 0, 0, 0, 0, 0, 0, 0, 0, 0, 0, 8, 32, 293
"c:\Users\brian\Desktop\Code\My Game\src\VulkanInterfaceLoadScene.cpp", "C++", 529, 0, 0, 0, 0, 0, 0, 0, 0, 0, 0, 0, 0, 0, 0, 0, 0, 0, 2, 47, 578
"c:\Users\brian\Desktop\Code\My Game\src\main.cpp", "C++", 15, 0, 0, 0, 0, 0, 0, 0, 0, 0, 0, 0, 0, 0, 0, 0, 0, 0, 0, 6, 21
"c:\Users\brian\Desktop\Code\My Game\src\shader.slang", "Slang", 0, 39, 0, 0, 0, 0, 0, 0, 0, 0, 0, 0, 0, 0, 0, 0, 0, 0, 4, 8, 51
"Total", "-", 61896, 1, 953, -10, -1738, 2636, 0, 144314, 5278, 1, 0, 0, 4328, 2701, 0, 0, 0, 0, 23129, 25191, 268680